questions,round
"Can you provide any case studies or examples of industrial furnaces where anomaly detection models have been implemented and resulted in improved energy efficiency, increased reliability, reduced downtime, and improved safety?",2
Are there any industry-specific regulations or standards that need to be considered when choosing tools and platforms for industrial furnace data analysis?,2
How can the FMEA outputs be used to evaluate the performance of the anomaly detection model in industrial furnace maintenance?,2
What are the specific industry standards and best practices for calibrating and maintaining sensors in industrial furnaces?,2
What are the consequences of not monitoring temperature trends and fluctuations in industrial furnaces?,1
"How can a targeted preventive maintenance program be developed, and what factors should be considered when prioritizing failure modes to address?",2
What specific temperature or pressure readings have been associated with furnace failures in the past?,2
How is the data collected by the monitoring system used to inform decision-making and preventive maintenance?,2
What are the common causes of sensor probe failure in industrial furnaces?,2
Can you provide examples of legal experts or resources that organizations can consult to ensure full compliance with all relevant privacy laws and regulations?,2
Can you explain how machine learning algorithms are used in the anomaly detection model to identify abnormalities in real-time data?,2
How do burners impact the heat distribution pattern and overall performance of industrial furnaces?,2
Can you provide more information on the common failure modes in industrial furnaces? What are the specific signs and symptoms we should look for in the sensor data?,2
"How can regular inspection and maintenance of the burner, igniter, fuel supply system, and combustion air supply system prevent potential issues in industrial furnaces?",2
"How does the specific industrial furnace type and application affect the temperature ranges and the failure modes, causes, and degradation mechanisms?",2
What are the best practices for regular maintenance and calibration of industrial furnaces?,2
What are the best practices for implementing regular inspections and testing to detect and predict industrial furnace failures?,2
What are the advanced data analytics and machine learning capabilities that are required for the new system?,2
How do anomaly detection models handle missing data points when there are redundant components or systems in place?,2
Are there any regulatory or industry-specific guidelines that should be considered when evaluating the performance of an anomaly detection model for industrial furnaces?,2
"How can the machine learning model be designed to account for the severity of failures, and what impact could this have on the model's performance?",2
"How can we effectively account for temperature and pressure fluctuations in defining the ""normal"" operating region in industrial furnaces?",2
What are the potential issues with furnace operation that can be detected through regular monitoring of KPIs?,2
How do the different types of industrial furnaces (e.g. batch vs. continuous) impact the frequency and severity of failures?,2
How to ensure the quality of the final product by monitoring temperature trends and fluctuations in industrial furnaces?,2
Can you describe any specific degradation mechanisms or failure modes that have been particularly challenging to address in the past?,2
What are the common causes of energy inefficiencies that anomaly detection models typically look for in the sensor data of industrial furnaces?,2
Can you explain the specific steps involved in the failure mode and effects analysis (FMEA) process for industrial furnaces?,2
Are there any specific KPIs that are more important than others in measuring the efficiency or effectiveness of the industrial furnace?,1
How do you handle the lack of data availability when implementing machine learning algorithms in industrial furnaces?,2
How can we ensure that the selected anomaly detection model is appropriate for predicting failures in industrial furnaces?,2
"How do seasonal and cyclic patterns affect the definition of the ""normal"" operating region in industrial furnaces?",2
What measures can be taken to ensure the chosen protocol and data format are secure and protected against unauthorized access?,2
How can predictive maintenance help to improve the overall operational cost of industrial furnaces?,2
"What are the potential impacts of ignoring early warning signs of degradation in industrial furnaces, and how can data scientists help prevent such consequences?",2
Can you provide more information on the types of preventive maintenance measures that can be implemented to prevent failure modes in industrial furnaces?,2
"How are the sensors in industrial furnaces mounted and positioned, and how does this affect their accuracy and precision?",2
Can you provide more information on the failure modes and effects analysis (FMEA) process and how it is used to identify failure modes and their causes for the industrial furnace?,2
"How do refractory degradation, burner issues, and furnace shell damage impact the overall efficiency and safety of industrial furnaces?",2
Can you provide examples of how FMEA analysis has helped prevent failures in industrial furnaces in real-world scenarios?,2
"What are the typical temperature limits for emission sensors in industrial furnaces, and how can exposure to temperatures outside this range affect sensor performance?",2
How can the use of failure codes in an FMEA help to improve safety in the operation of an industrial furnace?,2
Can you provide more information on the degradation mechanisms that can lead to industrial furnace failures?,2
Can you provide examples of how poor maintenance practices can contribute to the failure of industrial furnaces?,2
What measures can be taken to ensure compliance with third-party vendors for the privacy policies and procedures of an industrial furnace?,2
How can organizations ensure that their industrial furnace predictive and preventive maintenance capabilities are enhanced through the use of FMEA analysis with expert labels?,2
How is sensor data integrated with other process control and optimization systems in industrial furnaces?,2
"Can you explain the differences between communication protocols such as Modbus, Profibus, and OPC UA, and their respective advantages and disadvantages in the context of industrial furnace monitoring?",2
How can the domain experts and data scientists collaborate effectively for the successful implementation of the anomaly detection model?,2
"What are the most effective predictive maintenance strategies for industrial furnaces, and how can they be implemented?",2
"What are the ethical considerations associated with predictive maintenance in industrial furnaces, and how can they be addressed?",2
"What are the best practices for implementing an anomaly detection model in industrial furnaces to prevent failures and improve safety, efficiency, and reliability?",2
Can synthetic anomalies be used to mimic the effects of poor maintenance or lack of regular upkeep on the performance of industrial furnaces?,2
What are the specific temperature ranges that would be considered a fluctuation in the context of an industrial furnace?,2
How can the performance of anomaly detection algorithms be improved over time in industrial processes?,2
How can regular maintenance and timely repairs help to extend the equipment life of an industrial furnace?,2
What are the primary fuel supply issues that can lead to industrial furnace failures and how can they be mitigated?,1
What are the specific safety standards that must be adhered to when performing maintenance on industrial furnaces?,2
How does regular training and certification of personnel ensure the accuracy and reliability of the monitoring data?,2
"Are there any other temperature sensors used in industrial furnaces besides thermocouples, RTDs, and thermistors, and what are their advantages and disadvantages?",2
How can the expertise of subject matter experts be effectively leveraged in the FMEA analysis process for industrial furnaces?,2
How can regular calibration help prevent failures and optimize sensor performance in industrial furnaces?,2
How is the data collected from the sensors and monitoring equipment analyzed and interpreted to detect potential failures in the resistance wire?,2
Can you provide more details about the specific leak detection sensors that should be used for monitoring the fuel supply and exhaust system?,2
"How is the severity of failures in industrial furnaces typically determined, and how can the data infrastructure help in this process?",2
"Are there any specific types of thermocouples that are more prone to failure due to overuse, lack of maintenance, or age in industrial furnaces?",2
How can we ensure that the anomaly detection model is able to accurately identify and prevent failure modes and effects that are specific to our industrial furnace?,2
"How do pressure sensors in industrial furnaces help in preventing failures, and what are the common parameters measured by these sensors?",1
Can anomalies in sensor data collection patterns be correlated with specific types of issues in furnace operation or sensor system performance?,2
Can you explain in detail the role of regular calibration and testing of the thermocouple in preventing overheating failure mode?,2
Can you discuss the role of temperature uniformity as a KPI in industrial furnaces and how it relates to the FMEA?,2
"What types of sensors are commonly used to collect data for analyzing furnace performance, and what specific measurements do these sensors monitor?",2
What are the best practices for maintaining and updating the anomaly detection model over time?,2
What are the emerging trends and technologies in refractory materials and industrial furnace design that can help minimize degradation and improve efficiency?,2
Can you discuss the role of automation and digitalization in monitoring and improving the KPIs of industrial furnaces?,1
What are the potential consequences of not regularly validating and updating the anomaly detection model?,2
How is the false positive rate of the monitoring system determined and monitored?,2
"What are the potential challenges and limitations of using machine learning algorithms for anomaly detection in industrial furnaces, and how can they be addressed?",2
What specific methods are used to analyze sensor data for predictive maintenance in industrial furnaces?,2
"How do you evaluate the performance of different anomaly detection models for industrial furnaces, and what metrics do you use to compare their effectiveness?",2
"How can temperature mapping and uniformity surveys be used to detect temperature gradients, and what actions can be taken to address this issue?",2
How can the severity and detectability of failure modes be assessed to prioritize and address them effectively?,2
What are the specific temperature control system failures that can affect product quality and how can they be mitigated?,1
"What are the safety considerations when performing inspections, calibrations, and preventive maintenance tasks in industrial furnaces, and how can they be addressed?",2
What are the consequences of not updating the FMEA annually or in response to significant changes?,2
How can data analytics be used to identify trends and patterns in sensor and valve failure across different industrial furnace control systems and applications?,2
What are the current limitations or challenges with the existing data storage and analysis system?,2
Are there any specific sensor data quality issues or limitations that we should be aware of when developing the anomaly detection model?,2
How can data be collected and analyzed to identify trends and patterns in failures and maintenance needs for industrial furnaces?,2
How can a monitoring system help in detecting potential issues with the temperature control system?,2
How can regular inspections and maintenance help ensure compliance with industrial furnace regulations and safety requirements?,2
How do different types of failures in industrial furnaces impact the overall production process?,2
What specific machine learning algorithms are commonly used for predictive maintenance in industrial furnaces?,2
How can a proactive maintenance program be implemented effectively in an industrial furnace setting?,2
Can you explain the impact of poor material selection on the lifespan of industrial furnaces?,2
What are the best practices for monitoring and analyzing these parameters in an industrial furnace?,2
"What are the potential consequences of false positives or false negatives in the anomaly detection model, and how can we mitigate these risks?",2
How can regular maintenance and cleaning significantly improve the efficiency of industrial furnaces?,2
"Can you provide examples of how mechanical shock, vibration, high temperatures, and corrosion can cause temperature sensor failures?",2
What are the key elements to consider when developing a preventive maintenance plan?,2
What are the best practices for maintaining the refractory lining and the furnace control system to ensure their reliable and efficient operation?,2
"Are there any specific environmental factors, such as humidity or vibration, that can affect the performance of the industrial furnace and need to be monitored?",1
How does the model account for the impact of usage patterns on the ageing of furnace components?,2
"Can you provide examples of fines, penalties, or shutdowns that have occurred due to non-compliance with regulatory and compliance requirements for industrial furnaces?",2
"What strategies can be used to ensure accountability for the model's performance, and who should be held responsible for any negative consequences?",2
Can you provide examples of specific predictive maintenance strategies that leverage pressure sensor data to detect ignition system failures early?,2
Are there any regulatory or compliance requirements that need to be considered when implementing backup and recovery mechanisms?,2
What are the most common safety hazards associated with ignoring anomalies in industrial furnaces?,2
What are the most common indicators that a control system failure may be imminent in an industrial furnace?,2
"What are the legal and regulatory considerations for deploying and using the anomaly detection model in industrial furnaces, and how can they be addressed?",2
"Can you provide more details on the common failure modes in industrial furnaces, such as ignition failure, refractory degradation, and temperature and pressure excursions?",2
How does the criticality of the equipment impact the anomaly detection model and what specific measures should be taken to ensure the safe and efficient operation of critical equipment?,1
"How can the anomaly detection model be used to identify trends and patterns over time, and how can this information be used to improve the overall safety and efficiency of industrial furnaces?",2
How can seasonality and trend be accounted for in the anomaly detection model for predictive maintenance?,2
Can you explain the role of temperature and pressure limits in preventing failures and ensuring regulatory compliance in industrial furnaces?,2
What measures can be taken to ensure the quality of data used in the SPC and machine learning models for anomaly detection in industrial furnaces?,2
"What are the most common failure modes in industrial furnaces, and how can sensor data analysis help predict and prevent them?",2
Can you explain the impact of sensor probe degradation on temperature readings in industrial furnaces?,2
How can regular monitoring of industrial furnaces help in detecting potential issues and preventing equipment failures?,2
"What are the critical applications where real-time failure detection is essential, and how can the anomaly detection model support them?",1
What are the consequences of not monitoring and maintaining industrial furnaces regularly?,2
"How can industrial furnace operators ensure that their preventive maintenance programs are effective in reducing safety incidents, improving equipment reliability, and increasing productivity?",2
Can you provide any examples of critical issues in furnace operations that the anomaly detection model should prioritize detecting and alerting maintenance personnel?,2
"What are the specific safety protocols that should be followed when dealing with refractory lining failure, and how can data scientists contribute to ensuring safety in these situations?",2
"Are there any other sensors, besides temperature, gas flow, power consumption, and vibration sensors, that can be used to monitor energy efficiency in industrial furnaces?",2
How can software updates be integrated into the overall maintenance strategy for industrial furnaces?,2
What are the best practices for maintaining the refractory lining and heating elements in industrial furnaces?,2
How can the severity of a failure mode be determined in an industrial furnace?,2
"How often should inspections of the temperature controller, lining, flue gas system, refractory materials, and burner be performed for regular maintenance?",2
"Can you provide examples of how time series plots, heatmaps, box plots, and scatter plots can be used to convey the results of the anomaly detection model?",2
"Are there any new or emerging technologies, such as sensors and IoT devices, that can be used to improve the monitoring and maintenance of heating elements in industrial furnaces?",2
What specific sensors and monitoring equipment are commonly used to collect data for predictive maintenance models in industrial furnaces?,2
How can the FMEA be used to ensure consistency and completeness in the review process?,2
How can the anomaly detection model be continuously improved and updated to ensure it remains effective in detecting new or evolving failure modes in the industrial furnace?,2
Can you provide more details on how to minimize false positives and false negatives in the context of anomaly detection in industrial furnaces?,2
How does predictive maintenance help in prioritizing maintenance activities in industrial furnaces?,2
How can the sensitivity and specificity of the anomaly detection model be optimized to improve its performance?,2
How can blocked gas passages contribute to pressure deviations in furnaces?,2
How is the refractory lining material selected to ensure compatibility with temperature sensor data monitoring?,2
What are the most common refractory material degradation mechanisms in industrial furnaces and how can they be prevented or minimized?,1
Can you explain the role of the FMEA process in ensuring regulatory compliance in industrial furnace operations?,2
Can you provide any specific case studies or examples of industries that have successfully implemented a proactive maintenance program and used energy-efficient technologies to reduce maintenance costs and extend the lifespan of their industrial furnaces?,2
How can maintenance and monitoring programs be tailored to the specific needs and requirements of different types of industrial furnaces?,2
What specific types of maintenance and inspections are recommended for the fuel system to prevent failures?,2
What are the common causes of leaks in the industrial furnace and how can they be detected by the anomaly detection model?,2
"Are there any emerging technologies or sensor types being considered for use in industrial furnaces, and how might these impact the predictive maintenance and failure prevention strategies?",2
What are the common signs of refractory lining failure that a data scientist should look out for during inspections?,2
What are the challenges in implementing a comprehensive and proactive approach to predicting and preventing failures in industrial furnaces and how can they be addressed?,2
Can you provide more details about the insulation resistance sensors and their importance in predicting failures?,2
"Are there any specific temperature thresholds or ranges that indicate a higher risk of thermal shock, chemical attack, or mechanical stress for industrial furnaces?",2
How are temperature and emissions monitoring used to detect failures in industrial furnaces?,2
"How can we ensure that the anomaly detection models remain effective over time, considering the dynamic nature of industrial furnaces?",2
How do temperature gradients within the furnace impact the predictive maintenance of the equipment and what steps can be taken to mitigate issues arising from temperature gradients?,2
Can you provide examples of how regular maintenance and timely repairs can prevent unexpected breakdowns in an industrial furnace?,2
What are the key performance indicators used to measure the effectiveness of these methods?,2
"Can predictive maintenance models help reduce maintenance costs and extend the lifespan of industrial furnaces, and if so, how?",2
"What are the challenges in implementing automation and digitalization in existing industrial furnaces, and how can they be addressed?",2
Can you provide some examples of how data science has been used to improve industrial furnace performance and reduce maintenance costs in real-world scenarios?,2
"How severe are the consequences of unplanned downtime in industrial furnaces, and how does PdM help mitigate this issue?",2
Can you provide any case studies or examples of industrial furnace failures and their impact on productivity and costs?,2
Can you explain how economic losses can result from unauthorized access to sensor data in an industrial furnace?,2
"Can the model be customized to specific industrial furnace types or applications, and how does this affect its performance and accuracy?",2
How do these technologies help in reducing the cost of spare parts and inventory in industrial furnaces?,2
How do you determine the severity and detectability of potential failure modes in an FMEA analysis?,2
"How can the explainability of the anomaly detection model be validated and communicated to stakeholders, such as operators and maintenance personnel?",2
How will the model be validated and continuously improved over time to ensure its accuracy and effectiveness?,2
Are there any limitations or assumptions associated with the use of SPC methods and machine learning algorithms for anomaly detection in industrial furnaces?,1
"How do software updates help prevent temperature control failures, and what are the best practices for implementing them?",2
"Can pressure sensors in industrial furnaces be replaced or repaired on-site, or is it necessary to send them to a specialized facility?",2
How can regular maintenance and inspections help prevent accidents and equipment damage in industrial furnaces?,2
How can high temperatures and thermal shock contribute to the failure of the refractory lining?,2
How often does the model need to be updated with new maintenance data to ensure its accuracy in predicting failures?,2
"What are the key factors that affect maintenance intervals and downtime, and how can data scientists use this information to optimize maintenance schedules?",2
What are the specific inspections and testing recommended to detect fuel contamination in a timely manner?,2
Can you provide any specific examples of high-severity failure modes in industrial furnaces and how they can be prevented through regular maintenance and monitoring?,2
How will the model be integrated with existing systems and processes?,2
How can data be used to predict and prevent failures in industrial furnaces?,2
Can you provide more information on the severity of the consequences of temperature sensor failures in industrial furnaces?,2
What strategies can be used to update the model with new data as it becomes available?,2
What specific regulations and safety requirements should be followed during the FMEA of industrial furnaces?,2
Can you provide examples of safety hazards that can be caused by software bugs in industrial furnaces?,2
What are the specific temperature thresholds that indicate refractory lining failure?,2
"Can you provide examples of specific failure modes that can occur in industrial furnaces due to thermal degradation, corrosion, and mechanical wear?",2
What are the challenges in implementing sensor-based monitoring and maintenance in industrial furnaces and how can they be addressed?,1
What are the key factors to focus on for continuous improvement of industrial furnace operation and maintenance?,2
What specific sensors have been found to be the most predictive of failure in industrial furnaces?,2
"Can you explain the process of conducting an FMEA in more detail, including how failure modes are identified and prioritized?",2
What are the specific signs of heating element failure that data scientists should look out for?,2
How does the model handle and alert the user about multiple simultaneous failures in the system?,1
Can you provide any case studies or examples of successful anomaly detection in industrial furnaces using real-time sensor data and consideration of age and usage patterns?,2
How can predictive maintenance help to improve the safety of industrial furnaces?,2
Are there any specific types of sensors that are more suitable for use with an anomaly detection model in industrial furnace systems?,2
"How is the data collected from these sensors processed and analyzed for building an anomaly detection model, and what are the key challenges in developing such a model?",1
How can a predictive maintenance program help in preventing failures of sensors in industrial furnaces?,2
"How often is the sensor data currently being reviewed, and is there potential for real-time monitoring to improve the anomaly detection model's performance?",2
How can the predictive maintenance strategy be adjusted over time to account for changes in the failure modes or their severity and detectability ratings?,2
How does continuous monitoring of sensor data in industrial furnaces contribute to improving product quality?,2
How can we ensure that the anomaly detection model can generalize well to new and unseen data from the industrial furnaces?,2
Can you provide more details about the specific components of the industrial furnace that are prone to failure and need regular monitoring?,2
"Can you provide examples of minor and major failure modes in the context of industrial furnaces, and what are the consequences of not addressing them?",2
How can maintenance teams predict and prevent failures in industrial furnaces using sensor data?,2
How can maintenance partnerships and collaboration contribute to the maintenance excellence and innovation of industrial furnaces?,2
What are the best practices for regular maintenance of the refractory lining and furnace shell?,2
the chosen SPC methods and machine learning algorithms provide measures of uncertainty for their predictions? How can these measures be used to communicate the reliability of the anomaly detection results to industrial furnace operators and stakeholders?,2
How are the sensors in industrial furnaces secured against cyber attacks and what measures can be taken to ensure their integrity?,2
"What are the specific effects of mechanical stress, fatigue, and corrosion on the resistive element of strain gauge sensors?",2
Can you provide examples of common failures in industrial furnaces and how these failures can impact the overall production process?,1
How does increased fuel consumption in industrial furnaces relate to the need for regular maintenance and component replacement?,2
What are the common types of anomalies that can occur in industrial furnaces?,2
"How do gas analysis results, as measured by oxygen sensors or infrared analyzers, contribute to the development of an anomaly detection model?",2
Can you provide examples of specific tools or platforms that are suitable for handling high data volume and velocity in industrial furnaces?,2
"What is the typical duration of a failure in the industrial furnace, and how does it impact the overall production process?",1
"How can thermal shock and mechanical stress cause failure modes such as erosion, cracking, or spalling in industrial furnaces?",2
What are the emerging trends and technologies in gas sensor monitoring and maintenance in industrial furnaces?,2
"What are the specific calibration checks recommended for sensors used in industrial furnaces to detect drift, damage, and leakage?",2
What are the typical causes of insulation material degradation in industrial furnaces and how can they be prevented?,2
How do synthetic anomalies help in improving the accuracy and response time of anomaly detection models in industrial furnaces?,2
"Can you provide examples of specific sensor degradation issues that may occur in industrial furnaces, and how they can impact the accuracy of the data collected?",2
"Regarding emissions anomalies, could you explain the specific gases or substances that should be monitored to predict potential failures?",2
Can you provide any case studies or examples of successful anomaly detection model implementations in industrial furnaces?,2
What are the consequences of not following a well-defined process for managing software updates?,2
"How does log loss differ from other evaluation metrics, and what are its advantages in evaluating the anomaly detection model?",1
"How does the model distinguish between the different types of degradation, such as thermal, mechanical, and moisture?",2
How can the performance of industrial furnaces be optimized to prevent failure modes and reduce downtime?,2
How can we identify and address biased or unrepresentative data in the training of these models to prevent discrimination and unfair outcomes?,2
How can machine learning and artificial intelligence techniques be used in predictive maintenance strategies for industrial furnaces?,2
Can you explain how the results of an FMEA analysis are used to develop an anomaly detection model?,2
What are the most common maintenance practices that can impact the performance and longevity of industrial furnaces?,2
"How can the anomaly detection model be designed to provide transparency in data processing, and what options can be made available for data subjects to opt-out or request deletion of their data?",2
"What are the specific consequences of temperature sensor failure in terms of equipment damage, reduced product quality, and safety hazards?",2
What are the most common electrical and mechanical issues that can lead to failures in industrial furnaces?,1
How can data analysis and machine learning techniques be used to predict and prevent sensor failures in industrial furnaces?,2
"Can you provide more information about the ""Drift"" failure mode in the temperature control sensor and how it can be corrected?",2
What are the key performance indicators that should be monitored to detect and prevent failures in industrial furnaces?,2
Can you give examples of effective training and awareness programs for operators and maintenance personnel?,2
Can you explain the role of temperature mapping in detecting temperature sensor failures and ensuring the uniformity of temperature distribution within the furnace?,2
How can we incorporate the ISA-TR84.00.02 methodology for reliability analysis into the development of the anomaly detection model?,2
"Can you explain the specific failure modes that are most commonly associated with each failure code (PMCC, PMBF, PMCB, and PMPW) in the context of industrial furnaces?",2
"Are there any specific challenges or limitations when applying the KS test to real-world industrial furnace datasets, and how can they be addressed?",2
What is the cost-benefit analysis conducted to determine the most appropriate backup and recovery mechanisms?,2
How can reduced efficiency in industrial furnaces impact energy consumption and operating costs?,2
What are the challenges in building effective anomaly detection models for industrial furnaces?,1
What are the common failure modes of gas sensors used in industrial furnaces and how can they be prevented?,2
Can you provide any historical data or case studies on industrial furnace failures that could be used to develop and validate an anomaly detection model?,2
"What are the potential limitations of the anomaly detection model, and how can they be mitigated?",2
"Can you provide specific examples of OSHA, EPA, and NFPA regulations that are most relevant to anomaly detection in industrial furnaces?",2
What types of sensors are typically used to collect data for predictive maintenance in industrial furnaces?,2
Are there any specific warning signs that indicate ignition system failure in industrial furnaces?,2
"What are some common causes of anomalies in industrial furnaces, and how can the anomaly detection model be tailored to detect these specific anomalies?",2
What are the best practices for regular audits and inspections of sensors in industrial furnaces?,2
How does poor maintenance contribute to heating element failure and what specific temperature sensor data can detect this issue?,1
Can you provide any domain-specific insights on how the performance of the anomaly detection model might vary across different types of industrial furnaces or operational conditions?,2
"How are data from sensors collected, processed, and analyzed in industrial furnaces for continuous improvement initiatives?",2
How is the severity of insulation degradation quantified and reported by the model?,2
"How do sensors in industrial furnaces help protect the environment, and what are the specific environmental concerns that they address?",2
What are the specific security and compliance requirements for deploying and maintaining the model?,1
Can you provide examples of specific industrial furnace components or subcomponents that are regulated by safety requirements?,2
What are the specific causes of temperature fluctuations in industrial furnaces and how do the temperature sensors help address these issues?,2
Can you explain the specific failure modes that are most common in industrial furnaces and how they can be proactively managed?,2
How can we ensure that the industrial furnace is operated in an environmentally responsible manner? Are there any specific measures or practices that can be implemented to minimize the environmental impact of the furnace?,2
"How can we ensure that the privacy policies and procedures are effectively communicated to all stakeholders, including users and employees?",1
Can you provide more information about the severity and detectability of specific failure modes in the industrial furnace?,2
"What are the potential failure modes, reasons, and degradation mechanisms for specific components and subcomponents of industrial furnaces, such as heating elements, insulation, and burners?",2
How can organizations ensure that the severity rating of potential failure modes remains accurate and relevant over time?,2
"How often are preventive maintenance activities carried out in industrial furnaces, and how effective are they in preventing failures?",2
What are the best practices for installing refractory materials to ensure their longevity and prevent failure?,2
What are the regulatory requirements for regular inspections and maintenance of industrial furnaces?,2
Could you provide more details on the types of inspections and monitoring techniques used for detecting failures in industrial furnaces?,2
"Can you provide examples of interaction terms, polynomial terms, and lagged variables that could be used in feature engineering for predictive maintenance of industrial furnaces?",2
Can you explain the consequences of not maintaining temperature uniformity in the industrial furnace?,2
How do the degradation mechanisms of components and subcomponents in industrial furnaces vary depending on the type of furnace or industry?,2
"How do we quantify the impact of equipment age, usage patterns, and maintenance history on the likelihood of failure modes in the FMEA?",2
What are the best practices for obtaining informed consent from individuals when using their data for the anomaly detection model?,2
Can you provide examples of other anomaly detection algorithms that could be compared against the chosen model for the furnace?,2
Can you provide more information on the preventive maintenance that can be performed using anomaly detection models in industrial furnaces?,2
"How can we ensure that our anomaly detection model is able to predict failures before they occur, rather than simply detecting them after the fact?",2
Are there any specific data quality metrics or indicators that are used to evaluate the performance of the anomaly detection model,2
What specific temperature thresholds might indicate a potential failure in heating elements?,2
Can you provide examples of potential failure modes that can be predicted using model-based methods?,2
How does the current data storage and analysis system for the industrial furnace's sensor data compare to other available tools or platforms?,1
What are the best practices for detecting failures in industrial furnaces? Are there any specific diagnostic tools or techniques that are commonly used to detect failures?,2
Can you discuss any specific challenges associated with implementing redundant and fault-tolerant systems in industrial IoT systems for furnaces?,2
Can you provide examples of specific failure modes in the air supply system and their corresponding degradation mechanisms?,2
How can data scientists use machine learning algorithms to predict and prevent failures in industrial furnaces?,2
"What are the risks of not implementing predictive maintenance strategies for detecting ignition system failures, and what are the potential consequences of catastrophic failures?",2
How can predictive maintenance strategies be implemented to improve sensor data collection in industrial furnaces?,2
"How does temperature data from the ignition transformer help detect potential failures, and what temperature ranges are considered safe versus indicative of a problem?",2
"What are the consequences of improperly sized burners in industrial furnaces, and how can it lead to temperature issues?",2
What specific preprocessing techniques are recommended for the sensor data before using it for anomaly detection?,2
How does the FMEA analysis emphasize crucial insights for a coherent narrative in industrial furnaces?,2
"How can regular inspections, cleaning, and maintenance help prevent degradation and failure in industrial furnaces?",2
What are the consequences of not addressing ignition system failures in a timely manner?,2
How do change management processes impact the frequency and implementation of software updates?,2
How to evaluate the ability of sensor data to detect failures in industrial furnaces?,2
How can we implement a system for continuous monitoring of CO and NOx emissions in industrial furnaces?,2
Are there any existing resources or documentation related to the anomalies in the industrial furnace that can be used for expert labeling?,1
"How does the proactive maintenance strategies implemented based on the data analysis results, help in reducing downtime and increasing the efficiency of the industrial furnace?",2
Can you provide more details on the specific equipment age ranges that are most prone to failures or anomalies in industrial furnaces?,2
What are the key performance metrics that should be used to evaluate the effectiveness of the anomaly detection model?,2
How can we ensure the safe and efficient operation of industrial furnaces through predicting and preventing failures?,1
Can you provide more information on the specific failure codes used in the Failure Mode and Effects Analysis (FMEA) for industrial furnaces?,2
"Can you provide any case studies or examples of industrial furnace failures and the impact they had on operations, quality, and safety?",2
How can maintenance history be used to improve the accuracy of anomaly detection models in industrial furnaces?,2
What are the key performance metrics used to evaluate the effectiveness of an anomaly detection model in industrial furnaces?,2
What are the advantages and disadvantages of using decision trees versus neural networks for anomaly detection in industrial furnaces?,2
What are the best practices for maintaining and updating anomaly detection models in industrial furnaces to ensure adaptability?,2
"What are the best practices for managing and preventing failure reasons such as worn-out spark plugs, erosion, and corrosion in industrial furnaces?",2
What are the potential risks and cybersecurity concerns associated with maintenance data management and data privacy in industrial furnaces?,2
"What are the other potential failure modes in industrial furnaces, apart from broken wires in the heating element?",2
How do you define sensitivity and specificity in the context of anomaly detection in industrial furnaces?,2
"Can you provide examples of specific sensors that are commonly used to monitor temperature, pressure, and corrosion in industrial furnaces?",2
"How do the latest advancements in gas sensor technology (e.g. miniaturization, wireless connectivity) impact the design and operation of industrial furnaces?",2
"What are the challenges and limitations of using FMEA in industrial furnaces, and how can they be addressed?",2
Can you explain how a training program can help in preventing and mitigating control system failures in industrial furnaces?,2
Can you suggest any specific machine learning algorithms or techniques that are particularly suitable for dealing with sensor accuracy issues in industrial furnaces?,2
What are the safety measures taken to ensure the safety of personnel working with industrial furnaces?,2
Can low-quality components be a significant factor in the reduced heating capacity of industrial furnaces?,2
How can vibration be minimized to prevent damage to components and keep the furnace aligned?,2
"How can the maintenance schedule for an industrial furnace be adjusted based on its age, usage, and operating conditions?",1
Are there any particular data patterns or trends that we should focus on when analyzing sensor data from industrial furnaces?,2
Can you provide more information on how regular maintenance and monitoring can help to detect and mitigate the effects of ageing and prevent overloading?,2
Can you discuss the role of data-driven insights in identifying and addressing the root causes of potential failures in industrial furnaces?,2
Can you give examples of common failure modes in industrial furnaces and the specific sensor parameters that correlate with them?,2
How does proactive maintenance ensure the overall reliability of furnaces?,2
Can you explain the specific data cleaning techniques used to preprocess sensor data for anomaly detection in industrial furnaces?,2
What are the most common critical components and failure modes in industrial furnaces that should be monitored closely?,2
What are the specific challenges in scheduling a software update during a planned maintenance window?,2
"How does temperature control failure occur, and what are its potential consequences?",2
What are the consequences of not implementing a robust FMEA program and regular preventive maintenance for industrial furnaces?,2
"How will the integration of an anomaly detection model impact the existing data infrastructure and systems, and what changes may be required to support the integration?",2
What are the specific signs of wear and tear in refractory materials that can indicate the need for replacement?,2
"What types of chemical exposures are most likely to cause corrosion of metal components, and how can these be mitigated?",2
How do control system failures contribute to industrial furnace downtime and what measures can be taken to prevent them?,1
How often should regular maintenance and inspections be performed to detect potential issues before they lead to failure?,2
"How can we conduct a failure modes, effects, and criticality analysis (FMECA) to prioritize monitoring and maintenance activities for the furnace's critical components?",2
What are the potential challenges in interpreting the results of a combined approach of SPC methods and machine learning algorithms in industrial furnaces?,2
"How can the anomaly detection model be adjusted to improve its precision, recall, and F1 score in identifying failures in the industrial furnace?",2
"How can industrial furnace operators and maintenance personnel stay up-to-date with the latest advancements and best practices in preventive maintenance, and what resources are available for their continued education and training?",2
"How do different types of sensors (e.g. temperature, pressure, vibration) complement each other in monitoring the condition of industrial furnaces?",2
How does the area under the receiver operating characteristic curve measure the model's ability to distinguish between failure and non-failure instances?,2
Can you provide more details on the degradation mechanism of buildup of impurities in the fuel supply?,2
Can the model be customized to monitor and alert about specific failure modes relevant to the user's industrial furnace?,1
What are the common types of industrial furnaces and how do their operating conditions and potential failure modes differ?,2
What types of alarms and alerts are available to detect control system failures in real-time?,2
Are there any specific maintenance activities mandated by regulatory and compliance requirements for industrial furnaces?,2
"How do you ensure that all stakeholders, including operators, maintenance personnel, and management, are trained on security and risk management procedures?",2
What are the impacts of failure mode frequency and previous failures on the risk of downtime and financial loss in industrial furnaces?,2
Are there any specific pressure sensor locations within the industrial furnace that are more critical than others for detecting ignition system failures?,2
"What are the most common indicators of impending failure in industrial furnaces, and how can data scientists use this information to develop predictive maintenance models?",1
What specific regulations or standards should be considered when setting up an audit trail system for an industrial furnace?,2
What are some best practices for collecting and processing sensor data in industrial furnaces to maximize the effectiveness of anomaly detection using machine learning algorithms?,2
Are there any specific data-driven or expert-based approaches that have been particularly effective in developing the maintenance plan for the industrial furnace?,2
"How does the anomaly detection model measure energy efficiency in the furnace, and what specific metrics are used?",2
How can monitoring of the furnace's components and subcomponents help in preventing failures and ensuring safe and efficient operation?,2
What are the best practices for training and supporting stakeholders in effectively using the audit trail system?,2
"How often should industrial furnaces be inspected for potential issues, and what should these inspections entail?",2
Can you discuss any ethical considerations when implementing predictive maintenance and anomaly detection models in industrial settings?,1
How is real-time analysis of sensor data performed to identify anomalies in furnaces?,2
How do the tools and platforms used for industrial furnace data analysis impact the scalability and flexibility of the analysis capabilities?,2
Can you provide an example of a specific case where sensors have helped prevent unplanned downtime in an industrial furnace?,2
"Can the anomaly detection model be integrated with existing control systems in industrial furnaces, and what are the benefits and challenges of such integration?",2
How does the design and manufacturing quality of an industrial furnace influence its failure history and anomaly detection?,2
How does real-time monitoring and data analysis help in predicting and preventing accidents in industrial furnaces?,2
What are the potential legal and reputational risks associated with non-compliance of industrial furnace operation?,2
"Can the anomaly detection system provide real-time alerts to operators for gas leakage, and how is the leakage detection process designed?",2
How does implementing a preventive maintenance plan impact the overall maintenance costs and productivity of an industrial process?,2
Are there any regulatory or industry-specific standards that need to be considered when developing and implementing an anomaly detection model for industrial furnaces?,2
What are the specific quality metrics that should be used to evaluate the sensor data for the industrial furnace?,2
"How does the model alert the user when a temperature-related failure mode is detected, and what actions should be taken in response?",2
"Can you explain the difference between accuracy and precision in the context of vibration sensors, and why they are both important for monitoring industrial furnaces?",2
What are the consequences of non-compliance with the privacy policies and procedures for an industrial furnace?,2
"What are the potential consequences of non-compliance with emissions and fuel usage regulations, both in terms of legal and ethical implications?",2
"What are the challenges in monitoring and maintaining gas sensors in industrial furnaces, and how can they be addressed?",2
"What are the challenges in implementing predictive maintenance strategies in industrial furnaces, and how can they be addressed?",2
How can organizations ensure that their condition-based monitoring strategies are effectively implemented to minimize the risk of unexpected downtime?,2
"Can you provide more details on the process of integrating new tools and platforms with existing systems, including any potential challenges or considerations?",2
What specific sensors would be required to effectively monitor and detect poor combustion in industrial furnaces?,2
How are predictive models used to detect failures before they occur?,2
Can you provide examples of specific sensors that are commonly used in industrial furnaces and their specific functions?,2
What are the consequences of not following the FMEA process in industrial furnace maintenance?,2
How can data from sensors be used to identify and address potential maintenance issues before they become critical?,2
"How can organizations ensure that their predictive models for industrial furnaces are interpretable, and why is this important for preventing failures?",2
How does the implementation of an anomaly detection model impact the overall maintenance strategy for industrial furnace systems?,2
"What are the most common types of cooling system failures in industrial furnaces, and how can predictive maintenance models help detect and prevent them?",2
How is the performance of the anomaly detection model going to be evaluated and what metrics will be used to measure its effectiveness?,1
What are the challenges in implementing predictive maintenance using temperature sensor data in industrial furnaces?,2
What are the most common operator errors that can lead to industrial furnace failures?,2
How do the new technologies help in reducing downtime and increasing the overall reliability of industrial furnaces?,2
What are the best practices for detecting and monitoring the condition of temperature sensors and control systems in industrial furnaces?,2
Can you provide examples of common failure modes and degradation mechanisms for industrial furnace components and subcomponents?,2
Are there any specific data security or privacy requirements for the anomaly detection model after deployment?,1
How can having qualified personnel impact the efficiency and reliability of industrial furnace operation?,2
"What are the consequences of not using an anomaly detection model in industrial furnace operations, and how does it impact safety and regulatory compliance?",2
"How are the results of the maintenance reports, failure reports, and dashboards used to improve the furnace's performance and reliability?",2
Can you provide more details on the types of software bugs that can cause failures in industrial furnace control systems?,2
What are the typical emission sensor ranges for industrial furnaces and how do they vary based on the specific application?,1
How does the data collected from sensors and monitoring equipment is protected and secured?,2
How can the anomaly detection model help improve furnace efficiency and reduce energy consumption?,2
How is the performance of the anomaly detection model evaluated and validated?,2
How can temperature monitoring and visual inspections be optimized for detecting heating element failure and other common failure modes in industrial furnaces?,2
What are the best practices for regular preventive maintenance to ensure early detection and prevention of failure modes in industrial furnaces?,2
How do the Lower Heating Value (LHV) and Higher Heating Value (HHV) methods account for the heat of vaporization of water in exhaust gases?,2
What are the potential consequences of long-term drift in temperature for industrial equipment?,2
Can you provide examples of data validation techniques that are used to ensure the integrity of sensor data during transmission?,2
"How can organizations prioritize the detection and prevention of failures in industrial furnaces, and what metrics can be used to measure success?",2
How can the team ensure that the model is built using high-quality and relevant sensor data?,2
Can you share any historical data on past incidents or human errors in industrial furnaces that could help inform the model development process?,2
"How is the reliability and accuracy of sensors evaluated, and what measures are taken to ensure their continued accuracy over time?",2
"Are there any other data sources beyond sensor measurements that could be used to improve the machine learning model's predictions, such as historical maintenance records or weather data?",2
Can you provide any case studies or examples where these visualization techniques have been effectively used in anomaly detection for industrial assets?,2
"How can regular inspections and maintenance help prevent temperature sensor failures in industrial furnaces, and what specific tasks are involved in these inspections and maintenance activities?",2
How often should the FMEA be reviewed and updated to ensure that it remains relevant and effective in predicting and preventing failures in industrial furnaces?,1
Can you explain the role of thermal cycling and mechanical stress in the degradation mechanism of refractory lining failure?,2
What specific feature engineering techniques are employed to extract relevant features for the industrial furnace context?,2
Are there any industry standards or regulations that dictate the frequency and process of software updates in industrial furnaces?,2
"What are the consequences of a failure in the refractory lining of an industrial furnace, and how can it be prevented through FMEA and preventive maintenance?",2
How can we measure the severity of a failure in an industrial furnace? Are there any specific metrics or key performance indicators (KPIs) that can be used to assess the severity of a failure?,2
What are the key performance indicators (KPIs) that should be monitored for industrial furnaces to ensure optimal performance and early detection of anomalies?,2
What are the specific safety incidents that can be prevented by adhering to the recommended sensor range and maintenance guidelines in industrial furnaces?,2
What are the best practices for ensuring the reliability and accuracy of the anomaly detection model in detecting potential failures or issues with furnace operation?,2
"Can pressure sensor data be used to determine the root cause of ignition system failures, or is additional diagnostic information required?",2
"Are there any other factors, such as equipment age or usage patterns, that should be considered when building an anomaly detection model for the industrial furnace?",0
Can you provide an example of how addressing a critical failure mode through FMEA has improved the efficiency of an industrial furnace?,2
Are there any specific sensors or types of sensor data that are more important than others in detecting anomalies in the furnace?,1
How can data be collected and analyzed to detect and prevent industrial furnace failures?,2
How do flow sensors in industrial furnaces help in ensuring safe and efficient operation and what are the common issues that can be identified through this monitoring?,2
"Can machine learning algorithms be used to predict future anomalies in industrial furnaces, or do they only provide real-time monitoring and detection?",2
"What are the specific guidelines and standards from ASME, NFPA, NEC, and OSHA that should be followed for the installation and maintenance of industrial furnace burners?",2
How can a monitoring system improve the overall reliability and availability of the industrial furnace?,2
Can you discuss the significance of having a high F1 score in the context of industrial furnaces and its relationship with predicting and preventing failures?,2
Are there any specific performance metrics that should be used to evaluate the effectiveness of anomaly detection techniques in industrial furnaces?,2
How does the anomaly detection model handle the large volume of data generated by sensors in industrial furnace systems?,2
Can you elaborate on the threshold values used for alerting operators of any anomalies?,2
How do you ensure that the anomaly detection model remains focused on the most relevant indicators of failure as new data becomes available?,2
"What are the potential consequences of failing to address thermal degradation, corrosion, and mechanical wear in industrial furnaces, and how can these consequences be mitigated?",2
Can you suggest any specific monitoring tools or techniques that are well-suited for the continuous monitoring of critical components in industrial furnaces?,2
How can data scientists help in reducing the severity of temperature-related failures in industrial furnaces through predictive maintenance?,2
Can you explain more about the complex failure modes in industrial furnaces and how they can impact the selection of sensors and features?,2
How does the FMEA process ensure the safety of industrial furnaces?,2
Are there any new technologies or innovations being developed to improve the prediction and prevention of failures in industrial furnaces?,1
"Can you explain the process of model performance evaluation in more detail, including any specific metrics or evaluation techniques that are commonly used for anomaly detection models?",2
Can you provide examples of common failure modes and reasons for temperature sensors and control systems in industrial furnaces?,2
"Can you provide more information on the preventive maintenance program, such as the specific tasks involved, the recommended frequency, and the expected outcomes?",2
How can unsupervised or semi-supervised learning methods help in building an effective anomaly detection model without labeled data?,2
How can cross-verification with other sensors help detect temperature sensor failure in the cooling system?,2
How can predictive maintenance help in reducing maintenance costs and minimizing downtime in industrial furnaces?,2
"Can you provide more details on how FMEA (Failure Mode and Effects Analysis) is conducted for industrial furnaces, and what are the common failure modes identified?",1
"How can predictive maintenance strategies, based on sensor data analysis, lead to cost savings and improved safety in industrial furnace operations?",2
What are the scalability requirements for the anomaly detection model in the context of industrial furnaces?,2
How are the sensor data and performance metrics integrated with the overall process control and optimization strategies for the industrial furnace?,2
Can you explain how issues with the fuel or air supply can affect the failure modes in the industrial furnace?,2
How can industrial furnace operators ensure that energy management strategies do not compromise the desired temperature and quality of the final product?,2
"How do these sensors help in monitoring the energy efficiency of industrial furnaces, and what are the benefits of implementing an anomaly detection model in this context?",1
How does inadequate installation contribute to the failure of industrial furnaces?,2
What is the best way to display privacy policies in a prominent location for industrial furnace stakeholders?,2
Can you explain the process of calibrating sensors in industrial furnaces and how frequently should it be done?,2
How does the model ensure that the communication approach is tailored to each stakeholder group's needs?,2
"How do the gas sensors used in industrial furnaces compare to those used in other industries (e.g. automotive, chemical) in terms of measurement ranges and accuracies?",2
How can a comprehensive understanding of the underlying mechanisms and modes of failure help in predicting and preventing failures in industrial furnaces?,2
Can you provide examples of common degradation mechanisms in industrial furnaces that are analyzed in the FMEA process?,2
Can you provide examples of complex anomalies in industrial furnaces that machine learning algorithms are better equipped to detect compared to SPC methods?,1
What are the consequences of neglecting regular maintenance and monitoring of temperature sensors in industrial furnaces?,2
Can you explain how the class balance between anomalies and normal instances in the industrial furnace data might affect the performance of the anomaly detection model?,2
"How can predictive maintenance help in detecting and preventing control system failures, and what are the best practices for implementing predictive maintenance in industrial furnaces?",1
Can you provide examples of severe failures in industrial furnaces and their impact on productivity and costs?,1
What are the specific consequences of a small leak in different types of industrial furnaces and materials being heated?,2
How does the organization measure the effectiveness of the maintenance program and make improvements?,2
"How does wear and tear affect the temperature sensors in industrial furnaces, and what measures can be taken to mitigate this issue?",2
What are the most common types of chemical attack that can cause degradation in industrial furnaces?,2
Can you provide any specific case studies or examples of successful anomaly detection in industrial furnaces?,2
How does the response time of the sensors used in the furnace impact the time interval for data collection?,2
What are the best practices in detecting and diagnosing issues early using sensor data analysis in industrial furnaces?,2
What specific performance metrics should be established to measure the success of the sensor data analytics system in industrial furnaces?,2
"What role does the anomaly detection model play in identifying early signs of equipment degradation, and how can it help in predicting and preventing failures?",2
"Are there any specific performance requirements, such as false positive or false negative rates, that need to be considered while building the anomaly detection model?",1
Are there any other common failure modes in industrial furnaces that the anomaly detection model can predict or detect?,2
"What are the potential consequences of false positives and false negatives in detecting anomalies in industrial furnaces, and how can they be minimized?",2
"How can regular calibration, testing, and maintenance of sensors in industrial furnaces help prevent sensor degradation and communication issues?",2
How can a comprehensive and cohesive narrative for predicting and preventing failures in industrial furnaces be developed and communicated to stakeholders?,2
What are the consequences of overheating or underheating of materials in industrial furnaces due to temperature-related issues?,2
"How can the incomparability of models be addressed when using a single evaluation metric, and how does a multi-metric approach help overcome this limitation in the context of industrial asset anomaly detection?",2
"How can we ensure that the anomaly detection model is interpretable and explainable, and that the insights generated by the model are actionable and valuable for the end-users?",2
How can preventive maintenance strategies be optimized for different types of industrial furnaces?,2
Are there any specific data privacy or security requirements for the sensor data being collected and stored?,1
What measures can be taken to prevent or mitigate the effects of degradation mechanisms on pressure sensors in industrial furnaces?,2
"Can you provide any examples of how emission sensors, such as infrared gas analyzers, chemiluminescence sensors, and flame ionization detectors, have helped prevent sensor failures in industrial furnaces?",2
"What are the specific benefits of implementing a predictive and preventive maintenance strategy for the industrial furnace, in terms of maintenance costs, equipment reliability, and safety?",2
How does improper fuel-air mixture lead to failures in industrial furnaces?,2
"What types of sensors are typically used for collecting data in industrial furnaces, and what characteristics make for a high-quality sensor in this context?",2
What are the specific testing methods used to detect insulation failure in industrial furnaces?,2
What are the challenges faced while implementing sensor data analytics in industrial furnaces?,2
"How does the choice of pressure transducer type (diaphragm-based, piezoelectric, or strain gauge) impact the performance and longevity of the pressure sensor in industrial furnaces?",2
What are the potential consequences of not adhering to the recommended sensor range and maintenance guidelines in industrial furnaces?,1
"Can you provide examples of how thermal stress, corosion, and erosion can damage furnace components?",2
How are safety protocols improved based on the data collected from sensors in industrial furnaces?,1
Can you provide more details about the unsupervised learning techniques that can be applied for anomaly detection in industrial furnaces?,2
"Is there any specific machine learning or statistical algorithm that is preferred for building the anomaly detection model? If so, what are the reasons for choosing that algorithm?",0
"Can you provide any specific examples of how Mechanical Component Failure (MCF) in industrial furnaces has led to catastrophic failure, and how regular inspections and preventive maintenance could have prevented these failures?",2
"What are the challenges in implementing these strategies for anomaly detection in industrial furnaces, and how can they be addressed?",2
"What specific sensors are typically used in industrial furnaces to collect data on temperature, pressure, and fuel-air mixture?",2
Can you provide examples of how data analysis has helped in preventing hazards in industrial furnace operations?,2
"What measures can be taken to improve the reliability and availability of the industrial furnace, leading to cost savings and improved productivity?",2
Are there any constraints or limitations in terms of data access or sharing that might impact the development of the anomaly detection model?,1
Can you provide examples of specific redundancy and safety systems used in different types of furnaces and applications?,2
Are there any specific data governance policies or procedures that need to be followed when building and deploying the anomaly detection model?,2
Can you provide examples of how regular monitoring and analysis of sensor data has helped prevent failures and improve equipment performance in industrial furnaces?,2
"What are the best practices for communicating the results and insights of the anomaly detection model to relevant stakeholders, such as equipment operators, maintenance teams, and senior management?",2
"What are the key challenges in implementing condition-based monitoring and proactive maintenance strategies for industrial furnaces, and how can they be addressed?",2
Are there any specific environmental factors that have a significant impact on the failure of industrial furnaces?,2
Can the FMEA process be customized to specific types of industrial furnaces or is it a standardized process?,2
How do you prioritize the maintenance tasks for the industrial furnace based on the FMEA results?,2
Can you explain the role of regular inspections and maintenance in preventing costly repairs in industrial furnaces?,2
"What are the potential limitations and assumptions of the anomaly detection model, and how can we validate and verify its performance in different scenarios and use cases?",2
"What are the data quality requirements for building an anomaly detection model for industrial furnaces, and how can we ensure data integrity?",2
Can the FMEA process be used to identify and prevent potential failures in other types of industrial equipment beyond industrial furnaces?,2
"Can you explain how the pressure sensors detect pressure changes in the furnace, and what are the typical pressure ranges that should be monitored?",2
"Can you explain the change management process and version control system in more detail, and how they can improve the reliability and availability of the industrial furnace?",2
"Can you provide examples of best practices for predicting and preventing failures in industrial furnaces, including condition-based monitoring, preventive maintenance, or predictive maintenance strategies?",2
"Can you provide more examples of specific failure modes in industrial furnaces, apart from burner system failure, refractory lining failure, and temperature control system failure?",2
"Can you provide more details about the types of data that should be collected for equipment age, usage patterns, and maintenance history to build a comprehensive anomaly detection model?",2
Can you provide an example of how power consumption sensor data has been used to improve energy efficiency in industrial furnaces?,2
What are the potential challenges in interpreting complex models generated by the combination of SPC and machine learning algorithms in industrial furnace applications?,2
What methods can be used to ensure that the algorithms have a low rate of false positives and false negatives?,2
"In what ways can root cause analysis be applied to the maintenance of industrial furnaces, and how does it help improve their performance and reliability?",2
How does FMEA fit into a larger preventative maintenance program for industrial furnaces and heating elements?,2
How is the data collected from these sensors and monitoring equipment processed and analyzed to identify patterns and trends that indicate impending failure?,2
"What are the specific threshold values for temperature, pressure, and flow rate that should be used to detect anomalies in the industrial furnace?",2
How can data from sensors be used to monitor and improve the overall remote monitoring of the industrial furnace?,2
Can you explain the role of firewalls in protecting industrial IoT systems from unauthorized access and cyber attacks?,2
Can you explain the concept of thermal shock and how it contributes to industrial furnace failures?,2
Can you give an example of a scheduled preventive maintenance task and how it helps prevent failures in the furnace?,2
How can we determine the impact of each failure mode on the overall system?,2
Can the anomaly detection model be customized to specific types or models of industrial furnaces?,2
Can you explain the importance of monitoring gas composition within the chamber of an industrial furnace and what sensors are typically used for this purpose?,2
What are the regulatory and compliance considerations for implementing sensor technology and anomaly detection models in industrial furnaces?,2
Can you provide examples of predictive maintenance strategies for identifying potential issues in fuel combustion systems?,2
What are the key performance indicators (KPIs) that can be used to measure the effectiveness of the predictive and preventive maintenance strategy for the industrial furnace?,2
Are there any specific safety measures that should be taken while performing maintenance and inspections on industrial furnaces?,2
How is the data from these sensors cleaned and preprocessed before being used in the model?,2
"Can you provide examples of specific failure modes and degradation mechanisms for each component of an industrial furnace, including the furnace shell, heating system, refractory lining, combustion system, temperature control system, and fuel delivery system?",2
"What are the challenges in detecting anomalies at an early stage in industrial settings, and how can we overcome them?",2
Can you discuss any new technologies or advancements in the field that can help predict and prevent failures in industrial furnaces?,2
What are the challenges in implementing advanced analytics and machine learning in industrial furnaces for predictive maintenance?,2
Can you provide any examples of catastrophic failures caused by burner failure or refractory degradation in industrial furnaces?,2
What monitoring techniques can be employed to detect temperature non-uniformity issues in industrial furnaces?,2
What are the key factors to consider when deciding between SPC methods and machine learning algorithms for detecting anomalies in industrial furnaces?,2
How can data on usage patterns be analyzed to detect trends or anomalies that may indicate a failure?,2
How can the design or manufacturing defects be identified and rectified to prevent failures in the furnace?,2
"Are there any challenges in implementing unsupervised anomaly detection techniques in industrial furnaces, and how can they be addressed?",2
"What are the challenges in developing an anomaly detection system for industrial furnaces, and how can they be addressed using domain knowledge?",2
"Can you explain how improper burner operation and insufficient fuel supply can lead to failure modes 4E, 4F, and 4G?",2
What are the key performance indicators used to evaluate the effectiveness of the anomaly detection model in predicting and preventing failures?,2
Can you provide more details on the specific data quality issues that need to be addressed when collecting and processing sensor data for anomaly detection in an industrial furnace?,2
What are the most important factors to consider when assessing the detectability and severity of failure modes in industrial furnaces?,2
Can you provide some examples of how the anomaly detection model can help in predicting and preventing failures in industrial furnaces?,2
What specific temperature ranges or fluctuations indicate an issue in the fuel delivery or combustion system?,2
How do industries determine the appropriate level of redundancy and safety systems required for their specific application?,2
"How frequently should the control system software be updated, and what is the recommended process for implementing these updates?",2
What are the advantages and disadvantages of using the direct and indirect methods in different industrial furnace settings?,2
How does the anomaly detection model distinguish between normal variations in temperature and combustion processes and actual abnormalities that require attention?,2
How can we effectively incorporate domain expertise into the anomaly detection model's design and evaluation process?,2
"What are the potential impacts of not having a robust monitoring and maintenance program for industrial furnaces, and how can they be mitigated?",2
Can you provide more information on the specific harmful emissions that can result from control system failures in industrial furnaces?,2
"How do industrial furnaces differ in their temperature range capabilities and performance based on their type, such as vacuum, atmospheric, electric arc, induction, and salt bath furnaces?",2
How is temperature sensor data analyzed to identify trends and patterns in industrial furnaces?,2
Can you provide examples of specific types of anomalies that can occur in industrial furnaces and how they can be detected?,2
What are the best practices for installing heating elements to prevent premature failure due to physical damage?,2
"Can you discuss the importance of regular inspection and maintenance of an industrial furnace, and what specific components are typically checked or replaced during these activities?",2
What are the common degradation mechanisms that cause cooling system failure and how can they be mitigated?,2
How is historical data used in predictive maintenance to predict failures?,2
How do the recommended best practices for preventing failures in industrial furnaces vary depending on the specific type of furnace or application?,2
"How often are the sensors measuring these parameters, and what is the granularity of the data being collected?",2
How can data from histograms and trending analysis be integrated with other maintenance data and analysis to provide a comprehensive view of industrial furnace health?,2
"What regulatory and compliance requirements apply to industrial IoT systems, and how can organizations ensure that they are meeting these requirements?",2
What are the challenges in maintaining and inspecting the air supply and exhaust systems in the furnace?,2
Are there any regulatory or safety requirements related to the monitoring and maintenance of refractory lining in industrial furnaces?,2
How is the model trained and validated to ensure its accuracy and reliability?,2
How does prioritizing model interpretability help domain experts understand and trust the predictions made by the model?,2
"How does the anomaly detection model handle noisy or incomplete data, and what measures are taken to ensure data quality and accuracy?",2
"Have you compared the performance of different missing value imputation techniques, such as mean imputation, regression imputation, and machine learning-based imputation, for the sensor data from industrial furnaces?",2
How can the data collected from real-time monitoring be used to improve the design of industrial furnaces in the future?,2
"What are the benefits of early detection of anomalies in industrial furnaces, and how can it contribute to improving safety and efficiency?",2
"How can data be collected and analyzed to measure the effectiveness of a preventive maintenance program in industrial furnaces, and what metrics should be used to evaluate its success?",2
Can you explain the concept of reliability-centered maintenance (RCM) and how it is used to determine the optimal frequency of sensor data collection?,2
How does a well-documented and regularly updated FMEA help in identifying potential failure modes and prioritizing maintenance and inspection activities?,2
What are the most common causes of refractory lining failures in industrial furnaces?,2
What types of sensors are commonly used in industrial furnaces for time monitoring and what are their specific functions?,2
How can the data from regular inspections and maintenance be used to predict and prevent future failures in industrial furnaces?,2
What specific data analysis techniques or tools are most effective in predicting and preventing failures in industrial furnaces?,2
Are there any specific monitoring tools or systems recommended for tracking fuel/air ratio and emissions in industrial furnaces?,2
How does the system handle the secure storage and disposal of data after it has been used in the anomaly detection process?,2
How can organizations ensure that their condition-based monitoring and proactive maintenance strategies are aligned with industry best practices and regulations?,2
"Are there any specific performance requirements for the anomaly detection model, such as detection accuracy or response time?",1
"What are the potential ethical and legal implications of false positives and false negatives in industrial anomaly detection models, and how can we address them?",2
"What are the specific emission parameters monitored by sensors in industrial furnaces, and how are these parameters used to ensure regulatory compliance?",2
What are the specific steps involved in conducting an FMEA analysis for industrial furnaces?,2
What are the key performance indicators (KPIs) used to measure the effectiveness of AI and ML-powered anomaly detection models in this context?,2
How does the age of the equipment impact the occurrence of failures in industrial furnaces?,2
How can data scientists ensure the long-term success of furnace operations by analyzing and interpreting the KPIs data trends?,2
"What are the specific sensors, actuators, and controllers that need to be inspected, tested, and replaced regularly in industrial furnaces?",2
How does the severity of refractory failure compare to that of burner failure and control system failure in terms of their impact on industrial furnace operations?,2
How can regular monitoring and analysis of sensor data help detect failures before they become critical?,2
"What are the potential consequences of neglecting anomalies detected by sensors in industrial furnaces, and how can they impact safety, production rates, and maintenance costs?",2
Can you provide more context on the specific industrial furnace system's requirements and constraints that the anomaly detection model should optimize for?,2
Can you provide more details on the preventive maintenance program that can be implemented to ensure the reliable operation of gas sensors in industrial furnaces?,2
"What are the most common types of failures in industrial furnace control systems, and how can they be detected and prevented through regular testing, maintenance, and monitoring?",2
What measures can be taken to ensure the compatibility of the anomaly detection model with the existing control system?,2
What are the consequences of failures in industrial furnaces that highlight the importance of FMEA?,2
What are the challenges in implementing a comprehensive sensor data system in industrial furnaces and how can they be addressed?,2
What are the best practices for maintaining and replacing insulation and heating system components to ensure efficient and safe furnace operation?,2
How is the drift failure code identified and what are its common causes?,2
What are the common symptoms or indicators of burner tip erosion in industrial furnaces?,2
"What are the key performance indicators (KPIs) that should be monitored to assess the efficiency and reliability of industrial furnaces, and how can data analysis help track these KPIs?",2
How can data from sensors be used to monitor and improve the overall safety and security of the industrial furnace?,2
How is the data privacy and security handled in the context of industrial furnaces and data-driven predictive maintenance?,2
How can organizations balance the need for regular maintenance of industrial furnaces with the need to minimize downtime and reduce costs?,2
Can you provide more context on the industrial furnace's operation and the type of anomalies that the model should detect?,2
How do regular inspections and maintenance help in maintaining proper temperature and humidity levels in industrial furnaces?,2
Are there any specific data format requirements for the industrial furnaces?,2
"What are the recommended strategies for ensuring the timely identification of anomalies in industrial furnaces, and how can appropriate intervention strategies be developed based on the model's predictions?",2
How can data-driven insights and condition-based maintenance contribute to the reliability and safety of industrial furnaces?,2
How does the age of an industrial furnace impact the frequency and severity of failures in these five areas?,2
"What are the best practices for developing a proactive maintenance strategy based on the understanding of potential failure modes, their severity, and their detectability in the industrial furnace?",2
"How does corrosion affect the different components of industrial furnaces, such as the temperature sensor, temperature controller, and heating element?",2
"How can an anomaly detection model provide early warning of potential issues in industrial furnaces, and how can this support proactive maintenance?",2
"What are the specific data points that need to be monitored to ensure compliance with the EPA's NSPS for Industrial, Commercial, and Institutional Boilers and Process Heaters?",2
How can data from sensors be used to monitor and improve the overall regulatory compliance of the industrial furnace?,2
What are the specific benefits of using these visualization tools and techniques together for predicting and preventing failures in industrial assets?,2
"What are the specific KPIs that should be monitored for industrial furnaces, and how can they be measured accurately?",2
What are the most common challenges in ensuring accurate and reliable sensor data in industrial furnaces?,2
"Can you provide examples of minor issues and major breakdowns in the fuel delivery system, and how the machine learning model could help detect and prevent these failures?",2
What are the specific safety measures that should be taken when performing maintenance or repair on an industrial furnace?,2
How does thermal cycling contribute to the failure of the heating element in an industrial furnace?,2
"How can we ensure that the data collected from the furnace is accurate, reliable, and relevant to the anomaly detection model's performance?",2
Can you explain the process of identifying failure modes in the FMEA analysis for an industrial furnace?,2
What are the regulatory standards and guidelines for the use of sensors in industrial furnaces and how do they impact the choice of sensors and monitoring systems?,2
What are the best practices for maintaining and calibrating the sensors used in industrial furnaces to ensure their accuracy and reliability?,2
What are the common causes of gas flow irregularities and how are they detected using sensor data?,2
Can you provide any examples of challenges faced while implementing machine learning algorithms in industrial furnaces and how to overcome them?,2
What are the potential consequences of damage to the furnace and materials due to temperature non-uniformity issues?,2
How can the expertise and resources required for a combined approach of SPC methods and machine learning algorithms for anomaly detection in industrial furnaces be optimized and managed?,2
Can maintenance history provide insights on how often the FMEA should be reviewed for an industrial furnace?,2
How can data be collected from industrial furnaces for analysis and monitoring of potential failures?,2
Can you provide examples of regular reminders and updates that can be used for the industrial furnace case?,2
"What are the known challenges or limitations of the current monitoring and maintenance procedures, and how does the anomaly detection model address them?",2
How can organizations ensure that their proactive maintenance strategies are aligned with their overall asset management goals?,2
How can a corrective action plan be developed for control system failures in industrial furnaces?,2
"Are there any specific environmental conditions (e.g. humidity, vibration) that can affect the performance of gas sensors in industrial furnaces?",2
Can you share examples of specific safety hazards that could be mitigated with the help of AI and ML-powered anomaly detection models?,2
What specific data quality issues should be addressed when implementing anomaly detection methods in industrial furnaces?,2
How can organizations ensure that their predictive maintenance strategies for industrial furnaces are aligned with regulatory requirements and industry standards?,2
What measures will be put in place to ensure that the model's predictions and recommendations are acted upon promptly?,2
"What are the best practices for selecting temperature sensors with appropriate measurement ranges, temperature tolerances, and response times for specific applications?",2
How can data on the age and condition of equipment be integrated into an anomaly detection model?,2
"How can data scientists help in analyzing temperature control system data to predict and prevent failures, and what specific techniques or tools are commonly used for this purpose?",2
"Have any regulatory or compliance considerations been taken into account in the development of the anomaly detection model, and how will they be addressed?",2
What are the specific types of anomalies that the model should be able to detect in industrial furnaces?,1
How do energy efficiency measures impact the design and implementation of an anomaly detection model for industrial furnaces?,2
"What are the constraints in terms of computational resources, data storage, and network bandwidth, and how will they impact the model's design?",2
How are pressure variations analyzed to identify potential leaks or blocked vents?,2
How often should sensors be calibrated to ensure accurate data input to the anomaly detection model?,2
How can industrial furnace operators be trained to effectively interpret and respond to anomaly alerts generated by real-time sensor data and the anomaly detection model?,2
"What are the key temperature trends that should be monitored in industrial furnaces, and how can they be used to detect potential failures?",2
What are the key considerations when selecting sensors for use in industrial furnaces?,2
How does the type of processed material impact the choice and maintenance of sensors in industrial furnaces?,2
How can FMEA help prioritize maintenance tasks for industrial furnaces and heating elements?,2
How can we establish severity and detectability ratings for different types of failures in industrial furnaces?,2
Can you provide examples of common mechanical wear issues in industrial furnaces that the anomaly detection model should be designed to detect?,2
What are the benefits of using synthetic anomalies over real-world anomalies in the evaluation of anomaly detection models for industrial furnaces?,2
What safety protocols and regulatory requirements should be taken into account when building the anomaly detection model?,2
Can you provide examples of failure modes and their degradation mechanisms in industrial furnaces?,2
"How does wear affect the different components of industrial furnaces, such as refractories, burners, and control systems?",2
Can you explain the effect of increasing specificity on the sensitivity of the FMEA model?,2
What are the most important skills and areas of knowledge for maintenance personnel to effectively maintain an industrial furnace?,2
What are the emerging technologies or techniques for predicting and preventing failures in industrial furnaces?,2
Can you provide any case studies or examples of industrial furnace failures and their consequences to illustrate the importance of regular maintenance and inspections?,2
How can the control system settings be optimized to prevent failures in industrial furnaces?,2
How are the sensor data trends utilized to ensure safety and minimize potential accidents in industrial furnaces?,2
What are the key performance metrics we should focus on when evaluating the effectiveness of our anomaly detection model for industrial furnaces?,2
Can you explain the impact of reduced efficiency in industrial furnaces due to improperly calibrated sensors?,2
What are the challenges in implementing proactive maintenance strategies in industrial furnaces?,2
What specific sensors are used to collect data for predictive maintenance in industrial furnaces?,2
How do access control lists and role-based access control differ in limiting access to sensor data?,2
Can you explain the process for conducting a PHA as required by the OSHA PSM standard?,2
What are the critical components and subcomponents in an industrial furnace's control system that should be regularly inspected?,2
Can you provide an example of how predictive maintenance has led to cost savings and increased lifespan of an industrial furnace?,2
What are the potential consequences of not having labeled data for building an anomaly detection model for the industrial furnace?,1
"How often should the sensors be calibrated and maintained to ensure their accuracy, and is there a risk of introducing variability in the sensor data due to maintenance activities?",2
"Can redundant sensors or monitoring systems help in detecting sensor failures in industrial furnaces, and what are the best practices for implementing such systems?",2
How can maintenance and reliability engineers work together to improve the performance and safety of industrial furnaces using anomaly detection models?,2
"What specific corrective actions can maintenance and reliability professionals take to improve the accuracy and reliability of an anomaly detection model in industrial furnaces, based on the analysis of a confusion matrix?",2
Can you provide more information about the specific types of damage that can occur to the sensor filament and flow meter during maintenance activities?,2
Can you provide any case studies or examples of industrial furnace operations that have successfully implemented sensor technology and anomaly detection models for predictive maintenance and energy efficiency?,2
What are the specific maintenance practices that can prevent the common failures in industrial furnaces?,2
How can real-time data be used to determine the need for maintenance in industrial furnaces?,2
How can an anomaly detection model be designed to account for the varying severity and detectability of different anomalies in industrial furnaces?,2
How do industrial furnace failures impact the overall production process and what are the costs associated with these failures?,2
What data analysis tools or platforms are currently being used to analyze the sensor data from the industrial furnace?,1
How can the safety standards be maintained while deploying and maintaining the anomaly detection model in industrial settings?,2
Are there any regulatory or safety requirements related to temperature sensor data monitoring in industrial furnaces?,2
How is the data for predictive maintenance collected and analyzed?,2
What are the recommended temperature and humidity levels to maintain for preventing degradation of the refractory lining?,2
How can specificity be used to assess the performance of the model in detecting true negatives?,1
How can data on the maintenance history of industrial furnaces be used to inform predictive maintenance strategies?,2
"Have any data preprocessing techniques been applied to the sensor data, such as noise reduction or missing value imputation?",1
How does the model handle the situation when the sensor data is noisy or incomplete?,2
Can you explain the thermal stress mechanisms that can cause refractory lining degradation?,2
Are there any specific communication protocols or data formats that need to be used for integrating the anomaly detection model with the existing monitoring and control systems?,1
Can you provide examples of the costs associated with sensor data integrity failures in industrial furnace asset classes?,2
How does automation reduce human error and increase process control in industrial furnaces?,2
Can you provide more information on how temperature cycling reduction can contribute to the longevity of sensors in industrial furnaces?,2
Can you provide any examples of past security incidents in similar systems and how they were handled using the incident response plan?,2
What are the most common components that fail in industrial furnaces and what are their specific failure modes?,2
What types of monitoring methods and inspections are recommended for detecting failures in industrial furnace sensors and equipment?,2
What are the best practices for password management in industrial IoT systems?,2
How does the cost of implementing a predictive maintenance program compare to the cost of reactive maintenance for industrial furnaces?,2
How can mechanical damage to heating elements be prevented in industrial furnaces?,2
What are the key considerations for developing an effective change management process for industrial furnaces?,2
How does the anomaly detection model's real-time monitoring contribute to reducing downtime in the industrial furnace?,2
"How is the sensor data transmitted and received in real-time, and what measures are taken to ensure the reliability and security of the data transmission?",2
Can you explain the design flaws in refractory material that can lead to the failure of the refractory lining?,2
How can data scientists ensure the accuracy and reliability of temperature sensors in industrial furnaces?,2
How is manual measurement used to calibrate level sensors in industrial furnaces?,2
What are the best practices for implementing a systematic approach to predicting and preventing failures in industrial furnaces?,2
How is the data from different sensors integrated and analyzed to provide a comprehensive view of the industrial furnace's performance and health?,2
Can you provide examples of specific degradation mechanisms that can lead to reduced furnace efficiency and increased fuel consumption?,2
"What are the best practices for implementing a predictive maintenance program for industrial furnaces, and what are the key success factors?",2
How do the new technologies impact the maintenance and inspection techniques for industrial furnaces?,2
"What are the challenges in detecting and preventing Mechanical Component Failure (MCF) in industrial furnaces, and how can data scientists and subject matter experts work together to address these challenges?",2
Can you explain how the anomaly detection model can enhance the overall efficiency and reliability of the industrial furnace system?,2
How can accurate anomaly detection help in ensuring the safe and efficient operation of industrial furnaces?,2
How can sensor data be used to improve the overall safety and efficiency of industrial furnaces?,2
"Can predictive maintenance models help improve product quality in industrial furnaces, and if so, how?",2
How can data from sensors be used to monitor and improve the overall reliability of the industrial furnace?,2
How were the relevant features for detecting anomalies identified during the feature engineering process?,2
How does the model account for and alert the user about potential failures in the control panel and instrumentation system?,1
What are the best practices for implementing a regular monitoring program for industrial furnace KPIs?,2
Can you provide examples of specific time intervals for data collection and how they are determined for industrial furnaces?,1
What are the key insights needed to prevent costly and potentially dangerous failures in industrial furnaces?,1
Can you provide more details on how to establish the normal temperature range and thresholds for heating element failure in industrial furnaces?,2
"What are the specific challenges in implementing a proactive and preventive maintenance approach for temperature control systems, and how can they be addressed effectively?",2
"How do capacitance sensors maintain their excellent linearity, and what are the primary sources of vibrations and electromagnetic interference affecting their performance?",2
Can you provide more details on the detectability rating of 2 for the failure mode of overloading of electrical circuits?,2
Can you provide any specific case studies or examples of how sensors have improved the performance and efficiency of industrial furnaces?,2
Can you provide examples of specific failure modes that have been prevented through real-time analysis of sensor data?,2
Can you explain how the choice of anomaly detection technique is affected by the desired sensitivity and specificity in industrial furnaces?,2
How can we identify and address model drift in the anomaly detection system?,2
"What are the hardware components in the control system that are prone to failures, and how can we detect and prevent such failures?",1
How can data masking methods like tokenization or pseudonymization be implemented in industrial furnaces?,2
What specific sensor data is critical for monitoring industrial furnaces and how is it collected?,2
"Are there any other factors, besides temperature, that can impact the efficiency, safety, and performance of industrial equipment?",2
"How can we ensure that the collaboration with the team of subject matter experts, including operators, maintenance personnel, and safety professionals, is effective in identifying and addressing all relevant failure modes and effects?",2
Are there any specific regulatory or safety requirements that could impact the selection or implementation of the anomaly detection model?,1
What are the specific temperature control issues that can lead to failures in industrial furnaces?,2
Can you provide examples of different types of anomalies that the model is expected to detect in the industrial furnace?,2
Can you explain the impact of temperature uniformity on the overall performance of industrial furnaces?,2
How can we ensure that the anomaly detection model can accurately detect multiple failure modes in the sensor data?,2
"What specific components in the control system of industrial furnaces are most critical to the safe and efficient operation, and what makes them so important?",2
How can we validate the accuracy and consistency of the labeled dataset?,2
How can sensor data help in maintaining safe and efficient operation of industrial furnaces?,2
"Are there any recommended techniques or tools for detecting corrosion in industrial furnaces, especially in cases where regular inspections are not feasible?",2
What are the future trends and opportunities for data analysis in industrial furnace operations?,2
What are some of the challenges in detecting gradual changes in sensor data from industrial furnaces?,1
What are the common causes of ignition system failure in industrial furnaces and how can pressure sensor data help detect them?,1
How will the model be validated and tested before deployment?,2
What are the recommended actions to be taken once early signs of furnace shell degradation are detected?,2
How does proactive maintenance help in minimizing equipment downtime in industrial furnaces?,2
Can you provide examples of abnormal behavior that should be monitored to predict potential failures in the system?,2
How do the temperature sensor choices differ for high temperature industrial furnaces vs low temperature industrial furnaces?,2
How is the involvement of a second expert in the review process beneficial for the labeling process?,2
How can the risk of moisture ingress be minimized in industrial furnaces?,2
"Can you explain the process of assigning failure codes in an FMEA, and how that contributes to identifying potential failure modes?",2
Can you explain the importance of regular calibration of temperature sensors in preventing potential failures?,2
"How do industrial furnace operators prioritize maintenance and inspection activities, given the various components, failure modes, and degradation mechanisms, as well as the relevant regulations and safety requirements?",2
Can you provide any examples of how sensor accuracy has caused issues with anomaly detection in industrial furnaces in the past?,2
"Are there any preferred communication protocols (such as Modbus, PROFINET, or OPC UA) that are already in use or recommended for the industrial furnaces?",2
How can the anomaly detection model help improve the overall safety and regulatory compliance of industrial furnace operations?,2
Can you provide examples of temperature fluctuation patterns that indicate a heating element is not generating enough heat?,2
Can you provide examples of specific sensor models commonly used in industrial furnaces and their unique features?,2
Can you provide examples of continuous improvement initiatives that have been implemented in industrial furnaces based on the data collected from sensors?,1
"How can industries optimize operating conditions in industrial furnaces, and what factors should be considered during this process?",2
How does temperature uniformity play a role in detecting deviations in furnace operation?,2
How often should visual inspections and cleaning be performed on industrial furnaces to ensure proper maintenance?,2
Can you provide examples of how sensor data analysis has prevented damage to industrial furnaces or materials?,2
What are the specific calibration checks and cleaning procedures recommended for temperature sensors and control systems in industrial furnaces?,2
How does a proactive maintenance program contribute to the safe and efficient operation of industrial furnaces?,2
How does sensor data analytics ensure product quality in industrial furnaces?,2
Can you explain the specific key performance indicators (KPIs) that are tracked and reported in the Regular Performance Reports?,2
How can regular maintenance and inspections be optimized to prevent common failure modes in industrial furnaces?,2
How are severity and detectability ratings determined for each component of the furnace?,2
How can we ensure the data collected from sensors remains reliable over time?,2
"What types of sensors are commonly used to monitor temperature, pressure, and gas flow rate in industrial furnaces?",2
What evaluation metrics do you recommend for assessing the performance of an anomaly detection system in industrial furnaces?,2
"What are the challenges in implementing real-time sensor data for anomaly detection in industrial furnaces, and how can they be addressed?",2
What are the best practices for validating and updating an anomaly detection model for older equipment over time?,2
How can the use of refractory materials in industrial furnaces be optimized to reduce the risk of failure?,2
Can you provide more details on the emission levels measurement techniques and how data scientists can use this data to ensure regulatory compliance and reduce environmental impact?,2
How does the resistance wire's exposure to high temperatures cause oxidation and eventual failure in the heating element?,2
What are the potential impacts of control system failures on industrial furnace performance and safety?,2
How can manufacturers detect and address issues with atmosphere sensors in industrial furnace control systems?,2
What are the legal penalties for non-compliance with regulations and safety requirements during the FMEA of industrial furnaces?,2
"What are the other potential causes of an uneven temperature distribution in industrial furnaces, aside from loose or damaged heating element wiring?",2
"What are the specific operational efficiency and performance improvement goals for the industrial furnace, and how can an anomaly detection model contribute to achieving these goals?",2
"What are the best practices for collecting and processing real-time sensor data in industrial furnaces, and how can they be applied to the anomaly detection model?",2
How can the severity of failure modes be quantified and prioritized in the FMEA process?,2
How can data scientists use machine learning algorithms to predict and prevent refractory lining failure in industrial furnaces?,2
Can you provide more details on the maintenance and inspection process for industrial furnaces?,2
"Can you provide more details on the software and hardware components of the control system that are susceptible to wear and tear, corrosion, and fouling?",1
How can the sensor data be used to predict potential failures in industrial furnaces?,2
How are corrective actions determined and implemented when deviations from the desired range are detected in sensor data from an industrial furnace?,2
How can data from sensor monitoring be used to detect and diagnose issues early in industrial furnaces?,2
How does the predictive model help in reducing the risk of unplanned downtime in industrial furnaces?,2
"How does API 581 help in prioritizing failure modes for our anomaly detection model, and what factors are considered in this process?",2
How can the use of sensors and monitoring systems improve the detection of failures in industrial furnaces?,2
What are the consequences of non-compliance with the regulations and industry standards for industrial furnace operators?,2
Can you provide any specific examples of how personnel expertise has improved the development and implementation of an anomaly detection model for industrial furnaces?,2
How can the organization measure the effectiveness of the audit trail system in improving the security and integrity of the industrial furnace?,2
Are there any industry standards or best practices for sensor data collection frequency and pattern in industrial furnaces?,1
How can predictive maintenance strategies be adapted to different types of industrial furnaces and operating conditions?,2
Can you provide any case studies or examples of how anomaly detection models have improved maintenance and reduced downtime in industrial settings with furnaces?,2
"Can you provide examples of common failure modes in industrial furnaces, and how an anomaly detection model could help prevent or predict these failures?",2
"How do the maintenance and operation teams currently identify and respond to anomalies, and how will an anomaly detection model change this process?",2
How does the anomaly detection model's real-time sensor data analysis contribute to identifying and addressing issues early?,2
How can a system for regular reviews and updates be implemented for the privacy policies and procedures of an industrial furnace?,2
How does the FMEA analysis consider the reasons for failure modes and their impact on preventive maintenance strategies?,2
What specific sensors are commonly used in industrial furnaces and what parameters do they monitor?,2
What are the best practices for maintaining and calibrating sensors in industrial furnaces to ensure compliance with industry regulations?,2
How can regular monitoring and preventive maintenance help in reducing the severity of failure modes?,2
What are the common causes of temperature fluctuations in industrial furnaces and how can they be mitigated?,2
What are the benefits of having a comprehensive failure modes and effects analysis (FMEA) for industrial furnaces?,2
How is the data collected from the sensors analyzed to predict potential failures?,2
What type of training is required for operators to ensure safe and efficient operation of industrial furnaces?,2
What are the key performance indicators used to evaluate the effectiveness of the anomaly detection model in industrial furnace operations?,2
Can you provide examples of common failures or problems in industrial furnaces caused by environmental factors and how to prevent them?,2
How should the data backup and recovery system be configured for the industrial furnace to ensure minimal downtime and data loss?,2
Can machine learning algorithms be used to predict temperature-related failures and optimize temperature control in industrial furnaces?,2
"How can sensor data help in detecting anomalies in industrial furnaces, and what are the common types of anomalies that can be detected?",2
What are the typical temperature ranges for industrial furnaces and how do they vary based on the furnace type?,1
Can you explain the process of implementing regular calibration checks in detail?,2
"What are the best practices for monitoring the performance of mechanical components in industrial furnaces, and how can this information be used to predict and prevent Mechanical Component Failure (MCF)?",2
Can you provide examples of specific chemical attacks that can cause failure in the insulation of industrial furnaces?,2
How can RCA help in optimizing maintenance schedules to prevent age-related wear and extend the lifespan of furnace components?,2
How do the tools and platforms used for industrial furnace data analysis impact the collaboration and sharing of data among different stakeholders?,2
How do sensors communicate with the control system for effective monitoring and control of the furnace operation?,2
Are there any specific data security or privacy requirements for the sensor data after it has been analyzed by the anomaly detection model?,2
How do insurance requirements impact the selection and implementation of an anomaly detection model in industrial furnaces?,2
"How can high humidity levels affect the combustion process, and what are the potential consequences of this effect?",2
Are there any specific challenges or considerations when labeling data for an industrial furnace anomaly detection model?,2
Can you explain how a well-maintained refractory lining can help in preventing control system failures in industrial furnaces?,2
What strategies can be employed to ensure the data used for training the anomaly detection model is representative of the various operating conditions of the industrial furnace?,2
How does the model ensure the accuracy and reliability of its predictions over time?,1
Can the anomaly detection model account for multiple failure modes and reasons in the heating element's resistance wire?,2
What kind of training programs are necessary for maintenance personnel to identify and address issues related to heating element overheating due to worn-out insulation?,2
How can air-fuel ratio monitoring systems assist in detecting failures in the combustion air system?,2
Are there any industry standards or regulations regarding preventive maintenance and monitoring of industrial furnace control systems?,2
What are the criteria for evaluating the severity of failures or shortcomings in the new system?,2
How does age-related degradation affect the performance and reliability of the temperature sensors?,2
Are there any industry-specific guidelines or standards for monitoring and maintaining industrial furnaces based on their criticality and potential failure modes?,2
How can data be collected and analyzed to measure the impact of software updates on the performance and safety of industrial furnaces?,2
"How do wear and tear, lack of maintenance, and improper operation contribute to failures in industrial furnaces, and how can these factors be mitigated?",2
Can you explain how regular sensor monitoring helps in predictive maintenance and in reducing the risk of accidents in industrial furnaces?,2
"What are some other evaluation metrics, aside from precision, recall, and F1 score, that can be used to assess anomaly detection models in industrial settings?",2
"What potential issues could arise from relying on a single evaluation metric, such as bias or overfitting, and how does a multi-metric approach help address these concerns in industrial asset anomaly detection models?",2
Can you provide more details on the process of setting up an alerting and notification system for the industrial furnace?,2
"What are the best practices for implementing a secure boot process in industrial IoT systems, and how can organizations ensure that this process is effective?",2
"Can you provide information about the typical operating conditions of the industrial furnace, such as temperature, pressure, and flow rates?",0
"How can temperature and combustion control issues manifest in industrial furnaces, and what are the potential consequences if left unaddressed?",2
How can we ensure that detailed equipment documentation is easily accessible to the maintenance and operations teams?,2
How can we incorporate expert feedback into the evaluation process to refine the model's performance and ensure it aligns with real-world expectations?,2
How do changes in operating conditions impact the behavior of industrial equipment and the development of an anomaly detection model?,2
What are the best practices for collecting and analyzing sensor data from industrial furnaces to detect and diagnose faults?,2
How often should the KPIs be monitored to effectively detect anomalies in the furnace's operation?,2
How can we ensure that data transfer is efficient and secure when implementing an anomaly detection system for industrial furnaces on edge computing devices or gateways?,2
What specific features of the anomaly detection model contribute to improved maintenance efficiency?,2
"How does the anomaly detection model ensure combustion efficiency, and what benefits does this provide for industrial furnace operations?",2
How often should routine inspections of the refractory lining be performed to ensure early detection of any damage or degradation?,2
Are there any specific safety risks associated with heating element failures in industrial furnaces?,2
How can predictive maintenance strategies be developed based on sensor malfunction data?,2
"How do machine learning algorithms determine the normal behavior of the furnace, and how do they identify deviations from that behavior?",2
How can investing in the safe and compliant operation of an industrial furnace lead to cost savings for a business?,2
How can timely detection of anomalies in industrial furnaces help minimize environmental impact?,2
Can you provide examples of how involving SMEs in the development and implementation process can lead to a smoother transition?,2
How can sensor data be used to predict and prevent failures in industrial furnaces?,2
How can data from sensor monitoring be used to optimize furnace performance in industrial operations?,2
Can you explain the impact of corrosion due to exposure to moisture or chemicals on the refractory lining?,2
"How does the production rate of the industrial furnace impact its overall performance, and what steps can be taken to optimize it?",2
Can you provide any case study or example where sensor data analytics has significantly improved the performance of industrial furnaces?,2
"What are the common causes of sensor or actuator malfunctions in temperature control systems, and how can they be prevented or detected early?",2
Can you explain more about the specific machine learning algorithms used in the anomaly detection model for real-time monitoring?,2
How do the severity and detectability of failures in industrial furnaces differ across various KPIs and failure modes?,2
Can you provide any examples of successful implementation of predictive maintenance and anomaly detection models in industrial furnace operations?,2
"What are the future plans for scaling and expanding the anomaly detection model to other industrial furnaces or systems, and what are the potential challenges and opportunities in doing so?",2
What are the challenges in implementing predictive and condition-based maintenance strategies in industrial furnaces?,2
"What are the best practices for calibrating temperature sensors, heating elements, and control systems in industrial furnaces, and what are the recommended calibration intervals?",2
What specific temperature sensors are commonly used in industrial furnace control systems and what are their common failure modes?,2
Can you provide examples of legal penalties that can result from non-compliance with regulatory and safety requirements for industrial furnace operation?,2
Can you explain how the risk of equipment failure and production downtime can be quantified in the context of anomaly detection in industrial furnaces without labeled data?,2
"What are the specific challenges or barriers that companies may face in prioritizing compliance with regulatory and safety requirements for industrial furnaces, and how can they be addressed?",2
"What strategies can be employed to handle missing or corrupted data in the sensor readings, and what impact do these issues have on the model's accuracy?",2
How do industries prioritize and schedule these inspections and performance checks to maintain optimal furnace performance and temperature control?,2
Can you explain how mechanical damage can lead to failure modes in industrial furnaces and what types of mechanical stress are most common?,2
Can you provide more details on the control mechanism used in mass flow controllers to maintain a constant pressure drop and control the flow rate?,2
How can the effectiveness of preventive maintenance and monitoring programs be evaluated and improved over time?,2
"What specific inspections do you recommend for each type of industrial furnace, and what should operators look for during these inspections?",2
How can domain expertise be integrated with data science techniques to develop effective condition monitoring systems for industrial furnaces?,2
Can you provide more details on the common failure modes of the industrial furnace that the anomaly detection model should focus on?,2
Can you explain the importance of accuracy and reliability in sensor measurements for industrial furnaces?,2
"Can you provide some examples of costly and dangerous failures in industrial furnaces, and how they can impact safety and regulatory compliance?",2
"What strategies can be used to reduce false positives in anomaly detection, and how can we ensure that the model is accurately distinguishing between normal and abnormal behavior?",2
"Can you provide examples of how a multi-metric approach has been successfully implemented in industrial asset anomaly detection models, and what were the key challenges and success factors in these cases?",2
How can data analysis be used to ensure consistent product quality in industrial furnace operations?,2
"Can you provide any examples of catastrophic failures in industrial furnaces due to component degradation, and what were the consequences of these failures?",2
What are the specific benefits of optimizing the maintenance program for the industrial furnace's control system?,2
How can organizations balance proactive maintenance and FMEA analysis with the regular operations of industrial furnaces?,2
Are there any other factors besides temperature that contribute to refractory lining failure?,2
What are the consequences of a high false positive rate in the anomaly detection model for the industrial furnace?,2
How often should inspections and preventive maintenance be performed to ensure the reliable operation of industrial furnaces?,2
"How is root cause analysis conducted, and what methods are used to identify the underlying causes of failures?",2
What industry standards and best practices does ASME recommend for sensor data collection frequency and pattern in industrial furnaces?,2
How does the FMEA process help in improving the overall efficiency of the industrial furnace?,2
How do we determine the criticality of components in an industrial furnace for Reliability-Centered Maintenance (RCM)?,2
Can you explain how the selection of heating elements in industrial furnaces can impact the FMEA and the choice of KPIs?,2
Can you explain the process of implementing a failure reporting and analysis system for industrial furnaces?,2
How can the root causes of failures in industrial furnaces be identified using the combined approach of SPC and machine learning algorithms?,2
Can you provide examples of significant changes that would necessitate an increase in the review frequency of an FMEA?,2
"How frequently do operators encounter burner tip erosion, and what are the common contributing factors?",2
What are the regulatory requirements or industry standards related to control system maintenance and redundancy in industrial furnaces?,2
What are the key performance indicators that should be monitored to ensure industrial furnaces operate at peak performance?,2
Can you provide examples of leaks that frequently occur in industrial furnaces and how data science can help identify them proactively?,2
What are the potential safety benefits of implementing condition monitoring systems for industrial furnaces?,2
How do safety protocols factor into the implementation of a data-driven approach for industrial furnace maintenance?,2
"How do burner issues impact the efficiency and safety of industrial furnaces, and what sensor data can be used to detect and diagnose these problems?",2
Can you explain the process of designing sensors for industrial furnaces to ensure optimal performance?,2
How can the use of advanced materials and coatings help improve the durability and lifespan of furnace shells?,2
"How can data scientists and subject matter experts work together to develop a comprehensive maintenance strategy for industrial furnace sensors, incorporating predictive, preventive, and reactive maintenance elements?",2
How can we ensure regular maintenance to prevent failures in industrial furnaces?,1
Can you provide examples of how failure modes and effects analysis and root cause analysis have been used to prevent cooling system failures in industrial furnaces?,2
What strategies can be employed to minimize false positives and false negatives in industrial anomaly detection models?,2
How does the FMEA process help prioritize maintenance and improve system reliability in industrial furnaces?,2
"Are there any regulatory or safety standards that we need to comply with when implementing anomaly detection in industrial furnaces, and how can we ensure compliance with these standards?",2
Can you elaborate on the role of data visualization in identifying and handling anomalies in sensor data?,2
What are the specific regulatory requirements that can be addressed through regular sensor monitoring in industrial furnaces?,2
How can data preprocessing and cleaning help improve the accuracy and reliability of predictive maintenance in industrial furnaces?,2
"How will the success of the model in reducing downtime, enhancing safety, and saving costs be quantified and tracked over time?",2
How do emergency cooling systems aid in predicting and preventing failures in industrial furnaces?,2
What safety improvement measures can be implemented through sensor data analysis in industrial furnaces?,2
How can the impact of failure modes be quantified and used to inform decision-making around maintenance and repair?,2
How do you ensure that the maintenance tasks are carried out at regular intervals and track the maintenance history of the furnace?,2
What are the common data preprocessing techniques used to prepare sensor data for analysis in industrial furnaces?,2
What are the common pressure sensors used in industrial furnace control systems and what are their common failure modes?,2
"How can we ensure that the anomaly detection models can effectively adapt to the wide range of operating conditions and parameters in industrial furnaces, and what strategies can be used to account for process variability?",2
What are the potential consequences of not implementing preventive maintenance measures for temperature sensors and control systems in industrial furnaces?,2
Can you provide examples of specific machine learning algorithms used for predictive maintenance in industrial furnaces?,2
What are the future directions for the application of machine learning and data science in the field of industrial furnace maintenance and operation?,2
How can the FMEA and the KPIs be used to inform maintenance and repair strategies in industrial furnaces?,2
What are the consequences of not conducting an FMEA analysis in industrial furnaces?,2
How can we ensure that the balance between normal and anomalous samples is maintained in the dataset?,2
Can you explain the process of sensor drift and how it can be detected in gas sensors used in industrial furnaces?,2
What are the challenges in applying FMEA to existing industrial furnaces compared to new ones?,2
What are the common failure codes associated with each component of the industrial furnace?,2
How does corrosion affect the different components of industrial furnaces and what measures can be taken to prevent it?,2
"How do different usage patterns affect the specific components of an industrial furnace, leading to potential anomalies?",2
What are the potential consequences of not monitoring KPIs in industrial furnace maintenance programs?,2
Can the anomaly detection model be customized to specific industries or types of industrial furnaces?,2
How can data be collected and analyzed to predict potential failures in industrial furnaces?,1
"How do the different types of sensors, such as temperature, pressure, flow, and level sensors, impact the overall process control in industrial furnaces?",2
"Can you provide more details on how the model identifies malfunctioning safety interlocks, and what actions can be taken to prevent safety hazards?",2
What are the recommended calibration procedures for RTDs and thermocouples in industrial furnaces?,2
What are the best practices for implementing a comprehensive maintenance program and conducting regular FMEA analysis in industrial furnaces?,2
Vibration abnormalities can be an essential indicator of industrial furnace issues. Could you elaborate on the specific vibration patterns or levels that should be considered unusual?,2
"How can the effectiveness of regular inspections, calibrations, and preventive maintenance tasks be measured and evaluated in industrial furnaces?",2
"Are there any additional degradation mechanisms apart from thermal stress, mechanical stress, and corrosion that can affect the furnace shell?",2
Can you provide examples of specific condition-based maintenance strategies that have been implemented in industrial furnaces based on sensor data analysis?,2
"How can data analysis techniques, such as statistical process control or machine learning algorithms, be applied to vibration sensor data to identify trends and patterns that could indicate potential issues in industrial furnaces?",2
What are the best ways to ensure the industrial furnace is operating within its design parameters and prevent increased emissions?,2
Can you provide any specific examples of energy management optimizations that have significantly improved the efficiency of industrial furnaces?,2
What are the best practices for improving energy efficiency in industrial furnaces?,2
"How can data scientists use machine learning algorithms to identify and predict potential heating element failures in industrial furnaces, and what types of data would be required for this analysis?",1
How are the data collected from these sensors analyzed to detect potential failures or issues?,1
Can log loss be used in conjunction with other evaluation metrics to provide a more comprehensive assessment of an anomaly detection model's performance in industrial settings?,2
How do these technologies help in complying with regulations and standards in industrial furnaces?,2
Can you explain how the risk of unexpected failures is reduced with the help of an anomaly detection model in industrial furnaces?,2
How do automatic temperature control systems adjust the heat input to maintain consistent temperatures in industrial furnaces?,2
"What are the regulatory and industry standards that apply to the critical components of the industrial furnace, and how can compliance with these standards be ensured through regular inspections and maintenance?",2
"How do operating conditions, such as temperature and pressure, impact the severity and detectability of cooling system failures in industrial furnaces?",2
"Can you provide some examples of non-linear trends that we might encounter in sensor data from industrial furnaces, and how can we best account for these using data preprocessing techniques?",2
"What specific training methods or materials can be used to ensure reliability engineers have a thorough understanding of the industrial furnace's components, failure modes, reasons, and degradation mechanisms?",2
How do cracks or leaks in the furnace lining affect the efficiency of the furnace?,2
Can you provide any additional examples of industries that could benefit from predictive maintenance techniques for industrial furnaces?,2
How can data quality be ensured for effective ML and AI analysis of industrial furnace data?,2
How can the anomaly detection model differentiate between normal and abnormal operating conditions in an industrial furnace?,2
How can the integration of operator knowledge into the FMEA process contribute to reducing the risk of unplanned downtime?,2
"Can you provide an example of how regular monitoring using temperature sensors and inspections can prevent failure, equipment damage, and production downtime in industrial furnaces?",2
How does the thermal shock contribute to refractory degradation and what specific measures can be taken to reduce it?,2
Are there any specific protocols or procedures in place for responding to anomalies detected in the resistance wire's temperature and resistance measurements?,2
"What are the ideal gas concentration levels for optimal combustion control, and how are they measured?",2
How can organizations balance the need for regular inspections and monitoring with the cost and resource implications?,2
How can the severity and detectability of anomalies in industrial furnaces be assessed and quantified?,2
"What are the specific types of sensors used to collect data on the condition of the refractory lining, burner system, furnace shell, and control system in industrial furnaces?",2
"How can we ensure that the data is reliable and accurate, and what steps can be taken to verify its quality?",2
What is the frequency of data collection and pre-processing for the real-time monitoring system?,2
"Are there any specific temperature ranges or cooling rates that are particularly prone to failures during the shutdown stage, and how can data scientist identify and mitigate these risks?",2
What are the potential consequences of mislabeled data or irrelevant information in the model's performance?,2
What are the challenges in designing an anomaly detection model for industrial furnaces that can ensure safe and efficient operation?,2
"What are the regulatory or safety requirements related to the industrial furnace operation and maintenance, and how can the anomaly detection model support compliance with these requirements?",1
Can you explain how the detectability of failures in these areas is related to the frequency of inspections and maintenance?,2
What are the potential consequences of ignoring the failure modes identified in the FMEA analysis?,2
How can we ensure that the predictive maintenance system is aligned with the overall maintenance strategy of the organization?,2
What are the potential consequences of not complying with data privacy regulations when implementing an anomaly detection model for industrial furnaces?,2
What are the regulatory or industry standards for sensor performance and reliability in industrial furnaces?,2
What specific temperature control systems can be implemented in industrial furnaces to optimize energy consumption?,2
Are there any regulatory or industry standards that must be considered when developing the anomaly detection model and maintenance plan for the industrial furnace?,2
How can personnel identify and minimize exposure to harmful gases during inspections and maintenance?,2
What measures are taken to ensure that the anomaly detection model does not generate false positives or false negatives?,2
Can you provide examples of common biases or errors in sensor measurements and how they can be identified?,2
What types of monitoring systems can be used to detect warning signs of sensor or valve failure in industrial furnace control systems?,2
Can you provide some examples of catastrophic failures or safety issues that can occur due to sensor failures in industrial furnaces?,2
"How will the model's continuous monitoring and improvement be managed, and what resources and expertise are required for this task?",2
How will the success of the anomaly detection model be measured?,2
Can you provide examples of real-world use cases where an anomaly detection system has been successfully implemented on edge computing devices or gateways for industrial furnaces?,2
Can you provide more information on the data analysis techniques that can be used to detect anomalies in the temperature readings of industrial furnaces?,2
"Can the anomaly detection model be customized based on the specific type of industrial furnace, and what factors should be considered during the customization process?",2
Can you provide any specific examples of successful implementation of anomaly detection models in industrial furnaces?,2
"What are the potential consequences of not implementing a predictive and preventive maintenance strategy for the industrial furnace, in terms of equipment reliability, safety, and maintenance costs?",2
"Can a malfunctioning burner cause overheating, and if so, what are the specific temperature ranges that can be dangerous?",2
Can synthetic anomalies be used to evaluate the performance of other types of systems or equipment besides industrial furnaces?,2
"What are some common challenges in analyzing data from sensors in industrial furnaces, and how can they be addressed?",2
Can the model provide any predictive insights on the remaining useful life of the equipment?,2
"Can you explain the process of anomaly detection in more detail, including any common techniques used?",2
How are the sensors in industrial furnaces affected by radiation and what measures can be taken to minimize its effects?,2
How can regular monitoring and maintenance of sensors' thresholds optimize performance and ensure safety in industrial furnaces?,2
What specific sensors and materials are recommended for use in harsh environment of industrial furnaces?,2
What are the potential consequences of neglecting insulation maintenance and allowing insulation failures to go unaddressed in industrial furnaces?,2
"How can predictive maintenance strategies be communicated to stakeholders, such as management and operators, to ensure buy-in and support for their implementation?",2
How will the model handle multiple anomalies detected simultaneously?,2
What are the most common factors that influence the frequency of sensor data collection in industrial furnaces?,1
"What are the common causes of potential failures in the heating system, fuel supply, and mechanical components of industrial furnaces?",2
"What are the specific consequences of temperature sensor failure, such as drift, bias, or getting stuck, on the overall operation of the industrial furnace?",2
What are the best practices for monitoring and evaluating industrial furnace efficiency and fuel consumption?,2
How can data from sensors be used to monitor and improve the overall real-time monitoring of the industrial furnace?,2
Can you provide some examples of subtle anomalies that might not be apparent in individual sensor readings but could be detected through data preprocessing techniques?,2
Can you explain the process of assigning severity and detectability ratings in a FMEA analysis?,2
"Can you provide any examples of catastrophic failures caused by heating element failure in industrial furnaces, and what were the consequences of these failures?",2
"How can the performance of the anomaly detection model be evaluated and reported to stakeholders, and what metrics should be used to measure its effectiveness in detecting and predicting failures in industrial furnaces?",2
"How can vibration analysis, thermography, and lubricant analysis be used to monitor the condition of industrial furnaces?",2
Can you provide examples of how predictive maintenance models have helped prevent failures and reduce downtime in industrial furnaces in the past?,2
How do regular maintenance and inspections help detect potential failures before they occur in industrial furnaces?,2
"What are the most common failure modes in industrial furnaces, and how can they be prevented through RCA?",2
"Can you provide any examples of industrial operations that have successfully implemented real-time monitoring, frequent preventive maintenance, and condition-based maintenance programs for their industrial furnaces, and what were the results of these efforts?",2
How can temperature uniformity impact the energy consumption of industrial furnaces?,2
Can you provide more details on how furnace design affects sensor data collection and analysis?,2
How can preventive maintenance strategies be optimized to minimize the risk of failures in industrial furnaces?,2
Can the anomaly detection model provide real-time alerts for potential equipment failures?,2
Are there any specific regulations or standards that need to be considered when implementing an anomaly detection model in an industrial furnace?,2
"What are the safety hazards associated with heating element failure, and how can they be mitigated?",2
Can you provide examples of specific failure modes that can be detected and prevented using these maintenance strategies?,2
Can you provide any examples of safety hazards that can result from temperature control failures in industrial furnaces?,2
Can you provide examples of specific industry standards and regulations that are particularly useful for expert labeling in FMEA analysis of industrial furnaces?,2
"What steps can be taken to ensure the ongoing monitoring and maintenance of the anomaly detection model, and who is responsible for these tasks?",2
What are the specific time constraints for model development and implementation?,2
How can we ensure that the predictive maintenance models are aligned with the business objectives and priorities of the organization?,2
"Can you elaborate on the common data gaps or outliers in industrial furnace data, and how should the model address them?",2
What are the specific benefits of proactive maintenance in reducing maintenance costs and improving safety for industrial furnaces?,2
How do we determine the critical components during the Failure Modes and Effects Analysis (FMEA)?,2
What are the specific encryption standards and protocols that are recommended for ensuring confidentiality in industrial IoT systems for furnaces?,2
"Can you provide examples of any specific challenges or limitations that may be encountered when implementing an anomaly detection model in an industrial furnace, and how these can be addressed?",2
How often are the resistance wire's temperature and resistance typically monitored in industrial furnaces?,2
Can you provide more details on the potential safety hazards associated with a small leak in an industrial furnace?,2
Can you provide some examples of how machine learning algorithms have detected complex anomalies in industrial furnaces that traditional SPC methods missed?,2
"What are the potential challenges in implementing an anomaly detection model for industrial furnaces, and how can they be addressed?",2
"How is the severity of failures determined in industrial furnaces, and what factors are considered in this assessment?",2
"How do different furnace types (e.g., batch, continuous, vacuum) affect the choice of sensors and their maintenance requirements?",2
Can you explain more about the specific data processing and cleaning techniques that are most effective for the anomaly detection model in an industrial furnace setting?,2
Can you provide any specific examples of how the data-driven maintenance approach has improved the industrial furnace performance in the past?,2
How can domain-specific knowledge be incorporated into the anomaly detection model to improve its accuracy and reliability?,2
"What are the advantages and disadvantages of using statistical methods, machine learning algorithms, and deep learning models for building the anomaly detection model?",2
"What are the best practices for training operators and maintenance personnel on the critical components of the industrial furnace, and how can their knowledge and skills be assessed and improved over time?",2
How are the vibration sensors used to detect mechanical issues in the furnace?,2
How can maintenance teams take proactive measures based on the alerts generated by the anomaly detection model to prevent unscheduled downtime and reduce maintenance costs?,2
How can data analysis and monitoring help in maintaining temperature uniformity in industrial furnaces?,2
How can organizations ensure that sensor data analytics systems are scalable and adaptable to changing needs and requirements in industrial furnaces over time?,2
"How do variations in fuel consumption and air/fuel ratio affect the performance and efficiency of industrial furnaces, and can this information be used to predict potential failures?",2
Can you explain the importance of high-quality sensor data and what specific measures can be taken to ensure its quality?,2
"In what ways can improper fuel-air mixtures lead to temperature fluctuations in furnaces, and how can RCA help mitigate this problem?",2
How can predictive maintenance help to improve the overall return on investment (ROI) of industrial furnaces?,2
What are the specific safety risks associated with the failure to detect anomalies in industrial furnaces?,2
What are the safety procedures that operators and maintenance personnel should be trained on when dealing with industrial furnaces?,2
Can you provide more details on the thermal shock failure mode and how it can be prevented in industrial furnaces?,2
How are the warning limits for sensors in industrial furnaces typically set and documented?,2
Can the use of sensor data analysis in industrial furnaces be extended to other types of industrial equipment or processes?,2
How can data from monitoring these parameters be used to predict and prevent failures in an industrial furnace?,2
"What are the potential cost savings and return on investment (ROI) of implementing a data analysis program for industrial furnaces, and how can organizations calculate these benefits?",2
"What are the challenges in detecting faults in industrial furnaces, and how can they be addressed through sensor data analysis and advanced data analysis techniques?",2
Can you rank the failure modes based on their severity and detectability in the anomaly detection model?,2
"What are the consequences of not following best practices for preventive maintenance in industrial furnaces, and how can the risks associated with such negligence be mitigated?",2
What measures can be taken to validate the accuracy and reliability of the anomaly model?,2
"What are the best practices for implementing sensor data analytics in industrial furnaces, and what factors should be considered for a successful implementation?",1
Can you explain the causes and consequences of overheating and underheating in industrial furnaces?,2
What specific factors should be considered when determining if the FMEA model update frequency needs to be more frequent than annually or bi-annually?,2
Can you provide more information on the criteria for selecting the appropriate model for anomaly detection in industrial furnaces?,2
Are there any specific regulatory or industry standards that need to be considered while building the anomaly detection model?,1
"What data analysis techniques are commonly used to interpret sensor data in industrial furnaces, and how are they used to predict potential failures and optimize furnace performance?",2
How can the impact of failures on the efficiency and productivity of the industrial furnace be quantified?,2
Can pressure sensors in industrial furnaces be affected by both high and low temperatures?,2
"What specific data privacy rules, such as GDPR, should be considered for sensor data collection in industrial furnaces?",2
How do regulatory and compliance requirements impact the design and construction of new industrial furnaces?,2
Can you provide more details on the temperature and pressure control systems and how they can contribute to failure modes?,2
Can you provide more details on the common failure modes in industrial furnaces and their effects on the overall production process?,2
"What are the challenges in updating the anomaly detection model regularly, and how can they be addressed?",2
"How can we effectively balance sensitivity and specificity in anomaly detection models for industrial furnaces, and what are the potential consequences of favoring one over the other?",2
What are the specific maintenance activities that can prevent the failure of the ignition system due to worn-out electrodes and dirty ignition tips?,2
What are the recommended procedures for troubleshooting and diagnosing emission sensor failures in industrial furnaces?,2
How can maintenance teams prioritize maintenance activities and allocate resources effectively using predictive maintenance strategies?,2
What are the common industry regulations and standards that sensors help ensure compliance with in industrial furnaces?,2
"How do combustion gases cause corrosion and damage to components in industrial furnaces, and what measures can be taken to prevent this type of failure?",2
How does PdM predict potential failures before they occur in industrial furnaces?,2
Can you explain how insulation failures can lead to increased energy consumption and reduced efficiency?,1
"How do the flow sensors differ in their response time and dynamic range, and what are the implications for industrial furnace applications?",2
What are the financial implications of equipment failures due to lack of proper FMEA and adherence to safety regulations?,2
What are the best practices for implementing real-time monitoring of industrial furnaces using a combined SPC and machine learning approach for anomaly detection?,2
Can you provide examples of specific temperature fluctuations that can indicate issues with heating elements or temperature regulation?,2
How can sensor data be integrated with other data sources to enhance predictive maintenance in industrial furnaces?,2
What are the key performance indicators (KPIs) used to measure the success of proactive maintenance in industrial furnaces?,2
"Are there any specific performance metrics or key performance indicators (KPIs) that are used to measure the efficiency or effectiveness of the industrial furnace, and how will the anomaly detection model impact them?",1
"Can data analysis techniques help in identifying the root cause of sensor failures in industrial furnaces, and what are the potential benefits of this analysis?",2
How can the effectiveness of corrective actions be measured in industrial furnaces?,2
What specific components of industrial furnaces should be regularly checked during condition monitoring?,2
What is the significance of the shape of the ROC curve and how does it help in comparing the performance of different models?,2
Can you discuss any regulatory or safety considerations that need to be taken into account when implementing an anomaly detection model in industrial furnaces?,2
How is maintenance history used to predict the likelihood of anomalies in the furnace?,1
Can you share examples of specific failures the model aims to predict and prevent in the industrial furnace?,2
Are there any specific performance metrics that should be used to evaluate the effectiveness of the predictive maintenance models?,2
How can maintenance data analytics and data visualization be used to tell a story and drive decision-making in the maintenance of industrial furnaces?,2
"Can you explain the process of predictive maintenance in more detail, and what data is analyzed to identify potential failures?",2
"Are there any specific spare parts or backup systems recommended for the sensors, and what is the recommended procedure for replacing them in case of failure?",2
How can real-time sensor data be visualized and communicated to stakeholders to ensure timely and effective decision-making regarding maintenance and repairs?,2
How does the system ensure that data privacy and security measures are maintained over time and not compromised by changes or updates to the system?,2
What are the typical data preprocessing techniques applied to refractory lining sensor data?,2
How can the severity of equipment failure in industrial furnaces be quantified and assessed?,2
How does the time series cross-validation method help improve the model's reliability in this application?,2
Can you provide any real-world examples where the use of SPC methods or machine learning algorithms helped in detecting anomalies and preventing failures in industrial furnaces?,1
How do you ensure the quality of the product is not affected by the industrial furnace failure?,2
"How can we ensure reliable ignition in industrial furnaces, and what are the risks associated with ignition failures?",2
"What are the specific safety risks associated with industrial furnace failures, and how can sensor data analysis help mitigate these risks?",2
How can industrial furnace operators ensure compliance with environmental regulations while monitoring emissions?,2
"How do autoencoders, as a machine learning approach, differ from traditional SPC techniques in detecting anomalies in industrial furnaces?",2
Can you provide more details about the specific sensors used in the industrial furnace and the quality of data they provide?,2
What role do human oversight and decision-making play in ensuring the ethical use of predictive maintenance and anomaly detection models in industrial settings?,2
Can you provide more details on the safety interlocks used in industrial furnaces and their importance in preventing failures?,2
What are the specific key performance indicators (KPIs) or metrics that can be used to evaluate the effectiveness of the anomaly detection model in preventing failures and improving operational efficiency in the industrial furnace?,2
What algorithms or techniques are used in the anomaly detection model to identify patterns and anomalies?,2
"Can you provide examples of catastrophic failures in industrial furnaces, and how can they be prevented?",2
"How can root cause analysis be performed using sensor data from industrial furnaces, and what are the benefits of this approach in identifying and addressing potential failures?",2
"Can you provide more details on the consequences of failures in industrial furnaces, including safety hazards, equipment damage, and regulatory violations?",2
"What condition-based monitoring techniques can be implemented to predict and prevent failures in temperature control mechanisms, and how do they work?",2
Can you explain the role of industrial furnace design in preventing failures and ensuring compliance with emissions and pollutant limits?,2
How do machine learning algorithms handle noisy data or outliers that may be present in the datasets from industrial furnaces?,2
How can the performance of anomaly detection models for industrial furnaces be validated and verified to ensure they meet safety and regulatory requirements?,2
"Can you provide more details on what is included in a detailed weekly, monthly, or quarterly inspection?",2
How can the severity of failures be determined in industrial furnaces based on sensor data?,2
Can you explain the process of monitoring and correcting drift in sensors?,2
"What are the legal and ethical considerations regarding the use of anomaly detection models in industrial settings, particularly in terms of safety, liability, and data privacy?",2
How can facilities prioritize and allocate resources for an effective inspection and maintenance program for industrial furnaces?,2
How can we ensure that our data privacy and security measures for sensor data from industrial furnaces are compliant with evolving regulations?,2
How does the sensitivity to frequency and pattern of sensor data support the development of an early warning system for potential failures in industrial furnaces?,2
Can you provide an example of a complex failure mode in industrial furnaces and how multivariate analysis can help detect and prevent it?,2
"What are the specific benefits of implementing an anomaly detection model for industrial furnace operations, and how can they be quantified?",2
How can data formats like JSON and XML improve data exchange and processing when integrating the anomaly detection model with existing systems?,2
What are the specific sensor parameters that the anomaly detection model should focus on to detect potential failures in the industrial furnace?,1
What are the common degradation mechanisms observed in industrial furnaces and how can they be mitigated?,2
How can operator error be minimized through training and other best practices?,2
What are the potential consequences of not implementing an anomaly detection model in the industrial furnace system?,2
What are the critical sensor parameters that should be closely monitored in an industrial furnace to detect anomalies?,2
Are there any additional performance metrics that should be considered for evaluating the anomaly detection model's performance in industrial furnace monitoring?,2
How can RCA help in reducing the likelihood of future failures in industrial furnaces?,2
"What are the potential consequences of not addressing anomalies in the industrial furnace's air supply and exhaust systems, and how can the anomaly detection model help prevent these consequences?",2
How can the performance of an anomaly detection model for industrial furnaces be evaluated and compared with other models or techniques?,2
"What are the best practices for ensuring proper installation of temperature sensors in industrial furnaces, and how can these practices help prevent sensor failures?",2
What are the potential risks of not implementing ML and AI capabilities in industrial furnace maintenance and asset management?,2
"What are the most common causes of leaks, cracks, distortion, and failure of refractory materials in industrial furnaces?",2
"Can you provide examples of how statistical process control (SPC) techniques have been used in the past to detect anomalies in industrial furnaces, and what were the results?",2
How frequently should data scientists analyze the sensor data and system logs to effectively monitor the condition of the industrial furnace components?,2
"Can you explain the importance of early warning for potential failures in industrial furnaces, and how an effective anomaly detection model can provide this warning?",2
How can regular monitoring and evaluation of industrial furnace efficiency and fuel consumption data be used to make better decisions and improve operations?,2
How do these parameters vary depending on the type or size of industrial furnace?,2
Can you explain more about the specific temperature sensors that should be monitored for anomaly detection in the industrial furnace?,2
"How can a maintenance and inspection plan be developed based on the information gathered from the FMEA, and what should be the focus of this plan?",2
"What are the most common sensor failure modes in industrial furnaces, and how can data scientists identify and address these issues proactively?",2
"Can you provide more information on the types of sensors that are typically used in industrial furnaces, and what specific data they provide?",2
"How can data analysis techniques help in identifying the severity of sensor failures in industrial furnaces, and what are the potential benefits of early detection?",2
Can you provide examples of specific industrial furnace issues that can be identified through anomaly detection models?,2
How do industrial furnace regulations and safety requirements address energy efficiency and hazardous waste disposal?,2
How can the data collected on failure modes be used to improve the design and operation of industrial furnaces?,2
Can you explain how mechanical failure can cause downtime in industrial furnaces?,2
How can regular inspections prevent fire risks associated with industrial furnaces?,2
"How are unplanned downtimes reduced through predictive maintenance, and what is the average reduction in downtime experienced?",2
"How do industries assess the overall health and efficiency of the insulation and heating system, and what metrics are commonly used?",2
How is the severity and detectability of failures determined in predictive maintenance?,2
What are the most common causes of mechanical stress in industrial furnace components?,2
"Can you provide more information on the specific safety consequences of overheating, pressure buildup, and incomplete combustion in industrial furnaces?",2
What role does vibration analysis play in detecting potential failures in industrial furnaces?,2
How is the availability of the furnace calculated and what is the desired availability rate for the industrial furnace?,2
Are there any industry standards or regulations for sensor maintenance and calibration in industrial furnaces?,2
"What are the potential limitations of using machine learning algorithms for detecting anomalies in industrial furnaces, and how can they be mitigated?",2
What are the best practices for conducting regular inspections of industrial furnaces?,2
How can we ensure data completeness and accuracy during the data preparation phase for the anomaly detection model?,2
How can the data from industrial furnaces be analyzed to predict and prevent failures?,2
Can you discuss the challenges and opportunities in integrating these flow sensors with other process control and automation systems in industrial furnaces?,2
How can mechanical stress be minimized in industrial furnaces to prevent degradation and failure?,2
How are the trends and anomalies in fuel consumption identified and addressed?,2
How can the expertise and knowledge of the personnel responsible for the equipment be incorporated into the anomaly detection model and what specific training or resources should be provided to them to ensure they are able to effectively maintain and operate the equipment?,1
"What are the recommended frequency and methods for visual inspection of the temperature sensors, heating elements, and control systems?",2
What specific parameters or variables should be monitored in the industrial furnace to detect anomalies?,1
What types of data are collected for monitoring and preprocessing in the industrial furnace system?,2
What are the specific temperature and pressure limits set by OSHA regulations for industrial furnaces?,1
"Can you provide more information on the OSHA, EPA, and NFPA standards that should be followed for industrial furnaces? What are the consequences of not following these standards?",2
Can you explain the relationship between the severity of failure modes and the detectability of issues in industrial furnace components and subsystems?,2
Are there any industry standards or regulations that must be considered when implementing RCA in industrial furnaces?,2
What are the consequences of not addressing fuel contamination issues in industrial furnaces?,2
"How does FMEA help prioritize maintenance activities, and what factors are considered in the analysis?",2
How can environmental sensors be used to enhance security in industrial IoT systems?,2
How can data from sensors be used to optimize the energy consumption of industrial furnaces?,2
How are the sensors calibrated and maintained to ensure accurate and reliable data collection?,1
What are the consequences of failing to predict and prevent failures in complex industrial processes?,2
"What are the legal and regulatory requirements related to predictive maintenance in industrial furnaces, and how can they be complied with?",2
Can you provide any specific examples of sensor failures in industrial furnaces and how they were addressed through the implementation of the mentioned maintenance practices?,2
How do different types of fuel affect the combustion efficiency and potential failure of industrial furnaces?,2
How can organizations determine the severity and detectability ratings of failures in industrial furnaces?,2
How can data from different types of sensors be integrated and analyzed to provide a comprehensive view of the industrial furnace's performance?,2
How often is drift monitoring and correction performed in sensors?,2
How can we effectively deploy and monitor the anomaly detection model in a production environment to ensure that it continues to predict and prevent failures effectively?,2
How can data from temperature and process parameters be analyzed to detect anomalies and predict potential failures in temperature control mechanisms?,2
"What types of high-temperature sensors are commonly used for monitoring industrial furnaces, and what are their advantages and disadvantages?",2
What are the specific sensor measurements that are most strongly correlated with failures in the fuel delivery system?,2
What data validation techniques can be used to ensure the model remains accurate as operating conditions change?,2
How can we determine the severity of the failure modes in industrial furnaces?,1
"What are the common causes of thermal, mechanical, and moisture degradation in industrial furnace insulation?",2
Can you provide some examples of specific temperature excursions and pressure fluctuations that the anomaly detection models have successfully detected and prevented in the past?,2
What are the most common and significant failure modes in industrial furnaces that the model should prioritize in detecting anomalies?,2
What are the recommended techniques for identifying potential sensor issues early and reducing the risk of sensor failures in industrial furnaces?,2
Can you explain how the ROC curve is created and what each point on the curve represents?,2
What methods are used to optimize furnace performance through sensor data analytics?,2
How can we determine the appropriate level of aggressiveness for noise reduction and outlier detection techniques?,2
What are the specific benefits of using sensors in industrial furnaces for monitoring operating conditions?,1
"How can we effectively monitor and detect data drift in the context of industrial furnaces, and what tools or techniques are commonly used for this purpose?",2
What measures does the anomaly detection model implement to prevent accidents in industrial furnaces?,2
Can you provide more details on the temperature and combustion control problems that industrial furnaces commonly face?,2
Can you provide some examples of the types of components or subcomponents that may be analyzed in more detail for new industrial furnaces?,2
What role does vibration monitoring play in detecting mechanical issues and wear and tear in industrial furnaces?,2
Are there any specific environmental factors that have been identified as having a significant impact on the performance or reliability of the industrial furnace?,1
How are temperature readings used in conjunction with other sensor data to detect anomalies in industrial furnaces?,2
"What are the primary risks and costs associated with preventive maintenance for the industrial furnace, and how can they be effectively balanced?",2
What types of sensors are commonly used in industrial furnaces for predictive maintenance and what data do they measure?,2
How can we ensure that our data privacy and security measures for sensor data from industrial furnaces align with industry standards and best practices?,2
"How can organizations develop and implement effective strategies for predicting and preventing failures in industrial furnace control systems, taking into account factors such as cost, risk, and regulatory requirements?",2
What measures can be implemented to ensure the anomaly detection model remains up-to-date and accurate in predicting and preventing failures?,2
Can you provide more details about the types of access controls and encryption methods that would be appropriate for protecting the confidentiality of the sensor data?,1
How do gas flow rates impact the operation of industrial furnaces and what are the consequences of improper gas flow control?,2
How can deviations from sensors' thresholds be investigated and addressed to prevent failures in industrial furnaces?,2
What specific equipment age-related factors can affect anomaly detection models in industrial furnaces?,2
"How do environmental factors, such as humidity and temperature fluctuations, affect insulation degradation and heating system performance?",2
What are the specific degradation mechanisms that can affect industrial furnaces and how can they be monitored?,2
What are the best practices for optimizing the production rate of industrial furnaces while minimizing the risk of operational failures?,2
What are the specific communication issues that can arise in industrial furnace monitoring systems and how can they be detected early?,2
How do industrial furnace manufacturers ensure temperature uniformity in their products?,2
"What are the best practices for maintaining the data storage and access system in an industrial furnace anomaly detection application, and how can the system's integrity and reliability be ensured over time?",2
How can an understanding of underlying degradation mechanisms help in implementing effective security measures in industrial IoT systems?,2
How can the anomaly detection model help in reducing unplanned downtime and increasing the overall reliability of the industrial furnace?,2
What specific data transformations or methods can be used for data augmentation in this context?,2
"How does the implementation of predictive maintenance strategies, such as an anomaly detection model, impact the overall maintenance budget for industrial furnaces?",2
What are the specific risks associated with delayed software updates in industrial furnace control systems?,2
"How can regular calibration of temperature sensors, controllers, and actuators help in maintaining product quality and preventing temperature control system failures?",2
What are the best practices for maintaining the safe and efficient operation of an industrial furnace through proper protection of sensor data and personal privacy?,2
What are the specific legal and regulatory requirements that the anomaly detection model must comply with to ensure data privacy and security?,2
"How can abnormal emissions in industrial furnaces indicate issues with the combustion process, and what steps can be taken to address these issues?",2
How can predictive maintenance using sensor data help extend the lifespan of industrial furnaces?,2
"Can you provide any examples of successful anomaly detection and predictive maintenance implementations in similar industrial furnaces, and what lessons can we learn from them?",2
How does the FMEA process contribute to the overall reliability and availability of industrial equipment?,2
How can the selection of the appropriate range and sensitivity of oxygen sensors be determined for specific industrial furnace applications?,2
How can data analysis and machine learning techniques be used to predict and prevent failure modes in industrial furnaces?,2
How can the severity and detectability of failure modes be measured?,2
How do multi-point temperature control systems work to improve temperature uniformity?,2
"How can preventive maintenance strategies be developed based on the analysis of sensor data in industrial furnaces, and what are the benefits of such strategies?",2
What are the best practices for monitoring the critical components of industrial furnaces for predictive maintenance?,2
Can you provide more details on the monitoring techniques that can be used to detect abnormalities in the cooling system?,2
Can you provide examples of design improvements that can enhance the reliability of industrial furnaces?,2
"Can machine learning algorithms be used to provide real-time feedback to operators of industrial furnaces, allowing them to take corrective action before an anomaly becomes a significant issue?",2
"How do vibrations affect the performance of piezoelectric sensors compared to strain gauge sensors, and what measures can be taken to minimize the impact of vibrations on these sensors?",2
"How can the KS test be used to monitor the performance of anomaly detection models over time in industrial furnaces, and what are the recommended triggers for re-evaluation?",2
How can temperature-related issues be addressed in real-time during the heating process to prevent failures?,2
How can data scientists use sensor data to predict potential failures and schedule maintenance activities more effectively in industrial furnaces?,2
How important is the availability of high-quality data in ensuring the success of a data-driven predictive maintenance strategy for industrial furnaces?,2
What are the key performance indicators that can be used to measure the effectiveness of a maintenance program in preventing control system failures?,2
How often is the sensor data collection frequency typically set for each of these areas in industrial furnaces?,2
Can you provide examples of catastrophic failures in industrial furnaces that could have been prevented with a proactive maintenance approach?,2
How does PdM improve safety in the operation of industrial furnaces?,2
"How do the regulations and safety requirements vary based on the location of the industrial furnace (e.g. local, state, national)?",1
"What are the safety concerns associated with refractory lining failure, and how can they be mitigated?",2
How can data analysis and machine learning techniques be applied to develop an effective anomaly detection system in industrial furnaces?,2
How do flow sensors contribute to the predictive maintenance of industrial furnaces?,2
How can sensor data analysis help in optimizing furnace performance and improving quality control?,2
How can FMEA help in allocating resources accordingly for maintenance of industrial furnaces and heating elements?,2
"Can you provide any case studies or examples of successful predictive maintenance programs in industrial furnaces, highlighting the benefits and challenges?",2
How can reliability engineers ensure data quality when collecting data for anomaly detection model building in industrial furnaces?,2
"How does the severity of failures in industrial furnaces differ between batch and continuous furnaces, and how does this affect the FMEA and the KPIs?",2
"What are the potential consequences of undetected cooling system failures in industrial furnaces, and how can predictive maintenance models help prevent them?",2
How does the severity and detectability of each failure mode impact the maintenance schedule and approach?,2
How is the monitoring system's accuracy in detecting and reporting issues evaluated?,2
How can the implementation of a structured maintenance program for industrial furnaces improve safety and reduce downtime?,2
How do historical maintenance records and failure reports aid in prioritizing monitoring efforts and preventing future failures?,2
"What measures can be taken to prevent failures, reduce downtime, and ensure safety in industrial furnace operations?",2
How does implementing a proactive maintenance approach help ensure the safe and efficient operation of industrial furnaces?,2
How can data on the failure history of similar equipment be used to predict failures in older equipment?,2
How can regular inspections help prevent prolonged deviation from the setpoint temperature?,2
How accurate and reliable are the temperature sensors used in industrial settings?,2
Can you provide any examples of specific industrial furnace applications where one temperature sensor type may be preferred over another?,2
How does minimizing energy consumption contribute to improved overall equipment efficiency?,2
How do software updates help in predicting and preventing failures in industrial furnaces?,2
Are there any specific data preprocessing techniques or data cleaning steps that we should consider to improve the performance of the anomaly detection model?,2
What specific sensor data should be monitored for predicting failures in industrial furnaces?,2
How do predictive maintenance strategies leverage advanced analytics and machine learning techniques to prevent failures and optimize furnace performance?,2
"What specific sensors and control units are commonly used in industrial furnaces, and what are their typical failure modes?",2
"What are the consequences of not considering the specific asset class, operating context, and maintenance practices when developing expert labels for FMEA analysis of industrial furnaces?",2
"How can data scientists help in monitoring and detecting potential failures in industrial furnaces, especially in the furnace control system?",2
What are the common causes of sensor malfunctioning and how to prevent it?,2
How is the data from various sensors in industrial furnaces used for predictive maintenance and what are the common techniques used for this purpose?,2
What specific data analytics platforms or tools have been effective in analyzing sensor data for industrial furnaces?,2
How can data scientists use temperature sensor data to develop predictive models for refractory lining failure?,2
How can maintenance teams determine the underlying causes of refractory lining degradation or insulation degradation?,2
How do sensors in industrial furnaces detect early failure and what are the common failure modes they look for?,2
"How can the anomaly detection model account for variations in operating conditions, such as changes in temperature or pressure, in industrial furnaces?",2
"How will the anomaly detection model be integrated into the existing maintenance workflow, and what training or support will be required for the maintenance team to use it effectively?",2
"Can you provide more details on the specific degradation mechanisms such as electrode wear, carbon buildup, thermal stress, and chemical attack, and how they can be prevented or mitigated?",2
What are the benefits of regular inspections for industrial furnaces beyond detecting and preventing failures?,2
What are the specific steps involved in the expert labeling process for generating labeled data?,1
What are the common challenges faced in maintaining temperature uniformity in industrial furnaces?,2
What are the potential consequences of not maintaining and updating predictive models for industrial furnaces over time?,2
"What are the specific methods to measure temperature uniformity within the industrial furnace, and how can data scientists analyze this data to ensure optimal performance?",2
How does regular temperature monitoring improve the overall safety and efficiency of industrial furnace operations?,2
Can you provide examples of the consequences of misfiring or incomplete combustion in industrial furnaces?,2
"What are the most common causes of vibration issues in industrial furnaces, and how can these be prevented or mitigated through design or operational changes?",2
How can the product quality be maintained while implementing the anomaly detection model in industrial furnaces?,2
Can you explain the importance of proper fuel-air mixture control in preventing burner failures in industrial furnaces?,2
Are there any specific safety risks that can arise as a result of reputational damage from compromised sensor data in an industrial furnace?,2
How can the reliability and efficiency of industrial furnace operations be improved by implementing a combined SPC and machine learning approach for anomaly detection?,2
"What resources are required to retrain the model, and how can these resources be optimized to ensure efficient and effective model updates?",2
Are there any specific types of oxidation that are more likely to affect the resistance wire in the heating element?,2
How can the data collected from the furnace be used to improve the overall efficiency and effectiveness of the production process?,2
What are the key performance indicators that can be used to measure the effectiveness of a predictive maintenance program for sensors in industrial furnaces?,2
How can maintenance strategies be adjusted based on the age and usage patterns of industrial furnaces to minimize the risk of anomalies?,2
What are the regular inspections and maintenance practices recommended to prevent failures in industrial furnaces?,2
What are the best practices for performing maintenance and inspections on industrial furnaces to prevent temperature-related failures?,2
Can you explain the process of conducting a Failure Mode and Effects Analysis (FMEA) for an industrial furnace in more detail?,2
Can you provide more information on the mechanical wear mechanism in industrial furnaces? What are the common causes and signs of mechanical wear?,2
Can you explain how machine learning algorithms are used to predict potential failures in industrial furnaces?,2
"What specific evaluation metrics do you recommend for measuring accuracy in an industrial asset anomaly detection model, and why are they suitable for this purpose?",2
"How can changes in fuel consumption be used to predict potential furnace failures, and what actions can be taken to mitigate these issues?",2
How can the risk of thermal shock be minimized to prevent refractory lining degradation in industrial furnaces?,2
What types of sensors and data analysis techniques are used in condition-based maintenance for industrial furnaces?,2
How does vibration and mechanical shock affect the various components of an industrial furnace?,2
How can an effective strategy for detecting and preventing failures be developed based on the results of a Failure Modes and Effects Analysis (FMEA)?,2
What are the key performance indicators (KPIs) that can be used to evaluate the effectiveness of the anomaly detection model in industrial settings?,2
How can data from temperature sensors be analyzed to detect potential issues in industrial equipment?,2
"What are the most common types of failures in industrial furnaces, and how can an anomaly detection model help detect them?",2
What are the common thermal management strategies used to prevent overheating in industrial furnaces?,2
Can you provide some examples of common failures in industrial furnaces and their consequences?,2
What are the most common signs of soot buildup in industrial furnaces and how can they be detected?,2
"Can you provide more details on the specific requirements of NFPA 86, NFPA 87, and API 560 that are most relevant to the development of an anomaly detection model for industrial furnaces?",2
Could you provide examples of oxidation and reduction reactions that can lead to corrosion or degradation of refractory lining or heating system components?,2
How can temperature fluctuations impact the quality of the products being manufactured in industrial settings?,2
How often should the furnace control system be inspected and tested for preventive maintenance?,2
What are the safety measures in place to prevent accidents due to high temperatures in industrial furnaces?,2
Can you provide some common failure modes in industrial furnaces and how they can be detected using sensor data?,2
"What are the potential consequences of failing to protect the confidentiality, integrity, and availability of the sensor data, as well as the privacy of individuals associated with the data?",1
"What are the potential consequences of unplanned downtime in industrial furnaces, and how can they be prevented through proactive maintenance strategies?",2
Can you explain how the model is able to differentiate between gradual and sudden changes in sensor data?,2
"How can the anomaly model be validated and refined over time, and what metrics can be used to measure its performance and effectiveness?",2
How does the root cause analysis (RCA) help in improving the maintenance strategies for the industrial furnace?,2
How can we balance the need for labeled data with the constraints of resources such as time and expertise?,1
How does the level of redundancy and safety systems in place impact the anomaly detection model and what specific redundancy and safety systems should be in place to minimize downtime and maintenance costs?,1
"How can a comprehensive and up-to-date FMEA help prevent failures, improve reliability, and increase efficiency in the industrial process?",2
How is the historical time series sensor data collected and preprocessed before training the anomaly detection models?,2
"Can predictive maintenance strategies be used to improve the overall performance of industrial furnaces, apart from preventing failures?",2
"How can the implementation of a predictive maintenance strategy be communicated to stakeholders, such as operators and maintenance personnel, to ensure buy-in and support?",2
Can you explain the role of the temperature control algorithm in maintaining the setpoint temperature?,2
How can we ensure that the predictive maintenance strategy is scalable and adaptable to changes in the furnace's operating conditions or configuration?,2
What are the specific harmful emissions that can result from failures in the air supply system?,2
What are the potential consequences of unattended anomalies in industrial furnaces on production schedules and supply chains?,2
What are the key performance indicators for measuring the effectiveness of an anomaly detection model for sensor malfunctions?,2
What are the best practices for training operating personnel to ensure safe and efficient use of the furnace?,2
Can you provide examples of model interpretability techniques that can be applied to anomaly detection in industrial furnaces?,2
Can you provide more information on the degradation mechanisms that can lead to control system failures in industrial furnaces?,2
"How can we ensure that the anomaly detection model is interpretable and explainable, so that the root cause of the anomaly can be identified and addressed?",2
How can data be collected and analyzed to predict and prevent furnace shell degradation and failures?,2
How does the FMEA assessment process help in preventing failures in industrial furnaces?,2
Can you explain the role of the data acquisition and processing system in the overall monitoring setup and what features make it robust?,2
How does prioritizing safety and compliance in industrial furnace operation contribute to improved productivity and profitability?,2
What are the common signs of wear and tear in mechanical components that we should look out for?,2
How does the data collected from sensors and monitoring equipment is validated and verified before using it for predictive maintenance models?,2
How can organizations ensure that their sensor data analysis is aligned with their specific needs and requirements for industrial furnaces?,2
How does the data collected from the industrial furnace get integrated into the analysis methods and communication channels mentioned above?,2
What maintenance activities are optimized through the use of PdM in industrial furnaces?,2
"How can the analysis of sensor data be used to improve the design and operation of the industrial furnace, and what are the specific improvements that have been made in the past based on this analysis?",2
"What are the potential challenges in implementing AI and ML-powered anomaly detection models in industrial furnaces, and how can they be addressed?",2
What are the common methods to detect and correct for drift in thermocouples and RTDs?,2
How can the use of sensors and monitoring systems contribute to the development of a robust predictive and preventive maintenance program for industrial furnaces?,2
"How can the impact of failures in industrial furnaces on efficiency, energy consumption, and safety be quantified?",2
Can you provide any examples of pressure-related problems that could lead to heating element failures?,2
"Can you provide more details on the types of preventive maintenance measures that are most effective in preventing failures in industrial furnaces, and how frequently they should be performed?",2
What sensors and data analytics tools are commonly used in condition-based maintenance programs for industrial furnaces?,2
What specific data should be collected and analyzed to detect and prevent cooling system failures in industrial furnaces?,2
What legal liabilities can be associated with ignoring safety hazards caused by anomalies in industrial furnaces?,2
"How often should FMEA be performed on an industrial furnace, and who should be responsible for conducting the analysis?",2
What are the challenges and opportunities in implementing data-driven approaches for monitoring and maintaining flow sensors in industrial furnaces?,2
"What are the recommended visualization techniques for presenting KPIs data to stakeholders, enabling them to make informed decisions about furnace operations and maintenance?",2
How can the anomaly detection model be integrated with existing maintenance and monitoring systems?,2
"What are the specific safety hazards associated with the failure of industrial furnaces, and how can the anomaly detection model help mitigate these risks?",2
What are the best practices for deploying and maintaining an anomaly detection system in industrial furnaces to ensure its long-term effectiveness?,1
What are the key considerations for ensuring cost-effectiveness when implementing a data-driven approach for industrial furnaces?,2
"Can you explain the specific threshold values that can be set for temperature sensors to detect potential failures, and how can these thresholds be determined?",2
"How frequently are sensor data measurements currently taken, and would increasing the sampling rate improve the model's accuracy?",2
What are the specific maintenance activities that can be done to prevent high temperature exposure and prolong the lifespan of the sensor filament and flow meter?,2
How is the historical data used in the dashboard visualizations to identify trends and potential issues in furnace performance?,2
What are the challenges in developing an anomaly detection model that can accurately detect various types of anomalies in industrial furnaces?,2
"How can we ensure that the anomaly detection model is sensitive enough to detect anomalies related to equipment age, usage patterns, and maintenance history?",2
"How do software bugs in the control system impact the overall operation of the industrial furnace, and what measures can be taken to prevent such failures?",1
What are the consequences of not updating the FMEA model regularly for an industrial furnace?,2
Are there any specific pressure ranges that could contribute to the failure of heating elements in industrial furnaces?,2
How can vibration affect the accuracy and reliability of pressure sensors in industrial furnaces?,2
Can you provide more details on the importance of a monitoring system in detecting and preventing control system failures in industrial furnaces?,2
What are the best practices for regular inspections and maintenance of industrial furnaces and related equipment to meet security and compliance requirements?,2
How does combustion optimization contribute to the prevention of failures in the air supply system?,2
How can data be collected and analyzed to identify trends and predict potential control system failures in industrial furnaces?,2
"What measures will be taken to ensure the security and privacy of the data used in the model, especially when it is deployed and integrated with the existing system?",2
"How can we ensure that the anomaly detection system is interpretable and explainable, allowing operators to understand and trust the predictions and decisions made by the system?",2
Can you provide examples of how FMEA has helped prevent sensor failures and improve the safety and efficiency of industrial furnaces?,2
How can regular monitoring and timely repairs help prevent unplanned downtime and expensive repairs in industrial furnaces?,2
What types of sensors and monitoring equipment are most effective in detecting failures in older equipment?,2
How are the benefits of continuous improvement initiatives measured and evaluated in industrial furnaces?,2
What are the benefits of using advanced sensors and wireless sensors with IoT capabilities in predictive maintenance and anomaly detection for industrial furnaces?,2
What are the most common causes of refractory lining failure in industrial furnaces?,2
"How do you ensure that the data preprocessing techniques, such as noise reduction and missing value imputation, are applied consistently across different industrial furnaces and sensor types?",2
"How can interpretability be incorporated in an anomaly detection model for industrial assets, and what benefits does it provide in terms of domain-specific considerations?",2
How can a reliability engineer or maintenance expert help in developing a tailored maintenance program for an industrial furnace?,2
How does the FMEA process account for the possibility of multiple failures occurring simultaneously?,2
How can encouraging feedback help improve the privacy policies and procedures for an industrial furnace?,2
What are the safety protocols in place in case of a catastrophic failure in an industrial furnace?,2
"Are there any specific safety protocols followed in the industry to prevent sensor failures in industrial furnaces, and if so, can you explain them?",2
What safety codes and regulations govern the use of sensors and their threshold limits in industrial furnaces?,2
How are access controls typically established and managed for sensor data at rest?,2
How does preventive maintenance strategies help in improving the specificity of the FMEA model?,2
What are the specific maintenance activities that can help detect and prevent failures in the air supply system?,2
"Can you discuss the process for continuous monitoring and analysis of sensor data in industrial furnaces, and how it helps predict and prevent failures?",2
Can you provide examples of mechanical failure components in industrial furnaces?,2
Can you discuss the impact of furnace size and design on the FMEA and the KPIs in industrial furnaces?,2
Can you provide examples of minor and catastrophic failures in industrial furnace systems?,2
Can you provide examples of how prioritizing compliance with regulatory and safety requirements for industrial furnaces can build trust and loyalty with customers and stakeholders?,2
How does the type of fuel used in industrial furnaces affect the frequency and pattern of sensor data collection?,2
Can you elaborate on the mechanisms used to detect and adapt to concept drift in the anomaly detection model?,2
Can you provide more information on the software updates required for the control system and the frequency at which they should be performed?,1
How can predictive maintenance strategies be integrated into the overall maintenance program for industrial furnaces?,2
"What are the benefits of taking a proactive approach to control system maintenance and failure prevention in industrial furnaces, in terms of operational efficiency, productivity, and profitability?",2
"How can data scientists use the information from the inspections and monitoring to develop predictive models for furnace failures, and what are the best practices for implementing them?",2
What are the best practices for scheduling and prioritizing maintenance activities for industrial furnaces?,2
Can you provide examples of common failure modes in pressure sensors and discuss how understanding their operating principles can help predict and prevent such failures?,2
Are there any specific data formats used in these industrial automation systems that the anomaly detection model needs to be aware of?,2
What are the potential consequences of using an inappropriate time interval for data collection in an industrial furnace?,2
"Can you describe any specific challenges you have faced in the past while monitoring sensor data from industrial furnaces, and how you have addressed them?",2
How can the implementation of a predictive maintenance strategy impact the overall maintenance budget and the lifespan of the equipment?,2
What specific types of sensors are used in industrial furnaces and how do they measure the different variables?,1
What are the potential safety risks associated with prolonged deviations from the setpoint temperature in industrial furnaces?,2
"What are the common causes of gas leaks in industrial furnaces, and how can anomaly detection models help detect them early?",2
"What are the challenges in monitoring sensor data for drift or failure, and how can they be addressed?",2
Can you provide some insights on how to prioritize the collection of labeled data for the most critical degradation mechanisms and failure modes in industrial furnaces?,2
"How will the anomaly detection model be updated or retrained over time, and what data will be used for this purpose?",1
Can you explain how the use of advanced process control can help in preventing and mitigating control system failures in industrial furnaces?,2
What are the best practices for reducing downtime and lowering maintenance costs in industrial furnaces?,2
"How can the reliability of industrial furnaces be improved through the implementation of an effective FMEA, and what metrics can be used to measure this improvement?",2
"Can you provide any specific examples of how data analysis has been used to predict and prevent failures in industrial furnaces, leading to improved performance and reduced downtime?",2
Are there any specific encryption methods or protocols that are recommended for protecting data in this context?,2
How can the overall reliability and availability of an industrial furnace be increased through preventative measures?,2
"How can we ensure that the predictive maintenance strategy aligns with the furnace's operational requirements and constraints, such as production schedules and resource availability?",2
How can the degradation mechanism of oxygen sensors be monitored and analyzed to predict and prevent failures?,2
Can you provide an example of a specific failure mode and its effect on the overall system in an industrial furnace?,2
How does corrosion occur in industrial furnaces and what preventive measures can be taken to mitigate it?,2
What are the safety protocols that should be in place when dealing with industrial furnace failures?,2
Can you provide examples of specific thermal cycling and thermal aging conditions that can cause degradation in industrial furnaces?,2
"What are the common sources of high-velocity and high-variety data in an industrial furnace, and how are they integrated into the centralized data storage system?",2
Can you describe the buildup of slag in industrial furnaces and its impact on the overall system?,2
"Can the KS test be used to rank anomaly detection models in order of performance for industrial furnaces, and if so, what would be the recommended approach?",2
"Can you provide any insights into the complexity of industrial furnaces, and how this can impact the development and implementation of anomaly detection models?",2
What are the best practices for conducting security audits on sensor data from industrial furnaces?,2
"Can you explain the impact of different operating conditions, such as temperature and pressure, on the failure modes of industrial furnaces?",2
"Have there been any past incidents of anomalies or failures in the furnace, and if so, what was the root cause and how was it addressed?",1
What are the specific consequences of incomplete combustion of fuel in industrial furnaces?,2
Can you provide any case studies or examples of industrial furnace failures and the lessons learned from these incidents?,2
How can the FMEA help in reducing maintenance costs and increasing productivity in industrial furnace operations?,2
"What are the differences in failure modes, reasons, codes, degradation mechanisms, severity, and detectability between different types of industrial furnaces and their applications?",2
"How can the anomaly detection model be optimized to detect potential failures in the critical components of the industrial furnace, and what are the recommended performance metrics to monitor for this purpose?",2
Can you provide examples of how the anomaly detection model has improved the reliability and efficiency of industrial furnaces in real-world applications?,2
"How are the sensors tested for accuracy and precision, and what are the industry standards or regulations that need to be followed for their maintenance and replacement?",2
What are the potential cost savings and other benefits of using predictive maintenance strategies in industrial furnaces?,2
How can industrial furnace operators ensure that they are not overwhelming the system with too much data?,2
What are the specific safety concerns that anomaly detection models address in industrial furnaces?,2
"Are there any other KPIs that should be considered in addition to temperature, pressure, and flow rate for monitoring the industrial furnace?",2
"In the context of industrial furnaces, how do level sensors, such as ultrasonic level sensors, radar level sensors, and capacitance level sensors, differ in their measurement capabilities and potential failure modes?",2
Can you explain how fuel pressure and air-fuel ratio are measured and analyzed in predictive maintenance?,2
"How often should the anomaly detection model be validated, and what methods should be used for validation?",2
How can a robust monitoring and maintenance program help in detecting and addressing failures in industrial furnaces?,1
How can domain expertise be effectively leveraged in developing an anomaly detection model for industrial furnaces?,2
How can machine learning algorithms be used to predict and prevent catastrophic failures in industrial furnaces?,2
How often are the sensor data logs created and what is the retention period for these logs?,2
Can you explain the challenges in integrating an anomaly detection model with existing industrial automation systems?,2
"Can you provide more details on the catastrophic failure of the furnace, including the potential causes, consequences, and preventive measures?",2
Can you provide examples of advanced monitoring techniques that have been effective in predicting and preventing failures in industrial furnaces?,2
How can cross-validation be implemented effectively for this anomaly detection model?,2
Can you provide more details about the specific types of sensors used in industrial furnaces and their respective benefits?,2
What are the legal and ethical risks associated with non-compliance in this context?,2
What specific training programs are recommended for operators and maintenance personnel to reduce the risk of failures in industrial furnaces?,2
How can synthetic anomalies be effectively generated to resemble real-world anomalies in the industrial furnace setting?,2
you explain how to interpret the results provided by the chosen SPC methods and machine learning algorithms? How can we ensure that the models' decision-making process is understandable for industrial furnace operators and stakeholders?,2
"How can predictive maintenance and anomaly detection models be designed and implemented to promote fairness and justice, and avoid exacerbating existing inequalities?",2
Are there any specific wear and tear patterns that are common in heating element failures?,2
What visualization tools are planned to be used for communicating the model's results to stakeholders?,2
How are safety protocols enforced and monitored in real-time using sensor data?,2
"Can you provide more details about the specific historical failures or anomalies in the industrial furnace, such as the type of failure, the duration, and the impact on operations?",1
Can temperature sensor data be used to detect insulation degradation in industrial furnaces?,2
How can predictive maintenance help to reduce downtime for industrial furnaces?,2
"How can we ensure that the anomaly detection models are effectively communicating the identified issues to the relevant stakeholders, and what are the best practices for presenting this information in a clear and actionable manner?",2
Can you provide more details on how the anomaly detection model helps reduce maintenance costs and improve the industrial furnace's overall reliability?,2
"How will the real-time detection and alerting system be implemented, and what factors will determine the urgency of alerts?",2
Can you explain the specific methods used to measure temperature uniformity within the industrial furnace?,2
How can the team ensure that the anomaly detection model is aligned with the organization's maintenance strategies and overall operational goals?,2
Are there any regulatory or safety standards that require the monitoring and maintenance of industrial furnaces based on age and usage patterns?,2
"How does the anomaly detection model optimize furnace performance, and what are the key performance indicators that reflect this optimization?",2
How do mechanical stress and thermal cycling cause damage to the components of an industrial furnace?,2
Can you provide any examples of specific maintenance tasks that should be performed regularly to prevent failures in industrial furnaces?,2
How do regular inspections and calibrations of temperature sensors and control systems contribute to the overall maintenance of industrial furnaces?,1
How do high-dimensional datasets affect the choice of anomaly detection technique in industrial furnaces?,2
How can the use of sensor data analysis in industrial furnaces contribute to energy efficiency and cost reduction?,2
Are there any potential downsides to having a high level of redundancy in terms of the complexity of the sensor data and the potential for false alarms?,2
What specific operating conditions of industrial furnaces should be monitored to detect anomalies?,2
"How do you determine the rating for severity, occurrence, and detectability in the FMEA process?",2
Can you provide more details on the specific electrical issues that can cause failure in the furnace control system?,2
How can the KS test be adapted to accommodate multi-class or multi-dimensional anomaly detection models in industrial furnaces?,2
"Are there any limitations to the FMEA method, and if so, what are they?",2
"How frequently are the sensor data points collected in the industrial furnace? Is there any specific pattern in data collection, such as hourly, daily, or weekly?",0
In what ways can operator knowledge help in enhancing operational procedures for the industrial furnace?,2
How does monitoring sensor health help in detecting and preventing failures in industrial furnaces?,2
What are the risks associated with non-compliant and unsafe operation of an industrial furnace?,2
What are the safety hazards associated with burner failure and refractory degradation in industrial furnaces?,2
How can regular inspections and monitoring help in ensuring the safe and efficient operation of industrial furnaces?,2
"How can thermal stress, corrosion, and erosion lead to the degradation mechanism of the burner in industrial furnaces?",2
Can you provide more details on how a failure modes and effects analysis (FMEA) is conducted for industrial furnaces?,2
"What are the potential consequences of not addressing oxygen sensor failure in industrial furnaces, and how can these consequences be mitigated?",2
Are there any industry standards or regulations regarding the frequency and scope of inspections and maintenance for industrial furnaces?,2
Are there any specific materials or coatings used in the refractory lining of industrial furnaces to prevent cracking or spalling?,2
Can you provide examples of past data breaches in the industry and the impact they had on the organization's reputation?,2
How do you handle missing or erroneous data in the historical records?,2
Are there any specific data visualization tools or techniques that are preferred for analyzing the performance of the anomaly detection model?,1
Can you explain the role of refractory lining in industrial furnaces and how its degradation can lead to failures?,2
"What are the regulatory requirements and industry standards for furnace maintenance and safety, and how can data scientists ensure compliance?",2
How can the anomaly detection model be scaled up to monitor multiple industrial furnaces and handle large volumes of sensor data in real-time?,2
Are there any new technologies or methods that can be used to improve the monitoring and control of environmental factors in industrial furnaces?,2
Can you provide more information on the manufacturer's recommendations for preventive maintenance and how to access it?,2
Can you provide any case studies or examples of industrial furnaces that have been able to improve their performance and reliability by effectively managing environmental factors?,2
How do industrial furnace regulations and safety requirements impact public safety and environmental protection?,2
How can multi-variate charts and rolling statistics plots help in understanding the relationships between multiple variables and moving averages?,2
How can maintenance and reliability professionals ensure that the selected anomaly detection model is appropriate for the specific industrial furnace and its operating conditions?,2
What are the specific temperature and humidity levels that can cause damage to the industrial furnace?,2
Can you suggest any best practices or guidelines for implementing security measures in industrial IoT systems?,1
How can preventive maintenance be planned and implemented effectively to address potential issues identified by the anomaly detection model?,2
Are there any specific data quality requirements for the labeled data used to train the anomaly detection model?,1
How can data scientists ensure that the predictive maintenance models for industrial furnaces are interpretable and actionable for maintenance teams?,2
How do high temperatures cause overheating and damage to the refractory lining and other components in industrial furnaces?,2
How can data scientists avoid bias and discrimination when collecting and processing data for the anomaly detection model?,2
How often are these variables typically monitored and what is the process for monitoring them?,2
How does the choice of communication protocol affect the performance of the anomaly detection model?,2
What specific temperature ranges are considered abnormal in the sensor data for an industrial furnace?,2
How can power surges be prevented or mitigated to reduce the risk of industrial furnace failures?,2
Are there any specific data validation or verification techniques that need to be applied to the anomaly detection model after deployment?,1
What are the specific data quality issues that can affect the anomaly detection system's performance in industrial furnaces?,2
How is condition monitoring performed on the components and subsystems of industrial furnaces?,1
Can you explain how the failure codes and degradation mechanisms are evaluated in the FMEA analysis?,2
"Is there any labeled data available for the industrial furnace that can be used to train the anomaly detection model? If not, what is the proposed approach for generating labeled data?",0
How can the predictive and preventive maintenance strategy be implemented based on the FMEA analysis for the industrial furnace?,1
Can you provide an example of how predictive maintenance has prevented unplanned downtime in an industrial furnace?,2
"Are there any specific testing methods that can be used to detect heating element degradation or damage, and how often should they be performed?",2
"What are the consequences of not addressing the failure modes in industrial furnaces, and how can they impact the overall operation and safety of the equipment?",2
Can you discuss any regulatory or safety requirements related to industrial furnaces and how they impact data collection and analysis?,2
How do false positives and false negatives impact the overall performance and effectiveness of anomaly detection models in industrial furnaces?,2
"How can the real-time failure detection system be integrated with the existing maintenance and operation processes, and what training or support would be needed for the personnel involved?",2
How do redundant heating elements or burners contribute to the effectiveness of the anomaly detection model in an industrial furnace?,2
Can you discuss any industry standards or regulations that apply to the maintenance and safety of industrial furnaces?,2
How can the compatibility of the chosen protocol and data format be tested with existing monitoring and control systems?,2
"How do location-specific regulations, such as those related to emissions, affect the maintenance and inspection schedule of industrial furnaces?",2
What are the best practices for building a comprehensive and well-designed anomaly detection system for industrial furnaces?,2
How can operational errors be minimized to prevent failures in the ignition system and fuel delivery system?,2
Are there any industry standards or regulations related to the maintenance and monitoring of industrial furnaces that should be taken into account when developing an anomaly detection model?,1
Can you provide any specific case studies or examples where a proactive and continuous approach to updating and adjusting the anomaly detection model has resulted in improved performance and reduced failures?,2
"How can industrial furnace operators train their staff to identify and report potential insulation issues, and what role does staff training play in preventing insulation failures?",2
Can you explain in detail the process of assigning failure codes to specific components in the industrial furnace and how it helps in tracking and analyzing the frequency and causes of failures?,2
Can you provide more details on the scale used to evaluate the severity and detectability of each failure mode?,2
What are the best practices for preventive maintenance in industrial furnaces?,1
"Are there any specific factors, such as equipment age or usage patterns, that could affect the accuracy or reliability of the anomaly detection model?",1
What are the best practices for identifying potential failures early in industrial furnaces and implementing preventive measures?,2
Can you explain the role of humidity sensors in industrial furnaces and in what type of furnaces are they most commonly used?,2
How can the severity of failure modes be compared and prioritized across different industries and applications?,2
How can organizations determine the design limits of a furnace to prevent overloading and associated degradation?,2
How can we ensure that the anomaly detection model can effectively handle the high-velocity and high-volume nature of real-time sensor data?,2
Can you provide more information on the data sources and features used to train the anomaly detection model?,2
How do temperature and gas concentration measurement ranges and accuracies vary between different types of industrial furnaces?,2
How can data augmentation techniques be used to improve the model's robustness and generalizability further?,2
Are there any specific company policies that need to be considered in the model development process?,2
What are the potential consequences of not addressing these challenges and limitations in the predictive maintenance of industrial furnaces?,2
How can the evaluation metrics and approaches be adjusted to account for the specific requirements and constraints of industrial furnace applications?,1
What are the regulatory requirements and standards for gas sensors used in industrial furnaces and how do they impact the choice of sensors and measurement methods?,2
Can you provide any case studies or examples of successful implementation of predictive maintenance and monitoring using sensor data and anomaly detection models in industrial furnaces?,2
What are the most common types of sensors used for monitoring industrial furnaces and what parameters do they typically measure?,2
Can you explain the common failure modes and causes of industrial furnaces that should be considered when developing an anomaly detection model?,2
What factors should be considered when evaluating the cost and quality of outsourced maintenance services for industrial furnaces?,2
Can you provide an example of how real-time sensor data has been used to prevent a failure in an industrial furnace?,2
"Can you explain the specific regulations and standards, such as OSHA and EPA, that need to be followed while building and deploying the anomaly detection model for an industrial furnace?",2
Can you explain the process of scheduling maintenance activities based on the insights provided by the anomaly detection model?,2
"What are the recommended temperature, pressure, gas, level, and proximity sensors for our specific industrial furnace model and application?",2
How can a proactive and data-driven approach improve the reliability and safety of industrial furnaces while reducing downtime and maintenance costs?,2
"What are the specific temperature ranges at which industrial furnaces typically operate, and how do these ranges impact sensor placement and data collection?",2
How can predictive maintenance help to improve the maintainability of industrial furnaces?,2
Can you provide insights on how to determine the right balance between precision and recall for a specific industrial furnace application?,2
What are the key elements of a robust maintenance program for the industrial furnace?,1
How do corrosive gases in the flue gas affect the lifespan and performance of emission sensors in industrial furnaces?,2
Can real-time sensor data monitoring and analysis help in reducing downtime and improving operational efficiency in industrial furnaces?,2
How can manufacturers ensure that the replacement sensors used in industrial furnace control systems are accurate and reliable?,2
Can you provide more details on the combustion efficiency analysis and its role in predicting potential failures?,2
How can expert knowledge or industry benchmarks be incorporated into an anomaly detection model for older equipment?,2
How can data scientists and subject matter experts collaborate to develop a robust predictive and preventive maintenance program for flow sensors in industrial furnaces?,2
"How is data collected from these sensors, and what technologies are commonly used for data acquisition?",2
"Can real-time anomaly detection enhance the overall performance of industrial equipment, and how?",2
Can you explain the process of assigning failure codes in the FMEA analysis?,2
Can you suggest any specific sensors or monitoring systems to detect degradation mechanisms in the early stages and prevent failure modes?,2
How can organizations ensure the accuracy and reliability of the data used in predictive and condition-based maintenance?,2
How will the model be maintained and updated over time?,2
How important is the quality and quantity of historical sensor data in training the anomaly detection model?,2
What are the safety and regulatory considerations when implementing predictive maintenance strategies for industrial furnaces?,2
"How do you define ""normal"" and ""anomalous"" operation in the context of the industrial furnace?",2
How can data scientists and subject matter experts collaborate to ensure the accuracy and reliability of sensors in industrial furnaces?,2
What are the specific consequences of a failure in an industrial furnace for different industries?,2
How can we measure the detectability of a failure in an industrial furnace? Are there any specific techniques or tools that can be used to assess the detectability of a failure?,2
What are the best practices for incorporating expert judgment in the labeling process and synthetic anomaly creation?,2
"What are the best non-destructive testing methods for detecting failures during steady-state operation and shutdown, and how can data scientist ensure that these methods are used effectively?",2
What types of data should be collected and analyzed for predictive maintenance in industrial furnaces?,2
Can data analysis help in reducing downtime and increasing the lifespan of industrial furnaces?,2
What are the key elements of an effective spare parts management program for industrial furnaces?,2
Can you explain the specific impact of poor airflow on temperature uniformity in industrial furnaces?,2
How can the severity and detectability of potential issues in an industrial furnace's control system be assessed?,2
How does the predictive maintenance program impact maintenance costs and downtime for the furnace?,2
Can you provide an example of a specific gas sensor used in industrial furnaces and its significance in monitoring furnace operation?,2
How does the design of industrial furnaces impact the choice and placement of various sensors used?,2
How can the effectiveness of the privacy policy and procedures be measured within the organization?,2
How does proactive maintenance compare to reactive maintenance in terms of cost and efficiency?,2
How can organizations balance the costs of implementing proactive maintenance programs against the potential benefits of reduced downtime and increased operational efficiency?,2
Can you provide more information on the impact of vibration and mechanical shock on the failure of pressure sensors in industrial furnaces?,2
What are the most common failure modes in industrial furnaces that the anomaly detection model should be able to predict?,2
How does this proactive approach contribute to enhancing safety and efficiency in the industrial furnace environment specifically?,2
How can we effectively determine the severity of each failure mode and its impact on the overall operation of the industrial furnace?,2
"Can a faulty temperature controller cause a fire, and if so, what are the specific scenarios that can lead to a fire?",2
What are the most common components or subcomponents of industrial furnaces that are prone to failure and degradation?,2
Can you provide more details on the specific methods used to detect anomalies in the industrial furnace?,2
Are there any challenges or limitations in implementing this anomaly detection model in the industrial furnace context?,2
Can you provide examples of how predictive models have been developed using sensor data in the context of industrial furnaces?,2
can we identify and select the most relevant input features for anomaly detection in industrial furnaces? Can domain knowledge help in selecting meaningful features and reducing the complexity of the models?,2
What are the most common data preprocessing techniques used to remove irrelevant information and transform data for anomaly detection in industrial furnaces?,2
"What specific regulatory and safety requirements must industrial furnaces comply with, and how does the anomaly detection model help ensure this compliance?",2
"Are there any specific techniques or methods to determine the optimal thresholds for each sensor, indicating an anomaly in furnace operations?",2
How can data scientists use temperature data from industrial furnaces to detect and prevent temperature-related failures?,2
"Can you elaborate on the methods used to identify and remove noise, outliers, and missing values from the collected data?",2
How is the performance of the model evaluated and what metrics are used to measure its effectiveness?,2
How can the anomaly detection model assist in preventing environmental damage from industrial furnace operations?,2
"What are the potential risks and challenges associated with implementing predictive maintenance in industrial furnaces, and how can they be mitigated?",2
How can the effectiveness of the implemented FMEA and preventive maintenance measures be evaluated and measured over time?,2
How can operators and maintenance personnel be trained on the safe operation and maintenance of industrial furnaces?,2
How can the model's predictions and alerts be visualized for ease of understanding and decision-making?,2
Are there any specific performance metrics or thresholds that are used to determine the effectiveness of the anomaly detection model?,2
What specific sensors and control systems are commonly used in industrial furnaces for automation and digitalization?,2
What are the specific inspection intervals recommended for detecting ignition system issues in industrial furnaces?,2
"Are there any specific sensors installed in the industrial furnace to monitor these operating conditions? If so, what are their measurement ranges, accuracies, and precision levels?",0
"How can data scientist use temperature monitoring data to predict and prevent failures during steady-state operation and shutdown, and what are the limitations of this approach?",2
Can you provide more information about the potential impact of missing values on the model's performance?,2
What are the most common causes of corrosion in heating elements of industrial furnaces?,2
How does the model handle missing or corrupted sensor data in its analysis?,2
"What are the potential consequences of not addressing identified anomalies in a timely manner, and how can the anomaly detection model help prevent these consequences?",2
How can we ensure that the anomaly detection model is able to adapt and evolve with changes in regulatory and industry standards over time?,2
Can you explain the criteria used for splitting the historical data into training and testing sets?,2
"What are the potential limitations and assumptions of the anomaly detection model, and how can they be addressed to ensure its accuracy and effectiveness?",2
"Can you provide more details on the types of sensors used to collect data on industrial furnaces, such as temperature, pressure, and vibration sensors?",2
How can histograms and trending analysis be used to identify potential failures?,2
Can you provide examples of false positives and false negatives in the context of anomaly detection in industrial furnaces?,2
Can sensors used in industrial furnaces be repaired or do they need to be replaced in case of failure?,2
Can the anomaly detection model predict the specific type of failure in an industrial furnace?,2
How can organizations balance the costs and benefits of implementing condition-based monitoring and proactive maintenance strategies for industrial furnaces?,2
Can the temperature range of a vacuum furnace go beyond 2500°C based on specific material processing requirements?,2
How can the model's performance be evaluated and measured over time?,1
"What specific factors contribute to the variability and dynamics of an industrial process, making anomaly detection challenging?",2
How does the FMEA consider the relationship between failure modes and their effects on the system?,1
"Can data scientist obtain any historical data on temperature control and heating uniformity issues in the industrial furnace, and if so, how can this data be used to predict and prevent failures?",2
Are there any specific component-level maintenance activities that have proven to be particularly useful in improving the accuracy of the anomaly detection model?,2
What are the consequences of not following safety precautions when performing inspections and maintenance on industrial furnaces?,2
Can you suggest any specific technologies or tools that can be used for monitoring and detecting anomalies in industrial furnaces?,2
Can you provide examples of how non-compliance with regulatory and safety requirements for industrial furnaces can lead to increased energy costs?,2
"How do different types of industrial furnaces (e.g. thermal, vacuum, etc.) impact the ignition system's design and maintenance requirements?",2
Are there any industry best practices or standards related to data privacy and security that should be followed when implementing an anomaly detection model for industrial furnaces?,2
What are the best practices to handle and store fuel to prevent contamination?,2
What are the typical causes of malfunctioning temperature control systems and how do they contribute to unsafe and inefficient operation of industrial furnaces?,2
How do false positives and false negatives impact the effectiveness of anomaly detection models in industrial settings?,1
"Are there any specific patterns or trends in the sensor data that have been identified as indicators of potential failure in the heating element, ignition system, or refractory lining?",0
What strategies can be used to ensure continuous monitoring and improvement of the sensor data analytics system in industrial furnaces?,2
"How do the gas sensors detect harmful gases in the furnace, and what are the common harmful gases that need to be monitored?",2
"What are the potential challenges in effectively communicating the model's outcomes, and how can they be addressed?",2
What are the specific design flaws that can lead to failures in the combustion control system of industrial furnaces?,2
How does wear and tear contribute to the failure of the temperature control system?,2
What are the recommended calibration intervals for gas sensors in industrial furnaces and what factors can affect these intervals?,2
"How do safety systems such as flame detection, emergency shutoff, and fire suppression impact the maintenance and inspection schedule of industrial furnaces?",2
What are the potential legal or financial penalties for non-compliance with security and compliance requirements in the specific industry?,2
"What are the primary challenges in implementing a proactive and comprehensive approach to furnace reliability, and how can they be overcome?",2
What are the potential consequences of not implementing an anomaly detection model in industrial furnaces?,2
What types of sensors are typically used in industrial furnaces to collect data for analysis?,2
"Can you discuss some best practices for maintaining and updating predictive models for industrial furnaces, and how this can improve operational efficiency and safety?",2
Can you provide examples of condition monitoring and predictive maintenance strategies that can help detect and address failure modes before they lead to more serious issues?,2
"Can you provide more details on the calibration and maintenance of temperature sensors, such as the recommended frequency and techniques used?",2
How can the combined approach of SPC and machine learning enhance sensitivity to emerging failures in industrial furnaces?,2
How frequently should data be transmitted for effective anomaly detection in this system?,2
What are the specific methods used for visual inspection to detect burner failure and refractory degradation?,2
How can machine learning and AI algorithms be used to optimize sensor data collection frequency and pattern in industrial furnaces?,2
Are there any specific safety protocols that should be followed when installing or maintaining sensors in industrial furnaces?,2
How do the warning limits for gas sensors differ based on the specific gases being detected?,2
Can you explain the calibration process for the sensors and how frequently it should be done?,2
can the chosen SPC methods and machine learning algorithms be updated or adapted over time as new data becomes available? Is it possible to implement online learning techniques for continuous model improvement?,2
"Are there any specific real-time requirements or constraints for anomaly detection models in industrial furnaces, and how can we ensure that our models meet these requirements?",2
Can you explain more about the clustering techniques used for anomaly detection in this context?,2
How can the anomaly detection model be used to support regulatory compliance and risk management in industrial furnaces?,2
How can the severity and detectability of failures in industrial furnaces be determined and assessed?,2
Are there any specific industry standards or regulations related to temperature control and monitoring in industrial furnaces?,2
"What are the common temperature control mechanisms used in industrial furnaces and how do they differ between batch, continuous, and vacuum furnaces?",1
Can you provide examples of specific failure modes in industrial furnaces and how they can be detected and prevented?,2
"What are the most common parameters monitored in industrial furnaces, and how critical are they to the safe and efficient operation of the furnace?",2
"How can predictive maintenance help in reducing the environmental impact of industrial furnaces, in addition to cost savings and safety benefits?",2
How can training for maintenance personnel and documentation of maintenance activities contribute to a well-structured maintenance program?,2
How can operator-driven insights be used to create targeted preventive maintenance programs for the industrial furnace?,2
Can you provide more details on the types of features and models that are most appropriate for anomaly detection in industrial furnaces?,2
Can you provide any case studies or examples of temperature sensor failures in industrial furnaces and how they were addressed?,2
How can we optimize machine learning algorithms for the computational resources available on edge computing devices or gateways when deploying an anomaly detection model for industrial furnaces?,2
Can you provide more information on the operational disruptions caused by control system failures and how to minimize their impact?,1
"How do mass flow controllers ensure high accuracy and excellent repeatability in gas and liquid flow measurement and control, and what are the factors that may affect their performance?",2
Can you discuss the role of failure codes in improving the overall efficiency and productivity of an industrial furnace?,2
"How often should the anomaly detection model be updated, and what triggers the need for an update?",2
How can regular testing of sensors and equipment help in reducing downtime and ensuring reliable operation?,2
Can you provide some examples of safety hazards that could result from a poorly performing anomaly detection model due to the absence of labeled data?,2
How do the aggressive chemicals in the feedstock contribute to the degradation of refractory materials?,2
Can you explain the specific environmental factors that can contribute to heating element failure in industrial furnaces?,2
"How often should regular inspections, calibrations, and preventive maintenance tasks be performed to minimize the risk of failure?",1
How can we implement access controls effectively to ensure only authorized personnel can access sensor data from industrial furnaces?,2
What are the potential risks and ethical considerations in implementing a combined approach of SPC methods and machine learning algorithms in industrial furnaces?,2
"What are the potential risks or limitations of using an anomaly detection model in industrial furnace maintenance and operation, and how can they be mitigated?",2
How can accurate anomaly detection help maintain a secure and productive environment in industries?,2
What are the specific regulatory requirements that should be considered when conducting FMEA for industrial furnaces?,2
How can we ensure that the control system is designed to be fault-tolerant and redundant?,2
Can you provide any examples of how anomaly detection models have helped prevent catastrophic failures in industrial furnaces?,2
"How can we ensure that the anomaly detection model performs significantly better than chance, and what are the implications of this for industrial furnace applications?",1
How can data scientist and subject matter expert work together to monitor and control the environmental factors in industrial furnaces?,2
What are the potential consequences of having an ineffective anomaly detection model in the industrial furnace's operation?,2
"Can you explain the difference between thermocouples and RTDs in measuring temperature, and in what scenarios should each be used?",2
Can you provide more information on the temperature monitoring system that can be implemented to prevent overheating in industrial furnaces?,2
How can the effectiveness of the anomaly detection model be evaluated and validated in real-world scenarios?,2
How can data be collected and analyzed to monitor the performance and efficiency of industrial furnaces over time?,2
Can you provide any insights on the regulatory or industry standards related to anomaly detection and human error prevention in industrial furnaces?,2
What measures can be taken to mitigate the identified failure modes and prevent their effects on the industrial furnace's performance and reliability?,1
How can the operating environment be monitored effectively to ensure the accurate prediction and prevention of equipment failures in industrial furnaces?,2
"What are the consequences of control system failures on the safety of the industrial furnace operation, and how can we mitigate these risks?",1
What are the benefits of implementing predictive and preventive maintenance strategies for industrial furnaces?,2
How can regular monitoring and identifying patterns and anomalies help in preventing failures?,1
Can you explain the criteria used for selecting an appropriate anomaly detection algorithm for the furnace?,2
"How can the model be updated dynamically to adapt to new data or changing operational conditions in industrial furnaces, and what are the potential challenges associated with this process?",2
How is the effectiveness of a predictive maintenance program measured and evaluated?,2
Can you explain the role of refractory materials in industrial furnaces and the impact of their mechanical failure on the overall system?,2
"How does digitalization enable the integration of industrial furnaces with other systems in the production process, and what benefits does this provide?",2
"What are the challenges in detecting and addressing sensor and valve failure in industrial furnace control systems, and how can they be overcome?",2
"What are the most relevant features selected for the anomaly detection model, and how are they chosen?",2
What specific design elements can be optimized to improve temperature uniformity in industrial furnaces?,2
"How does the severity, likelihood, and detectability of failure modes get evaluated in the FMEA process?",2
How can regular updates on the control system and industrial furnace operations help in preventing failures?,2
"Are there any specific sensors that are more prone to false positives or false negatives in industrial furnaces, and how can we mitigate these issues?",2
"What are the potential challenges in deploying an anomaly detection model in an industrial furnace, and how can they be addressed?",2
Can you provide examples of how ML and AI have improved overall asset performance in industrial furnaces?,2
What are the specific steps for incorporating operator knowledge into the Failure Mode and Effects Analysis (FMEA) process?,2
"Are there any specific sensors that are used to monitor the operating conditions of the industrial furnace, and what are their measurement ranges, accuracies, and precision levels?",1
How frequently should the model be updated to ensure its accuracy and effectiveness?,1
What are the potential impacts on energy consumption and emissions when the air/fuel ratio is not optimized in industrial furnaces?,2
Are there any new technologies or innovations in the field of insulation materials and maintenance that can help prevent insulation failures and improve the efficiency of industrial furnaces?,2
Can you provide examples of how data-driven insights can be used to optimize the performance and reliability of industrial furnaces?,2
How can domain knowledge and expertise in industrial furnaces and data science be integrated effectively to develop a robust monitoring and maintenance program?,2
What are the key performance indicators that can be used to measure the effectiveness of the software testing and monitoring processes in preventing software bugs?,2
"How do the flow sensors impact the energy efficiency and emissions reduction in industrial furnace operations, and what are the potential benefits and trade-offs?",2
Can you provide examples of specific failure modes that the anomaly detection model should be able to predict and prevent?,2
How can the model's temperature fluctuation alerts be integrated with existing maintenance and repair procedures?,2
How can the false positive rate be minimized to avoid unnecessary maintenance shutdowns?,2
What are the best practices for conducting regular audits of data protection measures in the context of anomaly detection model development?,2
"How can wear, fatigue, and corrosion in mechanical components be detected and monitored to prevent mechanical failure?",2
Can pressure sensor data be used to detect potential ignition system failures before they cause significant damage to the industrial furnace?,2
"How can the quality and maintenance of components such as heating elements/burners, refractory lining, furnace walls/doors, and insulation be assessed and improved to extend the lifespan of the furnace and reduce the risk of unscheduled downtime?",2
How can the subject matter expert assist in ensuring the quality and availability of data for the anomaly detection model?,2
What are the safe exposure limits for common gases monitored by atmosphere sensors in industrial furnaces?,2
Can you explain the process of vibration analysis and its importance in predicting failures of industrial furnaces?,2
Can you explain how time series plots can help identify trends and patterns in sensor data over time?,2
"Can other statistical tests, such as the Anderson-Darling test or the Cramér-von Mises test, also be used to compare the performance of anomaly detection models in industrial furnaces?",2
Can you provide any case studies or examples of industrial furnace failures and how they were addressed?,2
How do degradation mechanisms in temperature sensors and control systems impact the overall efficiency and productivity of industrial furnaces?,2
What are the safety benefits of using predictive and condition-based maintenance strategies in industrial furnaces?,2
"How do industrial sectors like steel, glass, chemical, and metal processing use data analysis to ensure the reliable and efficient operation of their furnaces, and what specific challenges do they face in implementing SPC methods and machine learning algorithms?",2
"How does the refractory lining of the industrial furnace contribute to its overall performance, and what are the common failure modes to look out for?",2
Can you explain how the Long Short-Term Memory (LSTM) and the Convolutional Neural Network (CNN) were used to predict the temperature and pressure of an industrial furnace in the petrochemicals industry?,2
"Can you provide examples of specific degradation mechanisms that can affect an industrial furnace, and what steps can be taken to prevent or mitigate these issues?",2
"Can you provide any examples of past failure modes and effects in similar industrial furnaces, and how they were addressed through regulatory and industry standards?",2
"Are there any specific components of the industrial furnace that have a higher likelihood of failure, and what are the consequences of such failures?",1
How can data scientists and subject matter experts work together to develop a predictive maintenance strategy for industrial furnace control systems?,2
"What are the environmental impacts of a small leak in an industrial furnace, and how can they be mitigated?",2
Are there any specific data visualization tools or techniques used to help interpret the data collected from industrial furnaces?,2
What methods can be used to evaluate and validate the performance of the anomaly detection model?,2
What are the specific maintenance practices that should be performed regularly to ensure the optimal production rate of industrial furnaces?,2
"What are the potential consequences of undetected or untimely detected failures in industrial furnaces, and how can they impact the overall operation and safety of the facility?",2
"In your experience, what are the most common challenges faced while implementing FMEA outputs in an anomaly detection model for industrial furnace maintenance?",2
"What role does data visualization play in the analysis and optimization of industrial furnaces, and what tools are commonly used for this purpose?",2
"How are the anomaly detection models updated with new data, and how often is this done to ensure their accuracy and relevance?",2
What specific environmental factors have the most significant impact on the performance and risk of anomalies in industrial furnaces?,2
How can data scientists and subject matter experts collaborate to develop more accurate models for predicting sensor and valve failure in industrial furnace control systems?,2
How can we evaluate the robustness of the anomaly detection model for the industrial furnace?,2
How can organizations balance the need for effective anomaly detection with the need for responsible and trustworthy data protection measures?,2
Can you provide more details about the specific operational and environmental conditions that can affect sensor data monitoring in industrial furnaces?,2
How can we ensure that the anomaly detection models developed are accurately capturing the normal variability of the industrial furnace's operation?,2
What are the best practices for maintaining the ignition system in industrial furnaces to prevent failure modes?,2
Can you provide examples of how the FMEA has been successfully implemented in industrial furnace applications to improve performance and reliability?,1
"What are the challenges in detecting certain types of cooling system failures, such as sensor failure, and how can they be addressed?",2
"How can ""Fuel Contamination"" be detected and prevented to minimize the risk of ""Incomplete Combustion"" failure mode?",2
How can maintenance and repair activities be prioritized based on the severity of failure modes in industrial furnaces?,2
What are the potential consequences of failing to follow industry guidelines and best practices for sensor data collection in industrial furnaces?,2
Can you provide more details on the type of environmental fines that can be avoided through regular monitoring of emissions?,2
How is the model tested and validated in real-world scenarios?,2
What types of data are essential to collect from the industrial furnace for effective anomaly detection?,2
How do the consequences of burner failure and refractory degradation affect the overall process efficiency and emissions?,2
"How can the model be validated and tested to ensure that it remains accurate and relevant over time, and that it is able to detect anomalies in a variety of different conditions and scenarios?",2
How can the use of synthetic anomalies in labeled data improve the performance of the anomaly detection model?,2
What are the best practices for inspecting and maintaining heating elements in industrial furnaces to prevent failures?,2
"What are the best practices for ongoing monitoring and maintenance of industrial furnaces, and how can they help in identifying potential issues before they escalate into failures?",2
"How can log loss be used to monitor and evaluate the performance of anomaly detection models over time, and how can this information be used to improve the models and prevent future failures?",2
"Can the anomaly detection model predict potential failures before they occur, and if so, how far in advance can it provide a warning?",2
How can the data from monitoring the KPIs of the industrial furnace be used to predict and prevent future failures?,2
Can you provide examples of specific sensors that are commonly used to monitor the condition of refractory lining in industrial furnaces?,2
"What are the specific signs of sensor failure, mechanical wear, and software malfunction in the temperature control system that data scientists should look out for during inspections and monitoring?",2
Are there any specific features or characteristics of the sensor data that are particularly useful in detecting anomalies in refractory lining conditions?,2
Are there any specific challenges or limitations in implementing data analysis for industrial furnaces?,1
How can the data collected from sensors be integrated with other data sources (such as historical maintenance records) to improve the accuracy of failure predictions?,2
How do you handle the maintenance of an industrial furnace when it is operating in extreme conditions?,2
What methods are used for collecting sensor data in industrial furnaces?,2
What are the best practices for testing and validating software updates before implementing them in industrial furnaces?,2
"How can the degradation mechanisms of control system components in industrial furnaces be identified and monitored, and how can this information be used to improve the anomaly detection model?",2
Can you explain the impact of sensor degradation on the accuracy of the data collected and how it can affect furnace operation and regulatory compliance?,2
"How can data scientists collaborate with subject matter experts to develop a comprehensive maintenance strategy that optimizes furnace performance, reliability, and safety?",2
"What are the common causes of anomalies in industrial furnaces, and how can they be detected through sensor data?",2
How are the thresholds for each sensor determined and by whom?,2
How can regular maintenance help in early detection and prevention of issues related to temperature deviations in industrial furnaces?,2
How is the effectiveness of proactive maintenance strategy measured and evaluated?,2
What are the specific temperature ranges that indicate a potential failure in industrial furnaces?,2
Can you suggest any specific techniques or methods for continuous monitoring and evaluation of the model's performance in the context of industrial furnaces?,2
How can data be collected and analyzed to better understand the degradation mechanisms of refractory materials in industrial furnaces?,2
Can you explain the impact of extreme temperature fluctuations on the accuracy of gas sensors in industrial furnaces?,2
"How does thermal stress affect the cooling system in industrial furnaces, and what preventive maintenance tasks can be performed to minimize this risk?",2
How can data from sensors be used to monitor and improve the overall maintenance of the industrial furnace?,2
Are there any specific challenges in deploying an anomaly detection model in a real-time industrial furnace monitoring system?,2
"What are the safety considerations and precautions that should be taken when installing, operating, and maintaining vibration sensors in industrial furnaces?",2
How do failure codes help organizations prioritize maintenance efforts for an industrial furnace?,2
How can regular inspection and monitoring help in preventing unplanned downtime and safety hazards in industrial furnaces?,2
"How can insulation resistance measurement help in detecting heating element failures, and what are the recommended testing procedures and equipment for this test?",2
Can you explain the relationship between the air-fuel ratio and the combustion process in an industrial furnace?,2
What types of sensor data are used as input to train the anomaly detection model?,2
"How can data from sensors in industrial furnaces be integrated with other data sources, such as manufacturing execution systems (MES) or enterprise resource planning (ERP) systems, to provide a more comprehensive view of furnace operation?",2
How are the appropriate thresholds for monitoring specific features determined in the model?,2
How can the FMEA be made easily accessible and well-organized for all stakeholders?,2
Are there any specific temperature or pressure thresholds that indicate a potential burner failure or refractory degradation?,2
"What are the consequences of reduced efficiency and increased emissions due to furnace failures, and how can they be mitigated?",2
How can wear and tear be minimized to ensure the longevity of the cooling system?,2
What measures can be taken to ensure the consistent and reliable operation of an industrial furnace through regular maintenance and timely repairs?,2
What are the specific parameters or variables that the anomaly detection model should consider to detect potential failures in industrial furnaces?,2
What are the specific hazardous conditions that can arise due to failures in industrial furnaces?,2
What are the consequences of not monitoring these variables regularly?,2
"How can proper training and documentation improve the reliability of industrial furnaces, and what should such training and documentation cover?",2
"Can you provide examples of specific cases where failure in temperature control mechanisms occurred, and how were they detected and prevented in the future?",2
How does the refractory lining failure affect the temperature sensor data and what specific temperature sensor data can detect this issue?,1
Can you elaborate on the impact of sensor quality and placement on the anomaly detection model's performance?,2
Can you explain the process of testing and validating software updates in a controlled environment?,2
What are the potential consequences of design flaws on the lifespan of furnace components?,2
"What are the typical acceptable levels for CO and NOx emissions in industrial furnaces, and how are they measured?",1
How can a malfunctioning temperature control system result in excessively high temperatures in industrial furnaces?,2
How can the detectability of failure modes be improved in order to prevent them before they happen?,2
How can thermal degradation affect the performance and lifespan of industrial furnaces?,2
"What are the best practices for maintaining the burner, combustion chamber, and stack to prevent failures and ensure optimal performance?",2
How do voltage fluctuations affect the performance and lifespan of heating elements?,2
How can data scientists and subject matter experts collaborate to develop predictive maintenance strategies for sensors used in industrial furnaces?,2
How are machine learning algorithms used in predictive and condition-based maintenance strategies?,2
What are the best practices for developing condition monitoring systems for industrial furnaces?,2
How can regular maintenance and inspections help prevent environmental factors from impacting industrial furnace performance and reliability?,2
"How can a failure modes and effects analysis (FMEA) help in identifying potential failure modes, failure reasons, and degradation mechanisms for the heating element?",1
"How often are the recommended preventive maintenance measures, such as regular inspections and cleaning of heating elements, monitoring of temperature, tightening of electrical connections, and replacement of damaged elements, to be carried out?",2
"Can you provide more details about the industrial furnace asset class, components, operating conditions, and maintenance practices that are relevant to sensors and their capabilities?",2
How can we define and implement a data retention policy that balances the need for data availability and storage costs?,2
What are the most common types of failures that can occur in industrial furnaces?,2
How can we ensure that the maintenance program for industrial furnaces is aligned with the organization's overall maintenance strategy?,2
How can regular inspections help identify potential issues in industrial furnaces before they escalate into significant failures?,2
How can the effectiveness of the anomaly detection model and maintenance plan be monitored and evaluated over time?,2
"How can regular inspections and preventive maintenance help detect and prevent Mechanical Component Failure (MCF) in industrial furnaces before they lead to decreased efficiency, increased fuel consumption, or catastrophic failure?",2
What are the challenges faced in implementing predictive maintenance using sensor data in industrial furnaces?,2
"What are the safety risks associated with failure in temperature control mechanisms, and how can they be mitigated?",2
"How can operators distinguish between normal wear and tear and more serious ignition system failures, and what steps should they take if they detect a potential failure?",2
What are the best practices for conducting regular inspections and testing of industrial furnace components to detect and prevent failures?,2
"How can organizations ensure that their workforce is trained and equipped to perform the necessary inspections, maintenance activities, and monitoring tasks required for critical equipment?",2
How can data from the anomaly detection model be used to improve the predictive maintenance program for industrial furnaces?,2
How can temperature control and monitoring be integrated with other process control systems in industrial furnaces to optimize overall performance and efficiency?,2
What are the specific regulations and standards that sensors in industrial furnaces must comply with?,2
"How do sensors contribute to quality control in industrial furnaces, and what are some common quality specifications that sensors monitor?",2
Can you provide more details on the types of visible damage to look out for in temperature sensors and control systems?,2
"Can you provide any examples of successful implementation of anomaly detection models in industrial furnaces, and what lessons can be learned from them?",2
"How do machine learning algorithms ensure that the detected anomalies are indeed indicative of potential issues, and not false positives?",2
How can the anomaly detection model's performance be affected by the chosen communication protocol and data format?,2
How can organizations balance the need for data access and analysis with the need to maintain data privacy and security?,2
Can temperature-related issues in industrial furnaces be detected through any other means besides regular calibration and maintenance checks?,2
Can you provide more details on the specific failure modes and degradation mechanisms that are most common in industrial furnaces?,2
Can you provide more information on the process of regular reviews and updates of industrial furnace regulations and compliance status?,2
What are the consequences of not having the right sensors or monitoring system in place for industrial furnaces?,2
"How can the performance of industrial furnaces be monitored and evaluated over time to ensure that they continue to operate safely and efficiently, and what metrics and key performance indicators (KPIs) are relevant for this purpose?",2
How does the data acquisition system affect the overall performance of the pressure measurement system in industrial furnaces?,2
How does the model ensure that false positives are minimized while maintaining a high detection rate for failures?,2
How does the FMEA process account for the effects of aging on the failure of an industrial furnace?,2
Can you provide examples of common failure modes and degradation mechanisms in older industrial equipment?,2
What specific sensors are used to monitor temperature and atmosphere in industrial furnaces?,2
What are the specific inspections recommended for early detection of potential failures in the cooling system of an industrial furnace?,2
What are the potential risks and limitations of relying solely on sensor data for predictive maintenance in industrial furnaces?,2
"How do preventive maintenance strategies, such as regular inspection and testing, help in detecting sensor failures before they occur in industrial furnaces?",2
"What are the key components of a defense-in-depth strategy for industrial IoT security, and how can organizations implement this strategy effectively?",2
What types of preventive or corrective actions can maintenance personnel take once anomalies are detected in industrial furnaces?,2
What are the specific challenges in analyzing sensor data when there is a high level of redundancy in the system?,2
"What are the most critical failure modes in industrial furnaces, and how can they be prevented through a proactive and preventive maintenance approach?",2
How does the size and complexity of industrial furnaces affect the frequency and pattern of sensor data collection?,1
What preventative measures can be implemented to reduce the likelihood of control system failures in industrial furnaces?,2
How does the FMEA process account for the impact of human error in potential failures?,2
How do you ensure that the anomaly detection models are interpretable and provide valuable insights for decision-making in industrial furnace operations?,2
"Can you provide some examples of thresholds that can be used for anomaly detection in industrial furnaces, and how can we determine the optimal threshold values?",2
"Can you explain how the predictive maintenance approach in industrial furnaces can lead to improved safety, efficiency, and productivity?",2
Are there any industry standards or regulations related to temperature monitoring in industrial equipment?,2
"How often should the inspections and maintenance be performed on industrial furnaces, and what are the specific checkpoints that should be inspected during these activities?",2
How are abnormal vibrations detected and what specific vibration patterns indicate potential issues in the furnace?,2
Can you provide any case studies or examples of industrial furnace failures and how preventive maintenance measures could have prevented them?,2
How do you identify if noise reduction or missing value imputation techniques are required for the sensor data from industrial furnaces?,2
What specific types of inspections and non-destructive testing methods are most effective in detecting leaks in industrial furnaces?,2
How do digital twins simulate the behavior of industrial furnaces and predict failures based on simulation results?,2
Are there any specific communication protocols or interfaces that the anomaly detection model should comply with for integration with the existing system?,1
"How is temperature uniformity measured and monitored in industrial furnaces, and what are the acceptable limits for product quality?",2
"How can the model be evaluated for effectiveness and accuracy, and what metrics should be used for this evaluation?",2
How can data analysis and machine learning techniques be applied to predict and prevent emission sensor failures in industrial furnaces?,2
What are the common causes of false positives and false negatives in anomaly detection models for industrial assets?,2
How can the impact of synthetic anomalies on the overall performance of industrial furnaces be measured and analyzed?,2
What are the recommended procedures for regular inspections of industrial furnaces?,2
"Can you provide more details on the role of the temperature control system in the industrial furnace, and what steps can be taken to ensure it is functioning properly?",2
How can poor maintenance contribute to the failure modes in industrial furnaces?,1
What are the best practices for involving stakeholders in the implementation of sensor data analytics in industrial furnaces?,2
How do we assess the severity and detectability of potential failure modes?,2
Can you provide examples of specific failures in industrial furnaces that have been detected and resolved through the use of the anomaly detection model and data infrastructure?,2
What are the specific challenges in integrating the anomaly detection model with the existing monitoring and maintenance system?,2
"How does temperature drift affect the performance and lifespan of industrial furnaces, and what can be done to mitigate it?",2
Can you explain the significance of monitoring current and power in industrial furnaces and how it helps in predicting failures?,2
"What are the specific regulations and safety requirements for industrial furnaces in different industries, such as chemical, petrochemical, or pharmaceutical?",2
What are the best practices for implementing an anomaly detection model in industrial furnaces?,2
"What are the specific steps involved in the cool-down process during the shutdown stage, and how can data scientist ensure that each step is carried out correctly to prevent failures?",2
How do regular updates and patching help in predicting and preventing failures in industrial IoT systems?,2
"Are there any other environmental factors, besides temperature and humidity, that should be taken into account in the anomaly detection model for industrial furnaces?",2
How can regular monitoring of ignition system performance help in reducing fuel costs in industrial furnaces?,2
How can data scientists and subject matter experts collaborate to ensure the sensors' thresholds are properly monitored and maintained in industrial furnaces?,2
How can regular inspections and maintenance help prevent failures and other problems in industrial furnaces?,2
Can you provide any specific examples of cost savings and increased productivity achieved through proactive maintenance?,2
How do sensors used in industrial furnaces compare to those used in other industrial equipment in terms of maintenance and calibration requirements?,2
What are the consequences of non-compliance with industrial furnace regulations and safety requirements?,2
What are the typical maintenance activities performed on industrial furnaces to ensure their reliability and longevity?,2
Can you provide examples of how a proactive maintenance plan has helped to minimize unexpected failures and maximize the lifespan of an industrial furnace?,2
"Can you explain the role of Safety Instrumented Systems (SIS) in preventing accidents in industrial furnaces, and how should the anomaly detection model interact with SIS?",2
What are the potential consequences of not prioritizing the maintenance and monitoring of critical equipment?,2
"How can wear and tear, corrosion, and erosion be prevented or minimized in the industrial furnace's components and subcomponents?",2
Can you suggest any domain-specific preprocessing techniques to improve the accuracy of the anomaly detection system?,2
How can the impact of sensor failures on the anomaly detection model's performance be quantified and measured?,2
"What strategies can be employed to ensure the accurate detection of anomalies by the model, especially in cases where the severity and likelihood of failure modes are low?",2
"Are there specific temperature ranges where strain gauge sensors perform better than capacitance sensors, and vice versa? If so, what are these temperature ranges?",2
How can we ensure that the anomaly detection model is integrated seamlessly with the existing industrial furnace system and processes?,2
How is the data security and privacy maintained in the data infrastructure for the anomaly detection model in industrial furnaces?,2
Can you discuss any ethical considerations that should be taken into account when building and deploying an anomaly detection model for industrial furnaces?,2
How can data from sensors be used to monitor and improve the environmental impact of the industrial furnace operation?,2
What are the challenges in implementing sensor data analysis for industrial furnace maintenance and how can they be addressed?,2
How can operators verify the accuracy of the temperature sensor and controller?,2
"What data preprocessing techniques have been considered to improve the reliability of the sensor data, and what are the trade-offs associated with each approach?",2
"Are there any specific techniques or algorithms that are particularly effective for incorporating equipment age, usage patterns, and maintenance history data into the anomaly detection model?",2
How is the data on inspections and maintenance activities analyzed to identify areas for improvement?,2
How are the humidity sensors used in the FMEA process and what are the potential consequences of not monitoring humidity levels?,2
Can you provide specific examples of how temperature trends and fluctuations can lead to unsafe and inefficient operation in industrial furnaces?,2
How can a robust monitoring and diagnostic system be set up to detect and address issues before they escalate?,2
"Can you provide examples of emerging trends or technologies in the maintenance and inspection of industrial furnaces, such as the use of sensors, data analytics, or automation?",2
Are there any specific regulations or compliance considerations that need to be taken into account when designing the data infrastructure for an anomaly detection model in an industrial furnace setting?,2
"How can organizations monitor and log security events in their industrial IoT systems, and how can they use this information to improve security?",2
How do communication network monitoring and advanced data analytics techniques help in identifying sensor degradation or communication issues in industrial furnaces?,2
What specific inspection techniques or tools can be used to detect early-stage insulation degradation or damage in industrial furnaces?,2
Can you provide examples of the consequences faced by industrial furnaces that have deviated from emissions and pollutant limits?,2
"How are the severity, failure code, and detectability ratings assigned to each temperature-related failure mode?",2
Can you provide examples of specific anomalies that can be detected through monitoring these parameters?,2
"What are the common causes of corrosion, fouling, and damage to sensors and valves in industrial furnace control systems?",2
How can industrial facilities balance the cost of implementing proactive maintenance strategies with the potential savings from reduced downtime and maintenance costs?,2
What are the regulatory requirements and industry standards for furnace shell inspections and maintenance?,2
"What are the specific risks associated with the failure of the furnace, such as fire, explosion, or release of hazardous materials?",2
Are there any specific challenges or limitations in collecting and processing sensor data in industrial environments?,2
"How can we detect and correct uneven heating in industrial furnaces, and what are the risks associated with it?",2
What tools or techniques can be used to create realistic and diverse synthetic anomalies representing various failure modes and degradation mechanisms?,2
Can you provide examples of catastrophic failures in industrial furnaces caused by the degradation of the furnace shell?,2
"What is the role of operator knowledge in identifying failure modes, reasons, codes, and degradation mechanisms?",1
How does the FMEA process differ for industrial furnaces in different industries or applications?,2
Can you provide more insights on how to evaluate the performance of the anomaly detection model for the industrial furnace?,2
Can you provide more details on the thermal degradation mechanism in industrial furnaces? What are the common causes and signs of thermal degradation?,2
What are the best practices for addressing cybersecurity and data privacy concerns in sensor-based monitoring systems for industrial furnaces?,2
What measures can be taken to ensure the continued effectiveness and reliability of the insulation and wiring in an industrial furnace?,2
"What are the specific inspections that should be performed regularly to detect and prevent heating system failures, refractory lining failures, and combustion system failures in industrial furnaces?",2
"Can you provide any case studies or examples of successful implementation of predictive maintenance strategies for industrial furnaces, and what lessons can be learned from them?",2
What specific tools or techniques are commonly used in the RCA process for industrial furnaces?,2
Can you provide examples of specific degradation mechanisms that can be monitored in a predictive maintenance program for industrial furnaces?,2
Can you provide examples of best practices for predicting and preventing failures in industrial furnace sensors and equipment?,2
"Can you provide some examples of how anomaly detection has been used in other industrial settings, and what lessons can we learn from these examples for our application in industrial furnaces?",2
How can data from multiple sensors be combined to improve anomaly detection in industrial furnaces?,1
Can you provide an example of a situation where a Failure Reporting and Corrective Action System (FRACAS) helped prevent recurring failures in industrial furnaces?,2
How do pressure sensors contribute to the optimization of furnace performance and energy consumption?,2
How can the accuracy of anomaly detection algorithms be measured and evaluated in the context of industrial processes?,2
"How can we ensure that the anomaly detection model is able to effectively predict and prevent failures in industrial furnaces, taking into account the various factors discussed?",2
What specific environmental factors have the greatest impact on industrial furnace performance and reliability?,2
How can the use of simulated data or data from other similar systems help in addressing the lack of labeled data for anomaly detection in industrial furnaces?,2
How can organizations determine the common failure modes in industrial furnaces for proactive measures?,2
Can you provide more information on the degradation mechanisms that can lead to failure modes in industrial furnaces?,2
Can you provide an example of how the FMEA process has been used to prevent a failure in an industrial furnace or other industrial system?,2
What are the qualifications and experience required for personnel selecting sensors for industrial furnaces?,2
What types of maintenance activities are typically included in a preventive maintenance plan for an industrial furnace?,2
"What type of sensor data is currently being collected from the industrial furnace, and how is this data being used for monitoring and maintenance purposes?",0
"Can you explain how current and voltage sensors monitor the electrical supply, and what are the typical current and voltage ranges that should be monitored?",2
What steps can be taken to minimize the impact of integrating the anomaly detection model on the existing monitoring and control systems' performance?,2
What are the potential consequences of emission abnormalities and how can they be addressed?,2
How can the anomaly detection model be updated and maintained over time to ensure its continued accuracy and effectiveness in detecting and predicting failures in industrial furnaces?,2
How often should the predictive model be updated to ensure its effectiveness in predicting anomalies in industrial furnaces?,2
"Can you discuss any new or emerging technologies for detecting and preventing heating element failure in industrial furnaces, and what benefits they may offer over traditional methods?",2
Can you provide examples of quality issues that can arise from temperature control failure in industrial furnaces?,2
How can a risk assessment help determine the frequency of inspections and maintenance for industrial furnaces?,2
Can you explain the role of regular inspections and testing in preventing failures in industrial furnaces?,2
"What are some of the specific safety concerns associated with monitoring and analyzing sensor data from industrial furnaces, and how can they be addressed?",2
What specific types of anomalies or unusual patterns should stakeholders be looking for in the data visualizations?,2
How does predictive maintenance help to extend equipment life for industrial furnaces?,2
What are the common types of industrial furnaces and how do they differ in terms of sensor data collection frequency and patterns?,2
What types of sensors are commonly used in industrial furnaces and what are their specific measurement capabilities?,2
How can a reliability engineer develop a proactive maintenance plan based on the identification of potential failures and their causes in industrial furnaces?,2
Can you provide examples of how predictive maintenance strategies have been successfully implemented in other industries or applications?,2
Can you provide examples of specific security standards that should be established for industrial IoT systems?,2
How do safety systems impact the performance of anomaly detection models in industrial settings?,2
"Are there any existing methods or techniques for detecting and diagnosing sensor failure in industrial furnaces, and how can we incorporate these methods into our anomaly detection models?",2
How can the anomaly detection model account for variations in operating conditions and material properties in different industries?,2
How is the open circuit failure code identified in capacitance sensors and what are its common causes?,2
Can you provide examples of how predictive maintenance strategies have resulted in cost savings and increased productivity in industrial furnace operations?,2
How can data from these sensors be used for process optimization and energy efficiency improvements in industrial furnaces?,2
"How do regular maintenance, inspections, and testing help in identifying potential failure modes in industrial furnaces?",2
How can the production process's efficiency and reliability be improved by integrating the anomaly detection model with industrial furnace monitoring and control systems?,2
What are the potential consequences of not detecting an anomaly in a timely manner?,1
How can sensor technology be utilized to improve energy management in industrial furnaces?,2
Can you provide specific examples of safety risks that can occur due to unauthorized access to sensor data in an industrial furnace?,2
What are the common reasons for resistance to change in this context and how can they be addressed?,2
Can you provide examples of proactive maintenance strategies for older equipment?,2
How can we ensure the quality and accuracy of the labeled data generated through expert labeling or synthetic anomalies?,1
"Can historical information be used to train ML models for anomaly detection in industrial furnaces, and what are the best practices for this process?",2
"What strategies can be employed to enhance transparency and explainability in predictive maintenance and anomaly detection models, and how can this help build trust and confidence?",2
How can operators reduce the risk of catastrophic failure in industrial furnaces by addressing anomalies in real-time?,2
Can you provide more details on usage patterns and how they can predict failures?,2
How can data analytics and machine learning be used to predict sensor failures and prevent equipment damage in industrial furnaces?,2
How do the redundancy and safety systems impact the overall performance and efficiency of industrial furnaces?,2
How do blocked vents typically affect pressure abnormalities in industrial furnaces?,2
Can you discuss the role of data-driven insights in establishing effective baselines for condition-based monitoring and proactive maintenance strategies in industrial furnaces?,2
Can you provide any case studies or examples of organizations that have successfully implemented predictive maintenance and anomaly detection to improve operational efficiency and reliability?,2
Can you provide some examples of high-risk failure modes in industrial furnaces and how they can be mitigated through early detection and proactive maintenance?,2
Can you provide examples of anomalies that the model can detect in an industrial furnace?,2
Can you provide examples of legal or financial consequences that businesses have faced due to non-compliance with regulations related to industrial furnaces?,2
"Can you provide more details on the types of sensors and control systems used in industrial furnaces, and how their calibration frequency is determined?",2
What are the key performance metrics that should be used to evaluate the effectiveness of the anomaly detection model in predicting and preventing equipment failures in industrial furnaces?,2
How can data scientists use historical data on industrial furnace failures to identify patterns and trends that can inform predictive maintenance strategies?,1
How is data anonymization performed to protect personally identifiable information while still maintaining the accuracy and effectiveness of the anomaly detection model?,2
How do variations in sensor data collection frequency and pattern impact the accuracy of predicting and preventing failures in industrial furnaces?,2
What are the potential impacts of the model on the overall operation of the industrial furnace?,2
What are the potential consequences of not addressing anomalies or unusual patterns identified by the anomaly detection model?,2
What specific sensors are typically used to collect data on the performance of industrial furnaces?,2
What specific sensor data should be analyzed to detect wear and tear in the furnace components?,2
What are the effects of poorly maintained equipment on employee morale in industrial furnaces?,2
Can you provide examples of specific patterns and trends in the data that the anomaly detection model might identify as indicative of an impending failure?,2
"How can data scientists use temperature sensor data to detect and prevent heating element failures, and what specific metrics should be monitored?",2
"Are there any specific challenges or limitations in applying data preprocessing techniques to the sensor data from industrial furnaces, and how do you address them?",2
How can we ensure that the labeled dataset is representative of the real-world operating conditions of the industrial furnace?,2
What are the benefits of using anomaly detection models in identifying potential issues in real-time?,2
What are the potential failure modes that can be addressed through a comprehensive maintenance plan?,2
How do the regulations and safety requirements for industrial furnaces impact the maintenance and inspection schedule?,1
Can you provide any examples of how a comprehensive and proactive approach to anomaly detection has improved safety and reliability in industrial furnaces?,2
"How will the model's real-time alerts and notifications be delivered to the operators, and what actions are expected from them upon receiving these alerts?",2
What specific data points should be monitored to track changes in combustion efficiency?,2
"How can predictive maintenance strategies be integrated with other maintenance approaches, such as preventive or reactive maintenance?",2
"What specific mechanical components are prone to wear and tear in industrial furnaces, and how can this be mitigated?",2
Can you provide any specific case studies or examples where proactive maintenance has significantly improved the efficiency and safety of industrial furnaces?,2
How can domain knowledge be incorporated when developing detection models for industrial furnaces?,2
Can you elaborate on how safety considerations are incorporated into the evaluation metrics and approaches for industrial furnace applications?,2
"Can you explain the differences in measurement accuracy and failure modes between thermocouples, RTDs, and thermistors used in industrial furnaces?",2
How does the model ensure a balance between reducing operating costs and maintaining high product quality in industrial furnaces?,2
Can you explain how the absence of labeled data can impact the ability to interpret the causes of an anomaly in an industrial furnace?,2
Can you name some of the industry-specific standards that need to be taken into account when monitoring and reporting emissions from industrial furnaces?,2
"What are the legal and ethical considerations when implementing an anomaly detection model in industrial furnaces, particularly in terms of data privacy and security?",2
How can we ensure that the anomaly detection models are interpretable and trustworthy for the maintenance personnel?,2
Can you suggest any additional data validation and verification techniques that could be useful in building the anomaly detection model for the industrial furnace?,2
"Can you provide any insights on the potential impact of integrating machine learning-based anomaly detection models in industrial furnaces, and what are the key considerations for successful deployment and integration?",2
Can you provide any case studies or examples of control system failures in industrial furnaces and how they were addressed?,2
What are the potential consequences of ignoring sensor damage or leaks in industrial furnace control systems?,2
What are the critical insights for predicting and preventing failures in industrial furnaces that should be emphasized?,2
How can the anomaly detection model be used to improve the energy efficiency of industrial furnaces?,2
Can you provide examples of how historical data has been used to improve feature selection in your anomaly detection models?,2
Can you provide examples of regular inspections and monitoring that can help identify potential issues before they lead to failures?,2
Can you provide examples of how model explainability is important in the context of an anomaly detection model for an industrial furnace?,2
Are there any regulatory or safety requirements that need to be considered while building the anomaly detection model?,0
"What are the best practices for deploying and maintaining the anomaly detection model in a production environment, and what resources are required to ensure its ongoing success?",2
"How can real-time monitoring data be used to predict and prevent failures in industrial furnaces, and what technologies or tools are commonly used for this purpose?",2
What specific sensor data is most important for building an anomaly detection model for industrial furnaces?,2
Can you provide examples of specific AI and ML algorithms that are commonly used in this field?,2
How does monitoring atmospheric composition and pressure and flow rates help in detecting deviations in furnace operation?,2
"Can you explain how gas sensors help in ensuring the safety and efficiency of industrial furnaces, particularly in monitoring the levels of harmful gases?",2
What specific measures can be taken to improve the reliability of an industrial furnace and minimize the risk of failure?,1
"Can you provide examples of specific failure modes in blast, reverberatory, and vacuum furnaces?",2
How is the data collected and analyzed during the FMEA process?,2
Can you provide more details on how to effectively incorporate scheduled maintenance data into the anomaly detection model?,2
Can you provide examples of signs that may indicate damage from overheating?,2
"How do synthetic anomalies help in detecting cyber threats in industrial furnaces, and what are the specific types of cyber threats that can be simulated?",2
"Can you explain the differences between thermal shock, mechanical stress, and chemical attack as they relate to refractory lining failure?",2
"What are some common evaluation metrics used for anomaly detection models, and how do they differ from each other?",2
"What are the cost and feasibility implications of continuous or high-frequency monitoring for the furnace's critical components, and how can we optimize these factors?",2
"What are the most common degradation mechanisms observed in industrial furnaces, and how are they addressed through proactive maintenance scheduling?",2
How is thermal runaway detected and prevented in industrial furnaces?,2
What are the most common environmental factors that can negatively affect industrial furnace performance?,2
"How can data scientists ensure transparency and explainability in the model's decision-making process, especially for non-technical stakeholders?",2
How can sensor data be used to detect anomalies in industrial furnaces?,2
How does regular monitoring of temperature sensors contribute to optimizing furnace performance and improving product quality?,2
How can data scientists collaborate with subject matter experts to develop effective anomaly detection models for industrial furnaces?,2
How does the model handle changes in operating conditions or other factors that may affect the insulation degradation patterns?,2
"What are the critical components of industrial furnaces that require regular inspections, cleaning, and part replacement?",2
"How frequently do changes in failure modes occur in an industrial furnace, and what are the common causes of such changes?",2
"How can data analytics be used to identify patterns of wear and tear, corrosion, and fouling in industrial furnace control systems?",2
How often does the model need to be retrained to maintain its predictive accuracy?,2
Can you provide examples of how the anomaly detection model's insights have informed maintenance and repair activities in the past?,2
"Can the anomaly detection system provide historical data on detected anomalies and their impact on the industrial furnace's performance, and how can this data be used for further analysis?",2
Can you provide more details on the periodic maintenance and updates required to keep the model accurate and reliable in detecting anomalies?,2
Can you provide examples of high severity failures in industrial furnaces and their potential consequences?,2
What are the critical spare parts that should be managed for industrial furnaces?,2
Can you provide some specific examples of how monitoring KPIs has led to cost savings in industrial furnace operations?,2
Are there any new technologies or innovations being developed to detect and prevent fuel contamination in industrial furnaces?,2
How can we prioritize the maintenance and inspection of the control system components in industrial furnaces to ensure safe and efficient operation?,1
Can you provide any specific examples of industrial furnace failures and the root causes that led to those failures?,1
Can you provide more details on how to define thresholds for anomalies in the context of industrial furnaces?,2
What specific encryption techniques and access controls are recommended for securing the sensor data used in the anomaly detection model?,2
"Can temperature control system issues lead to material quality inconsistencies, and if so, how?",2
"Can you provide more details about the specific sensors used to measure the industrial furnace's performance, such as their make and model, as well as their measurement range and precision?",1
Can the anomaly detection model predict and prevent failures in different types of industrial furnaces?,2
"How can the anomaly detection model be used to improve the overall efficiency and reliability of industrial furnaces, and what are the key performance indicators to measure its success?",2
"How can historical data on past failures be used to improve the accuracy and effectiveness of the anomaly detection model, and what are the best practices for collecting and analyzing this data?",2
How do you ensure the accuracy and reliability of the KPI data used for predictive maintenance?,2
How do industries ensure that the data collected from redundant and safety systems is accurate and reliable?,2
Can you provide examples of specific failure modes and their causes in industrial furnaces?,2
"Are there any specific environmental factors that can accelerate the degradation mechanism of the seals and connections in the system, leading to potential source leakage?",2
Can you provide examples of how inaccurate sensor data has led to safety risks or decreased product quality in industrial furnaces?,2
"What are the challenges in developing condition monitoring systems for industrial furnaces, and how can data scientists overcome them?",2
"How do these technologies help in reducing downtime, increasing safety and cost savings in industrial furnaces?",2
What are the potential impacts of undetected anomalies on the safety and efficiency of industrial furnaces?,2
"How is the quality of sensor data ensured, and what measures are taken to address any data inaccuracies or inconsistencies?",2
Can you explain how real-time sensor data monitoring can help in detecting and resolving issues promptly in industrial furnaces?,2
"How can the model be designed to adapt to changing operating conditions, such as changes in temperature, pressure, or other environmental factors?",2
"What are the most common causes of temperature-related failures in industrial furnaces, and how can they be prevented?",2
How can regular calibration and maintenance of sensors contribute to the long-term success of industrial furnaces?,2
Can you explain the difference between the direct and indirect methods of calculating industrial furnace efficiency and fuel consumption?,2
"How does the buildup of slag impact the efficiency and effectiveness of the industrial furnace, and how can it be prevented or removed?",2
Can you explain how bagging and boosting can be used in this case to reduce overfitting risk?,2
How does the FMEA help in identifying potential failure modes and their effects on the overall system?,2
What are the common challenges in obtaining historical data for older industrial equipment and how can they be addressed?,2
What are the potential consequences of electrical overstress or undervoltage on the control systems?,2
"Are there any industry best practices or standards for monitoring and maintaining industrial furnaces, particularly in relation to predictive maintenance strategies?",2
"How do you determine the ""normal behavior"" of industrial furnaces in the context of the anomaly detection model?",2
"Can you provide an example of how the severity, occurrence, and detectability ratings are used to rank failure modes?",2
How does the age of the equipment impact the anomaly detection model and what specific considerations should be taken into account when modelling for older equipment?,1
What measures can be taken to ensure prompt addressing of any deviations from the setpoint temperature in industrial furnaces?,2
"What types of control system failures are most common in industrial furnaces, and how can they be detected using sensor data?",2
How can organizations determine the optimal frequency for regular inspections and maintenance activities based on the criticality of equipment?,2
Are there any differences in the regulatory and safety requirements for new industrial furnaces compared to those for existing furnaces?,1
What are the specific encryption techniques that can be used to protect sensor data in industrial furnaces?,2
"What are the best practices for evaluating and validating the performance of industrial anomaly detection models, particularly in terms of minimizing false positives and false negatives?",2
"How can data scientist use machine learning algorithms to predict and prevent failures in industrial furnaces, and what are the key factors to consider when developing and implementing these algorithms?",2
"How is sensor drift typically addressed in industrial settings, and what impact can it have on detecting gradual changes in sensor data?",2
How is the accuracy of temperature sensor data affected by the presence of other materials or substances in the furnace?,2
"How do different types of industrial furnaces (e.g., batch furnaces, continuous furnaces) impact the selection and importance of specific KPIs?",1
"How should the anomaly detection model monitor sensor and equipment health, and what are the most common issues to look out for?",2
"What specific sensors are used in industrial furnaces to monitor temperature, pressure, flow, and emissions?",2
"Can you explain the process of conducting a Failure Modes and Effects Analysis (FMEA) for an industrial furnace, and how it helps in predicting and preventing failures?",2
What strategies can be employed to handle varying sampling rates from different sensors in industrial furnaces?,2
How are trends or recurring issues identified through the failure reporting and analysis system?,2
"What specific components of industrial furnaces are most prone to failures and degradation, and what are the most common failure modes for each component?",2
What are the common aging components in temperature sensors and control systems that need timely replacement?,2
Can you provide examples of equipment damage that can result from untimely detection of anomalies in industrial furnaces?,2
How often should the data from the sensors be collected for effective process control and optimization?,2
Are there any specific regulatory or safety requirements related to anomaly detection in industrial furnaces that we should be aware of?,2
What are the best practices for preventive maintenance and monitoring of industrial furnaces to ensure their efficient and safe operation?,1
Can you provide more information on the selection criteria for flow sensors based on the specific application requirements and constraints in industrial furnaces?,2
"What are the key challenges associated with implementing a comprehensive maintenance and monitoring program for industrial furnaces, and how can they be addressed?",2
What are the specific benefits of using ML and AI for predictive maintenance in industrial furnaces?,2
How can regular sensor inspections and calibrations help in reducing the severity of sensor failure and its impact on the overall furnace operation?,2
How can we ensure that the machine learning algorithm used for anomaly detection is appropriate for the specific characteristics of the sensor data and the requirements of the application?,2
"How can we incorporate other failure modes and degradation mechanisms in our predictive maintenance models, besides heating element failures?",2
"What are the specific regulations and standards that industrial furnaces must comply with to avoid environmental, health and safety, and financial consequences?",2
How can the impact of production rate optimization on the lifespan of industrial furnaces be measured and evaluated?,2
How can a well-designed maintenance program help minimize the risk of failures in cooling systems of industrial furnaces?,2
Can you explain how the anomaly detection model identifies potential issues with temperature uniformity in the industrial furnace?,2
"Can you provide any examples of successful implementation of anomaly detection models in industrial furnaces, and what were the key factors that contributed to their success?",2
How can data scientists ensure the safe operation of industrial furnaces through predictive maintenance models?,2
How does temperature control impact temperature uniformity in industrial furnaces?,2
"What are the best practices for visualizing and communicating sensor data analytics results to different stakeholders in industrial furnaces, including operators, engineers, and managers?",2
How are sensor data integrity failures identified and addressed in real-time?,2
"How can the model effectively identify potential safety hazards such as high temperatures or pressure buildup, and what actions should be taken once these hazards are detected?",2
"How do industrial furnace operators ensure that their maintenance and inspection practices align with the relevant regulations and safety requirements, and what are the consequences of non-compliance?",2
How does RCA address the problem of material selection errors leading to material quality inconsistencies in furnaces?,2
Are there any specific maintenance procedures or protocols that need to be followed after a failure is detected by the anomaly detection model?,1
How do high temperatures and corrosive environments contribute to the degradation of industrial furnace components and what mitigation strategies can be implemented?,2
"What types of sensors are typically used in industrial furnaces for monitoring temperature, pressure, flow rates, and emissions?",1
"Can you provide examples of specific failure modes, reasons, codes, and degradation mechanisms for industrial furnaces?",1
Can you explain how the anomaly detection model helps predict and prevent failures in the industrial furnace?,2
What are the best practices for regular inspections and maintenance of industrial furnaces to prevent failures and reduce downtime?,1
"What are the regulatory requirements for industrial furnaces, and how does sensor data help ensure compliance?",2
Can you provide examples of how the anomaly detection model can effectively communicate with other devices and systems in the industrial furnace setup?,2
What are the major components of maintenance costs for an industrial furnace and how are they optimized?,2
Can you provide more details on the connection between preventive maintenance and reducing downtime in industrial furnaces?,2
Can you provide examples of specific regulations and safety requirements that must be considered for a particular type of industrial furnace and its application?,1
How is the collected sensor data analyzed to ensure compliance with regulations and industry standards?,2
"What are the specific latency requirements for the anomaly detection model in industrial furnaces, and how can they be met?",2
How can real-time data processing and analysis be implemented effectively in this context?,2
How is the furnace lining damage detected and what are the common causes of such damage?,2
How can the accuracy of the anomaly detection model be tested and validated to ensure it is effectively detecting anomalies and preventing failures in the industrial furnace?,2
How can industrial furnace operators use sensor data to improve energy efficiency and reduce emissions?,2
How can machine learning algorithms be applied to temperature sensor data to improve predictive maintenance in industrial furnaces?,2
How can sensor data analytics help in ensuring safety in industrial furnaces?,2
Can you provide examples of specific failure modes and their consequences in industrial furnaces?,2
"Can you provide more information on the cost implications of ignoring a small leak in an industrial furnace, including the cost of repairs and replacement?",2
What are the specific computational resources available for model development and implementation?,2
How is the approach to combining data-driven and model-based methods for evaluating failures and detecting them before they occur in industrial furnaces different from traditional methods?,2
What are the consequences of air supply system failures on the combustion process and what measures can be taken to prevent incomplete combustion and harmful emissions?,1
How can automation and digitalization help in reducing maintenance costs and downtime in industrial furnaces?,2
What are the common types of gas sensors used in industrial furnaces and what are their specific measurement ranges and accuracies?,1
Can you provide any guidance on how to balance the need for compliance with regulatory and industry standards with the goal of increasing the overall reliability and safety of the industrial furnace?,2
What are the specific risks associated with the gradual degradation of the refractory lining in industrial furnaces?,2
What are the potential challenges or limitations of implementing an anomaly detection model for predictive maintenance in industrial furnaces?,1
"What are the specific safety requirements for sensors used in industrial furnaces, and how do they vary based on the furnace type and application?",2
"How do the sensors, controllers, and actuators in the system contribute to the risk of failures, and what specific maintenance or calibration steps can help mitigate those risks?",2
"Can the anomaly detection models be used for other industrial equipment besides furnaces, and if so, what modifications are required for their implementation?",2
How can regular checking and calibration of sensors contribute to the safe and reliable operation of industrial furnaces?,2
How can scatter plots be used to identify correlations or outliers in the sensor data?,2
"How are temperature sensors in industrial furnaces affected by aging and wear and tear, and how can this be accounted for in the calibration process?",2
Can you explain how the severity and detectability ratings of failure modes are determined and used in prioritizing failures?,2
How can the use of sensors and monitoring systems in industrial furnaces contribute to the development of a safety culture and reduce human errors?,2
Can you discuss any new technologies or advancements in temperature control and maintenance that can help improve the efficiency and safety of industrial furnaces?,2
What are the common challenges faced in implementing a sensor data collection system in industrial furnaces and how can they be overcome?,2
What are the most common degradation mechanisms that lead to failure modes in industrial furnaces?,2
Can you provide any examples of high-severity failures caused by undetected furnace shell degradation?,2
What are some specific data points that must be collected and analyzed for compliance purposes when conducting FMEA on industrial furnaces?,2
"What are the challenges in implementing a robust monitoring and maintenance program for industrial furnaces, and how can they be addressed?",2
Can you provide more details on the specific failure modes and degradation mechanisms the anomaly detection model is designed to identify?,2
Can you provide examples of how validating and re-validating the model can improve the performance of anomaly detection in industrial furnaces?,2
What are the key performance indicators (KPIs) that should be used to measure the success of the anomaly detection model and how do they relate to data governance and management?,2
Are there any industry-specific regulations or standards that need to be considered while integrating an anomaly detection model with industrial furnaces?,2
"Are there any specific codes, standards, or regulations that must be followed in terms of preventive maintenance and repairs for industrial furnaces?",2
Can you explain how multivariate analysis is used to account for multiple variables and their interactions in the context of industrial furnace applications?,2
How are the gas composition sensors calibrated and maintained to ensure accurate emissions readings?,2
"Can you provide examples of the types of issues that can be detected through condition monitoring, and how frequently should condition monitoring be performed?",2
How often should the FMEA be reviewed and updated to ensure its accuracy and relevance?,2
Can you explain how temperature and pressure sensors help in improving the accuracy of the anomaly detection model in an industrial furnace?,2
"What are the consequences of non-compliance with regulations and safety requirements for industrial furnaces, in terms of legal penalties, increased risk of accidents, or decreased efficiency?",2
How do you handle missing or erroneous data in sensor readings during the feature engineering process?,2
"What are the benefits of implementing a comprehensive failure modes and effects analysis (FMEA) program for industrial furnaces, and how does it compare to traditional monitoring and maintenance approaches?",2
How does the type and amount of material being heated impact the temperature control in industrial furnaces?,1
How does uneven heating occur in industrial furnaces when sensors are not reliable?,2
How can data from industrial furnace sensors be integrated with other operational data to optimize furnace performance?,2
"How do different communication protocols used in gas sensors (e.g. 4-20 mA, HART, Modbus) affect the accuracy and reliability of measurements in industrial furnaces?",2
How can the FMEA information be used to improve the overall design and operation of industrial furnaces?,2
How can the anomaly detection model's performance be visualized and communicated to stakeholders?,2
What are the best practices for updating and refining the FMEA based on new data and insights from the anomaly detection model?,2
How does proactive maintenance contribute to a comprehensive maintenance program for industrial furnaces?,2
Can you provide examples of specific reasons that can cause sensor failures in industrial furnaces?,2
How can the use of predictive maintenance help to extend the lifespan of industrial furnaces?,2
"Can you provide examples of successful ongoing RCA efforts in industrial furnaces, and what specific outcomes have been achieved?",2
"How can the operating conditions of an industrial furnace be optimized to minimize thermal degradation, corrosion, and mechanical wear?",2
Can you provide an example of how failure codes are used to identify a specific failure mode in an FMEA?,2
What are the most common challenges in implementing a comprehensive reliability program for industrial furnaces and how can we overcome them?,2
"How do pressure sensors such as piezoelectric, strain gauge, and capacitance sensors differ in their measurement capabilities and precision?",1
Can you provide any specific examples of how sensor data analysis has helped prevent failures in industrial furnaces?,2
How does the anomaly detection model help extend the lifespan of equipment in the industrial furnace's air supply and exhaust systems?,2
"Are there specific types of corrosion or erosion that are more common in industrial furnaces, and how can data science help predict these issues?",2
"How can we ensure that the anomaly detection model remains accurate and effective over time, despite potential changes in the operating conditions of the industrial furnaces?",2
Can you provide more information on the specific types of sensors used in industrial furnaces and the data they collect?,2
"How do machine learning algorithms account for the potential impact of external factors, such as weather conditions or raw material variations, on the behavior of industrial furnaces?",2
Can you provide more details on the process of selecting components and subcomponents to enhance the reliability of the industrial furnace?,2
How can the data collected from the monitoring and maintenance program be used for continuous improvement of industrial furnace performance and maintenance practices?,2
What are the best practices for implementing measures to address data gaps or outliers in the anomaly detection model?,2
How can we evaluate and compare the performance of different SPC methods and machine learning algorithms for anomaly detection in industrial furnaces?,1
"What specific degradation mechanisms are most commonly observed in industrial furnaces, and how can they be mitigated?",2
"How can we measure the effectiveness of our maintenance program for industrial furnaces, and what metrics should we use?",2
How does the FMEA ensure that all critical components and subcomponents are evaluated for potential failure modes?,1
How can the anomaly detection model be used to support continuous improvement initiatives in industrial furnaces?,2
"How do the failure modes R-400, R-401, and R-402 differ from one another, and what are the common causes of each?",2
"What are the specific temperature limits for pressure sensors used in industrial furnaces, and what are the consequences of exceeding these limits?",2
How can data scientists collaborate with subject matter experts to ensure that the insights gained from the sensor data and machine learning algorithms are effectively implemented in the maintenance and operation of industrial furnaces?,2
How can mechanical stress contribute to mechanical failure in industrial furnaces?,2
How can the anomaly detection model be trained to recognize and distinguish between different types of failures in industrial furnaces?,2
Can you explain the process of calibrating flow sensors with a volumetric or gravimetric flow meter in more detail?,2
What are the specific benefits of implementing a well-designed and executed preventive maintenance and monitoring program for industrial furnaces?,2
"What are the common challenges in analyzing KPIs data for predictive maintenance, and how can data scientists overcome these challenges?",2
How can the use of failure codes in an FMEA help to reduce the risk of unplanned downtime in an industrial furnace?,2
How do you ensure the accuracy and reliability of the anomaly detection model during the development process?,2
"How do regular inspections and monitoring of the temperature control system help detect degradation before it leads to a failure, and what are the best practices for implementing them?",2
Can you provide examples of common failure modes in industrial furnaces and their potential impact on operations?,2
"How can we ensure that the anomaly detection model is interpretable and explainable in terms of the impact of equipment age, usage patterns, and maintenance history on the likelihood of failure modes?",2
What are the specific diagnostic techniques used for monitoring the condition of the burner and combustion chamber?,2
How can a secure and efficient working environment be created by prioritizing safety and compliance in industrial furnace operation?,2
How can redundancy and fault tolerance help prevent downtime due to single-point failures and control logic failures in industrial furnaces?,2
Can you provide more details on the manual inspection required to detect certain failures in industrial furnaces?,2
Can you provide more details on what is meant by scalable algorithms in the context of industrial processes?,2
How does the continuous improvement process look like in the context of industrial furnace maintenance?,2
Can you provide more details on the importance of regular maintenance and calibration in preventing temperature sensor failures?,2
"Can you explain how the methods used can distinguish between normal drift and sudden anomalies in industrial furnaces, and what are the benefits of this distinction?",2
What are the common failure modes in industrial furnaces due to temperature fluctuations and how can they be prevented?,2
"How can we adapt the anomaly detection model to handle data drift, and what techniques can be used to ensure that the model remains effective over time?",2
"Are there any other industry-specific standards or guidelines that industrial furnace operators need to comply with, in addition to those mentioned?",2
"Are there any specific patterns or trends in failures that operators have noticed, which could be linked to particular failure codes in maintenance management systems?",2
Can you provide examples of common degradation mechanisms in industrial furnaces and how they can be identified?,2
How can the use of automation and digitalization in industrial furnaces impact the overall production process and the supply chain?,2
"Can you provide examples of specific failure modes for the furnace shell, doors, lining, insulation, burners, combustion system, temperature control system, and refractory materials?",2
Can you provide any case studies or examples of industries that have successfully implemented a proactive approach to temperature sensor and control system maintenance?,2
Can you explain the process of regular calibration for industrial furnaces and its importance in preventing temperature deviations?,2
"What specific environmental controls, such as air filtration and temperature/humidity control, can be implemented to improve industrial furnace performance and reliability?",2
"How can we ensure that the anomaly detection models are interpretable and transparent, and the results are actionable for the stakeholders?",2
How does improving insulation in industrial furnaces contribute to energy efficiency and cost savings?,2
How can the FMEA model be tailored to the specific needs of the furnace and its operating context?,2
Are there specific age or usage thresholds that indicate the need for more frequent inspections or maintenance in industrial furnaces?,2
"What are the regulatory and industry standards for industrial furnace operation, and how can we ensure compliance with them?",2
How does the anomaly detection model help in improving overall asset performance of industrial furnaces?,2
How does regular monitoring of KPIs help ensure compliance with environmental regulations?,2
What are the best practices for conducting regular inspections and maintenance of industrial furnaces to support a data-driven maintenance approach?,2
"How do industrial furnaces control temperature fluctuations within the specified range, and what are the common challenges faced in maintaining temperature stability?",2
Can you discuss any potential challenges or limitations of implementing a predictive maintenance program for industrial furnaces?,2
What are the consequences of an overheated furnace and how can it be prevented?,2
"How do industrial furnace maintenance costs compare to the costs of unexpected downtime, and what factors contribute to these cost differences?",2
"Can you provide examples of catastrophic failures, such as equipment breakdowns or safety incidents, that could result from undetected anomalies in industrial furnaces?",2
"How do pressure variations in industrial furnaces contribute to equipment failure, and what specific pressure ranges should be considered as warning signs?",2
Can operators provide input on the most common electrical component failures in the industrial furnace?,2
Can you provide more details on the process of refractory maintenance and how it can help prevent failures?,2
Are there any usage patterns that are more likely to cause issues in the anomaly detection model's accuracy?,2
What are the specific consequences of a temperature control system failure in industrial furnaces?,2
Can temperature sensors and control systems be integrated with other industrial internet of things (IIoT) devices to enhance predictive maintenance capabilities?,2
Can you provide more details on the impact of outdated technology in industrial furnaces and how it can affect the performance of the anomaly detection model?,2
Are there any specific security or privacy requirements that need to be considered while building and deploying the anomaly detection model?,0
"How do dust and particulates cause abrasion and erosion in industrial furnaces, and what preventive maintenance measures can be taken to address this issue?",2
"In your experience, what are the most common challenges faced while collecting labeled data for anomaly detection in industrial furnaces?",2
What are the most critical components or subcomponents in industrial furnaces that should be analyzed in a comprehensive FMEA analysis?,2
"What are the potential limitations or challenges in implementing an anomaly detection model for real-time failure detection in industrial furnaces, and how can they be addressed?",2
What specific sensors are commonly used in industrial furnaces and what are the common issues that can lead to their failure?,2
What are the specific safety standards that should be incorporated into the anomaly detection model for industrial furnaces?,2
How can the quality and accuracy of labeled data be measured and reported to stakeholders?,2
How do you prioritize and manage the various safety measures that need to be implemented?,2
How does sensor data analysis help in maintaining product quality in industrial furnaces?,2
How is the performance of the anomaly detection model evaluated and what metrics are commonly used for this purpose?,2
Can you describe the operational constraints of the fuel delivery system and how they may impact the machine learning model's predictions?,2
How does process control monitoring provide insights into the furnace operation and control system?,2
How often should the access and audit trail policies and procedures be reviewed and updated?,2
How are the sensors in industrial furnaces affected by chemical exposure and what measures can be taken to minimize its effects?,2
How can the FMEA be used to minimize downtime and prevent failures in industrial furnaces?,2
How can a damaged refractory lining lead to temperature-related issues in industrial furnaces?,2
How do the raw materials used in the refractory lining affect its durability and resistance to degradation?,2
"Can you provide more details on the calibration process for sensors in industrial furnaces, and how often should it be performed?",2
What measures can be taken to ensure data privacy and confidentiality when collecting and processing large volumes of data for predictive maintenance and anomaly detection models?,2
How can improper charging result in material quality inconsistencies in furnaces?,2
What is the role of a Failure Mode and Effects Analysis (FMEA) in predicting and preventing failures in industrial furnaces?,2
"How are the sensors in industrial furnaces cleaned and maintained, and what are the recommended procedures for this?",2
What are the specific environmental challenges that the sensors need to withstand in an industrial furnace setting?,2
"Can the heating element be visually inspected to detect degradation or damage, and if so, what are the specific signs of degradation or damage to look for during the visual inspection?",2
What are the key challenges in implementing an audit trail system in an industrial setting and how can they be addressed?,2
How do industrial furnace engineers identify and address temperature uniformity issues using sensor data?,2
"Can you explain the role of regular inspections, testing, and maintenance in preventing control system failures in industrial furnaces?",2
Can you provide more information on how the interquartile range (IQR) is used to detect anomalies in non-Gaussian distributions in industrial furnace applications?,2
"Can the severity of the failure modes in the air/fuel ratio control component increase over time if not addressed, and what are the potential consequences of such a failure?",2
"How does the operating context of industrial furnaces affect the identification of common failure modes, causes, and mechanisms?",2
How does the operating condition of the furnace impact the frequency of FMEA updates?,2
How can the data from the industrial furnace's sensors and control systems be used to support the predictive and preventive maintenance strategy?,2
How can the frequency and pattern of sensor data collection be optimized for different types of industrial furnaces?,2
How can regular FMEA analysis and proactive maintenance help in reducing the risk of unplanned downtime in industrial furnaces?,2
What are the regulatory or safety requirements that need to be considered in developing the anomaly detection model?,2
Can you provide more details on how to identify and classify failure codes and degradation mechanisms?,2
"Can neural networks be used to predict specific types of failures in industrial furnaces, such as temperature or pressure fluctuations?",2
How does flue gas analysis aid in detecting potential issues in the air supply system?,2
How can regular monitoring of sensor data ensure the safe and efficient operation of industrial furnaces?,2
How do these technologies help in reducing the environmental impact of industrial furnaces?,2
What preprocessing techniques are recommended for the data used in building the anomaly detection model?,2
"In case of sensor failure, what is the impact on the overall control system and the furnace operation, and how can it be mitigated?",2
What are the potential consequences of a failure in the industrial furnace?,2
How does the predictive maintenance approach in industrial furnaces differ from the reactive maintenance approach?,2
How can temperature non-uniformity issues impact the quality of materials being processed in industrial furnaces?,2
How does the anomaly detection model account for variations in operating conditions when predicting failures?,2
"Can you explain the specific predictive maintenance techniques used in the steel manufacturing company's program, and how they helped detect worn-out insulation?",2
What are the challenges in implementing a regular sensor monitoring system in industrial furnaces and how can they be addressed?,2
What specific preventive maintenance practices would you recommend to ensure sensors in industrial furnaces continue to function correctly?,2
Can you provide examples of catastrophic events that can be prevented through this approach?,2
How can predictive maintenance in industrial furnaces benefit from understanding the limitations of unsupervised anomaly detection techniques?,2
How does a detailed Failure Modes and Effect Analysis (FMEA) help in identifying and preventing specific failure modes in industrial furnaces?,2
Can you provide any data or case studies to support the claim that regular monitoring of KPIs leads to increased customer satisfaction and profitability in industrial furnace operations?,2
"What are the specific challenges with the existing maintenance and operation systems, and how can an anomaly detection model address these limitations?",2
How are the repair and maintenance procedures different for burner failure and refractory degradation?,2
"How will the model's performance be evaluated and reported to stakeholders, and what are the expected timelines for these evaluations?",2
"What are the potential consequences of using a suboptimal set of evaluation metrics, and how might this impact the overall success of the anomaly detection model in an industrial furnace setting?",2
Are there any specific event logs or patterns in event logs that are indicative of an impending heating element failure?,2
Can you provide more details on the specific encryption methods that are recommended for securing industrial IoT systems?,2
"How can the severity of failures in industrial furnaces be assessed and quantified, and how can this information be used to prioritize maintenance and inspection efforts?",2
"How can the anomaly detection model be used to predict and prevent mechanical failures in industrial furnaces, and what measures can be taken to ensure accurate prediction?",2
"How do high temperatures impact the performance of industrial furnaces, and what are the common failure modes due to thermal stress and degradation?",2
"How can pressure sensor data be integrated with temperature, vibration, and acoustic signals to develop a comprehensive predictive maintenance model for industrial furnaces?",2
"How is the performance of the anomaly detection model evaluated, and what metrics are used to assess its effectiveness in predicting and preventing failures?",2
"Can temperature spikes cause immediate equipment failure, or do they contribute to long-term degradation?",2
Can you provide more details on the specific environmental factors and operational parameters that should be considered when identifying relevant features for the anomaly detection model?,2
How can regular preventive maintenance inspections help detect issues related to mechanical wear or electrical/mechanical failures?,2
How do you ensure that the analysis is robust to noise and other quality issues in the data from industrial furnaces?,2
How can a proactive approach to sensor maintenance lead to significant cost savings in industrial furnace operations?,2
What are the various maintenance actions that can be taken to address a failure in an industrial furnace?,2
"How can the anomaly detection model be integrated with existing maintenance and inspection practices, and what are the potential benefits and drawbacks of this integration?",2
"How can log loss be used to identify specific failure modes or types of anomalous behavior in industrial assets, rather than just detecting anomalies in general?",2
What are the common causes of worn-out or damaged components in industrial furnaces and how can they be prevented?,2
How is the severity and detectability of failures determined and rated in the furnace's operation?,2
What specific steps are involved in implementing predictive maintenance for industrial furnaces?,2
"What role does user education and training play in the security of industrial IoT systems, and what are the best practices for providing this training?",2
"What specific process variables, alarms, and diagnostics are commonly used to detect control system failures in industrial furnaces?",2
How does the maintenance history of the equipment affect the anomaly detection model and what specific maintenance activities should be logged and tracked?,1
How is the anomaly detection model integrated into the overall maintenance and repair process for industrial furnaces?,2
What specific environmental factors have the most significant impact on industrial furnace performance and failure?,2
How do baffles and shields help in the uniform distribution of heat in industrial furnaces?,2
Can you provide examples of software bugs and hardware failures that can cause industrial furnace failures?,2
Can you provide more information on the maintenance records that can be used to build predictive maintenance models for industrial furnaces?,2
"Have you considered using other noise reduction techniques, such as moving median or Kalman filtering, for the sensor data from industrial furnaces? If not, why?",2
What are the critical components of an industrial furnace that can fail and cause operational disruptions or safety concerns?,0
Are there any specific data integration challenges that need to be addressed when working with data from sensors in an industrial furnace environment?,2
"Can you provide examples of different types of failures in industrial furnaces, and how their severity and detectability can vary?",2
Can you provide an example of how parallel coordinate plots can be used to visualize the relationships between multiple variables in the sensor data?,2
What measures can be taken to ensure the timely detection of failures and reduce the risk of false alarms?,2
"How can the anomaly detection model help optimize maintenance activities beyond predicting failures, such as in scheduling or resource allocation?",2
Are there any specific data governance or management policies that need to be considered when building and deploying the anomaly detection model?,1
How do different monitoring systems compare in their ability to detect sensor failures in industrial furnaces?,2
How can we measure and quantify the impact of false positives and false negatives in industrial anomaly detection models?,2
Are there any specific threshold values for temperature sensors that can help detect refractory lining failure?,1
Can you provide more information on the specific common failure modes or issues with industrial furnaces?,2
Can you share any examples of how detecting and addressing anomalies early helped prevent failures and improve furnace efficiency in the past?,2
How can data scientists determine the detectability ratings and severity levels of different degradation mechanisms in industrial furnaces?,2
What role do regulations and standards play in ensuring the safe and efficient operation of industrial furnaces?,2
How can the severity of equipment failures due to temperature and humidity fluctuations be accurately quantified in the model?,2
How can regular inspections and testing help prevent unplanned downtime and financial losses in industrial furnaces?,2
How can we effectively communicate the performance of the anomaly detection model to stakeholders who may not be familiar with the evaluation metrics being used?,2
Can you elaborate on the types of emissions that are typically monitored and why?,2
How does predictive maintenance help to improve overall maintenance for industrial furnaces?,2
How can wearable technology be used to monitor the condition of industrial furnaces and alert operators to potential failures?,2
"What are the regulatory requirements and standards related to temperature monitoring and control in industrial furnaces, and how do they impact the design and operation of these systems?",2
"Can you explain how precision, recall, and F1 score are calculated for the anomaly detection model?",1
How can predictive maintenance models be continuously improved and updated to ensure that they remain accurate and effective over time?,2
How frequently should sensor data be collected to ensure early detection and prevention of furnace component degradation?,2
What are the best practices for implementing and deploying these anomaly detection models in real-world industrial furnace settings?,2
What are the potential limitations of using unsupervised learning techniques for anomaly detection in industrial furnaces?,2
"What are the common reasons for sensor failures in industrial furnaces, and how can data scientists help in identifying these failures using data analysis techniques?",2
"Can you provide more information about the typical operating conditions of the industrial furnace, such as pressure, flow rates, and other relevant parameters?",1
"What are the potential challenges in integrating the anomaly detection model with existing maintenance and inspection procedures, and how can they be addressed?",2
Can you explain the role of fuel regulators in ensuring proper fuel flow rates and preventing issues related to fuel supply?,2
"What are some emerging trends in sensor technology for industrial furnaces, and how do they have the potential to impact the monitoring and optimization of furnace operation?",2
How do vibration and noise levels in the furnace impact its performance and potential failure?,2
What measures can be taken to ensure the quality and quantity of data collected from the industrial furnace?,2
What are the industry-specific standards that need to be considered when deploying an anomaly detection model for industrial furnaces?,2
How do operating conditions impact the performance and longevity of industrial furnaces?,2
How can data scientists assist in identifying potential software vulnerabilities and bugs in industrial furnace control systems?,2
"What are the consequences of not performing regular inspections, calibrations, and preventive maintenance tasks in industrial furnaces?",2
"Can the anomaly detection model be customized or configured to specific types of industrial furnaces or applications, and what factors are considered in the customization process?",2
What are the potential impacts of false negatives and false positives in anomaly detection models for industrial furnaces?,2
"How do the types of flow rate sensors, such as turbine flow meters, vortex flow meters, and mass flow controllers, impact the choice of preventive maintenance strategies in industrial furnaces?",2
"How can the KS test be integrated with other performance evaluation metrics, such as precision, recall, or F1 score, to provide a more comprehensive assessment of anomaly detection models in industrial furnaces?",2
What are the most common types of temperature sensors used in industrial furnaces and what are their advantages and disadvantages?,2
How does proactive maintenance help in reducing maintenance costs in the long run?,2
"How can the anomaly detection model be updated and maintained to adapt to changing operating conditions, such as new types of materials or processing methods, in industrial furnaces?",2
How do pressure sensors measure pressure changes in the combustion chamber to detect ignition system failures?,2
"What are the key challenges in developing robust predictive models for industrial furnaces, and how can they be addressed?",2
How do regular inspections and maintenance help detect and address signs of degradation in industrial furnaces?,2
"Can you provide more details on the impact of thermal degradation, corrosion, and mechanical wear on the different components of industrial furnaces?",1
"What are the potential limitations and challenges of using anomaly detection models in industrial settings, and how can they be addressed or mitigated?",2
Can you provide any examples of real-world scenarios where pressure sensor data was used to detect and prevent ignition system failures in industrial furnaces?,2
"Can you explain how log loss calculates the predicted probabilities of each data point, and how this differs from other evaluation metrics like accuracy, precision, recall, and F1 score?",2
"How can pressure sensor data and other monitoring tools help ensure the safe and efficient operation of the furnace, and what are the specific benefits of using these tools for predictive maintenance?",2
"Can you provide examples of specific failure modes that have occurred in industrial furnaces, and how the FMEA process was used to prevent or mitigate these failures?",2
What are the potential consequences of delayed detection of refractory lining failure?,2
"What are the common sources of sensor inaccuracies in industrial furnaces, and how can they be addressed?",2
"What are the specific sensor types used in industrial furnaces for temperature, combustion, atmospheric, and pressure control?",2
Can you suggest any specific performance metrics or evaluation methods to assess the accuracy and effectiveness of the anomaly detection model?,2
What are the potential consequences of selecting a data storage and analysis system that does not meet the required features and capabilities?,2
"How can the anomaly detection model's continuous monitoring be effectively implemented, and what are the specific challenges in this process?",2
What are the specific data retention policies that should be in place and why are they important for the anomaly detection model's success?,2
How can data scientists ensure that the machine learning algorithms used to monitor the condition of industrial furnaces are accurate and reliable?,2
What strategies can be employed to maintain and update the labeled data and synthetic anomalies as the industrial furnace evolves or new components are added?,2
Are there any specific industry standards or regulations that need to be considered when conducting an FMEA analysis and developing a preventive maintenance plan for an industrial furnace?,2
What are the potential cost savings and efficiency gains from implementing predictive maintenance using sensor data in industrial furnaces?,2
How does regular inspections and maintenance help in reducing downtime and maintenance costs in industrial furnaces?,2
Can you explain the role of thermal stress in the failure mode of overloading of electrical circuits?,2
What are the challenges in identifying the underlying causes of failures in industrial furnaces?,2
"In the context of industrial assets, how can domain-specific considerations be incorporated into the model selection process, and how does a multi-metric approach facilitate this?",2
How can data from sensors be used to monitor and improve the overall lifespan of the industrial furnace?,2
How do different types of materials being processed in the furnace affect the severity and detectability of failures during steady-state operation and shutdown?,2
"What are the specific consequences of a malfunctioning refractory lining, burners, furnace shell, refractory anchors, or insulation in an industrial furnace?",2
How can the subject matter expert provide feedback to improve the accuracy and reliability of the anomaly detection model?,2
What are the potential challenges and limitations of using machine learning and artificial intelligence techniques in sensor data analytics for industrial furnaces?,2
What are the consequences of not ensuring sensor accuracy in industrial furnaces?,2
"What are the future directions for research and development in real-time failure detection for industrial furnaces, and how does the anomaly detection model contribute to these advancements?",2
How can the labeled data and synthetic anomalies be validated to ensure they align with real-world data and expert knowledge?,2
Can you provide some examples of abnormal patterns or trends in sensor data that may indicate a fault or failure in the furnace?,1
"What are the potential consequences of undetected failures in industrial furnaces, and how can the anomaly detection model help mitigate these risks?",2
Can you provide examples of past failures in industrial furnaces and their root causes?,1
"What are the potential consequences of regulatory non-compliance in industrial furnaces, and how can they be mitigated?",2
How do the manufacturer's guidelines and recommendations for sensors in industrial furnaces differ based on the specific furnace model and application?,1
Can you provide examples of specific cases where preventive maintenance measures have prevented failures and improved the reliability of industrial furnaces?,2
Can you provide any specific examples of sensor failure in industrial furnaces and the consequences of such failures?,2
"How does the anomaly detection system ensure data accuracy and reliability, and what measures are taken to prevent false positives or false negatives in anomaly detection?",2
"How can you ensure that sensors, transmitters, control logic, algorithms, interlocks, safety systems, wiring, and connections are secure and functioning correctly in an industrial furnace's control system?",2
How does the anomaly detection model provide a proactive approach to monitoring and maintaining the industrial furnace's air supply and exhaust systems?,2
How do the key insights from the analysis of historical data help in predicting and preventing failures?,2
Can you provide more details on the types of physical security measures that are most effective in securing IoT devices and data?,2
"Can you provide more details on how regular calibration, cleaning, and replacement of sensors can prevent sensor failures in industrial furnaces?",2
Can you provide examples of anomalies in industrial furnaces that can be detected using sensor data?,2
How can the maintenance personnel be trained to proactively address potential issues based on the anomaly detection model's output?,2
Can you provide examples of common failure modes in industrial furnaces and how they affect the overall performance and reliability?,1
How does regular inspection of the furnace lining help in ensuring the safe and reliable operation of industrial furnaces?,2
What specific data points should be monitored in real-time to identify potential issues with industrial furnace components?,2
How does the collection pattern of sensor data impact process control and optimization in industrial furnaces?,1
How can the severity of failures in industrial furnaces be quantified and prioritized in a risk assessment and maintenance program?,2
How is the selected time interval for data collection validated and verified in practice?,2
Are there any other data validation or verification techniques that you would recommend for ensuring the accuracy and reliability of the anomaly detection model in the context of industrial furnaces?,2
What methods can be used to improve the detectability of equipment failures due to temperature and humidity fluctuations?,2
How can we ensure that the anomaly detection model provides a clear and actionable narrative on the operation and performance of the industrial furnace?,2
What are the most common failure modes found in the heating element of an industrial furnace and how can they be prevented?,2
What topics are typically covered in training and awareness programs for proactive maintenance?,2
How do pressure sensors help in preventing pressure deviations in industrial furnaces and what are the potential consequences of not monitoring the pressure levels?,2
What are the key performance indicators that should be used to assess the performance and efficiency of the industrial furnace?,2
Can you provide examples of how historical data analysis can help identify degradation mechanisms in industrial furnaces?,2
How can the implementation of a robust predictive maintenance program impact the overall financial performance of industrial furnace operations?,2
How will the model distinguish between normal variations in furnace operation and potential failure indicators?,2
"How can industries implement a proactive maintenance program for industrial furnaces, and what benefits can be expected from such a program?",2
How is the criticality of sensor data determined and what role does it play in selecting backup and recovery mechanisms?,2
What are the recommended maintenance practices to prevent excessive refractory erosion due to thermal cycling and mechanical stress?,2
"How is historical data on failures and maintenance collected and analyzed in the industry, and how can it be used to improve the anomaly detection model?",2
What are the key performance indicators that can be used to monitor the health of industrial furnaces?,2
What are the best practices for monitoring and timely replacement of components in industrial furnaces to ensure their safe and efficient operation?,2
How can we determine the optimal length of time to monitor the system for detecting gradual degradation or intermittent failures?,2
How does maintaining accurate documentation contribute to the overall maintenance strategy for sensors in industrial furnaces?,2
"Are there any challenges or limitations in using sensor data to predict and prevent failures in industrial furnaces, and how can they be addressed?",2
"How is the performance of the current monitoring system evaluated, and what metrics are used to measure its effectiveness?",1
How can data scientists prioritize the most crucial insights provided by predictive maintenance models to optimize the performance of industrial furnaces?,2
How can the impact of control system failures in industrial furnaces be further minimized through the use of backup systems or other redundancy measures?,2
What are the potential consequences of not performing regular FMEAs on industrial furnaces and heating elements?,2
"What measures can be taken to ensure the accuracy of the anomaly detection model in identifying potential issues, and how can this information be presented in an actionable way to maintenance teams?",2
What specific data sources are used to monitor the operating conditions of industrial furnaces?,2
Can you provide more details about the specific physical principles that govern the behavior of the industrial furnace?,2
What are the key factors considered in the Failure Modes and Effects Analysis (FMEA) for industrial furnaces?,2
Can you provide any specific examples where regular monitoring of KPIs has significantly improved the performance and reliability of industrial furnaces in various industries?,2
"What are some common failure modes in industrial furnaces, and how do they manifest in the data collected by sensors?",2
How can the model's temperature fluctuation alerts be used to improve the overall performance and lifespan of industrial equipment?,2
"Can you provide examples of proactive maintenance strategies for industrial furnaces, and what benefits they offer?",2
How can data scientists use machine learning algorithms to detect anomalies and predict failures in industrial furnaces?,2
How will the model's accuracy in detecting anomalies be measured and validated?,2
What are the key performance metrics that should be tracked to evaluate the effectiveness of anomaly detection models in industrial furnaces?,2
"How can data from temperature sensors be used to predict heating element failure before it occurs, and what algorithms or techniques are commonly used for this type of predictive maintenance?",2
What are the benefits of using failure codes in an FMEA for predicting and preventing failures in an industrial furnace?,2
How can regular inspections and maintenance detect failures before they happen in industrial furnaces?,2
Can you provide examples of specific anomalies that have been detected and addressed using sensor data analysis in industrial furnaces?,2
How can data be collected and analyzed from temperature monitoring equipment to identify trends and predict potential temperature-related failures?,2
Are there any specific challenges or limitations you have encountered when using historical data for anomaly detection in furnaces?,2
"How do maintenance practices for pressure sensors, such as piezoelectric, strain gauge, and capacitance sensors, differ in industrial furnaces?",2
"What specific information about the furnace's components, sub-components, and failure modes is most useful for conducting an FMEA?",2
How does the organization prioritize the maintenance tasks and allocate resources for the same?,2
How do differences in the quality and reliability of data from different sensors impact the performance of machine learning algorithms in detecting anomalies in industrial furnaces?,2
What are the challenges associated with identifying and monitoring failure modes in older equipment?,2
How do safety requirements impact the selection of warning limits for sensors in industrial furnaces?,2
Can the anomaly detection model be integrated with existing control systems and maintenance workflows for industrial furnaces?,2
How will the outcomes of the anomaly detection model be measured and communicated?,2
Can you provide examples of synthetic anomalies that have been used in the past for similar projects?,1
How do regular calibration and wear checks contribute to maintaining sensor health and reliability in industrial furnaces?,2
"How can we ensure the integrity of the sensor data, both during transmission and at rest?",1
Can you explain how the results of an FMEA analysis can be used to improve the overall design of an industrial furnace?,2
"What are the potential consequences of not addressing an anomaly detected by the model, in terms of safety, maintenance costs, and downtime?",1
"In what ways does Reliability Centered Maintenance (RCM) help optimize furnace maintenance, and what are its key principles?",2
How can the sensitivity of the anomaly detection model be adjusted to improve detectability of failures?,2
"How do maintenance and operation personnel currently monitor and maintain the industrial furnace, and how would an anomaly detection model fit into these existing procedures?",2
How can data from sensors be used to monitor and improve the overall efficiency of the industrial furnace?,2
How often should the FMEA process be reviewed and updated to ensure it remains effective in preventing failures and ensuring compliance?,2
Can you explain the role of the control system in determining the data collection time interval?,2
How does the detectability of potential failure modes factor into the FMEA analysis?,2
How can operators measure the effectiveness of the reliability measures they implement in their industrial furnaces?,2
What are the potential ethical and legal considerations when developing an anomaly detection model for older industrial equipment?,2
How can sensor data be used to build an anomaly model for predictive maintenance and monitoring of industrial furnaces?,1
"What are the safety risks associated with anomalies in sensor data collection patterns in industrial furnaces, and how can they be mitigated?",2
How often should fuel filters and fuel injectors be inspected and replaced to maintain efficient furnace operation?,2
How can data analysis and machine learning algorithms be used to predict and prevent failures in industrial furnace temperature sensors and control systems?,2
Can you explain the benefits of implementing a preventive maintenance program for industrial furnaces?,2
What are the potential consequences of deviations from emissions and pollutant limits for industrial furnaces?,1
How can the implementation of predictive and condition-based maintenance strategies contribute to the overall efficiency and sustainability of industrial operations?,2
Can you provide more information on the proactive maintenance approach for industrial furnaces based on the predictive model?,2
Are there any specific industries or types of industrial furnaces that are at a higher risk of negative outcomes due to lack of proper FMEA and adherence to safety regulations?,2
How is the FMEA reviewed and updated regularly as part of a reliability program?,2
Can you provide more details on how data normalization and drift compensation techniques can improve the accuracy of the anomaly detection model?,2
How does vibration monitoring help in predicting and preventing sensor failures in industrial furnaces?,2
How can we ensure that the model remains effective in detecting anomalies in real-time?,2
What are the benefits of conducting an FMEA analysis on the heating element and other components of an industrial furnace?,2
Can you provide examples of energy-saving measures implemented based on the analysis of sensor data?,2
"Can you explain in detail the degradation mechanisms such as corrosion, oxidation, and thermal shock that affect sensors in industrial furnaces?",2
Can you provide any additional regulatory or industry standards that should be considered when building an anomaly detection model for our industrial furnace?,2
How can advanced data analysis techniques be used to effectively monitor and analyze sensor data from industrial furnaces?,2
"Can you explain more about the ""Thermal Stress"" failure mode and its impact on the furnace lining?",2
What are the best practices for developing a robust preventive maintenance program for industrial furnaces?,2
How do regular maintenance and inspections help in detecting failures in industrial furnaces?,2
What are the potential consequences of ignoring ethical considerations in the development and deployment of predictive maintenance and anomaly detection models?,2
"What are the best practices for presenting and communicating the results of histograms and trending analysis to stakeholders, including management, operations, and other maintenance teams?",2
How can the data from the sensor system be integrated with other operational data in the industrial furnaces to provide a more comprehensive view of the system performance?,2
"What specific temperature ranges can cause the refractory lining to degrade, and what steps can be taken to prevent this type of failure?",2
How do chemical attacks contribute to burner failures in these industries?,2
Can you explain how pressure drop is measured and monitored in continuous industrial furnaces and how it relates to the FMEA and the KPIs?,2
What are the future directions and opportunities for research and development in the area of combining SPC methods and machine learning algorithms for anomaly detection in industrial furnaces?,2
What are the key performance indicators (KPIs) used to measure the effectiveness of the anomaly detection model in industrial furnaces?,2
What are the common energy efficiency improvement strategies using sensor data analytics in industrial furnaces?,2
Can you provide examples of operational constraints that need to be considered when developing an anomaly detection model for industrial furnaces?,2
What are the common causes of temperature gradients in industrial furnaces and how can they be corrected?,2
"What are the challenges in implementing a maintenance and inspection plan for the control system components, and how can they be addressed?",2
What are the best practices for maintaining industrial furnaces and ensuring their longevity and reliability?,2
Can you provide examples of common failure modes found in industrial furnaces?,2
Could you explain how managing chemical exposure can help prevent refractory degradation in industrial furnaces?,2
What are the potential issues that can arise from prolonged deviations from the setpoint temperature in industrial furnaces?,1
"What are the typical consequences of failure severity in industrial furnaces, and how can they be minimized?",2
What are the potential impacts of undetected failures in industrial furnaces and how can anomaly detection models help to mitigate these risks?,2
Can temperature sensor data be integrated with other operational data to improve predictive maintenance in industrial furnaces?,2
"Have there been any past failures in the industrial furnace, and how can the anomaly detection model help to detect or prevent similar failures in the future?",1
How is finite element analysis used to simulate the behavior of industrial furnaces?,2
Can you provide examples of abnormal behavior detected by the anomaly detection models in industrial furnaces?,2
"How does the difference in failure modes between resistance wire, heating coil, and ceramic heater affect the FMEA and the KPIs in industrial furnaces?",2
What are the current trends and future directions in the field of anomaly detection in industrial furnaces?,2
What are the benefits of having a well-planned preventive maintenance program for an industrial furnace?,2
How can predictive and preventive maintenance programs help in detecting and preventing failures in industrial furnaces?,2
Can you explain the process for validating and verifying the accuracy of the anomaly detection model?,2
"Can the severity of the failure modes in the ignition system and air/fuel ratio control component be reduced if detected early, and what are the recommended actions to take in such cases?",2
"What are the key considerations for ensuring the safe and efficient operation of an industrial furnace, and how can an anomaly detection model help in this regard?",2
"What are the regulatory requirements and standards for sensor maintenance and monitoring in industrial furnaces, and how can they be met?",2
"Are there any specific environmental factors that can accelerate the wear and tear of the sensors, leading to potential failure?",2
How can we ensure that the anomaly model is robust and can detect a wide range of potential failures?,2
How can pattern recognition techniques be used to detect faults in industrial furnace sensor data?,2
Are there any specific temperature and pressure ranges that are more critical than others in detecting anomalies in industrial furnaces?,2
Can you provide examples of real-life use cases where the choice of tools and platforms significantly impacted the success of industrial furnace data analysis initiatives?,2
How can the data scientist validate the effectiveness and reliability of the anomaly detection model in predicting failures in industrial furnaces?,2
Can you explain the process of developing an anomaly detection model for industrial furnaces?,2
How can data scientists use the data collected from pressure sensors in industrial furnaces to improve their performance and reliability?,2
"What are the challenges in effectively utilizing sensor data for industrial furnaces, and how can they be addressed?",2
"How do the vibration sensors detect abnormal vibrations, and what are the common causes of abnormal vibrations in industrial furnaces?",2
"What are the best practices for continuous monitoring of anomaly detection models in industrial furnaces, and how do you ensure their accuracy and reliability over time?",2
"Can you explain the relationship between regular inspections, testing, and preventive maintenance in identifying and addressing potential failure modes in industrial furnaces?",2
Can you provide more details on how failure codes are assigned to specific anomalies detected in the system?,2
"Can you provide any examples of industrial furnace failures caused by insulation or heating system issues, and how were they addressed?",2
How can the true positive rate be improved to ensure that all failures are detected?,2
What are the critical components in industrial furnaces that are prone to mechanical failures and what preventive measures can be taken?,1
How can hardware failures in industrial furnaces be detected and prevented?,2
Can you explain the impact of reducing false positives on the overall accuracy of the FMEA model?,2
Can you provide examples of specific temperature control issues that can be prevented with high-frequency sensor data collection?,2
How can we validate and verify the effectiveness of the anomaly detection model in the absence of labeled data?,1
"What are the most common causes of sensor inaccuracy or imprecision in industrial furnaces, and how can they be addressed?",2
How can operator knowledge be utilized to improve overall reliability and maintainability of the industrial furnace?,2
What types of sensors are typically used to monitor the condition of industrial furnaces?,2
What are the best practices for monitoring and analyzing sensor data in industrial furnaces?,2
How can the use of specialized equipment help mitigate the risks associated with environmental factors in industrial furnaces?,2
How can organizations ensure data privacy and security when implementing a data analysis program for industrial furnaces?,2
"What are the typical mechanical failures observed in industrial furnaces, and what steps can be taken during inspections to identify and address them?",2
What are the potential risks associated with incomplete combustion in industrial furnaces?,2
How can organizations optimize their maintenance schedules and reduce maintenance costs through data analysis for industrial furnaces?,2
How can organizations balance the need for data collection and analysis with the need to protect individual privacy and confidentiality in the context of predictive maintenance and anomaly detection?,2
"How does the operating environment, such as temperature and humidity, impact the equipment and how can this be accounted for in the anomaly detection model?",1
"How can data scientists work with subject matter experts to ensure that the condition monitoring systems they develop are interpretable, auditable, and aligned with industry regulations?",2
Can you explain the process of root cause analysis and how it can be applied to sensor failures in industrial furnaces?,2
How can data from sensors be used to improve the overall quality of the products being produced in the industrial furnace?,2
How often should the maintenance schedule be reviewed and updated to ensure it remains effective in preventing failures and reducing downtime?,2
"What are the safety risks associated with industrial furnace failures, and how can they be mitigated?",2
What specific maintenance practices do you recommend to prevent temperature control system failure?,2
"How can the anomaly detection model be scaled up or down to accommodate different sizes and types of industrial furnaces, such as small-scale laboratory furnaces or large-scale manufacturing furnaces?",2
How can the approach be adapted for use in other industrial equipment or systems?,2
Can you provide more details on the types of energy-efficient technologies available for industrial furnaces and how they can help reduce fuel consumption and maintenance costs?,2
Can you discuss the process of integrating the anomaly detection model into the existing maintenance and safety protocols?,2
How does sensor data analysis help in improving the energy efficiency of industrial furnaces?,2
Can you provide examples of the types of preventive maintenance activities that are performed to ensure compliance?,2
Can you give examples of how normalization and transformation techniques can be applied to sensor data from an industrial furnace?,2
Can you explain the benefits of a proactive and preventive approach to industrial furnace maintenance?,2
What are the key factors to consider when selecting a communication protocol and data format for integrating the anomaly detection model with industrial furnace monitoring and control systems?,2
"Can you provide more details on how SPC methods, such as the Shewhart control chart and the Cusum chart, were used to monitor the temperature of an industrial furnace in the metallurgical industry?",2
What are the specific sensor data points that would be most useful in detecting anomalies in industrial furnaces?,2
How are the severity and occurrence ratings determined for each failure mode in the FMEA process?,2
How do targeted maintenance strategies prevent failures in industrial furnaces?,2
Can you provide examples of specific anomalies that the anomaly detection model has been trained to detect in industrial furnace systems?,2
How can predictive maintenance be effectively implemented using the sensor data analytics system in industrial furnaces?,2
Are there any legal or ethical considerations that need to be taken into account when building and deploying the anomaly detection model?,1
How can data analysis be used to identify and prevent potential hazards in industrial furnace operations?,2
Can you provide more information on the specific degradation mechanisms that contribute to ageing in the furnace components?,2
What measures can be taken to prevent damage to the furnace when an anomaly is detected?,2
How can regular monitoring and analysis of sensor data help maintain the furnace's performance and extend its lifespan?,1
How can data be collected and analyzed to monitor the efficiency and effectiveness of the furnace's production rate?,2
Can you discuss any specific case studies where predictive maintenance has helped prevent furnace failures in your industry?,1
"How is Failure Modes and Effects Analysis (FMEA) conducted, and what are its benefits in the context of furnace maintenance?",2
How can the organization balance the need for predicting and preventing failures with the legal and ethical considerations of the model?,2
"What are the potential consequences of failing to detect an anomaly in a timely manner, and how can we prioritize alerts to ensure that the most critical issues are addressed first?",2
What are the specific safety risks associated with unattended anomalies in industrial furnaces?,2
"What features of data visualization tools like Tableau, Power BI, and Grafana make them particularly well-suited for communicating the results of an anomaly detection model for an industrial furnace?",2
"What methods are currently used for post-failure analysis of sensor data, and how can the anomaly detection model enhance these methods?",1
"How can a holistic approach to predictive maintenance help operators maximize furnace performance, reduce maintenance costs, and enhance overall productivity?",2
What are the specific temperature ranges that are considered safe and unsafe in industrial furnaces?,2
"Can you explain the differences in measurement ranges and accuracies between thermocouples, RTDs, and thermistors used in temperature sensors?",1
What are the potential consequences of not following recommended maintenance practices for sensors in industrial furnaces?,2
Are there any industry standards or regulations related to heating element maintenance and temperature sensor data monitoring in industrial furnaces?,2
What are the standard and custom APIs that the new system should support for integration with other industrial and enterprise systems?,2
What are the key elements of an effective emergency response plan for control system failures in industrial furnaces?,2
How is root cause analysis used to identify the underlying causes of industrial furnace failures?,2
What specific methods or tools are commonly used to identify potential issues in industrial furnaces before they become major problems?,2
What are the best practices for scheduling maintenance activities and replacing components in industrial furnaces to ensure their longevity and optimal performance?,1
What specific inspection and maintenance activities can be performed to detect and prevent failures in industrial furnaces?,2
What are the challenges in implementing a regular review and update process for the FMEA model in an industrial setting?,2
"Can you explain the relationship between mechanical stresses, corrosion, and other degradation mechanisms in causing Mechanical Component Failure (MCF) in industrial furnaces?",2
Can you explain the difference between drift and shift in the context of oxygen sensor failure modes?,2
How can organizations ensure that sensor data analytics results are actionable and relevant to the decision-making process in industrial furnaces?,2
What are the potential limitations and challenges of using anomaly detection models for predicting and preventing failures in industrial furnaces and other critical assets?,2
"What are the common causes of temperature excursions and inadequate fuel supply in industrial furnaces, and how can they be prevented?",2
"How does thermal cycling cause degradation in heating elements, and what measures can be taken to mitigate this issue?",2
"Can you explain the existing monitoring and maintenance procedures for the industrial furnace, and how can we use this information to develop the anomaly detection model?",2
"Can you provide some examples of common failure modes in industrial furnace operations, apart from temperature fluctuations, that the anomaly detection model should focus on?",2
"How can sensitivity to specific aspects of industrial asset anomaly detection be improved by using a combination of evaluation metrics, and what benefits does this provide in terms of model performance and reliability?",2
How can the sensitivity of sensor data be assessed to determine the appropriate level of protection needed?,2
How do the security measures for industrial IoT systems differ from those for traditional IT systems?,2
How can the data from strain gauge and capacitance sensors be integrated and analyzed to provide more accurate and reliable pressure measurements?,2
How can data scientists ensure that the anomaly detection model is aligned with the organization's values and ethical principles?,2
"How do piezoelectric sensors achieve their fast response time, and what are the practical implications of this feature in various applications?",2
What measures can be taken to minimize the risk of disruptions during software updates?,2
What are the most critical components in these furnaces that are prone to wear and tear or aging issues?,2
What are the best practices for selecting refractory materials that are resistant to the specific degradation mechanisms in a given industrial furnace?,2
"What are the potential consequences of unexpected failures in industrial furnaces, and how can an anomaly detection model help to minimize the risk of these failures?",2
What are the common methods used for data collection in industrial furnaces and how is the data typically stored and processed?,2
How do vibration sensors help in predicting equipment breakdowns in industrial furnaces and what are the common causes of such failures?,2
What are the potential consequences of not monitoring sensor data in industrial furnaces?,2
Can you provide examples of predictive maintenance strategies that have been successful in detecting potential failures in industrial furnaces?,2
What training should be provided to operators and maintenance personnel on identifying and reporting software bugs?,2
What role does automation play in reducing energy consumption in industrial furnaces?,2
What are the consequences of not meeting the regulatory and safety requirements for the industrial furnace operation?,1
"Can you provide any examples of how incorporating equipment age, usage patterns, and maintenance history data has improved the accuracy and reliability of anomaly detection models in industrial furnaces?",2
"What are the most common causes of industrial furnace failures, and how can they be prevented through early detection and intervention?",2
Can you provide examples of how the failure modes of burners and refractory lining can impact the regulatory and safety requirements for industrial furnaces?,1
Can you provide any examples of real-world applications or case studies where data validation and verification techniques have been effectively used to improve the performance of anomaly detection models in industrial settings?,2
"How can the operating conditions and maintenance schedule impact the performance of the anomaly detection model, and what measures can be taken to ensure optimal detection in varying conditions?",2
How can data-driven techniques be used to predict and prevent degradation of critical components in industrial furnaces?,2
What are the specific temperature ranges that indicate a potential issue with the temperature control system in the industrial furnace?,2
How can data visualization techniques support the analysis of sensor data and anomaly detection models in industrial furnaces?,2
Can you provide any specific examples of how an anomaly detection model has been successfully implemented in other industrial furnaces?,2
How can the data collected from the furnace be visualized and what tools are commonly used for this purpose?,2
"How often should maintenance be performed on industrial furnaces, and how can predictive maintenance strategies impact this frequency?",2
"How does the model ensure that failures are detected at an early stage, before they become critical?",2
"What are the challenges in implementing real-time monitoring and analysis of sensor data in industrial furnaces, and how can they be addressed?",2
How can the anomaly detection model be validated and verified to ensure its accuracy and reliability in detecting anomalies in industrial furnaces?,2
How is decreased efficiency in an industrial furnace measured and quantified?,2
"What are the most common causes of refractory lining failure, burner failure, control system failure, and mechanical failure in industrial furnaces?",2
How can data from the monitoring of temperature and other parameters be used to predict and prevent the degradation mechanism that can lead to failure?,2
What specific sensor data can be used to detect refractory and insulation degradation in industrial furnaces?,2
How can regular software updates and operator training help prevent control system failures in industrial furnaces?,2
Can you provide any case studies or examples of successful sensor data monitoring and analysis in industrial furnaces?,2
"Can data scientists use machine learning algorithms to predict sensor failures in industrial furnaces, and what type of data would be required for training and testing these models?",2
What specific design features can help minimize mechanical stress on refractory materials in industrial furnaces?,2
How can the use of FMEA help in identifying potential failure modes in industrial furnaces other than the one mentioned in the summary?,2
What are the specific temperature sensor types used in industrial furnaces and how do they contribute to accurate temperature control?,2
What specific types of sensors are commonly used in industrial equipment and how do they deteriorate over time?,2
Can you provide more details on the industry standards that can be used to build anomaly detection models for industrial furnaces?,2
How do equipment age and usage patterns interact to impact the likelihood of anomalies in the furnace?,1
What are the potential risks of ignoring damaged or missing insulation in industrial furnaces?,2
How do safety interlocks and pressure relief devices contribute to the safety of industrial furnaces as per NFPA standards?,2
"What are the common challenges in evaluating the performance of predictive maintenance models for industrial furnaces, and how can they be addressed?",2
How can the severity of temperature control system failure be minimized?,2
Can you provide examples of predictive maintenance strategies that can be implemented using automation and digitalization?,2
Can you provide any specific examples of how the FMEA has helped prevent failures in the past?,2
Can you provide more details on the specific patterns or trends in the sensor data that indicate potential failure?,2
Can you provide examples of how the specific asset class of industrial furnaces can impact the development of expert labels for FMEA analysis?,2
"How is sensor data used in predictive maintenance for industrial furnaces, and what types of potential problems can be identified?",2
What are the appropriate suppression equipment and procedures for dealing with fire hazards in industrial furnaces?,2
How can RCA help in detecting and addressing insulation problems that contribute to temperature fluctuations in furnaces?,2
"Can the model be used to detect degradation in other components of the industrial furnace, in addition to insulation?",2
"What are the expected outcomes of the anomaly detection model? Is it expected to generate alerts, reports, or any other form of output?",0
What are the common failure modes and effects of insulation and refractory conditions in an industrial furnace?,2
"Can you explain the role of temperature, pressure, and flow rate control in preventing industrial furnace failures?",1
How is the repair process triggered and what methods are used to correct errors or inconsistencies?,2
How does neglecting preventive maintenance contribute to equipment failures in industrial furnaces?,2
Can you provide any specific examples of temperature-related issues in industrial furnaces and how they were detected and resolved?,1
"How can industrial furnaces be designed and constructed to minimize thermal degradation, corrosion, and mechanical wear, and what materials and technologies are available for this purpose?",2
What types of sensors and data sources are commonly used in predictive maintenance and anomaly detection for industrial furnaces?,2
Can you discuss any new technologies or advancements in sensors and sensor maintenance that can help improve regulatory compliance and furnace operation?,2
What strategies can be employed to minimize the consequences of sensor failure and improve the overall resilience of industrial furnace systems?,2
"What are the emerging trends and future developments in sensors and monitoring systems for industrial furnaces, and how can organizations stay up-to-date with the latest technology and best practices?",2
"What are the challenges in setting up alerting and notification systems based on sensor data, and how can these challenges be addressed?",2
How can the learnings from a failure in an industrial furnace be used to review and update the FMEA?,2
"What are the typical temperature ranges for industrial furnaces that use oxygen sensors, and how can these temperatures affect the sensor's performance?",2
How can a proactive and comprehensive approach to maintenance help ensure the safe and efficient operation of industrial furnaces?,2
How often should sensors be calibrated and tested to ensure their proper functioning and data accuracy?,2
"Can you explain the impact of temperature fluctuations, temperature gradients, and temperature overshoots on the materials being heated in the furnace?",1
How often should the chosen anomaly detection technique be evaluated and updated for industrial furnaces?,2
"What are the potential risks and ethical considerations associated with integrating an anomaly detection model into the industrial furnace systems, and how can they be mitigated?",2
"Can you provide examples of minor and catastrophic failures in pressure sensors in industrial furnaces, and how do they impact the overall system performance?",2
Can you provide examples of common failure modes in industrial furnaces and how they can be detected by the anomaly detection model?,2
"What are the key factors considered when determining maintenance costs for industrial furnaces, and how can they be minimized?",1
Can you explain how the use of failure codes in an FMEA aligns with the organization's goal of ensuring peak performance of an industrial furnace over the long term?,2
"How does the age of the furnace impact the performance of the anomaly detection model, and what measures can be taken to ensure accurate detection in older furnaces?",2
Can you explain the impact of thermal expansion and contraction on the different components of the furnace?,2
What are the most common environmental factors that can affect the sensor data in industrial furnaces?,2
Can you discuss any specific case studies or examples of successful predictive maintenance strategies in industrial furnaces?,2
How can we establish clear communication channels between the maintenance and operations teams to ensure timely identification and resolution of issues in the anomaly detection system?,2
How are pressure sensors in industrial furnaces typically calibrated and maintained to ensure accuracy and reliability?,2
Can you elaborate on how an ROC curve and AUC-ROC can be used to evaluate the overall performance of the model?,1
What are some common causes of insulation problems that can lead to heat loss and lower than expected temperatures in industrial furnaces?,2
"How do temperature effects impact the measurement accuracy of piezoelectric sensors, and what measures can be taken to mitigate these effects?",2
How can industrial furnace efficiency and fuel consumption data be used to reduce environmental impact?,2
"How do industrial furnace sensors contribute to overall safety in the manufacturing, pharmaceuticals, and chemical processing industries?",2
Can you give some examples of off-spec products or harmful byproducts that can be produced due to improper furnace operation?,2
"How does the anomaly detection system ensure compliance with environmental regulations related to emissions, and what are the specific emission limits that the system monitors?",2
What are the specific consequences of safety hazards that can occur due to industrial furnace failures?,2
What are the current trends and future developments in temperature control mechanisms and their maintenance in industrial furnaces?,2
How often should temperature sensor data be monitored to ensure early detection of heating element failure?,2
Can you provide any examples of industrial IoT systems that have successfully implemented these security measures?,2
What are the common types of burners used in industrial furnaces and what are their specific failure modes?,2
"How do these sensors contribute to maintaining regulatory compliance in industrial furnaces, and what are the potential legal and ethical implications of not using these sensors?",1
Are there any specific threshold values for temperature sensors that can help detect heating element failure?,1
How can data scientists work with subject matter experts to develop a comprehensive understanding of industrial furnaces and their maintenance needs?,2
"Can you explain the impact of uneven heating, overheating, and damage to the furnace or materials being heated in industrial furnaces due to inaccurate temperature measurements?",2
"What are the potential challenges in deploying an anomaly detection model for industrial furnaces on edge computing devices or gateways, and how can we address them?",2
Are there any known seasonality or trend patterns in the sensor data that need to be considered while building the anomaly detection model?,0
What are the potential consequences of inaccurate flow regulation in industrial furnace control systems?,2
How can we ensure that the anomaly detection model is robust to noise and outliers in the data?,1
"How is the performance of the anomaly detection model evaluated, and what metrics are used to assess its effectiveness in detecting failures in real-time?",2
"How can data scientists use the information about failure modes, reasons, and codes to develop predictive maintenance strategies?",2
How does the FMEA process differ for different types of industrial furnaces?,2
Can you explain the process of monitoring combustion efficiency in industrial furnaces?,2
How can the data collected from the temperature monitoring system be used to improve the reliability and safety of industrial furnaces?,2
How do the key components and subcomponents of industrial furnaces contribute to the likelihood and severity of failures?,2
How can the maintenance schedule be designed to ensure the safe and reliable operation of the industrial furnace?,2
Can you explain the specific threshold values for each KPI that indicate an anomaly in the industrial furnace?,2
"What are the potential consequences of not detecting and addressing temperature sensor failures in industrial furnaces, and how can these consequences be mitigated?",2
How can industrial furnace operators balance the cost of regular inspections and maintenance with the potential savings from improved energy efficiency and reduced risk of catastrophic failures?,2
How often should the privacy policy and procedures be reviewed and updated to ensure they are current and effective?,2
How often are temperature readings taken and what is the typical range of values?,2
"Are there any specific anomaly detection techniques, such as clustering, statistical methods, or machine learning algorithms, that are particularly well-suited for detecting anomalies in industrial furnaces?",2
What are the consequences of not addressing the root causes of failure modes in industrial furnaces?,2
How does the organization ensure the compliance of maintenance activities with industry standards and regulations?,2
What are the recommended steps for addressing any leakage or blockage in the cooling system to prevent failures?,2
How can the operating conditions of an industrial furnace be optimized to reduce the risk of failure?,1
"How do flow sensors such as turbine flow meters, vortex flow meters, and mass flow controllers differ in their measurement capabilities and precision?",1
What are the physical and environmental characteristics that should be taken into account when implementing security measures for industrial IoT systems?,2
"What are the key challenges in implementing machine learning algorithms for anomaly detection in industrial furnaces, and how can they be addressed?",2
"What strategies are in place to ensure close collaboration, communication, and monitoring between the data scientists and subject matter experts?",2
Can you explain the role of the control system in preventing industrial furnace failures and how it can detect potential issues?,2
What are the specific benefits of implementing predictive and preventive maintenance strategies based on condition monitoring data?,2
"How do the missing value imputation techniques affect the anomaly detection model's performance, and are there any potential biases introduced due to the imputation methods?",2
How does the use of thermal imaging technology help in detecting and preventing potential failure modes in industrial IoT systems?,2
Are there any specific failure modes related to industrial furnaces that the data scientist should be aware of while building the model?,2
What are the common causes of sensor data loss and how do the backup mechanisms address them?,2
"Can you provide more information on the factors that affect the temperature of the industrial furnace, such as pressure and humidity?",2
What are the recommended frequency of data monitoring and analysis for early detection of anomalies?,2
How can data scientists and subject matter experts collaborate to develop effective predictive maintenance models for industrial furnaces?,2
What are the key performance indicators (KPIs) that should be monitored to ensure the efficient and safe operation of industrial furnaces?,2
How can preventative maintenance strategies be optimized to reduce the risk of sensor and valve failure in industrial furnace control systems?,2
What are the specific data sources and types for the industrial furnace's sensor data?,2
How can we ensure that the training provided to maintenance personnel is comprehensive and effective in improving the model's performance?,2
What are the critical success factors for ensuring that the maintenance and operations teams can effectively maintain and operate the industrial furnace with the support of the anomaly detection model?,2
"What are some potential sources for literature reviews on industrial furnace anomalies, and what types of insights can be gained from them?",2
"How can operator knowledge help in assessing the severity and detectability of gradual degradation mechanisms, such as corrosion or thermal degradation?",2
Can you provide examples of specific anomalies in industrial furnaces that the model should be able to detect?,2
How can domain knowledge and expertise be integrated into the development of anomaly detection models for industrial assets?,2
"Are there any known limitations or challenges in building an anomaly detection model for the industrial furnace, and how can they be addressed?",1
Can you provide more details about the types of sensors used for monitoring the industrial furnace?,2
Can you explain the role of regular visual inspections in preventing industrial furnace failures?,2
"How can the anomaly detection model be used to optimize the preventive maintenance program, and what benefits could this bring in terms of efficiency and safety?",2
How can the risk of failure in industrial furnaces be quantified and monitored over time?,2
How can the team ensure that the anomaly detection model is integrated with the existing maintenance and monitoring systems?,2
How does proper spare parts management contribute to reducing maintenance costs and downtime?,2
What specific data privacy laws should be considered when deploying an anomaly detection model for industrial assets like furnaces?,2
"What are the ethical and legal considerations in using predictive maintenance strategies, particularly with regard to data privacy and security?",2
"Can you explain the specific symptoms of thermal stress, mechanical stress, and corrosion on the furnace shell?",2
"Can you provide any examples of past failures in industrial furnaces, and how they could have been detected and prevented using anomaly detection models?",2
How can continuous monitoring and evaluation of synthetic anomalies be carried out effectively to ensure they remain relevant and effective over time?,2
What specific data should be collected to assess the severity of failure modes in industrial furnaces?,2
"What are the current mean time between failures and mean time to repair for the industrial furnace, and how do they compare to industry benchmarks?",2
How can the collaboration between domain experts and data scientists be optimized to ensure the development of robust and reliable anomaly detection models for industrial furnaces?,2
"Can you provide examples of specific preventive maintenance measures that can be taken to reduce the risk of significant downtime, such as regular inspections, timely replacements, and repairs?",2
Can you provide more details on the importance of furnace insulation and design in preventing temperature control system failures?,2
What are the potential impacts of an ineffective anomaly detection model on the overall performance and safety of the industrial furnace?,2
How can the use of sensor data analysis in predictive maintenance strategies be optimized to minimize the risk of false positives and negatives?,2
"What are the potential consequences of underheating or overheating in industrial furnaces, and how can they be mitigated?",2
"Are there any advanced technologies, such as IoT devices or AI-based systems, used for monitoring and predicting insulation and heating system issues?",2
How can data preprocessing techniques like outlier detection and imputation help in dealing with sensor inaccuracies in industrial furnaces?,2
Can the anomaly detection model be used to optimize the combustion process in industrial furnaces?,2
"In the context of industrial furnaces, how can we assess the cost of false positives and false negatives, and how should these costs influence the choice of evaluation metrics?",2
How can the severity of failures in industrial furnaces be reduced through effective design and maintenance practices?,2
How do we handle class imbalance in the context of ROC curves and AUC-ROC?,2
"Are there any specific thresholds or limits for each sensor in the industrial furnace, and how are these thresholds determined?",1
What are the key performance indicators that can be used to evaluate the effectiveness of an anomaly detection system for industrial furnaces on edge computing devices or gateways?,2
Can you provide more details on the specific data preprocessing techniques that are most effective for sensor data from an industrial furnace?,2
How do temperature controllers with alarms help in effective temperature monitoring?,2
"How can the anomaly detection model contribute to improved performance, reduced downtime, and enhanced safety in the manufacturing process for industrial furnaces?",2
"What are the critical applications in industrial furnaces where real-time failure detection is essential, and how can an anomaly detection model support them?",2
"Can you provide more details about the specific sensor data being collected, such as the type of variables and their measurement units?",1
What are the potential risks and consequences of not collecting sensor data frequently enough in industrial furnaces?,2
How can monitoring current and power consumption sensors help in reducing energy costs and improving energy efficiency in industrial furnaces?,2
How do gas analysis sensors help in detecting potential failures in the furnace?,2
Can the model provide recommendations for specific maintenance actions based on the identified failure codes?,1
How does the FMEA analysis help prioritize maintenance activities and allocate resources effectively in industrial furnaces?,2
"How are the maintenance personnel trained to respond to the anomalies detected by the models, and what is the communication process between the models and the maintenance team?",2
Are there any challenges or limitations to implementing the FMEA process in industrial systems?,2
Can digital twin technology be used to simulate different failure modes in industrial furnaces and how can this help in preventing failures?,2
Are there any industry standards or regulations related to the production rate of industrial furnaces that should be followed?,2
"How is the data infrastructure adapted to handle the large volumes of data generated by the sensors in an industrial furnace, and what are the scalability considerations for the future?",2
How can the data collected from sensors be used to improve the overall performance and efficiency of industrial furnaces?,2
Can you provide any specific examples of how the implementation of redundancy and safety systems has prevented unexpected failures in industrial furnaces?,2
What are the best practices for insulating industrial furnaces to minimize heat loss?,2
How can industries ensure that they are meeting safety standards and regulations while operating industrial furnaces?,2
How can the severity and detectability of failure modes be quantified and prioritized?,1
What tools or technologies are recommended for monitoring and analyzing usage patterns in industrial furnaces?,2
Can you provide more information on the process of breaking down the furnace into its components and subcomponents for FMEA analysis?,2
How can unplanned maintenance costs be minimized after an anomaly is detected in an industrial furnace?,2
"How can we ensure that the data collected on equipment age, usage patterns, and maintenance history is accurate, reliable, and relevant to the anomaly detection model?",2
What are the best practices for monitoring and maintaining the communication network in industrial furnaces to ensure accurate data and safe operation?,2
"How can the design limits of industrial furnaces be optimized to prevent thermal degradation, chemical attack, and mechanical stress on refractory materials?",2
What specific monitoring and control systems are currently in use for the industrial furnaces in the organization?,2
Can you explain the specific data quality checks that should be in place when building an anomaly detection model for industrial furnaces?,2
Can you provide any case studies or success stories of predictive maintenance in industrial furnaces using data-driven approaches?,2
What are the best practices for monitoring access logs to detect any unauthorized access or anomalous activity in industrial furnaces?,2
What are the consequences of operating an industrial furnace outside of its design and operating limits?,2
How do changes in cycling patterns impact the operation of an industrial furnace?,2
What are the most common causes of sensor failures in industrial furnaces and how can they be prevented?,2
How can we foster a culture of continuous improvement within the maintenance and operations teams?,2
How can pressure sensor data be used to optimize the fuel/air mixture in industrial furnaces to prevent ignition system failures?,2
What maintenance strategies are commonly developed based on the results of an FMEA for industrial furnaces?,2
How can the anomaly detection model be used to support root cause analysis of failures in industrial furnaces?,2
How often should the alerting system be activated to ensure proactive maintenance without causing unnecessary disruptions?,2
"How do industrial furnace manufacturers recommend addressing issues found during inspections, such as repair, replacement, or refurbishment?",2
Can you provide more information on how autoencoders learn a compact representation of normal data in industrial furnaces?,2
Can you provide examples of preventive measures that can be taken to reduce the risk of refractory lining failure?,2
"How can a ""physics of failure"" analysis be integrated into the development of the anomaly detection model?",2
Can you provide more information about the specific KPIs used for industrial furnaces and how they are used to identify anomalies?,2
Can you provide more details on the predictive and condition-based maintenance strategies used for industrial furnaces?,1
"What are the key safety considerations when implementing a predictive maintenance system for industrial furnaces, and how can they be addressed?",2
"What are the potential challenges or limitations of implementing an anomaly detection model in industrial furnaces, and how can they be addressed?",2
What specific environmental factors have the most significant impact on the performance and reliability of industrial furnaces?,1
How can the reliability of the anomaly detection model be ensured over time?,2
How do sensors in industrial furnaces help ensure safe operation beyond regulatory compliance?,2
"How do industrial furnace operators ensure temperature uniformity, and what benefits does this bring to the overall operation?",2
"What environmental factors should be considered when maintaining industrial furnaces, and how can they impact the furnace's performance and lifespan?",2
Can the model predict the probability of failure or estimate the remaining useful life of the industrial furnace based on temperature fluctuations?,2
"Can we use a combination of SPC methods and machine learning algorithms for anomaly detection in industrial furnaces, and what would be the advantages and disadvantages of such an approach?",1
What methods can be used to validate the performance of unsupervised anomaly detection techniques in industrial furnaces?,2
How does the previous failure history of sensors impact the selection of warning limits for industrial furnaces?,2
Can temperature-related failures be prevented through the use of specialized materials or coatings for the materials being heated?,2
"What are the most common causes of sensor issues related to heating element failure, and how can these be detected and addressed?",2
What data visualization tools are commonly used for this type of analysis?,2
How can the temperature control system be optimized for different types of industrial furnaces?,2
How can we ensure that the anomaly detection model is robust to noise and other variations in the sensor data that are not indicative of an anomaly?,2
"What are the key challenges or risks associated with implementing security measures in an industrial IoT system, and how can we mitigate them?",1
"What are the potential impacts of industrial furnace failures on the surrounding environment, and how can they be mitigated?",2
What are the key performance indicators (KPIs) used to measure the effectiveness of data analysis in industrial furnace operations?,2
Can you explain the impact of temperature fluctuations on the overall performance of industrial furnaces?,2
"What are the safety protocols and procedures that should be followed when dealing with temperature sensor failures in industrial furnaces, and how can these protocols help prevent accidents and injuries?",2
How can adherence to safety regulations during the FMEA of industrial furnaces reduce the risk of fire or explosion?,2
How can the effectiveness of the FMEA process be evaluated and improved over time?,2
What are the key performance indicators (KPIs) used to measure the success of continuous improvement initiatives in industrial furnaces?,2
"Are there any specific data preprocessing techniques, such as noise reduction or feature scaling, that need to be applied to the sensor data before building the anomaly detection model?",1
"How do environmental factors, such as temperature and humidity, affect the ideal sensor data collection frequency and pattern in industrial furnaces?",2
How does a lack of proper maintenance impact the reliability of industrial furnaces?,2
Can you provide examples of some easily identifiable failure modes in industrial furnaces and their causes?,1
How does real-time monitoring of critical parameters in industrial furnaces help improve product quality and reduce defects?,2
How can adjusting severity ratings help in increasing the specificity of the FMEA model?,2
How can sensor data be used to optimize maintenance schedules in industrial furnaces?,2
How can the anomaly detection model be used to support process optimization and control in industrial furnaces?,2
"SME, could you share any specific case studies or examples where data science has been successfully applied to predict and prevent industrial furnace failures?",2
What methods are used to validate and test the anomaly detection model using historical data?,2
Can you provide examples of successful anomaly detection applications in industrial furnaces or other similar domains?,2
How can the labeled data be used to improve the overall performance of the anomaly detection model?,2
How can data-driven predictive maintenance strategies be applied to sensors in industrial furnaces?,2
"Can you provide examples of specific failure modes for temperature sensors, pressure sensors, flow sensors, limit switches, controllers, and power supplies in industrial furnaces?",2
How is the accuracy of the anomaly detection model affected by the quality of sensor data?,2
What are the key factors to consider when selecting the right automation and digitalization solutions for industrial furnaces?,2
How does the use of advanced analytics and machine learning algorithms in predictive maintenance improve the accuracy of failure predictions?,2
How are the sensor data analyzed to determine the severity and detectability of potential failures in industrial furnaces?,2
What are the specific data governance policies that need to be considered?,2
How can organizations develop strategies for detecting and mitigating failures before they occur in industrial furnaces?,2
How does aging impact the performance of pressure sensors in industrial furnaces over time?,2
What data analysis techniques are commonly used to identify patterns and trends in sensor data for predictive maintenance?,2
What are the specific process variables that need to be monitored in the industrial furnace and how frequently do they change?,2
"How can log loss be used specifically in the context of industrial settings, such as an industrial furnace, to predict and prevent failures?",2
How can the data from industrial furnaces be preprocessed and prepared for analysis using SPC methods and machine learning algorithms?,2
"How often are regular inspections and maintenance performed on the industrial furnace, and what are the most critical components to inspect?",1
What are the best practices for proactive maintenance in industrial furnaces?,2
Can you elaborate on the specific parameters that should be monitored more closely for critical equipment to ensure safe and efficient operation?,2
How do machine learning algorithms use data from multiple sensors to improve anomaly detection in industrial furnaces?,2
What is the procedure for data reinitialization and how often has it been used in the past?,2
"What are the most common contaminants that can cause industrial furnace failures, and how can they be mitigated?",2
How can multiple sensors and data sources be integrated to improve the detectability of failures in industrial furnaces?,2
"Have there been any historical failures or anomalies in the industrial furnace, and how can the anomaly detection model help to detect or prevent them in the future?",1
"What are the most common issues detected by the anomaly detection model in the industrial furnace, and how do they affect the production rate?",2
"How can organizations ensure that the data used to train the anomaly detection model is accurate, relevant, and up-to-date?",2
How do the range and sensitivity of oxygen sensors impact the accuracy of the anomaly detection model?,2
How can the severity of an anomaly be determined for different applications and industries?,2
How are the sensor data collected and processed to build anomaly detection models for predictive maintenance?,2
"How is the data being collected from the sensors currently being stored and analyzed, and what tools or platforms are being used for this purpose?",0
What types of temperature sensors are typically used in industrial furnaces and how do they measure temperature?,2
What are the key components of a proactive and data-driven approach to preventive maintenance for industrial furnaces?,2
How do prolonged deviations from the setpoint temperature affect the performance and efficiency of industrial furnaces?,1
"Can you provide examples of worn-out parts in industrial furnaces that need regular replacement, and how can this help minimize maintenance costs?",2
Can you provide examples of catastrophic failures in industrial furnaces and their impact on safety and operations?,2
What are the benefits of prioritizing temperature uniformity in industrial furnaces?,2
"How can the use of sensors and monitoring systems in industrial furnaces improve the FMEA and the KPIs, and what are some common types of sensors used?",2
What specific monitoring systems can be used to detect sensor degradation or communication issues in industrial furnaces?,1
What are the best practices for maintaining and replacing the refractory lining to prevent failure?,2
Can you provide some examples of the types of sensor data that are typically used in industrial furnace anomaly detection models?,2
What are the best practices for training personnel on sensor maintenance and calibration to ensure that it is done correctly and consistently?,2
How can the anomaly detection model prioritize the identified failure modes for maintenance and inspection?,2
Can temperature sensor inaccuracies lead to reduced efficiency in industrial furnaces?,2
What are the potential challenges in implementing physical security measures in industrial IoT systems?,2
How is the true positive rate and false positive rate calculated for the ROC curve?,2
What are the potential consequences of not adhering to the manufacturer's recommendations for inspections and maintenance of industrial furnaces?,2
"What are the potential consequences of not detecting an anomaly in a timely manner, and how does the anomaly detection model mitigate those risks?",2
Can you provide any examples of past incidents where sensor data protection failures in industrial furnaces have led to significant consequences?,2
How do sensor accuracy and data quality affect the overall performance of anomaly detection models in industrial furnaces?,2
What are the common signs of mechanical wear in fans and blowers that can lead to failures in industrial furnaces?,2
How can historical sensor data be used to improve the sensor data collection system and predict and prevent failures in industrial furnaces?,2
How does a high severity rating for failures in the air supply system impact the overall operation and maintenance of an industrial furnace?,2
Can you explain the process of regular calibration and maintenance checks for temperature readings in industrial furnaces?,2
What are the challenges in implementing access controls and encryption methods in industrial furnaces?,2
How can calibration be used to improve temperature uniformity in industrial furnaces?,2
What specific types of temperature monitoring equipment are most effective for detecting and addressing temperature-related issues in industrial furnaces?,2
"Can you provide examples of industry-specific regulations that may apply to anomaly detection model development in addition to the GDPR, CCPA, and PIPEDA?",2
Can you explain how material leakage can occur in industrial furnaces and what are the common causes?,2
What are the common causes of sensor inaccuracies in industrial furnaces and how can they be prevented?,2
What strategies can be employed to minimize the risk of mislabeling data points during the expert labeling process?,2
"How does predictive maintenance compare to other maintenance strategies, such as reactive or preventive maintenance, in terms of cost and effectiveness?",2
How are the sensors in industrial furnaces affected by electromagnetic interference and what measures can be taken to minimize its effects?,2
"What are the best practices for calibrating temperature, pressure, and flow rate controllers in industrial furnaces?",2
How are the current and voltage sensors used in the FMEA process and what are the potential consequences of not monitoring electrical current and voltage supplied to the furnace?,2
Can you provide some examples of specific data sanity checks that can be performed to ensure the accuracy of the anomaly detection model?,2
"What specific advanced analytics techniques, such as machine learning and artificial intelligence, are most effective in detecting anomalies and predicting failures in industrial furnaces?",2
"What are the specific drift ranges for each of the sensors in the industrial furnace, and how frequently should they be calibrated to prevent such failures?",2
Could you elaborate on the best practices for implementing preventive maintenance and condition monitoring in industrial furnaces?,2
data preprocessing techniques are typically used for industrial furnace data before applying SPC methods and machine learning algorithms? How do these techniques affect the performance and interpretability of the models?,2
"How often should regular visual inspections, temperature monitoring, and pressure testing be performed for effective condition monitoring?",2
How can maintenance practices be taken into account when developing expert labels for FMEA analysis of industrial furnaces?,2
How often should inspections and maintenance be performed on industrial furnaces to ensure their reliable operation?,2
What are the specific benefits of using a three-zone furnace in achieving temperature uniformity?,2
What are the key components of a robust maintenance program for industrial furnaces to prevent and detect failures?,2
How is real-time data from sensors used to identify and resolve issues in industrial furnaces?,2
How can the effectiveness of a maintenance action be verified in an industrial furnace?,2
"What are the most common causes of ignition system failures in industrial furnaces, and how do they differ from other types of failures in the furnace?",2
How can organizations determine the type and sensitivity of data being transmitted in their industrial IoT systems?,2
"What specific condition monitoring techniques are commonly used in industrial furnaces, and how can they help predict and prevent failures?",2
How often should the air filter and exhaust vent be inspected and cleaned to prevent potential failures?,2
How does the failure code H-201 differ from other failure codes in the industrial furnace's heating element?,2
How can regular maintenance and monitoring help prevent temperature non-uniformity issues in industrial furnaces?,2
Can you explain the specific maintenance activities that should be performed regularly to prevent failures and extend the lifespan of industrial furnaces?,2
Can you provide examples of how sensors in industrial furnaces can contribute to maintaining product quality?,2
What are the specific KPIs that should be monitored to ensure the sustainability of the industrial furnace?,2
Can you provide examples of domain-specific knowledge that can be used to set an appropriate threshold for identifying anomalies in industrial furnaces?,2
What are the best maintenance practices to prevent wear and tear of the refractory lining?,2
"How does the model account for the impact of external factors, such as changes in temperature or humidity, on the furnace components?",2
What are the deployment and maintenance requirements for the anomaly detection model? Is there any specific infrastructure or platform that needs to be used for deployment?,0
How can data scientists differentiate between normal and abnormal wear and tear or fatigue in the mechanical components of industrial furnaces?,2
How can we integrate the FMEA with the anomaly detection model to ensure that the most likely and impactful failure modes are identified and addressed effectively?,2
"What specific sensors are typically used in industrial furnaces to monitor temperature, pressure, and emissions?",2
What are the consequences of not adhering to the recommended sensor range and maintenance guidelines in industrial furnaces?,2
How can regular monitoring and maintenance of temperature control systems help in detecting and addressing potential failures in industrial furnaces?,2
Can you provide examples of successful implementation of a combined approach of SPC methods and machine learning algorithms in industrial furnaces?,2
"Are there any regulatory or safety standards that we need to consider when developing anomaly detection models for industrial furnaces, and how can we ensure compliance with these standards?",2
"How can the accuracy and reliability of the anomaly detection model be evaluated and validated, and what measures can be taken to ensure its performance in real-world scenarios?",2
"How can a predictive maintenance approach, based on the anomaly detection model, reduce downtime and increase efficiency in industrial furnace maintenance?",2
Can you provide more information on the specific types of anomalies that the anomaly detection model should be able to detect?,2
How can maintenance professionals determine the severity and detectability ratings of failure modes and degradation mechanisms in industrial furnaces?,2
How can data privacy be ensured when collecting and analyzing data from industrial furnaces?,2
Can you provide any examples of how a proactive approach to security and risk management has prevented failures or incidents in industrial IoT systems for furnaces?,2
"What type of data format is currently being used for data transmission in the existing systems (such as CSV, JSON, or binary)?",2
"How can the machine learning model be used to prioritize maintenance and repair activities, and what impact could this have on reducing downtime and maintenance costs?",2
Can you provide examples of specific failure modes and their failure reasons for the industrial furnace?,2
What are the potential consequences of not having a well-documented and regularly updated FMEA and emergency response plan in place?,2
"Can you provide examples of minor and major faults in industrial furnaces, and how they can be detected and addressed through sensor data analysis?",2
What are the potential safety hazards that can arise from improperly installed or maintained sensors in industrial furnaces?,2
How can proactive maintenance and repair prevent temperature-related issues in industrial equipment?,2
How can anomaly detection models effectively identify patterns or anomalies in sensor data to predict and prevent future failures?,2
How can industrial furnace operators prioritize and plan regular insulation inspections and monitoring to ensure optimal efficiency and safety?,2
How can energy management optimize the furnace's operation and reduce energy consumption?,1
How can we ensure that the labeled data is representative of various operating conditions and scenarios in the industrial furnace?,2
How can the expertise of personnel be leveraged to improve the performance of the anomaly detection model?,2
How can maintenance personnel determine which components to prioritize for replacement in older equipment?,2
Can you provide examples of failure modes in the refractory lining that can be detected through acoustic emission monitoring?,2
What are the future plans for improving the anomaly detection model and its performance in predicting and preventing failures in industrial furnaces?,2
What are the specific training methods that should be used when implementing a new sensor-based monitoring system to ensure staff understand the benefits and requirements?,2
"What factors should be considered when determining the frequency of FMEA review and update, other than the criticality of the asset, operating context, and rate of technological change?",2
How does the FMEA's holistic and systematic approach contribute to the reliability and maintenance of industrial furnaces?,2
Can you share some examples of environmental factors that should be monitored and logged to enhance the model's performance?,2
Can you explain how the FMEA process is used to ensure compliance with the regulations and safety requirements for industrial furnaces?,1
How do we determine the relevance of specific sensors and data points for detecting various failure modes in furnace operations?,2
"Can you provide examples of specific failure modes in industrial furnace control systems, and how they can be prevented through maintenance and monitoring?",2
How can organizations ensure that their predictive maintenance strategies are aligned with their overall maintenance and reliability goals?,2
"How do you determine the desired range for sensor data in an industrial furnace, and what factors are considered in setting these limits?",2
Can you provide more details about the common failure modes and reasons for the industrial furnace?,2
What are the critical components of industrial furnaces that require regular monitoring and maintenance?,2
What specific sensor data should be preprocessed during feature engineering to ensure it is suitable for analysis in this context?,2
What specific sensors are commonly used in industrial furnaces for performance optimization and safety enhancement?,2
"Have there been any past instances of sensor failure in the industrial furnace, and how were they detected and addressed?",1
What factors should be considered when assessing and adjusting the severity and detectability ratings in the FMEA?,2
Can you provide any specific examples of how usage patterns have helped predict failures in industrial furnaces?,2
"What are the potential consequences of failures in the control system components, and how can they impact the overall operation of the industrial furnace?",2
"How can the anomaly detection model be tailored to different types of industrial furnaces, and what are the key considerations for each type?",2
How does the anomaly detection model detect anomalies more quickly and accurately in an industrial furnace with robust redundancy and safety systems?,2
What are the specific critical sensors and variables that should be monitored in industrial furnaces for anomaly detection?,2
Can you provide more context on the primary goals of the anomaly detection model in industrial furnace monitoring?,2
How can data scientists use predictive analytics to identify potential failures in industrial furnaces?,2
"What are the specific steps involved in calibrating and maintaining the power supplies, controllers, and sensors used in industrial furnaces?",2
"What are the specific failure modes that are most critical in industrial furnaces, and what measures can be taken to prevent them?",2
"Are there any industry standards or regulations regarding emission sensor maintenance, calibration, and replacement in industrial furnaces?",2
How can organizations effectively integrate sensor data analysis into their existing industrial furnace maintenance practices?,2
Can you provide any specific examples of industrial furnaces that are designed to improve temperature uniformity?,2
"Can you explain the process of performing an FMEA (Failure Mode and Effects Analysis) on the control system components, and how it helps in identifying the most critical components?",2
Can you provide any examples of how KPIs have been used to improve the performance of an industrial furnace in the past?,2
What are the specific metrics used to measure the effectiveness of the anomaly detection model in detecting failures?,2
What specific factors or conditions might trigger the need to retrain the anomaly detection model for the industrial furnace?,2
"How can machine learning algorithms and predictive models be used to detect and prevent Mechanical Component Failure (MCF) in industrial furnaces, and what data would be needed to train and validate these models?",2
"What are the common causes of vacuum in industrial furnaces, and how can they be prevented?",2
How does redundancy contribute to improving the overall reliability of an industrial furnace?,2
"How do thermal cycling, oxidation, and mechanical stress contribute to the degradation mechanisms of industrial furnaces?",2
How can data be collected and analyzed to identify the degradation mechanisms that cause failure modes in industrial furnaces?,2
How does the implementation of preventive maintenance measures such as regular calibration and replacement of sensors impact the overall lifespan and performance of pressure sensors in industrial furnaces?,2
What are the potential risks of not maintaining temperature uniformity in industrial furnaces?,2
What specific inspection techniques or tools can be used to detect early signs of furnace shell degradation?,2
How can the data security and privacy concerns be addressed in the implementation of sensor data analytics in industrial furnaces?,2
What are the recommended actions to take when signs of degradation or damage are detected in the refractory lining or the furnace control system?,2
What specific data protection measures should be implemented to ensure the privacy of the industrial furnace asset class?,2
Are there any specific regulations or standards that need to be considered when implementing anomaly detection algorithms in industrial processes?,2
What are the potential consequences of not addressing identified issues or failures in industrial furnaces?,2
"How can data from vibration sensors be integrated with data from other sensors, such as temperature and pressure sensors, to provide a more comprehensive view of the furnace's operating conditions?",2
Are there any specific types of temperature sensors or heating elements that are more prone to failure and require more frequent maintenance?,2
"What are the challenges faced in implementing continuous improvement initiatives in industrial furnaces, and how are they addressed?",2
"What are the potential consequences of not addressing anomalies detected by these sensors, and how can a real-time anomaly detection system help in preventing these consequences?",1
Can the anomaly detection model be customized to specific types of industrial furnaces or production processes?,2
How can we ensure that the anomaly detection model is aligned with the best practices for maintaining and operating the industrial furnace?,2
What are the specific preventative maintenance tasks that can be performed to prevent ignition system failures in industrial furnaces?,2
How can organizations ensure that the continuous monitoring process is efficient and effective in identifying potential issues in a timely manner?,2
What are the specific warning signs that a failure mode is imminent in an industrial furnace?,1
What are the challenges in implementing real-time sensor data analysis in industrial furnaces and how can they be addressed?,2
Are there any other factors aside from temperature and humidity that can affect the performance and failure of the industrial furnace?,2
What are the best practices for controlling and monitoring dust and particulates accumulation on heat transfer surfaces?,2
How are the sensors in industrial furnaces affected by physical shock and what measures can be taken to minimize its effects?,2
Can you explain the process of installing fuel purification systems and how it helps prevent fuel contamination?,2
"What are the specific inspection methods for detecting refractory lining failure, heating element failures, control system malfunctions, insulation degradation, and door or seal damage?",2
Are there any specific industry standards or regulations that should be followed when implementing security measures for industrial IoT systems?,2
How can data-driven insights from sensor data be used to optimize the performance and efficiency of industrial furnaces?,2
"How do maintenance costs factor into the overall performance of the industrial furnace, and what steps can be taken to optimize these costs?",2
"What are the other types of sensors that can be used as alternatives to strain gauge and capacitance sensors, and what are their advantages and disadvantages?",2
"How will the performance of the anomaly detection model be evaluated, and what metrics will be used to measure its success?",2
"How can data be collected and analyzed to detect signs of wear and tear, corrosion, or other degradation mechanisms in industrial furnaces, and what role does predictive maintenance play in preventing Mechanical Component Failure (MCF)?",2
"Can you explain the benefits and limitations of statistical methods, machine learning algorithms, and visual inspection for outlier detection in industrial furnace data?",2
Can you provide examples of common failure modes and patterns of failure found in the maintenance records of industrial furnaces?,2
How can the performance of the anomaly detection model be continuously monitored and improved?,2
What are the consequences of deviating from the sensors' thresholds in industrial furnaces?,2
How does the RCA process help in identifying insufficient maintenance as a cause for equipment damage in furnaces?,2
Can you provide examples of redundant components and fault-tolerant control systems commonly used in industrial furnaces?,2
How can the increased energy consumption caused by damage to refractory linings be quantified and measured?,2
"How can the FMEA analysis be updated to reflect changes in the industrial furnace or its operating conditions, and how often should this be done?",2
How is root cause analysis used to address and prevent recurring failures in industrial furnaces?,2
Can sensors in industrial furnaces be calibrated to improve their accuracy and reliability?,2
Can you provide more details on the specific sensor data that is currently being collected and how it can be used to detect failures in the critical components of the industrial furnace?,2
How can we assess the severity of detectability ratings for different issues in the anomaly detection system?,2
How do these technologies help in increasing the overall efficiency of industrial furnaces?,2
"How does regular maintenance, calibration, and testing of sensors and the anomaly detection model help improve its effectiveness in detecting failures?",2
What are the potential challenges in updating the model with new data and expert feedback? How can we ensure a smooth and efficient continuous learning and improvement process?,2
How do control logic failures occur in industrial furnaces and what measures can be taken to prevent them?,2
How is the effectiveness of predictive and condition-based maintenance strategies in industrial furnaces measured and evaluated?,2
What are the best practices for maintaining and calibrating oxygen sensors in industrial furnaces to ensure their longevity and accuracy?,2
What are the specific temperature ranges that are considered safe for industrial furnaces?,2
What are the most common failure modes identified in industrial furnaces and how do these variables contribute to them?,2
"What are the best practices for implementing a condition-based monitoring program for industrial furnaces, and how can it help to prevent failures and extend the lifespan of the equipment?",2
How can companies ensure the successful implementation of these security measures in their industrial IoT systems?,2
How can data scientists ensure the security and privacy of the sensor data and the predictive maintenance models in industrial settings?,2
How are the sensors in industrial furnaces affected by vibration and what measures can be taken to minimize its effects?,2
How often should infrared thermography scans be performed to effectively detect degradation of insulation?,2
How does the design of industrial furnaces impact their susceptibility to degradation mechanisms and failure modes?,2
What are the most common safety risks associated with the refractory lining component of the industrial furnace?,2
How does the organization handle failures that could not be predicted or prevented despite the maintenance efforts?,2
How can data scientists incorporate domain knowledge and expert feedback to improve the performance of anomaly detection models for heating element failures?,2
Can you explain the process of integrating the anomaly detection model with the existing maintenance and operation systems in more detail?,2
"How can machine learning algorithms be used to predict failures in industrial furnaces, and what types of algorithms are most suitable for this application?",2
How can predictive maintenance help to improve the energy efficiency of industrial furnaces?,2
How can predictive maintenance models increase customer satisfaction in industrial furnace operations?,2
What specific industry standards and regulations should be followed to ensure the safe and compliant operation of an industrial furnace?,2
"What are the specific challenges in integrating an anomaly detection model with an industrial furnace control system, and how can they be addressed?",2
"What are the most common failure modes observed in industrial furnaces, and what are the typical consequences of these failures?",2
What are the specific regulations and acceptable levels for CO and NOx emissions in industrial furnaces for our location?,2
What specific sensors or monitoring systems can be used to detect potential issues in industrial furnaces?,2
Can you provide recommendations for the optimal frequency and duration of data collection for training and testing the anomaly detection model?,2
How do anomaly detection models account for the impact of safety systems on the overall operation of the furnace?,2
How do the different anomaly detection techniques compare in terms of their performance in detecting anomalies in industrial furnaces?,2
What specific inspection and maintenance tasks are recommended for preventing refractory failure in industrial furnaces?,2
How can data scientists collaborate with subject matter experts to develop effective predictive maintenance strategies for industrial furnaces?,2
Can you explain the impact of the frequency of data collection on the detectability of the failure modes?,2
What are the most common types of equipment failures that can be simulated using synthetic anomalies in industrial furnaces?,2
How can maintenance personnel take proactive measures based on the insights provided by the anomaly detection model?,1
How can we measure the improvement in the FMEA model after increasing specificity?,2
Are there any specific industries or types of industrial furnaces where proactive maintenance is especially beneficial?,2
Can you explain the relationship between refractory lining wear and industrial furnace failure?,2
What methods are used to optimize the maintenance program based on the insights gained from the FMEA model?,2
Can you elaborate on the role of interlocks and safety interfaces in enhancing the reliability of the anomaly detection model in industrial furnaces?,2
"How can drift in temperature and pressure sensors affect the overall performance of the industrial furnace, and what are the common causes of such drift?",2
How can we ensure the accuracy and reliability of temperature sensor data used for anomaly detection and failure prediction in industrial furnaces?,2
How do vacuum and elevated pressures in industrial furnaces impact the choice of refractory materials and the risk of failures?,1
"What are the specific recommended intervals for regular calibration checks, cleaning, and replacement of sensor probes to prevent failures?",2
What are the specific monitoring tools used to detect failures in industrial furnaces?,2
What methods can be used to ensure the accuracy and calibration of sensors used for data collection in industrial furnaces?,2
"What are the key considerations for implementing real-time processing techniques in the anomaly detection model, and how can this be achieved efficiently?",2
How can we effectively analyze and interpret the correlations and dependencies between multiple sensor inputs in industrial furnaces?,2
How can the effects of high temperatures on thermal degradation in industrial furnaces be mitigated?,2
What are the recommended maintenance practices for temperature sensors and control systems in industrial furnaces to ensure optimal performance and longevity?,2
Are there any specific data visualization tools or techniques that can be used to communicate the results of the anomaly detection model to stakeholders?,1
How does the anomaly detection model predict potential equipment failures in the industrial furnace?,2
Can you suggest any best practices for maintaining and updating the anomaly detection model to ensure its ongoing effectiveness in predicting and preventing failures in industrial furnaces?,2
What are the best practices for continuous monitoring and improvement of the anomaly detection model?,2
"Are there any unique local regulations that need to be considered for industrial furnace monitoring and maintenance in addition to federal regulations such as OSHA, EPA, and NFPA?",2
What are the potential safety hazards associated with outdated software in industrial furnace control systems?,2
How can the severity of failures in industrial furnaces be minimized through proper maintenance and monitoring?,1
How can we ensure that the data collected from temperature sensors and other monitoring systems are accurate and reliable?,2
"What are the challenges and limitations of using machine learning techniques for detecting and predicting hardware failures in industrial furnaces, and how can they be addressed?",2
"How do you handle missing data in the analysis, and what impact can it have on the accuracy of detecting anomalies in industrial furnaces?",2
How is sensor accuracy measured and ensured in the anomaly detection model?,1
How can data from sensors be used to monitor and improve the overall predictive maintenance of the industrial furnace?,2
"What are the expected outcomes of the anomaly detection model, and how will it be integrated into the existing monitoring and maintenance system?",1
How can the anomaly detection model be used to support predictive maintenance and improve equipment availability in industrial furnaces?,2
Can you provide examples of common failure modes for industrial furnaces that should be prioritized?,2
"What are the specific sensor data collection frequencies and patterns recommended for different industrial furnace processes, such as heat treatment, calcination, and melting?",2
"How frequently should inspections for potential ignition failure be performed, and what are the best practices for conducting these inspections?",2
"What are the common causes of anomalies in the KPIs you mentioned, such as temperature, pressure, and gas flow rates?",2
Can you explain more about the backup and recovery mechanisms that should be implemented to ensure data availability?,1
How does regular maintenance help in minimizing the occurrence and severity of failures in industrial furnaces?,2
How does the control strategy used in industrial furnaces affect the design of an anomaly detection model?,2
How can the historical data of industrial furnaces be used to identify potential failure modes and build a more effective anomaly detection model?,2
Can you provide examples of specific machine learning algorithms or deep learning models that have been successful in detecting anomalies in industrial furnaces?,2
What role does the furnace's maintenance history play in the FMEA model update process?,2
What maintenance practices are recommended to ensure temperature uniformity in industrial furnaces?,2
"What are the typical upper and lower temperature limits for industrial furnaces, and how are they determined?",2
"Are there any specific sensor types or technologies that are more resistant to the degradation mechanisms in industrial furnaces? If so, what are their advantages and limitations?",2
"Have there been any past failures in the industrial furnace, and what were the root causes of these failures?",0
Can you provide some examples of sensor drift and how it can impact the performance of the anomaly detection model?,2
How can we minimize downtime and maintenance costs of industrial furnaces through predicting and preventing failures?,1
Can you explain the process of identifying potential failures before they cause a furnace to fail?,2
How can the performance of the anomaly detection model be monitored and improved over time through continuous monitoring and data collection?,2
"What are the most common causes of poor temperature control, heat loss, increased energy consumption, and incomplete combustion in industrial furnaces, and how can these issues be addressed through preventive maintenance?",2
Can you provide examples of specific anomaly detection algorithms that are commonly used in industrial processes?,2
What are the best practices for maintaining sensor accuracy in different operating conditions of industrial furnaces?,2
How can temperature controller failure and safety system failure be detected and prevented in industrial furnaces?,2
How can data analysis be used to ensure compliance with environmental regulations in industrial furnace operations?,2
Can you explain how the severity of failure is determined and evaluated during the FMEA of industrial furnaces?,1
Can you provide more information on the degradation mechanisms that PdM can predict and prevent in industrial furnaces?,2
What are the specific signs of damage or failure in the heating element that a data scientist should look out for during data analysis?,2
"How can data visualization tools be customized to meet the specific needs of different stakeholders, such as engineers, operations managers, or executives?",2
How can we ensure that the anomaly detection model is able to provide timely alerts and notifications to the relevant personnel in case of a failure or anomaly?,2
How can data from KPIs be used to predict and prevent failures in the furnace?,2
What are the consequences of not addressing the issues identified by the anomaly detection model?,2
How can the anomaly detection model be used to support energy efficiency and sustainability initiatives in industrial furnaces?,2
How can the preventive maintenance plan be customized for different types of industrial furnaces?,2
"How can we optimize the data processing pipeline for large data volumes, and what tools or technologies are available to assist with this?",2
Can you explain more about the different types of temperature sensors used in industrial furnaces and their specific measurement ranges?,1
Can you explain the process of implementing condition-based monitoring in predictive maintenance models?,2
"What are the expected outcomes of the anomaly detection model, and how will these outcomes be communicated to the relevant stakeholders?",1
What are the most common causes of heating element failure in industrial furnaces?,2
What are the most common causes of damage to heating elements and burners in industrial furnaces?,2
What measures can be taken to ensure the efficient and safe operation of industrial furnaces?,2
"How does the quality and coverage of the sensor data impact the model's ability to detect anomalies, and what measures can be taken to ensure high-quality data collection?",2
Can the model be integrated with other systems such as control systems or enterprise resource planning (ERP) systems for closed-loop automation and decision making?,2
How can stationarity be effectively assessed and ensured in the context of industrial furnaces?,2
How can data analysis and industry best practices be used for continuous improvement of the industrial furnace's control system reliability?,2
Can you provide examples of predictive maintenance algorithms that can be used to identify potential sensor failures before they occur?,2
What are the specific temperature and pressure ranges that should be maintained to prevent refractory lining failure in an industrial furnace?,2
How does the severity of the failure modes impact the industrial furnace and what are the potential consequences of not addressing them?,2
How can we interpret the AUC-ROC value and what does it tell us about the model's performance?,2
How do the applicable country and industry-specific regulations and standards impact the design and operation of industrial furnaces?,2
How can a change management system help in preventing control system failures in industrial furnaces?,2
"Are there any specific performance metrics that the anomaly detection model should optimize for, such as precision, recall, or F1 score?",1
"How often should regular inspections, testing, and calibration be performed to ensure temperature uniformity in industrial furnaces?",2
"What are the most common security risks associated with industrial furnace data, and how can the chosen tools and platforms help mitigate these risks?",2
"How is the severity of failures in the industrial furnace assessed through sensor data analysis, and what are the thresholds for each severity level?",2
Can you explain the role of fouling in the context of industrial furnace failures?,2
What types of sensors or monitoring techniques are most effective for detecting failures in the early stages?,2
How can we ensure that the model is not overfitting or underfitting due to the lack of labeled data?,1
"How do the age and usage patterns of industrial furnaces impact the likelihood of failures, and how can sensor data analysis help mitigate these risks?",2
What specific measures can be taken to ensure the reliable operation of industrial furnaces through preventive maintenance?,2
"How do you address the challenge of changing operating conditions in industrial furnaces, and how do you adapt the anomaly detection models to these changes?",2
Can you provide more information on how LSTM networks learn patterns in time series data for anomaly detection in industrial furnaces?,2
What are the ethical implications of non-compliance with industrial furnace regulations and safety requirements?,2
"What are the potential consequences of failing to consider data security, privacy, and compliance requirements while building and deploying the anomaly detection model for an industrial furnace?",2
Are there any specific temperature ranges that are preferred for specific materials or applications in industrial furnaces?,2
What are the challenges in handling missing or invalid data in sensor data from an industrial furnace and how can they be addressed?,2
What are the specific factors that can affect the data quality and availability in industrial furnaces?,2
"What are the common causes of damage to the burners in industrial furnaces, and how can they be detected using sensor data?",2
"What are the primary objectives of building an anomaly detection model for the industrial furnace, and how will it help to improve the furnace's performance or reliability?",1
How can training to operators and maintenance personnel be customized to ensure safe and efficient operation of industrial furnaces?,2
"How often should calibration be performed for emission sensors in industrial furnaces, and what are the recommended techniques for calibration?",2
How will the model's communication be tailored to different stakeholders based on their needs and technical capabilities?,2
How can the anomaly detection model be used to predict failures before they occur?,2
What are the specific temperature ranges that can lead to overheating and failure in industrial furnaces?,2
Can the model provide a prediction of the remaining useful life (RUL) of the insulation?,2
What are the consequences of not implementing a robust preventive maintenance program for industrial furnaces?,1
What are the best practices for maintaining the refractory lining of industrial furnaces?,2
What training or resources are required for maintenance personnel to effectively implement a proactive maintenance program in industrial furnaces?,2
"How does a heating element failure impact the overall operation and efficiency of the industrial furnace, and what are the potential consequences of such failures?",2
"How can the accuracy and reliability of sensors be improved in industrial furnaces, and what are the benefits of doing so?",2
What are the criteria for determining the quality of the data?,2
How is temperature monitored in industrial furnaces for predictive maintenance purposes?,2
"What are the contingency plans in case the anomaly detection model fails or underperforms, and how will the system recover from such situations?",2
What strategies can be developed for predicting and preventing failures in industrial furnaces?,2
What are the limitations of using data-driven methods alone for evaluating failures in industrial furnaces?,2
"What are the consequences of a failed heating element, and how can they be minimized?",2
How does ensuring sensor data integrity contribute to the overall safety of employees working in an industrial furnace setting?,2
How can data-driven decisions increase reliability and availability in industrial furnaces?,2
What are the safety and environmental regulations that impact the frequency and pattern of sensor data collection in industrial furnaces?,2
"What are the most critical factors that can lead to significant downtime and financial losses in industrial furnaces, and how can data scientists use this information to develop risk mitigation strategies?",1
How can data analysis be used to optimize fuel consumption and reduce energy costs in industrial furnaces?,2
"How can the model be integrated into the overall maintenance and operations strategy for the industrial furnace, and what benefits can be expected from this integration?",2
How frequently should temperature sensor data be collected to ensure timely detection of refractory lining failure?,2
How can electrical interference be prevented from causing control system failures and causing the furnace to operate outside of its design parameters?,2
What is the typical range for flow sensors in industrial furnaces and how is it determined?,1
"How can the anomaly detection model be integrated with other maintenance and operation systems or tools used in the industrial furnace, such as sensors, control systems, or data management platforms?",2
What are the best practices for reducing mechanical stress on industrial furnaces to prevent refractory degradation?,2
How can subject matter experts collaborate with data scientists to develop and fine-tune AI and ML-powered anomaly detection models for industrial furnaces?,2
Can you discuss the potential impact of model validation on the overall performance and reliability of the anomaly detection model for industrial furnaces?,2
"Could you provide examples of specific failure modes, reasons, and degradation mechanisms that can be identified through sensor data analysis in an industrial furnace?",2
Can you provide more details on the environmental factors that can affect the performance of anomaly detection models in industrial furnaces?,2
How can real-time failure detection through sensor data analysis help in reducing downtime and improving efficiency?,1
What are the challenges in implementing a monitoring system for temperature control in industrial furnaces?,2
"Can you explain the process of combining data from multiple sensors in more detail, including how differences in sampling rates, data formats, and units of measurement are addressed?",2
How often should preventive maintenance measures be implemented for industrial furnaces to reduce the risk of equipment failure?,2
How can reputational damage occur as a result of compromised sensor data in an industrial furnace?,2
"What are the potential consequences of false negatives in anomaly detection for industrial furnaces, and how can they be mitigated?",2
How can the model's temperature fluctuation alerts be used to improve the safety of industrial workers?,2
Can you provide examples of specific regression or classification models that have been used in predicting failures of refractory lining in industrial furnaces?,2
"How is the data from these sensors collected and stored, and what data infrastructure is in place for this purpose?",1
"Can control system malfunctions be traced back to specific causes and, if so, how can temperature sensors and monitoring help identify these causes?",2
How do current and power consumption sensors help in monitoring the electrical consumption of industrial furnaces and what are the common issues that can be identified through this monitoring?,2
Can you provide examples of well-defined clusters of normal data in industrial furnaces?,2
How are emissions changes detected and what specific changes would be considered abnormal?,2
Can you provide any case studies or examples of successful continuous improvement initiatives in industrial furnaces?,2
Are there any differences in the time interval for data collection between different types of industrial furnaces?,2
"What are the specific harmful gases detected by gas sensors in industrial furnaces, and how do these sensors contribute to maintaining a safe atmosphere inside the furnace?",1
What are the factors that affect the temperature range of industrial furnaces?,2
Are there specific unusual sounds that indicate a problem with an industrial furnace?,2
"What are the specific effects of mechanical stress, fatigue, and contamination on the capacitive element of capacitance sensors?",2
What are the recommended actions to take when a sensor deviates from its warning limit in an industrial furnace?,2
Can you explain the process of selecting the appropriate sensors based on the specific requirements of an industrial furnace?,1
How can the anomaly detection model help reduce downtime and improve the overall efficiency of the industrial furnace operation?,2
Can you provide examples of chemicals that are commonly present in industrial furnace atmospheres and how they affect different types of refractory materials?,2
Can you provide examples of successful implementation of security measures in industrial IoT systems?,2
What measures can be taken to predict and prevent failures in sensors used in industrial furnaces?,2
How can industries balance the need for regular maintenance and calibration checks with the need to minimize downtime and maintain operational efficiency?,2
What strategies can be employed for optimal feature selection in anomaly detection models for industrial furnaces?,2
How often are regular maintenance activities recommended for industrial furnaces?,2
"Can you describe the specific safety hazards associated with burner failure in industrial furnaces, and how can they be prevented through regular maintenance?",2
What are the challenges in implementing a living FMEA and how can they be overcome?,2
What are the potential consequences of inaccurate measurements due to flow sensor failures on the industrial furnace and the materials being processed?,2
How can the impact of failures in industrial furnaces be quantified in terms of financial and operational metrics?,2
"What are the common symptoms of insulation failure, and how can they be detected?",2
What are the most common worn-out parts in an industrial furnace that require regular replacement?,2
What safety regulations and industry standards govern the thresholds for sensors in industrial furnaces?,2
How can we account for the unique characteristics of different industrial furnaces and heating elements when building anomaly detection models for temperature sensor data?,2
What are the recommended maintenance practices for sensors in industrial furnaces to prevent failures and optimize performance?,1
methods can be used to validate the performance of the chosen SPC methods and machine learning algorithms in real-world industrial furnace scenarios? How can we ensure that the models are robust and generalize well to unseen data?,2
What is the current process for monitoring and maintaining the industrial furnace?,2
Are there any differences in sensor data collection best practices between different types of industrial furnaces (e.g. batch vs. continuous)?,2
"What specific methods can be used to detect potential issues with temperature, pressure, and flow rate control in industrial furnaces?",2
Can you provide any case studies or examples of other companies that have successfully implemented predictive maintenance programs for industrial furnaces?,2
"Can you provide an example of a specific continuous improvement project in an industrial furnace, highlighting the challenges, data analysis, and outcomes?",2
How can data scientists and subject matter experts collaborate effectively to implement predictive maintenance strategies in industrial furnaces?,2
What are the key performance indicators (KPIs) that should be monitored to optimize the performance of the industrial furnace?,2
Can you suggest any specific training and awareness programs for operators and maintenance personnel to ensure prompt identification and resolution of potential failures?,2
How can the introduction of synthetic anomalies be optimized to ensure that the anomaly detection system is tested under a wide range of conditions?,2
"What specific measures can be taken to monitor the refractory condition of industrial furnaces, and why is this important?",2
What are the key performance indicators to evaluate the effectiveness of the anomaly detection model?,1
"How can the anomaly detection model help in predicting failures, enabling predictive maintenance, and reducing downtime in industrial furnaces?",2
Are there any specific unsupervised anomaly detection techniques that have shown promising results in similar projects?,1
What methods are used in root cause analysis to determine the underlying cause of failures?,2
"Can you provide examples of equipment malfunctions that the anomaly detection model should identify, and how can the model help prevent these malfunctions?",2
How can data visualizations be used to demonstrate the effectiveness of changes or improvements made to the industrial furnace over time?,2
"How can the impact of anomalies in industrial furnaces be quantified, and what are the potential consequences of not detecting them?",2
How will the anomaly detection model be validated and tested to ensure its accuracy and reliability?,1
"How can data analytics and machine learning techniques be used to predict and prevent failures in industrial furnaces, and what are the key data requirements for these techniques?",2
How does age-related wear and tear contribute to the failure of industrial furnaces?,2
"What are the specific data availability, quality, privacy, security, compatibility, and access issues that may impact the development of an anomaly detection model for an industrial furnace?",2
How can predictive maintenance help to prevent control system failures in industrial furnaces?,2
Can you provide any examples of specific machine learning algorithms or techniques that have been effective in detecting anomalies in industrial furnaces using data from multiple sensors?,2
"Can you provide some examples of the most common types of failures in industrial furnaces, and how do predictive maintenance and failure prevention help prevent them?",2
How does condition monitoring help in reducing maintenance costs and preventing unexpected downtime in industrial furnaces?,2
Can you provide any case studies or examples of successful predictive maintenance model implementations in industrial furnace cooling systems?,2
How can we ensure that personnel training is effective and up-to-date for industrial furnace maintenance activities?,2
What role do statistical process control techniques play in monitoring and analyzing sensor data in industrial furnaces?,2
What are the potential feature engineering techniques that can be applied for this problem?,2
What are the best practices for selecting high-quality insulation materials and ensuring proper installation to prevent insulation failures?,2
How do you identify the most relevant sensors and data for building an effective predictive maintenance model for industrial furnaces?,2
"How often should preventive maintenance tasks, such as calibration and replacement of temperature sensors, be performed to ensure the reliable operation of the furnace control system?",2
Can you provide more information on the types of catastrophic failures that can occur in industrial furnaces and how sensor data analysis can help prevent them?,1
"What strategies are employed to ensure that regular updates, training, and support are provided to stakeholders effectively?",2
What are the best practices for maintaining industrial furnaces to prevent failures and optimize performance?,2
How can data analytics and machine learning help in predicting and preventing failures in industrial furnaces?,2
How can the cybersecurity standards be ensured while deploying and maintaining the anomaly detection model in industrial settings?,2
"Can you explain the difference in failure modes and detectability between thermocouples, RTDs, and thermistors used as temperature sensors in industrial furnaces?",2
"What strategies can be used to improve the detectability of failures in industrial furnaces, and how can this lead to improved reliability and safety?",2
What are the specific regulatory fines that the organization may face in case of non-compliance with privacy policies and procedures?,2
How can exhaust system failure be detected and prevented in industrial furnaces?,2
"What are the critical components of industrial furnaces, apart from the refractory lining, that require regular inspections and maintenance?",2
What are the potential challenges in deploying the model on edge computing devices or gateways?,1
"What are the specific temperature ranges that the temperature sensors in the industrial furnaces should typically measure, and what are the acceptable limits for abnormal readings?",2
"How can data analytics and machine learning techniques be used to predict and prevent temperature sensor failures in industrial furnaces, and what are the specific data sources and algorithms that can be used for this purpose?",2
How can the subject matter expert collaborate with data scientists to ensure the accuracy and effectiveness of the anomaly detection model?,2
What are the specific common failure modes of sensors in industrial furnaces that reliability engineers should look out for?,2
How can equipment wear and tear lead to the failure modes in industrial furnaces?,1
How do you ensure the accuracy and reliability of machine learning algorithms in detecting anomalies in industrial furnaces?,2
What are the potential challenges in interpreting the data from the sensor system and how can they be addressed?,2
What measures have been taken to ensure the model's results are trustworthy and actionable for operators?,2
"How can sensor data be used to optimize furnace operating conditions, and what are the benefits of doing so?",2
How do domain-specific knowledge and expertise in industrial furnaces contribute to the development and evaluation of anomaly detection models?,2
What types of cost savings can be expected from implementing PdM in industrial furnaces?,2
How is the failure or degradation of the capacitive element in capacitance sensors detected?,2
What are the most common failure modes and effects for industrial furnaces?,2
What are the potential consequences of not adhering to quality control measures in the context of industrial furnace operation?,2
How do regular inspections and maintenance help in minimizing downtime and reducing maintenance costs for industrial furnaces?,2
How can reliability engineers determine the severity and detectability of sensor failures in industrial furnaces?,2
"Can the anomaly detection model be customized to specific types of industrial furnaces or applications, and what are the limitations of its capabilities?",2
"How can organizations conduct a comprehensive risk assessment for their industrial IoT systems, and how often should these assessments be performed?",2
Can you provide examples of common failure modes and degradation mechanisms in industrial furnaces that can be identified through histograms and trending analysis?,2
What are the best lubrication practices for industrial furnace components?,2
How do you measure the detectability of potential failure modes in the industrial furnace's components?,2
"Can machine learning algorithms be used to detect anomalies in other types of industrial equipment, in addition to furnaces?",2
What are the key performance indicators that should be monitored to ensure the safe and efficient operation of an industrial furnace?,2
How can non-compliance with current safety and environmental regulations influence the likelihood of failures in industrial furnaces?,2
What are the most common causes of sensor failure in industrial furnaces?,2
What specific non-destructive testing methods are most effective in detecting insulation degradation in industrial furnaces?,2
Are there any specific training or certification requirements for the personnel responsible for the maintenance and calibration of the sensors in the industrial furnace?,2
"How can the use of advanced technologies, such as IoT sensors and machine learning algorithms, improve the monitoring and predictive maintenance of industrial furnaces?",2
Can you provide more information on the standardized codes for failure modes in industrial furnaces and how do they vary across different industries?,2
Can you explain how the furnace's insulation and heating system affect the temperature in industrial furnaces?,1
Can the anomaly detection model predict the severity of potential failures in addition to their likelihood?,2
"Are there any specific monitoring and controlling systems that are recommended for temperature, humidity, and chemical exposure levels?",2
"Can you provide examples of specific degradation mechanisms that can lead to industrial furnace failures, and how can data scientists use this information to develop condition monitoring systems?",1
"Can you explain how a sliding window approach can help detect anomalies that occur over a period of time, and what are the potential limitations of this approach?",2
Can you provide more details on how an anomaly detection model adapts to changing conditions in industrial furnace systems?,2
What strategies have been considered to ensure the model remains computationally efficient and interpretable for operators?,2
Can you explain the process of conducting a Failure Mode and Effects Analysis (FMEA) for industrial furnaces?,2
What are the specific data connectivity and access requirements for deploying and maintaining the model?,1
"What are the specific types of chemical attacks that can cause refractory lining failure, and how can they be prevented?",2
How can one ensure that the replacement of components is carried out in a timely manner?,2
"How often are regular inspections and maintenance performed on the industrial furnace, and what does this process entail?",0
"What analysis methods are currently being used to monitor the furnace's performance, and how are the results of this analysis communicated to stakeholders?",1
How can the KS test be used to compare the performance of unsupervised and supervised anomaly detection models in industrial furnaces?,2
"How can industrial furnace operators ensure that their maintenance programs are compliant with relevant regulations and industry standards, and what are the consequences of non-compliance?",2
Can you provide examples of specific degradation mechanisms for heating elements in industrial furnaces and how they impact the FMEA and the KPIs?,2
Can you provide more information on the common types of human errors in industrial furnaces and their causes?,2
Can you explain how FMEA can improve system reliability and reduce downtime in industrial furnaces and heating elements?,2
"What are the most common causes of failure in industrial furnaces, and how can they be prevented?",2
How can the design and engineering of the furnace be optimized to minimize pressure differences within the furnace?,2
"What are the most common failure modes in industrial furnaces, and how do they typically manifest in sensor data?",2
What measures can be taken to ensure that the model remains unbiased and does not favor certain operating conditions or scenarios over others?,2
What are the specific challenges in implementing a predictive maintenance program for industrial furnaces?,2
How can the data collected from the industrial furnace be visualized and interpreted to detect anomalies and prevent failures?,2
What are the specific temperature ranges that indicate a failure mode in industrial furnaces?,1
"What are the best practices for monitoring the condition of industrial furnaces, and what are the industry standards for predictive maintenance in this field?",2
Can you provide more details on the faulty wiring issues that can lead to industrial furnace failures?,2
How do different temperature control methods impact the production rate and lifespan of industrial furnaces?,2
Can you provide an example of a preventive measure taken based on the FMEA assessment for industrial furnaces?,2
"What operational factors should be considered when developing anomaly detection models for industrial furnaces, and how can they be accounted for?",2
What are the best practices for selecting and preparing the training data to ensure the accuracy and reliability of the anomaly detection model?,2
Can you explain more about the specific safety hazards that can be associated with failures in industrial furnaces?,2
Can you explain the process of conducting a failure mode and effect analysis (FMEA) in industrial furnaces?,2
"Can the use of an anomaly detection model in industrial furnaces lead to cost savings and increased productivity, and if so, how?",2
"What are the critical components of a robust predictive and preventive maintenance program for industrial furnaces, and how can they be implemented effectively?",2
"What are the potential consequences of not addressing temperature-related issues in industrial furnaces, and how can they impact the overall efficiency and safety of the furnace operation?",2
Can you provide an example of how the FMEA analysis has helped prevent failures in an industrial furnace?,2
What specific temperature sensors are typically used in industrial furnaces and how do they differ from each other?,2
How can the model's temperature fluctuation alerts be used to minimize equipment downtime and increase productivity in industrial settings?,2
Can you explain the potential legal and reputational risks that could arise from non-compliance with data protection laws and regulations?,2
What types of temperature sensors are commonly used in industrial furnaces and how do they work?,2
"Can you provide more details about the type of sensor data being collected from the industrial furnace, and how it is used for monitoring and maintenance purposes?",1
"How do preventive maintenance tasks, such as cleaning and lubrication, help prevent equipment failure in industrial furnaces?",2
How do malfunctions in the temperature controller affect the overall performance and safety of industrial furnaces?,2
Could you elaborate on the process of conducting regular audits to identify potential vulnerabilities or breaches in the system?,2
"What type of data storage system is recommended for storing sensor data in an industrial furnace anomaly detection application, and what are the key considerations for ensuring scalability and security?",2
How does recirculation systems help in maintaining temperature uniformity in industrial furnaces?,2
Are there any specific industry standards or regulations that need to be considered when implementing automation and digitalization in industrial furnaces?,2
"What strategies can be used to balance trade-offs between different evaluation metrics, such as accuracy, precision, and recall, when developing an anomaly detection model for industrial assets?",2
Can you provide examples of common failure modes in industrial furnaces and how data analysis can help identify and address them?,2
Can you provide examples of worn-out components that need to be replaced in preventive maintenance?,2
"What are the specific temperature ranges that the industrial furnace operates at, and how do these temperatures vary during operation?",0
"How can environmental factors, such as humidity or dust, influence the performance and failure rate of heating elements?",2
What role does sensor data analysis play in ensuring safety and compliance with industry standards in industrial furnaces?,2
How can data-driven monitoring and predictive maintenance approaches be applied to industrial furnaces for improved efficiency and safety?,2
How can regular inspections and maintenance help detect and prevent failures in industrial furnaces?,2
Can you provide more details on how the production rate is measured and what factors can affect it?,2
How can predictive maintenance measures be integrated into the maintenance schedule for industrial furnaces?,2
"Can you provide examples of industrial furnace failure modes, degradation mechanisms, and their detectability that are addressed by regulations and safety requirements?",2
What are the best practices for maintaining and calibrating thermocouples in industrial furnaces to ensure accurate temperature readings?,2
How does monitoring maintenance history help in improving overall equipment efficiency?,2
How can data collection be optimized in industrial furnaces to support effective root cause analysis and failure prediction?,2
Could you discuss a real-world example where the implementation of SPC methods or machine learning algorithms led to significant cost savings or increased productivity in furnace maintenance?,2
How does FMEA help in identifying potential failure modes before they become major problems?,2
Can you explain the process of preventive maintenance for sensors in industrial furnaces and its role in ensuring accurate and precise data?,2
"How can regular preventive maintenance help to extend the lifespan of industrial furnaces, and what is the typical expected increase in lifespan as a result of regular maintenance?",2
How can we ensure that the unsupervised learning techniques we use for anomaly detection are not overfitting to the training data and missing potential anomalies?,2
"Can the anomaly detection model be used to predict future failures, or just detect ongoing anomalies?",2
How can the FMEA be used to ensure the safe and efficient operation of industrial furnaces?,2
"Can you explain the benefits and limitations of using regression, decision trees, and neural networks for predictive maintenance of industrial furnaces?",2
What are the relevant evaluation metrics that should be used to assess the performance of the anomaly detection model?,2
What tools or equipment are typically used to measure pressure and temperature in the air supply and exhaust systems?,2
How can domain knowledge be incorporated into the feature engineering process for predictive maintenance of industrial furnaces?,2
How can the data scientist and subject matter expert collaborate to ensure that the maintenance and inspection plan is implemented effectively and the risk of accidents or downtime is minimized?,2
How can the presence of oxygen and the formation of oxides on the surface of furnace components be minimized in industrial furnaces?,2
What are the potential consequences of not protecting sensor data in industrial furnaces?,2
"What are the specific challenges in implementing an anomaly detection model in industrial furnace systems, and how can they be addressed?",2
"What are the current best practices for monitoring and maintaining flow sensors in industrial furnaces, and how can they be improved through data-driven approaches?",2
Can you provide examples of legal requirements that must be met when deploying an anomaly detection model in industrial asset classes?,2
"How can the use of advanced monitoring and diagnostic tools, such as infrared cameras or vibration analysis, improve the detection of early warning signs of failure modes in industrial furnaces?",2
"Are there any preventive measures that can be taken to avoid thermal shock, chemical attack, and mechanical stress on the refractory materials?",2
"How do you evaluate the performance of the chosen missing value imputation techniques, and what metrics do you use to compare their effectiveness?",2
Can you provide examples of unauthorized or suspicious activities that can be detected and investigated through the audit trail system?,2
How can organizations tailor the anomaly detection model to the specific requirements of their critical equipment and operating environment?,2
Can you explain the process of performing root cause analysis in the context of industrial furnace failures?,2
How is the criticality of the parameter being measured determined for sensor selection?,2
Can you explain the process of calibrating sensors in industrial furnaces and how it can help prevent failures?,2
"How can data from sensors in industrial furnaces be integrated with other data sources, such as process control systems and maintenance records, to optimize the overall operation and maintenance of the equipment?",2
Can you provide more insights into the operational context of industrial furnaces and how it can impact the selection and implementation of the anomaly detection model?,2
What types of sensors are typically used for monitoring industrial furnaces and what data do they measure?,2
How do temperature and humidity affect the performance and longevity of capacitance sensors?,2
How can organizations balance the need for real-time monitoring and analysis with the need for long-term data trends and insights in industrial furnaces?,2
What are the best practices for sampling and splitting the data when building an anomaly detection model for an industrial furnace?,2
Are there any specific data quality issues or concerns that need to be addressed when building the anomaly detection model?,2
What are the potential safety hazards associated with damaged refractory linings in industrial furnaces?,2
What are some common failure modes that are typically identified and addressed for existing industrial furnaces?,2
What are the best practices for training employees on the privacy policy and procedures?,2
What data preprocessing techniques are typically used to ensure the quality and granularity of sensor data for heating element failure prediction?,2
How can the organization ensure that all stakeholders are aware of the importance of audit trails and comply with the policy and procedures?,2
How can the severity and detectability of a failure in an industrial furnace be accurately evaluated?,2
What are the consequences of a buildup of pressure in the flue gas system due to blockages?,2
"What are the most common preventive maintenance tasks for industrial furnaces, and how can their frequency be optimized to minimize costs and downtime?",2
How do the results of the KS test translate to practical implications for industrial furnace maintenance and operations?,2
"How can the model be designed to identify and distinguish between different types of failures in industrial furnaces, such as thermal, mechanical, or electrical failures?",2
"Can you discuss any challenges you have encountered when implementing an anomaly detection model in a real-world industrial setting, and how you overcame them?",2
How can inter-rater reliability checks be implemented effectively to measure consistency and accuracy in labeling?,2
How can the impact of maintenance and repair history be quantified and incorporated into an anomaly detection model for older equipment?,2
"What types of failures have occurred in the past in similar industrial furnaces, and how could an anomaly detection model have predicted or detected these failures?",1
"What are the computational resource limitations for deploying the anomaly detection model in industrial furnaces, and how can they be managed?",2
"Can you provide more details on the types of software bugs and electrical faults that can cause control system failures, and how can they be detected and prevented?",2
How can data analysis be used to identify potential issues with the furnace control system before they lead to failures?,2
Can you provide any case studies or examples of temperature control system failure in industrial furnaces?,2
How does preventive maintenance help in minimizing the risk of failures in the air supply system?,2
"What are the regulatory and compliance considerations for sensor data analysis in industries like manufacturing, pharmaceuticals, and chemical processing?",2
How can regular inspections and monitoring help detect potential failure modes in industrial furnaces?,2
"Can you explain the impact of sensor failure on the safety systems and procedures in place for the industrial furnace, and what measures can be taken to ensure safety in such cases?",2
How can the data collected from sensors be used to improve the FMEA process in industrial furnaces?,2
How can the performance of neural networks and other machine learning algorithms used in predictive maintenance be evaluated and optimized?,2
Can you explain the process of tracking data provenance and its importance in ensuring the reliability and accuracy of the anomaly detection model?,2
What kind of training programs are recommended for operators and maintenance personnel to ensure proper implementation of preventive measures?,2
How do redundant sensors help in maintaining accurate data and ensuring safety in industrial furnace operations?,2
"What are the challenges in implementing proactive maintenance strategies in industrial furnaces, and how can they be addressed?",2
How does processing time impact sensor data collection frequency and its role in preventing failures?,2
"What are the key challenges in implementing a proactive RCA approach in industrial furnaces, and how can they be addressed?",2
How can the organization ensure that the sensors are being used correctly and consistently to minimize the risk of sensor failure and its consequences?,2
How can continuous monitoring and analysis of data help in identifying emerging trends or patterns that may indicate potential failures?,2
Can you provide any specific examples of safety hazards that can occur due to inaccurate data collection in industrial furnaces?,2
How can data be used to monitor and predict potential leaks in industrial furnaces?,2
"How can sensor data be used to detect and diagnose potential issues in industrial furnaces, and what are the benefits of early detection?",2
Can you provide some examples of sensor data that can indicate potential failures in furnaces?,2
What are the specific quality control measures that can be ensured through regular sensor monitoring in industrial furnaces?,2
Can you provide any additional examples of how refining failure modes and reasons can improve the specificity of the FMEA model?,2
"What are the potential consequences of false positives and false negatives in specific industries that use industrial furnaces, such as the chemical, metallurgical, or ceramics industries?",2
"How can the use of technology such as IoT sensors, data analytics and machine learning can improve the predictive maintenance of industrial furnaces?",2
How can the impact of high-velocity gas flows on erosion in industrial furnaces be minimized?,2
"How long is the typical response time of temperature to changes in the heating element's status, and what factors can affect this time?",2
How can access controls be effectively implemented in industrial IoT systems?,2
"Can you elaborate on the visual aids used in the communication approach, and how do they enhance stakeholders' understanding of the model's results?",2
"What are the expected benefits and outcomes of the anomaly detection model, and how will they be communicated to the relevant parties?",2
"What are the challenges in implementing predictive maintenance using sensor data, and how can they be addressed?",2
What are the challenges in implementing security measures in industrial IoT systems and how can they be addressed?,2
"Can you provide examples of specific sensors used in industrial furnaces, such as temperature, pressure, vibration, and current sensors, and how they contribute to safe and efficient operation?",2
How does the model differentiate between corrective and condition-based maintenance activities in order to accurately predict failures?,2
What specific types of PPE are recommended when performing inspections and maintenance on industrial furnaces?,2
What specific factors contribute to the severity rating of each potential failure mode in industrial furnaces?,2
"What are the consequences of high severity failure modes in industrial furnaces on safety, environment, quality, production, and finances?",2
"Can you explain the specific sensor threshold limits for temperature, pressure, flow, and gas sensors in industrial furnaces, and how these limits are determined?",2
Can you explain how igniter timing issues can affect the ignition system's performance in an industrial furnace?,2
How can organizations stay informed about changes in privacy laws and regulations and ensure their data protection measures remain up-to-date?,2
How can data scientists ensure that the condition monitoring systems they develop minimize false positives and negatives in predicting industrial furnace failures?,2
Can sensors' thresholds be adjusted based on different operating conditions or industry standards?,2
"Can you provide examples of specific catastrophic failures that have occurred in the past, and how could an anomaly detection model have helped prevent these failures?",2
What types of data integrity checks are commonly used for sensor data at rest?,2
What are the current challenges in optimizing temperature control algorithms for industrial furnaces?,2
What types of training and support are needed for data analysts and maintenance personnel to effectively implement and maintain a predictive maintenance strategy for industrial furnaces?,2
What are the key performance indicators that can be used to measure the effectiveness of an anomaly detection model in industrial furnaces?,2
How can organizations ensure the accuracy and reliability of sensor data used for predictive maintenance in industrial furnaces?,2
What are the normal operating thresholds for each sensor in the industrial furnace? Are there any variations in these thresholds based on the operating conditions or the specific industrial furnace model?,0
How does addressing issues with temperature sensors early help prevent damage to the furnace and its contents?,2
"How can we ensure that the anomaly detection models are interpretable and transparent, allowing operators to understand and trust the system's predictions and warnings?",2
Are there any specific data validation or verification techniques that need to be applied to the sensor data before building the anomaly detection model?,1
How can the lifespan of industrial furnaces be extended through the use of predictive maintenance strategies?,2
"How can the model be designed to incorporate new data as it becomes available, and what is the expected frequency of new data for this type of industrial asset?",2
"What are the most common degradation mechanisms in industrial furnaces, and how can they be accurately detected using sensors?",2
"How do different degradation mechanisms like wear and tear, corrosion, erosion, thermal shock, and mechanical impact cause failures in industrial furnaces?",2
How can regular inspections of refractory linings help prevent failures in industrial furnaces?,2
"Can you provide more details on the common failure modes in industrial furnaces used in metallurgy, ceramics, and petrochemicals?",2
"How do the sensors in these furnaces typically collect data, and what are the common types of data collected?",2
How is the data collected and preprocessed to ensure the quality and relevance for the machine learning model?,2
How does proactive maintenance contribute to a safer working environment?,2
What are the specific temperature ranges that are considered safe and efficient for industrial equipment?,2
Can you provide examples of temperature or pressure fluctuations that would be considered anomalies in industrial furnaces?,2
"How can a robust anomaly detection system ensure the optimal performance of industrial furnaces, and what are its key features?",2
How does overloading of electrical circuits impact the overall efficiency of the furnace?,2
"What are the best practices for implementing regular calibration, testing, and maintenance schedules for sensors in industrial furnaces, and how can these practices be optimized using data-driven approaches?",2
Can you provide any examples of how model validation is used to ensure the robustness of anomaly detection models to noise and outliers in industrial furnace data?,2
Can you provide an example of a false positive in the context of industrial furnace FMEA and how it can be avoided?,2
How does the monitoring system compare to previous monitoring methods used for the industrial furnace?,2
How does predictive maintenance help in increasing the efficiency and productivity of industrial furnaces?,2
What are the future trends in the use of redundancy and safety systems in industrial furnaces and how will it impact anomaly detection models?,2
"How can contamination of the sensing surface be prevented, and what are the common sources of contamination?",2
How can predictive maintenance help in optimizing maintenance activities for industrial furnaces?,2
Can you provide more details on how historical data has helped in establishing a baseline for normal operating conditions?,2
Are there any specific tools or techniques recommended for detecting early signs of furnace shell degradation?,2
What strategies can be employed to prioritize maintenance tasks based on the severity and detectability of degradation mechanisms?,2
Can you provide any case studies or examples of successful predictive and preventive maintenance programs for industrial furnaces?,2
How can unauthorized changes to sensor data lead to equipment damage in an industrial furnace?,2
What are the most common failure modes of industrial furnaces that should be focused on when building an anomaly detection model?,2
Can you provide more details on the specific benefits of PdM for the efficient and reliable operation of industrial furnaces?,2
"How do pressure sensors measure the pressure drop across burners, and what specific thresholds indicate potential ignition system failures?",2
Can you explain how correlation matrices and autocorrelation plots can provide insights into the correlations between different sensor variables?,2
How can software bugs in the control system be detected and corrected to prevent failures?,2
"How can the model provide a confidence level for each anomaly, and what factors contribute to this confidence level?",2
What specific SPC methods and machine learning algorithms have been used in previous studies for anomaly detection in industrial furnaces?,2
Can you provide more details on the specific measures that should be taken during model selection and validation to ensure the effectiveness of the anomaly detection model?,2
"How does the anomaly detection model integrate with existing monitoring and control systems in industrial furnaces, and what are the technical requirements for implementation?",2
How can data analysis be used to monitor and improve the overall performance of industrial furnaces?,2
"How do the sensors communicate with the control system of the industrial furnace, and what measures are in place to ensure data integrity and accuracy?",2
"What are the challenges in implementing sensor data-driven process control and optimization in industrial furnaces, and how can they be addressed?",2
How do physical security measures contribute to the overall security of industrial IoT systems?,2
Can you provide an example of how log loss has been used in a real-world industrial setting to improve anomaly detection and prevent failures?,2
What are the specific conditions or thresholds that trigger the Automated Alert Notifications?,2
How can industrial furnace operators and reliability engineers work together to ensure continuous improvement in reliability and performance?,2
How can predictive maintenance tools and techniques be used to detect control system failures in industrial furnaces?,2
What are the best practices for implementing a comprehensive preventive maintenance program for industrial furnaces?,2
How can the performance of sensor data analysis models be evaluated and improved over time to ensure they remain effective in detecting and predicting failures?,2
"Can you elaborate on the ""Calibration Error"" failure mode in the temperature control sensor and how it can be detected and corrected?",2
How can regular reviews and updates to data privacy and security measures be integrated into the management of sensor data from industrial furnaces?,2
How do these technologies help in reducing the risk of accidents and safety hazards in industrial furnaces?,2
"Can you provide more information on the specific conditions that would necessitate using precision, recall, or F1 score as performance metrics?",2
Can you provide more information on the appropriate failure codes to use when modeling for older equipment?,2
"How do you ensure that the anomaly detection model can effectively differentiate between normal and abnormal operating conditions, given the complex nature of industrial assets like furnaces?",2
What specific measures can be taken to improve temperature uniformity in the industrial furnace?,2
Can you explain the process of calibrating pressure sensors using a deadweight tester or pressure gauge in more detail?,2
"What are the key performance indicators (KPIs) that should be monitored to ensure the optimal operation of industrial furnaces, and how can sensor data support their measurement?",2
"What are the potential consequences of not capturing the main components, potential failure modes, reasons, degradation mechanisms, severity, and detectability for the industrial furnace?",1
"How do the sensors' specifications, such as measurement range and accuracy, impact their performance in monitoring the furnace's operating conditions?",2
"How can the severity of failures in industrial furnaces be quantified and measured, and what are the key performance indicators (KPIs) for monitoring furnace reliability and maintenance?",2
How can data be collected to determine the root causes of a failure mode in an industrial furnace?,2
What are the consequences of not performing regular inspections and maintenance on industrial furnaces?,2
How can the new sensor-based monitoring system be integrated seamlessly with existing systems?,2
"How can the use of advanced technologies, such as sensors and data analytics, improve predictive maintenance practices in industrial furnaces?",2
What role does tracking and analyzing failure data play in preventing failures in industrial furnaces?,2
How can an effective anomaly detection model integrate with existing safety systems and monitoring equipment in industrial furnaces?,2
How can data visualizations be used to prevent failures in the industrial furnace before they occur?,2
Can you explain the sensors or techniques used for monitoring combustion efficiency and how data scientists can interpret this data?,2
"What strategies can be employed to improve the precision, recall, and F1 score of an anomaly detection model in the context of industrial furnaces?",2
"How can the actionable insights from the sensor data analytics system be effectively communicated to the relevant stakeholders, taking into account their roles and responsibilities?",2
How can the creep of the furnace metal components be monitored and prevented to ensure the safe and efficient operation of the furnace?,2
Can you explain the importance of incorporating domain knowledge in the development and maintenance of predictive models for industrial furnaces?,2
How can data analytics be used in conjunction with real-time monitoring to prevent failures in industrial furnaces?,2
"Can you explain the thermal, chemical, and moisture degradation mechanisms that can cause insulation failures in more detail?",2
"Can you explain the role of temperature, pressure, and gas sensors in monitoring the combustion process within the furnace?",2
How do environmental factors affect the performance of sensors in industrial furnaces?,2
"Are there any regulatory or compliance requirements related to the monitoring and maintenance of the industrial furnace, and how do they impact the data collection and analysis process?",1
"Can you provide examples of specific temperature fluctuations or gradual increases in temperature that could indicate a furnace issue, and how would these be addressed?",2
How does the quality and availability of data impact the detectability of failures and what specific steps can be taken to ensure the data used for the anomaly detection model is of high quality?,1
What are the current trends and advancements in the use of temperature sensors for predictive maintenance in industrial furnaces?,2
How can domain knowledge in the specific industry be incorporated into the development of an anomaly detection model for industrial furnaces?,1
"What are the typical causes of sensor failures in industrial furnaces, and how can they be prevented through regular maintenance and calibration?",2
What are the key international authorities and regulations that industrial furnace owners or operators should be aware of?,2
"What are the specific regulatory and safety requirements that new furnaces must meet, but existing ones do not?",2
"In what specific applications would each sensor type (piezoelectric, strain gauge, capacitance) be the most suitable choice, and what factors should be considered when selecting a pressure sensor for a particular application?",2
"How can excessive vibration and mechanical stress cause damage to components in industrial furnaces, and what steps can be taken to mitigate this risk?",2
"Can you discuss any specific challenges or limitations of building an anomaly detection model for industrial furnaces, and how can they be addressed?",2
How the organization ensure the maintenance program is aligned with the business objectives and the overall production plan?,2
Have there been any past failures in the industrial furnace that were not detected by the existing monitoring or maintenance procedures?,1
How does PdM minimize maintenance costs in industrial furnaces?,2
How do changes in the operational environment affect the frequency of FMEA updates for an industrial furnace?,2
Can you provide examples of usage patterns that can increase the likelihood of failures in industrial furnaces?,2
"How can domain expertise be developed and maintained for industrial furnace operations, and why is it important for predictive maintenance?",2
Are there any specific data security or privacy requirements that need to be considered while building and deploying the anomaly detection model?,1
"What sensor data can be used to detect each failure mode, and how accurate and available is this data?",2
What are the best practices for operating industrial furnaces to minimize the risk of degradation and failure?,2
What are the best practices for implementing data analysis in industrial furnace operations?,2
How can we ensure that the selected features for the anomaly detection model are relevant and capture the most critical aspects of human errors in industrial furnaces?,2
How does the data collected from sensors and monitoring equipment is visualized and presented to the stakeholders?,2
How can we validate and verify the performance of the anomaly detection model in real-world conditions?,2
What are the challenges faced in implementing data analysis for predictive maintenance in industrial furnaces?,2
How are the sensors in industrial furnaces affected by moisture and what measures can be taken to minimize its effects?,2
What methods are used to detect failures before they occur in industrial furnaces and how do they relate to the regulatory and safety requirements?,1
How often should the anomaly detection model be updated to ensure its accuracy and effectiveness in identifying anomalies?,2
"Are there any other factors, such as equipment age or usage patterns, that should be considered when building an anomaly detection model for the industrial furnace, and how will they be incorporated?",1
Can you explain how understanding the sensor data collection frequency and pattern can contribute to predicting and preventing failures in industrial furnaces?,1
"How is the consistency and accuracy of sensor data collection ensured in industrial furnaces, and what measures are taken to address any potential issues?",2
Can you provide examples of any real-world use cases where sensor data analysis has been successfully implemented in industrial furnaces for predictive maintenance?,2
"In addition to regulatory requirements, what other factors should be considered when designing an anomaly detection model for industrial furnaces?",2
What are the specific signal processing techniques that can be used to optimize furnace performance and detect sensor failures?,2
What are some best practices for implementing sensor-based anomaly detection models in industrial furnaces?,2
What are the best practices for maintaining and inspecting industrial furnace components to prevent degradation and failure?,2
"What are the primary objectives of the anomaly detection model, and how will the success of the model be measured?",1
Can you explain the specific methods used to measure temperature uniformity in the industrial furnace?,2
How is the data from the FMEA process used to inform the development of the anomaly model for real-time sensor data?,2
"How does oxidation affect the performance of sensors with metal components, and what steps can be taken to mitigate this degradation mechanism?",2
Can you provide examples of specific safety protocols that have been improved through the analysis of sensor data from industrial furnaces?,2
How do pressure sensors impact the performance of industrial furnaces?,2
"What are the specific consequences of gas sensor failures in industrial furnaces, besides the risk of fire and explosion?",2
Can you provide some examples of failures in industrial furnaces that can be detected using sensors?,2
Can you provide examples of specific failure modes that can lead to inaccurate measurements and potential damage to the furnace and materials being processed?,2
How can we identify and quantify the normal temperature trends over time and any cyclical patterns in the heating element's operation?,2
Can you explain the steps involved in conducting a Failure Modes and Effects Analysis (FMEA) for industrial furnaces?,2
How can safety hazards be prevented in industrial furnaces through regular inspections and preventive maintenance?,2
How can predictive maintenance and anomaly detection strategies be tailored to the specific needs and operating conditions of different types of industrial furnaces?,2
"What are the limitations of using a single evaluation metric, and why is it important to use a combination of metrics to assess the performance of the model?",1
"What are the specific refractory degradation issues that can occur in industrial furnaces, and how do they impact the predictive maintenance model?",2
"How can the combustion control system fail, and what sensor data is typically used to detect such failures?",2
What are the implications of using log loss as an evaluation metric for the design and implementation of anomaly detection models in industrial settings?,2
What are the specific performance metrics that will be used to evaluate the effectiveness of the anomaly detection model?,1
"How can the organization ensure that the privacy policy and procedures are accessible to all stakeholders, including those with disabilities?",2
How do redundant sensors contribute to improving the reliability of temperature control systems in industrial furnaces?,2
"How can predictive maintenance strategies, such as analyzing sensor data, help in detecting potential failures in industrial furnaces?",1
Can you provide more details on the calibration process for temperature sensors and fuel regulators in industrial furnaces?,2
How does predictive maintenance improve energy management for industrial furnaces?,2
"What are the benefits of using predictive maintenance in industrial furnaces, and how does it help reduce downtime and maintenance costs?",1
How do vibration sensors help in identifying energy inefficiencies in industrial furnaces?,2
How can the anomaly detection model be customized to ensure seamless integration with the existing monitoring and control systems?,2
"How can the anomaly detection model be integrated with existing systems and processes, and what considerations should be taken into account during this integration process?",2
Can you provide more information on the current challenges faced by maintenance personnel in operating and maintaining the industrial furnace?,2
Can you explain the typical temperature and pressure ranges for the industrial furnace's air supply and exhaust systems?,2
How frequently should data be collected and analyzed for the anomaly detection model to be effective?,1
"What are the most common methods used for real-time monitoring of the parameters in industrial furnaces, and what are their advantages and limitations?",2
"Can you provide examples of policies, procedures, and mechanisms that can be put in place to establish accountability and responsibility for the impacts of these models?",2
How can regular maintenance of sensors contribute to maximizing furnace efficiency and productivity?,2
What are the common signs of degradation or damage in the refractory lining that data scientists should look out for?,2
Can you explain the process of Failure Modes and Effects Analysis (FMEA) and how it is used to identify potential failure modes in industrial furnaces?,2
"What are the potential risks associated with not monitoring vibration in industrial furnaces, and how can it be mitigated through sensor data analysis?",2
"What are the common failure modes in the sensors or actuators of the air supply and exhaust systems, and how can the anomaly detection model help address these issues?",2
Can you explain the impact of vibrations on the degradation mechanisms of emission sensors in industrial furnaces?,2
Can you provide examples of potential safety hazards that can occur due to failure of industrial furnaces?,2
How do the benefits of using SPC methods and machine learning algorithms in industrial furnaces compare to traditional methods of monitoring and controlling furnace conditions?,2
Can you provide examples of the consequences of poor maintenance and lack of regular inspections for industrial furnaces?,2
Can you explain how condition-based monitoring and proactive maintenance strategies can contribute to reducing downtime and lowering maintenance costs for industrial furnaces?,2
How do business constraints impact the choice of threshold for identifying anomalies in the machine learning algorithms?,2
Can you provide examples of specific predictive maintenance techniques used in industrial furnaces?,2
What are the challenges in building an effective anomaly detection model for industrial furnaces and how to overcome them?,2
What are the critical components in temperature sensors and control systems that require regular inspections and calibrations to ensure the safe and reliable operation of industrial furnaces?,2
"What are the key performance indicators that should be used to evaluate the effectiveness of the anomaly detection model, and how can these be measured and monitored?",2
How do you address the challenge of imbalanced data in the context of anomaly detection for industrial furnaces?,2
How can we ensure proper fuel measurement and monitoring of exhaust gas composition to prevent failures and improve accuracy in these calculations?,2
What are the challenges faced in ensuring high resolution in sensors?,2
"What are the common causes of sensor failure in industrial furnaces, and how can data analysis help in identifying and addressing these issues?",2
"How can data from industrial furnaces be analyzed to predict and prevent failures, and what role does data science play in this process?",2
What are the common machine learning algorithms and anomaly detection techniques used in this context?,2
"What are the challenges in monitoring and analyzing sensor data from industrial furnaces, and how can they be addressed?",1
How can data scientists collaborate with subject matter experts to develop predictive models for sensor failures in industrial furnaces?,2
What are the potential consequences of exceeding the acceptable levels of CO and NOx emissions in industrial furnaces?,2
How can the anomaly detection model be integrated with existing industrial furnace systems and processes?,2
How can the model be integrated with existing industrial furnace systems and processes?,1
"What are the best practices for implementing predictive maintenance strategies in industrial furnaces, and how can sensor data support these strategies?",2
"What are the regulatory requirements for regular inspections and maintenance of industrial furnaces, and what are the penalties for non-compliance?",2
Can you provide any examples of severe consequences faced by industrial furnaces due to emission sensor failures?,2
What are the potential challenges in implementing the anomaly detection model?,2
Can you provide examples of the likelihood and consequences of failure modes that we should consider when determining the frequency of data collection and analysis for the furnace?,2
"How can we ensure that the anomaly detection model is interpretable and explainable, given the critical nature of the industrial furnace process?",2
How do the different types of failure codes help in identifying and addressing specific issues with oxygen sensors?,2
How is the anomaly detection model trained to identify potential failures in the specific asset class of industrial furnaces?,2
"How does moisture ingress lead to insulation failure, and what steps can be taken to prevent it?",2
How frequently should pressure sensor data be monitored to ensure early detection of ignition system failures in industrial furnaces?,2
What specific measurements or variables should be collected from the industrial furnace to ensure comprehensive data representation?,2
Can you elaborate on the impact of false positives and false negatives on the furnace operation and maintenance?,2
"How do sensors help ensure regulatory compliance in industrial furnaces, and what are some common regulatory limits that sensors monitor?",2
How can temperature sensors and control systems provide early warning signs of potential failures in industrial furnaces?,1
"What are the regulatory and industry standards for maintenance and inspection of industrial furnaces, and how do they impact the development and implementation of the anomaly detection model?",2
How does vibration affect the degradation mechanisms of industrial furnaces and what measures can be taken to minimize its impact?,2
How can the model be scaled up or down depending on the size and complexity of the industrial furnace?,1
Can you explain how inadequate baffling can cause uneven temperature distribution in industrial furnaces?,2
Can you explain more about the sensor drift that can occur in temperature sensors and how it can be detected and prevented?,2
How can we determine the severity of a failure in temperature sensors and control systems and prioritize maintenance activities accordingly?,2
Are there any specific industry standards or regulations that must be considered when developing predictive maintenance models for industrial furnaces?,2
How can implementation of a comprehensive maintenance program help in reducing the severity rating of failure modes in industrial furnaces?,2
Are there any specific data privacy or security concerns related to the use of sensor data from industrial furnaces?,2
"How often should regular inspections and temperature monitoring be performed to detect potential failures in the ignition system and air/fuel ratio control component, and what are the recommended tools or techniques for doing so?",2
How do spectrograms help in understanding the frequency content of sensor data?,2
How does the monitoring method used impact the detectability of issues in industrial furnaces?,2
"Can you provide examples of specific components in industrial furnaces that can cause abnormal energy consumption, and what steps can be taken to improve their efficiency?",2
Can you provide more information on the erosion mechanism in industrial furnaces? What are the common causes and signs of erosion?,2
How can data integrity be maintained in the context of industrial furnace data and what impact can it have on the anomaly detection model's performance?,2
"How can we ensure that the anomaly detection model is interpretable and explainable to stakeholders, including operators, maintenance personnel, and management?",2
What are the benefits of using FMEA in the maintenance of industrial furnaces?,2
What are the recommended temperature monitoring techniques for industrial furnaces?,2
What are the potential safety risks associated with inaccurate data from degraded sensors in industrial furnaces?,2
What are the key factors to consider when implementing an effective anomaly detection model for industrial furnaces?,1
What are the effects of oxidation on the heating element material and how can it be prevented?,2
Are there any industry-specific standards or guidelines for maintaining and updating anomaly detection models in the context of industrial asset maintenance?,2
What specific inspections and preventive maintenance checks would you recommend for identifying potential failures in industrial furnaces?,2
"What specific components of industrial furnaces are most susceptible to wear and tear, corrosion, or other degradation mechanisms that can lead to Mechanical Component Failure (MCF)?",2
What are the recommended temperature ranges for safe and efficient operation of industrial furnaces?,2
What specific types of corrosive gases are most commonly found in industrial furnaces and which materials are they particularly damaging to?,2
What are the potential consequences of failing to comply with legal and ethical requirements when deploying an anomaly detection model in industrial settings?,2
"Subject matter expert, can you provide some real-world examples of intermittent failures in industrial furnaces that might be difficult to detect with traditional anomaly detection models?",2
How does poor maintenance lead to electrical degradation in the ignition system of industrial furnaces?,2
"What specific sensors are used to monitor the condition of heating elements, refractory lining, and burners in industrial furnaces?",2
"What are the long-term effects of sensor drift, damage, and leakage on industrial furnace operation if left unchecked?",2
How does the anomaly detection model account for the current monitoring and maintenance procedures for the industrial furnace's air supply and exhaust systems?,2
How can industries monitor for early warning signs such as temperature drift and system alarms in temperature sensors and control systems?,2
"What are the most common indicators of imbalance in air/fuel ratio, and how can it be corrected?",2
"What best practices can be followed when implementing a multi-metric approach for industrial asset anomaly detection, and how can these practices ensure a more reliable, accurate, and robust anomaly detection system?",2
What types of sensors are typically used to collect data for anomaly detection in industrial furnaces?,2
What are the most common safety considerations that need to be monitored through sensor data?,2
How can the effectiveness of inspections and maintenance activities be measured and evaluated?,1
"How do predictive maintenance strategies differ from preventive maintenance approaches, and what are the benefits of each in the context of industrial furnaces?",2
What environmental factors have the most significant impact on the furnace's operation and how can we incorporate them into the model?,2
Could you suggest some of the most relevant regulatory bodies to consult regarding the development of an anomaly detection model for industrial furnaces?,2
Can you elaborate on the role of continuous monitoring in maintaining the security and integrity of the industrial furnace system?,2
How can the performance of the anomaly detection model be evaluated and validated to ensure that it is accurately predicting potential failures?,2
What measures are taken to ensure the accuracy and reliability of the historical data used to train the anomaly detection model?,2
"What are the potential consequences of excessive vibration in industrial furnaces, and how can they be mitigated?",2
"How can the ""Thermal Shock"" failure mode be prevented, and what are its consequences if left unattended?",2
What are the ASME codes and standards for materials used in industrial furnaces?,2
Can you explain how the temperature sensors are used to monitor the material being heated and exhaust gases?,2
What are the specific industry-standard regulations that need to be considered when deploying an anomaly detection model for industrial furnaces?,2
How can historical and real-time data be used effectively in validating the anomaly detection model?,2
How can data scientists help in predicting potential failures in industrial furnaces before they happen?,2
What are the most common manufacturing defects in industrial furnaces that can lead to failures?,2
How does the anomaly detection model ensure that the industrial furnace is operating at its optimal performance level?,2
Can you explain the specific methods used to calculate furnace efficiency and fuel consumption in industrial furnaces?,1
Can you provide some examples of how data quality and availability can impact predictive maintenance in industrial furnaces?,2
How can the anomaly detection model be integrated with existing maintenance and operation procedures for the industrial furnace?,1
How can machine learning models be used to predict and prevent sensor malfunctions in industrial furnaces?,2
Can you discuss any industry best practices or standards for implementing security measures in industrial IoT systems?,2
What are the challenges in implementing a proactive maintenance program for industrial furnaces and how can they be addressed?,2
How can facilities determine the appropriate frequency for inspections and maintenance to prevent leaks in industrial furnaces?,2
"How do different sensor failure modes affect the performance of industrial furnaces, and what are the potential consequences of each failure mode?",2
Can you provide examples of severe consequences faced by organizations due to control system failures in industrial furnaces?,2
"What are the maintenance standards, regulations, and certifications that should be followed to ensure safe and efficient operation of industrial furnaces?",2
Can you provide examples of specific failure codes for industrial furnace components and subcomponents that may be caused by environmental factors?,2
What role does machine learning and artificial intelligence play in sensor data analysis for industrial furnaces?,2
What are the potential legal and reputational risks of non-compliance with privacy laws and regulations for organizations deploying anomaly detection models?,2
How can advanced analytics techniques be used to identify potential issues with industrial furnaces before they become critical?,2
How can the FMEA be used to identify and mitigate potential safety hazards associated with industrial furnace operation?,2
How can we implement audit trails to monitor and track access to the sensor data and the anomaly detection model?,1
"What are the challenges in implementing sensor data monitoring systems in industrial furnaces, and how can they be addressed?",2
Are there any other types of sensors or monitoring systems that can be used to detect ignition system failures in industrial furnaces?,2
How can vibration anomalies be used to identify loose components or imbalanced loads?,2
How should the anomaly detection model handle emergency shutoff situations? Should it trigger an automatic shutdown or alert the operators first?,2
"How can maintenance professionals ensure the accuracy and reliability of the data used in histograms and trending analysis, and what steps can be taken to address data quality issues?",2
What data should be collected and analyzed to create meaningful histograms and trending analysis for industrial furnaces?,2
How do air filtration systems help prevent industrial furnace failures?,2
How can data scientists collaborate with subject matter experts to develop effective risk mitigation strategies for sensor failures in industrial furnaces?,2
What criteria are used to verify the accuracy of the labels provided by the subject matter expert?,2
Are there any specific abnormal noises or vibrations that indicate a potential failure in the cooling system?,2
Can you provide insights on how to best communicate the benefits and limitations of an anomaly detection model to stakeholders within the organization?,2
Can you provide more information about the specific maintenance costs that can be reduced by conducting a FMEA for the industrial furnace?,2
What are the potential consequences of not addressing the challenges in building effective anomaly detection models for industrial furnaces?,2
"Can you provide examples of successful implementation of anomaly detection models in industrial furnaces, and what lessons can be learned from them?",2
Can you provide any case studies or examples of how a well-designed control system has improved the performance of industrial furnaces?,2
What measures can be taken to distinguish between insignificant and meaningful anomalies in the context of industrial furnaces?,2
What is the role of vibration sensors in detecting anomalies and preventing failures in the industrial furnace?,2
What are the challenges in implementing a predictive maintenance program for industrial furnaces and how to overcome them?,2
"How does fuel contamination affect the various components of industrial furnaces, such as radiant tubes and burners?",2
How can regular monitoring of temperature sensor data be integrated into a broader maintenance and inspection strategy for the furnace?,2
What are the limitations of using ROC curves and AUC-ROC for model evaluation?,2
"What are the recommended maintenance practices to prevent heating element failure, and how often should they be performed?",2
"Can you provide more information on the severity of failures in an industrial furnace and how they impact downtime, reliability, and productivity?",2
What are the common types of regulatory compliance requirements for industrial furnaces in our industry?,2
"How does regular system checking help in detecting and preventing control system failures, and what are the best practices for conducting these checks?",1
What are the challenges in implementing automation and digitalization in existing industrial furnaces and how can they be overcome?,2
"How can data analysis play a role in predictive maintenance for industrial furnaces, and what kind of data should be collected and monitored?",2
"How does the age-related wear of furnace components affect overall furnace performance, and how can RCA address this issue?",2
"Are there any specific maintenance procedures or protocols that have been shown to be particularly effective in preventing failures during steady-state operation and shutdown, and how can data scientist ensure that these procedures are implemented consistently?",2
Can you provide any specific examples of how regular inspections and monitoring can prevent failures in industrial furnaces?,2
How can manufacturer's documentation contribute to the development of accurate and relevant expert labels for industrial furnaces?,2
How can we ensure that the data used for developing anomaly detection models is of high quality and accurately reflects the normal variability of the industrial furnace's operation?,2
"Can you provide more information on the process of spare parts management, including how to determine which parts to stock and how to manage inventory levels?",2
Can you explain how the risk priority number (RPZ) is calculated and how it is used to prioritize failures?,2
"How should unplanned maintenance data be treated differently when training the model, compared to scheduled maintenance data?",2
"How often are regular inspections and maintenance performed on the industrial furnace, and what are the criteria for determining the frequency of these inspections?",1
Are there any specific preprocessing techniques that are required for the sensor data?,2
What specific knowledge and expertise of reliability engineers and maintenance personnel are used to validate the model's accuracy and reliability?,2
"do the chosen SPC methods and machine learning algorithms perform when applied to large-scale industrial furnace datasets? Are there any scalability issues, and how can they be addressed to ensure efficient and accurate anomaly detection?",2
How can an anomaly detection model help prevent failures and ensure safe and efficient operation in industrial furnaces?,2
How can regular monitoring of KPIs improve product quality in industrial furnace operations?,2
Can you provide examples of common failure modes in industrial furnaces?,2
"What are the most common failure modes and reasons for industrial furnaces, and how do they affect the overall performance and efficiency of the furnace?",2
How is model validation performed to ensure accurate anomaly detection and identify biases or errors?,2
How can data scientists use temperature and pressure sensors to monitor the condition of the refractory lining in real-time?,2
Are there any emerging technologies or methods being developed to improve the detection and prevention of failures in industrial furnaces?,2
Can you explain the relationship between the furnace's operating temperature range and the frequency of sensor data collection?,2
How can the risk of failures be minimized in industrial furnaces?,2
Are there any specific training or certification requirements for personnel involved in industrial furnace monitoring and maintenance under regulatory and compliance standards?,2
What are the critical sensors that should be considered in the implementation of sensor data analytics in industrial furnaces?,2
"What are the primary factors that contribute to model obsolescence in this context, and how can we mitigate their impact?",2
Can you share examples of previous heating element failures and the temperature sensor data patterns observed prior to those failures?,2
Can the anomaly detection model provide recommendations for maintenance actions based on its predictions?,2
"How can the insights gained from predictive maintenance models be communicated to stakeholders, such as maintenance personnel and operations managers, to inform decision-making?",2
How do industrial furnace operators ensure that the sensors used are providing accurate and reliable readings?,2
How can we determine the optimal threshold value for the anomaly detection model while considering the specific needs and constraints of the industrial furnace application?,2
How is the severity of a potential failure determined in a predictive maintenance program?,2
Can you explain the role of mechanical stress in the failure of industrial furnace components?,2
Can you discuss the impact of emerging technologies on the design and use of sensors in industrial furnaces?,2
How does the anomaly detection model determine the optimal time for scheduling preventive maintenance?,2
How will the performance of the anomaly detection model be evaluated? Is there any specific metric or evaluation approach that is preferred?,0
What types of specialized tools or training may be needed to detect control system software failures in industrial furnaces?,2
"How can we ensure that the selected features are not only relevant but also non-redundant, and how can we measure the effectiveness of feature selection?",2
What are the specific measures that can be taken once potential failures are detected in the industrial furnace components?,2
What are the potential challenges in collecting and processing the sensor data for the anomaly detection model?,1
How does training and understanding degradation mechanisms help in maintaining sensors in industrial furnaces?,2
Can you provide any case studies or examples of successful failure prediction and prevention in industrial furnaces?,2
"How does atmospheric control impact the FMEA and the KPIs in industrial furnaces, and what are some common methods for achieving atmospheric control?",2
What are the best practices to monitor sensors and equipment for the anomaly detection model in industrial furnaces?,1
Can you explain how the failure codes are used in the FMEA to identify potential failure modes?,1
"How can histograms and trending analysis be used to detect emerging issues and trends in industrial furnace performance and maintenance, and how can maintenance professionals respond to them effectively?",2
How can vibration or mechanical shock be minimized in the industrial furnace to prevent damage to electrical or mechanical components?,2
What specific data acquisition and processing systems are most effective in ensuring sensor data accuracy and precision?,2
Can you discuss the impact of furnace shell degradation on the overall efficiency and productivity of industrial furnaces?,2
How can data scientists ensure the reliability and accuracy of the sensor data used in the predictive maintenance models?,2
"What are the key challenges in building an effective anomaly detection model for industrial furnaces, and how can they be addressed?",2
Can you explain the process of conducting a Failure Modes and Effects Analysis (FMEA) for the control system of an industrial furnace?,2
"What are the legal and regulatory requirements related to the monitoring and maintenance of industrial furnaces, and how can the anomaly detection model help in complying with them?",2
How is the effectiveness of the FMEA process measured and evaluated over time?,2
How does the data collected from sensors and monitoring equipment is integrated with other systems and softwares?,2
Can you explain how the anomaly detection model fits into the broader maintenance and operational strategy for the industrial furnace?,2
"What are the most common causes of burner failure, and how can they be prevented through maintenance and cleaning?",2
"What are the specific safety risks associated with industrial furnace failures, and how can an anomaly detection system help mitigate them?",2
What are the specific key performance indicators (KPIs) that will be used to measure the improvement in asset reliability and safety?,2
How do anomaly detection models help in reducing downtime for industrial furnaces?,2
Are there any specific data integration or transformation techniques that need to be applied to the sensor data before building the anomaly detection model?,1
Can you provide examples of how predictive maintenance can be improved by integrating the anomaly detection model with industrial furnace monitoring and control systems?,2
How can external factors impact the performance of the sensor data analytics system in industrial furnaces and how can they be mitigated?,2
"Are there any regulatory or safety requirements that must be considered when building the anomaly detection model, and how will they be addressed?",1
How is the true value of the measured parameter determined for accuracy checks?,2
"What are the challenges in integrating sensors in industrial furnaces, and how can they be addressed?",2
Can you provide some examples of successful applications of sensor data analytics in industrial furnaces?,1
What are the potential consequences of a catastrophic heating element failure in industrial furnaces?,2
How do regular inspections and maintenance help in reducing the risk of safety hazards in industrial furnaces?,2
"What are the future trends in automation and digitalization for industrial furnaces, and what opportunities and challenges do they present?",2
Can you discuss the role of data preprocessing and feature engineering in improving the performance of anomaly detection models for industrial furnaces?,2
How can we handle multiple types of anomalies in industrial furnaces that may require different algorithms for effective detection?,1
How can the performance of the anomaly detection model be further improved after implementing these strategies?,2
What are the specific sensor range guidelines that should be followed to prevent failures in industrial furnaces?,2
Could you provide some examples of potential issues in industrial furnaces that can be detected early through regular sensor monitoring?,2
"What are the potential consequences of ignoring a significant difference in performance between anomaly detection models in industrial furnaces, as identified by the KS test?",2
"Can you provide more details on the common causes of sensor drift, noise, and failure in industrial furnaces, and how they can be detected and mitigated?",2
How can data from sensors be used to monitor and improve the overall performance of the industrial furnace?,2
What are the typical maintenance recommendations based on identified failure codes in industrial furnaces?,2
How can the performance of an anomaly detection model for industrial furnaces be evaluated and optimized over time?,2
Are there any other KPIs or factors that should be considered when predicting and preventing failures in industrial furnaces?,2
Can you explain the specific steps involved in the failure modes and effects analysis (FMEA) process for an industrial furnace?,2
Can you provide more details on how the anomaly detection model uses scheduled maintenance data to predict failures?,2
Can you provide more details on the specific external factors that can impact sensor readings in an industrial furnace?,2
How do the KPIs you mentioned vary between normal and abnormal operating conditions in the furnace?,2
How do the size and complexity of industrial furnaces impact the choice of sensors used for monitoring and control?,2
Can you provide any case studies or examples of successful sensor maintenance and calibration programs in industrial furnaces?,2
Can you provide any examples of successful implementation of anomaly detection systems in industrial furnaces and the benefits achieved?,2
Can you discuss any challenges or limitations in using FMEA for predicting and preventing failures in industrial furnaces and heating elements?,2
Can you explain how understanding the underlying causes of failures contributes to the prevention of failure modes in an industrial furnace?,2
What are the key performance indicators that should be used to evaluate the effectiveness of the anomaly detection model?,2
How does the maintenance history of a furnace impact its current maintenance costs?,2
How can the sensor data be visualized and presented to the stakeholders for better decision making?,2
How can a data scientist help in identifying potential failures in industrial furnaces using data analysis and predictive modeling techniques?,2
What are the specific monitoring and diagnostic tools recommended for identifying issues in industrial furnaces before they lead to failure?,2
How do sensors in industrial furnaces affect the overall safety and efficiency of the furnace operation?,2
How can regular monitoring of sensors in industrial furnace control systems help prevent unplanned downtime?,2
How can the team ensure that the anomaly detection model is scalable and can be deployed across multiple industrial furnaces?,2
How can data scientists help in monitoring and maintaining gas sensors in industrial furnaces?,2
Can you provide any case studies or examples of successful implementation of anomaly detection models in industrial settings that strike a balance between minimizing false positives and false negatives?,2
What are the potential consequences of actuator failures in industrial furnaces and how can we ensure their proper inspection and testing?,2
Can you provide more details on the specific sensors used for monitoring the operating conditions of the industrial furnace?,2
How can the anomaly detection model be updated and maintained over time to ensure that it remains effective in predicting potential failures?,2
How do manufacturers ensure that fuel storage tanks are clean and free from impurities?,2
What are the potential consequences of sensor failures on the accuracy and reliability of the anomaly detection model?,1
What are the consequences of not detecting an anomaly in a timely manner?,2
How can the anomaly detection model help in reducing maintenance costs and downtime in the long run?,1
Are there any specific types of industrial furnaces that are more suitable for machine learning algorithms than others?,2
Can you provide examples of other failure modes that can occur in the temperature control system and fuel delivery system?,2
How can organizations ensure that the insights and recommendations provided by ML and AI models are effectively implemented to improve industrial furnace reliability and performance?,2
How can the anomaly detection model be used to prioritize preventive maintenance activities?,2
"In what ways can pressure and air-fuel ratio measurements contribute to the early detection of furnace anomalies, and how are these measurements typically analyzed?",2
How do regular model optimization and evaluation contribute to the accuracy and reliability of the predictive maintenance system for industrial furnaces?,2
How can we minimize maintenance costs while ensuring safe and efficient operation of industrial furnaces?,2
Can you provide examples of preventive maintenance activities that are specific to industrial furnaces?,2
How can the anomaly detection system provide alerts or notifications to operators or maintenance personnel in case of potential failures?,2
What are the key performance indicators that should be monitored to ensure the efficiency and safety of industrial furnaces?,2
"What are the key differences between the GDPR, CCPA, and PIPEDA in terms of data protection and privacy requirements?",2
"How do the additional factors such as equipment age, usage patterns, maintenance history, environmental factors, and sensor accuracy impact the selection of machine learning algorithms and techniques for the anomaly detection model?",1
"How are the anomaly detection models integrated with the existing maintenance workflow, and what are the key performance indicators used to evaluate their effectiveness?",2
Can you explain the specific degradation mechanisms of the industrial furnace components and subcomponents that we should monitor closely?,2
Are there any industry standards or regulations regarding sensor data collection frequency and pattern in industrial furnaces?,2
What are the most common types of repairs required for industrial furnaces?,1
"What are the potential consequences of a data breach or cyber attack in an industrial furnace anomaly detection application, and what measures can be taken to mitigate the risks and impacts of such incidents?",2
"How can the anomaly detection model support inspections and testing, and what specific benefits does this bring for industrial furnaces?",2
What are the challenges in implementing regular inspections and timely replacement of worn-out components in industrial furnaces?,2
"How do anomaly detection models identify potential hazards in the furnace operation, and what are the common hazards they look for?",2
"What are the potential consequences of not updating the anomaly detection model on a regular basis, and how can these consequences be mitigated through regular model maintenance and updates?",2
How can we ensure that the sensor data from industrial furnaces is untraceable to individuals if required by data privacy regulations?,2
"What are the most common causes of failures in industrial furnaces, and how do they affect the KPIs and sensor data?",2
Can you provide any specific examples of failures in sensors that have led to safety issues in industrial furnaces?,2
Can you provide any specific examples of how energy management strategies have helped improve the efficiency and reduce energy consumption in industrial furnaces?,2
"What methods are used to monitor energy consumption in industrial furnaces, and how are they implemented in the continuous improvement initiatives?",2
"How can the FMEA outputs be used to improve the overall maintenance strategy for industrial furnaces, ensuring peak performance and longevity?",2
Can you provide more details on the specific components of the furnace control system that are prone to degradation or failure?,2
Can you explain the role of training and documentation in preventing failures and ensuring safe operation of industrial furnaces?,2
"What are the specific challenges or barriers to integrating an anomaly detection model into the maintenance and operation procedures of an industrial furnace, and how can they be addressed?",2
Can the model differentiate between temperature fluctuations caused by normal operation and those indicative of a failure mode?,2
Are there any specific tools or techniques used during inspections to detect early signs of failure in industrial furnaces?,2
How do you measure the effectiveness of predictive maintenance models in preventing cooling system failures in industrial furnaces?,2
"How can a comprehensive maintenance program reduce the risk of failures in industrial furnaces, and what specific measures does this program include?",2
"Can you provide examples of interaction effects between temperature, humidity, and other variables that should be considered in the model?",2
How does the FMEA process help in reducing maintenance costs and unplanned downtime in industrial furnaces?,2
"What are the potential limitations of using an anomaly detection model in industrial furnaces, and how can they be mitigated?",2
How do sensors and data analytics aid in identifying potential failures in industrial furnaces?,2
What are the common causes of temperature spikes or drops in industrial equipment?,2
What are the potential consequences of decreased product quality due to the failure to detect anomalies in industrial furnaces?,2
How is the performance of the anomaly detection model evaluated and validated in the context of industrial furnace systems?,2
How can the anomaly detection model be integrated with existing monitoring systems and maintenance workflows in industrial settings?,2
How does the size and type of the industrial furnace impact the FMEA and preventive maintenance plan development?,2
"Can you provide more examples of the specific sensor data used to detect each failure mode, such as temperature, pressure, or power usage?",2
What are the specific components of a control system in industrial furnaces that are most prone to malfunction and can lead to serious safety consequences?,2
"What are the most common challenges or obstacles that organizations face when implementing an anomaly detection model for critical equipment, and how can they be overcome?",2
Can you explain the process of calibrating temperature sensors in industrial furnaces to ensure accurate measurements?,2
Are there any specific challenges or limitations in achieving stationarity in the labeled data for this application?,2
Can you provide examples of specific failure modes in industrial furnaces and how they have been addressed in the past?,2
"How can the reliability and accuracy of sensor data be validated in industrial furnaces, and what measures are taken to ensure data integrity?",2
Can you provide more information on the relationship between sensor warning limits and the reliability and performance of industrial furnaces?,2
Can you explain the importance of considering the material being processed when selecting sensors for industrial furnaces?,2
What specific steps are taken during regular inspections and maintenance activities to reduce equipment downtime?,2
How can data scientists ensure that the predictive maintenance algorithms are effective in identifying potential sensor failures?,2
How do you balance the need for regular monitoring and maintenance with the potential impact on system availability?,2
How are the identified anomalies prioritized and communicated to the maintenance team for further action?,2
"How will the anomaly detection model be maintained and updated over time, and what resources will be required to ensure its ongoing success?",2
How do industrial furnace regulations and safety requirements change over time and how can asset owners or operators stay informed about these changes?,2
"How do you approach feature selection for anomaly detection models in industrial furnaces, and what criteria do you use to identify the most relevant features?",2
How can data from regular monitoring be used to improve the overall performance and efficiency of the industrial furnace?,2
"What are the challenges in implementing predictive maintenance strategies in industrial furnaces, and how can they be overcome?",2
"Can you provide more details on refractory maintenance best practices, and how they can help prevent failures in industrial furnaces?",2
How often should regular inspections be performed to ensure the safe and efficient operation of industrial furnaces?,2
How is access to the anomaly detection model and its results restricted and monitored through access controls?,2
"What are the specific inspections, calibrations, and tests recommended for a regular preventive maintenance program?",2
How can we ensure that the anomaly detection model is able to generalize well and adapt to different types of industrial furnaces or operating conditions?,2
Can you provide examples of how the anomaly detection model has successfully predicted and prevented failures in industrial furnaces?,2
How will the model be updated or retrained over time to maintain its accuracy and reliability?,2
What are the potential consequences of not collecting sensor data frequently enough in industrial furnaces?,1
How can industrial furnace operators and maintenance personnel be trained to identify potential failure modes and prevent catastrophic failures?,2
How can ML and AI models improve early fault detection in industrial furnaces?,2
How can the industrial furnace's performance be optimized to ensure consistent product quality?,2
What are the key features to look for in a tool or platform to ensure accurate and reliable predictive maintenance and real-time monitoring of industrial furnaces?,2
What are the best practices for validating the anomaly detection model using historical data?,2
What measures were taken to ensure the quality and relevance of the historical time series sensor data used in this study?,2
"What are the best practices for documenting and tracking inspections, testing, and maintenance activities related to industrial furnaces?",2
How can the cost of repair and downtime be minimized by addressing failure modes in industrial furnaces?,2
How do organizations determine the severity of potential failure modes in the FMEA process?,2
Can you provide more details on the types of furnaces and their specific maintenance requirements?,2
How are failure codes assigned and used in the industry to categorize and document failure modes?,2
"Are there any specific thresholds for each sensor, and how are they determined?",2
How can a feedback loop be established for continuous learning and improvement of the labeled data's quality and accuracy over time?,2
"What are the current trends and future developments in the application of data analysis, SPC methods, and machine learning algorithms for predictive and preventive furnace maintenance?",2
What are the most effective diagnostic techniques for identifying issues in the anomaly detection system that are not easily identifiable through monitoring and maintenance?,2
How is synthetic data generated to simulate different failure modes and degradation mechanisms?,2
"What are the specific consequences of poor maintenance of the heating element in industrial furnaces, aside from temperature-related issues?",2
How does the anomaly detection model help in optimizing maintenance activities for industrial furnaces?,2
How can the anomaly detection model be integrated with the existing control systems for furnaces?,2
How can data analysis help in identifying trends and patterns of failures in industrial furnaces?,1
"How can we ensure that the anomaly detection model is interpretable and explainable, and that the insights generated by the model can be understood and acted upon by the relevant stakeholders?",2
Can you explain how the severity ratings are determined for each variable in FMEA analysis?,2
How can the availability and effectiveness of condition monitoring techniques be assessed for each failure mode in industrial furnaces?,2
How can we ensure that the anomaly detection model is able to effectively detect and alert for potential failures before they occur?,2
What are the best practices for controlling the operating environment to minimize the risk of cooling system failures?,2
What measures can be taken to prevent unauthorized access to the anomaly detection model and the data it generates?,2
"How is data collected and prepared for the anomaly detection model, and what measures are taken to ensure the quality and relevance of the data?",2
Can you provide more information on how the analysis of historical data ensures the reliability and efficiency of industrial furnaces?,2
How is the severity of failures in industrial furnace systems usually determined and categorized?,2
How can predictive maintenance help to improve the performance of industrial furnaces?,2
How do you determine the severity of each potential failure mode in the industrial furnace's temperature control system?,2
Can you suggest any specific methods for conducting regular audits of the privacy policies and procedures for an industrial furnace?,2
What are the key factors to consider when choosing a time series database or statistical analysis software for analyzing sensor data in industrial furnaces?,2
How can predictive maintenance help to improve the availability of industrial furnaces?,2
"How do different types of industrial furnaces (batch furnaces, continuous furnaces, vacuum furnaces, induction furnaces, and hydrogen furnaces) differ in their failure modes and preventive measures?",2
How do industrial furnace operators ensure the compatibility and integration of sensors and monitoring systems with their existing equipment and infrastructure?,2
"What safety risks are associated with the failure of industrial furnaces, and how can they be mitigated?",2
What are the key performance indicators that can be used to measure the effectiveness of predictive maintenance strategies in industrial furnaces?,2
Can you provide specific examples of how predictive maintenance has identified potential failures in industrial furnaces before they occur?,2
"Are there any specific guidelines or best practices for creating and implementing synthetic anomalies in industrial furnaces, and if so, what are they?",2
What are the most common causes of overheating in industrial furnaces and how can they be detected?,2
How can temperature control be optimized in industrial furnaces to minimize energy waste and improve efficiency?,2
How can the effectiveness of anomaly detection models be evaluated and measured in industrial furnaces?,2
What kind of trained personnel should be available in case of a failure in industrial furnaces?,2
What are the challenges faced while implementing the FMEA process in industrial furnace maintenance and how can they be addressed?,2
Can you provide examples of specific sensors that are appropriate for monitoring these critical components and failure modes?,2
How can maintenance schedules be optimized based on the insights from condition monitoring systems for industrial furnaces?,2
What are the safety measures that should be taken while handling temperature control systems in industrial furnaces?,2
"What specific temperature control mechanisms are commonly used in industrial furnaces, and what are their advantages and disadvantages?",2
How is the severity of failures in industrial furnaces determined and categorized?,2
Can you provide any case studies or examples of industrial furnaces where sensors have played a critical role in regulatory compliance and overall performance?,2
How can moisture ingress and corrosive substances be minimized in industrial furnaces to reduce equipment wear and tear?,2
How can domain knowledge be used to distinguish between normal variations and anomalies in industrial furnace operations?,2
What are the potential consequences of not implementing a well-designed maintenance schedule for the industrial furnace?,2
How do industrial furnace manufacturers recommend monitoring the performance of industrial furnaces between inspections?,2
Can you provide any examples of catastrophic failures in industrial furnaces and how they could have been prevented?,2
"How can we prioritize maintenance activities based on the impact of failure modes, and what are the best practices for preventive maintenance?",2
What are the challenges in implementing FMEA in industrial settings and how can they be addressed?,2
What specific data encryption techniques are commonly used to protect sensor data during transmission?,2
What are the most effective ways to communicate with the reliability engineering team regarding industrial furnace maintenance and operations?,2
"How do thermal stress, chemical reaction, erosion, corrosion, and mechanical failure degrade the components of industrial furnaces?",2
How does the model handle the variability in operating conditions and data patterns across different industrial furnaces?,2
How can regular monitoring and analysis of wear and tear help prevent failures in an industrial furnace?,2
How can data scientists use FMEA outputs to prioritize corrective actions and allocate resources effectively in the context of industrial furnace maintenance?,1
How can the anomaly detection model be integrated with the existing maintenance and operation systems of the industrial furnace?,1
How can the anomaly detection model be updated or adjusted over time to improve its performance and accuracy?,1
What are the recommended actions to be taken once a potential heating element failure has been identified through temperature sensor data analysis?,2
What role does artificial intelligence play in predicting and preventing failures in industrial furnaces?,2
Can you provide any case studies or examples of how a robust monitoring and maintenance program has prevented catastrophic failures in industrial furnaces?,2
"How do the hysteresis levels of strain gauge sensors compare to those of capacitance sensors, and what are the primary factors contributing to hysteresis in these sensors?",2
"How are historical records of anomalies generated, and how can they be used to inform preventive maintenance strategies?",2
"How can regular monitoring and maintenance optimize the performance of the furnace, reduce energy consumption, and increase productivity?",2
Can you provide more details on how poor maintenance practices can lead to the degradation mechanism of the refractory lining?,2
How can operator experience and training be leveraged to prevent failures in industrial furnaces?,2
"How are the sensors in industrial furnaces tested for accuracy and precision, and what are the industry standards for these tests?",2
What types of sensors are used to collect real-time data for the anomaly detection model in industrial furnaces?,2
"What are the potential financial benefits of implementing predictive maintenance and failure prevention strategies for industrial furnaces, and how can they be quantified?",2
"What are the specific environmental factors that can affect the performance or reliability of the industrial furnace, and how do they impact the furnace's operation?",1
"Can you explain how the severity of the failure mode ""heating elements not heating up to the desired temperature"" was determined and rated as high?",2
"How can the failure modes, failure reasons, and degradation mechanisms of the control system components be identified and analyzed?",2
Can you provide more details on the specific temperature sensor data patterns that indicate heating element failure?,2
Are there any specific performance metrics or key performance indicators (KPIs) that are used to measure the efficiency or effectiveness of the industrial furnace?,0
Can you provide any case studies or examples of failures in industrial furnaces that could have been prevented by adhering to the recommended sensor range and maintenance guidelines?,2
Can we prioritize failure modes not only based on their severity and detectability but also on their impact on the production schedule and customer deadlines?,2
What are the specific maintenance activities that should be included in a comprehensive maintenance program for industrial furnaces?,2
How can RCA help in identifying and rectifying malfunctioning burners to maintain consistent temperature in furnaces?,2
How are the backup and recovery mechanisms tested for their effectiveness and efficiency?,2
How are the criticality of components and their failure rates determined for the purpose of scheduling preventive maintenance tasks?,2
Can you provide examples of specific anomalies in sensor data that may indicate potential failures in industrial furnaces?,2
Can you provide any case studies or examples of how a preventive maintenance program has successfully minimized failures and reduced downtime in industrial furnaces?,2
What are the best practices for establishing baselines in the context of condition-based monitoring and proactive maintenance for industrial furnaces?,2
How does the model ensure that all relevant stakeholders are identified and engaged in the communication process?,2
Are there any specific challenges or limitations in implementing such an anomaly detection model in industrial furnaces?,2
Can you provide an example of a specific failure mode in an industrial furnace and how it was identified and addressed through the FMEA process?,2
Can you provide any specific examples of damage to materials caused by temperature non-uniformity in industrial furnaces?,2
Are there any specific regulations or standards that apply to pressure sensors in industrial furnaces?,2
What are the common data preprocessing techniques used to improve sensor accuracy and data quality?,2
What are the specific consequences of pressure sensor failure in industrial furnaces?,2
"What are the most common failure modes in industrial furnaces, and how can they be prevented or mitigated?",2
"Can you explain the role of wear and tear, corrosion, and mechanical failure in causing failure modes in industrial furnaces?",1
What are the key factors to consider when implementing a proactive maintenance strategy for critical equipment?,2
"What are the best practices for regular inspections, testing, and maintenance activities for industrial furnaces?",2
What are the challenges in implementing an effective anomaly detection system in industrial furnaces?,2
Can you provide more details on the severity rating system used in the FMEA and how it is determined?,2
"What specific predictive maintenance techniques are commonly used for industrial furnaces, and how effective are they in detecting potential failures?",2
Can you provide examples of specific machine learning algorithms or statistical techniques that are commonly used for anomaly detection in industrial furnaces?,2
How does the FMEA process help in reducing the risk of accidents in industrial furnace operations?,2
How can machine learning platforms be used to optimize the performance of industrial furnaces?,2
What are the common issues with the feed and discharge systems in industrial furnaces?,2
Can you explain the process of data backup and disaster recovery in the context of industrial furnace sensor data?,2
Can you provide an example of a specific failure mode that was identified through FMEA analysis and how it was addressed to improve reliability and reduce costs?,2
Can you provide examples of specific applications in industrial furnaces where sensor data collection frequency and pattern play a critical role in process control and optimization?,1
Are there any specific high-quality materials that are recommended for cooling system components to prevent failures?,2
What are the consequences of not addressing the early warnings or alerts provided by the anomaly detection model?,2
How can analyzing trends and patterns in sensor data help in optimizing the overall performance of industrial furnaces?,2
"What are the specific sensors that are typically used to monitor the operation of an industrial furnace, and what parameters do they measure?",2
How often do thermistors typically need to be calibrated compared to thermocouples and RTDs?,2
How are redundant sensors used in industrial furnaces to minimize the risk of gas sensor failures?,2
Can you provide more details on how predictive maintenance through anomaly detection models can help detect failures in industrial furnace components?,1
Are there any industry standards or regulations regarding the condition monitoring and maintenance of industrial furnaces?,2
How can temperature drift be accurately measured and what are the acceptable ranges for temperature drift in industrial furnaces?,2
Can you provide more details about the common failure modes of industrial furnaces and how they can be identified using sensor data?,2
"How can we ensure that the anomaly detection model generalizes well to unseen data, and what measures can be taken to prevent overfitting during the evaluation process?",2
Can you provide more details on the temperature sensors and resistance measurements used for monitoring the resistance wire?,2
"What types of new sensor data are being considered for inclusion in the model, and how will this data be integrated?",2
How can data analysis techniques be used to support condition monitoring and anomaly detection in industrial furnaces?,2
Can you explain the process of monitoring the temperature distribution in industrial furnaces to detect failures?,2
"How does the severity of anomalies vary in industrial furnaces, and what are the potential consequences of not addressing them in a timely manner?",2
What are the consequences of not adhering to the recommended guidelines and standards for industrial furnace burners?,2
Can you provide examples of the types of equipment damage that can result from a small leak in an industrial furnace?,2
How can we quantify the cost of repair or replacement for each failure mode?,2
"How can sensor data be used to detect and diagnose degradation mechanisms in industrial furnaces, and what role does anomaly detection play in this process?",2
"What are the challenges in detecting some of the less obvious failure modes, such as sensor degradation or communication issues, in industrial furnaces?",1
Are there any industry standards or regulations that dictate the time interval for data collection in industrial furnaces?,2
How does the FMEA process help in improving the reliability of industrial furnaces?,2
Can you provide some examples of complex techniques that may be required for developing an anomaly detection model without labeled data?,2
What are the recommended maintenance intervals for industrial furnaces to ensure their efficient and safe operation?,2
How is sensor data collected and transmitted for analysis in industrial furnaces?,2
"How does analyzing gas flow, pressure, and oxygen content data contribute to optimizing combustion processes?",2
What methods can be used to identify the most critical failure modes in industrial furnaces?,2
What are the consequences of not addressing significant damage to the furnace caused by refractory lining failure?,2
"What processes should be in place to validate the labels provided by multiple experts, and how can a consensus be reached?",2
"Can you discuss the role of operator training in the FMEA process for an industrial furnace, and what specific skills or knowledge are required for operators to effectively implement this process?",2
How can data scientists and subject matter experts collaborate to develop predictive maintenance strategies for industrial furnaces?,2
"What are the most common failure reasons in industrial furnaces, and how do they contribute to the degradation mechanisms?",1
How do the expected anomalies in industrial furnaces differ from those in other industrial equipment?,2
How is anomaly detection performed in industrial furnaces using sensor data analytics?,2
What specific safety improvements can be expected with regular monitoring of sensors in industrial furnaces?,2
Can you provide examples of how poor combustion or fuel contamination can lead to control system failures?,2
"How can a thorough understanding of the asset's components, subcomponents, and failure codes help in implementing predictive and condition-based maintenance strategies?",2
Can operators identify specific operational errors that could lead to refractory cracking in the industrial furnace?,2
Can you provide more details on the specific temperature ranges and sensitivities of different temperature sensors used in industrial furnaces?,2
What are the key environmental regulations that should be considered when building an anomaly detection model for industrial furnaces?,2
Can you provide more information about the impact of increased downtime on the overall production cost?,2
What are the recommended methods for selecting and calibrating sensors to ensure accurate data collection?,2
How can domain knowledge be integrated into the feature selection process for the anomaly detection model?,2
"How are false positives and false negatives handled in the anomaly detection models, and what measures are taken to minimize them?",2
Can you provide more information on the real-time monitoring and anomaly detection systems that can be used to prevent failures in industrial furnaces?,2
What are the potential consequences of neglecting maintenance of burners in industrial furnaces?,2
Can you explain how the FMEA process helps in predicting and preventing failures in industrial equipment?,2
How can the impact of wear and tear on the system's components be minimized to extend the lifespan of the system?,2
How can we determine the right threshold for identifying data points that deviate significantly from the majority of the data in machine learning algorithms?,1
How can the team ensure that the model is continuously updated to reflect any changes in the furnace's operation or the failure modes?,2
What are the best practices for deploying and maintaining the anomaly detection model in an industrial setting?,2
"What role do subject matter experts and maintenance teams play in the development and implementation of the anomaly detection model, and why is their involvement so crucial?",2
"What are the potential consequences of unauthorized access to sensor data from industrial furnaces, and how can we mitigate these risks?",2
How can organizations balance the cost of implementing proactive maintenance measures with the potential savings from reduced unplanned downtime and improved equipment performance?,2
What are the key sensor data points that should be monitored to ensure the accuracy and effectiveness of the anomaly detection model?,2
What are the best practices for maintaining and calibrating the control systems used in industrial furnaces?,2
How can data-driven decision-making be effectively implemented in the context of industrial furnace operation and maintenance?,2
"Can you provide examples of situations where the anomaly detection model might generate false positives or false negatives, and how these can be addressed?",1
How can data scientists ensure that the predicted failures are accurately aligned with actual failures in the refractory lining?,2
What are the benefits of using automated data collection systems in industrial furnaces?,2
How do box plots aid in understanding the distribution of sensor data and identifying outliers?,2
Can you explain how the FMEA analysis can be used to identify underlying issues in industrial furnaces?,2
What are the consequences of non-compliance with regulatory and compliance requirements for industrial furnace operation?,2
How can data scientists ensure that the condition monitoring systems for industrial furnaces are robust and reliable?,2
"What are the primary causes of sensor drift, noise, and failure to respond in industrial furnace sensors, and how can these be mitigated through regular calibration and maintenance?",2
How can predictive maintenance help to improve the reliability of industrial furnaces?,2
"How is the performance of the anomaly detection model monitored and evaluated over time, and what actions are taken in response to any identified issues or improvements?",2
How can drift and change over time be accurately accounted for in the anomaly detection model?,2
"How can the model be designed to optimize the performance of the industrial furnace, and what specific performance metrics can be used to evaluate the effectiveness of the model?",2
How did the implementation of machine learning algorithms in the ceramics industry for classifying the temperature and atmosphere of an industrial furnace lead to a reduction in energy consumption and an increase in product quality?,2
How can the anomaly detection model help in ensuring regular inspections and maintenance of industrial furnaces?,2
"What are the challenges in detecting failures in temperature control, combustion control, pressure control, and material handling, and how can an anomaly detection model address them?",2
What are the challenges faced in maintaining consistent temperatures in large industrial furnaces?,2
How do pressure sensors in industrial furnaces differ in their range and sensitivity based on the specific application?,1
How can we incorporate domain-specific knowledge into the unsupervised and semi-supervised learning techniques to improve their accuracy in detecting anomalies?,2
How does the type of sensors used in industrial furnaces affect the frequency and pattern of data collection?,1
What are the next steps in the process of selecting a new data storage and analysis system for the industrial furnace's sensor data?,2
How can the information gathered from FMEA analysis be used to develop a proactive maintenance plan for industrial furnaces?,2
"How often are software updates necessary for temperature sensors and control systems, and what are the factors that influence this frequency?",2
How can temperature trends and fluctuations in industrial furnaces be monitored effectively?,1
How can domain expertise contribute to ensuring the right parameters are being monitored in the anomaly detection model?,2
How can the labeled data and the model's predictions be regularly reviewed and updated to contribute to continuous improvement in the model's performance and overall system's reliability?,2
Can you provide more details about the predefined response to the alarms generated by the anomaly detection model?,2
How often should the cooling system components be replaced as part of the proactive maintenance strategy?,2
How does the cycle time of the process impact the selection of the time interval for data collection?,2
What are the recommended frequency and duration for continuous monitoring of vibration levels in industrial furnaces?,2
"What are the challenges in detecting and preventing sensor failures in industrial furnaces, and how can they be addressed?",2
What are the best practices for regular monitoring and auditing of sensor data integrity measures in industrial furnace asset classes?,2
Can you explain how the model detects temperature gradients and temperature cycling in industrial furnaces?,2
How do maintenance and reliability professionals determine the acceptable balance between false positives and false negatives in an anomaly detection model for industrial furnaces?,2
What measures can be taken to ensure data security and privacy when deploying the anomaly detection model?,2
Can you elaborate on the encryption techniques used to ensure data privacy and access controls?,2
How does the accuracy of the predictive model used impact the detectability of anomalies in industrial furnaces?,2
What are the most common fuel supply issues in industrial furnaces and how can temperature sensors help detect them?,2
"What are the key factors to consider when selecting the most appropriate data analysis techniques for monitoring and maintaining furnace performance, and how can data scientists ensure the accuracy and effectiveness of these methods?",2
What are the common particles or materials that cause abrasion or erosion within the furnace?,2
"Can you provide more details about the burners component of the industrial furnace, such as the common failure modes and degradation mechanisms?",2
What are the potential consequences of not detecting and repairing a small leak in an industrial furnace?,1
What specific temperature ranges should the temperature sensors in industrial furnaces be monitoring to ensure optimal performance?,2
"What are the common causes of software bugs in industrial furnace control systems, and how can they be prevented?",2
"Can the anomaly detection model identify abnormal temperatures, pressures, vibrations, fuel consumption, or emissions in real-time, and if so, how can this real-time data be used to improve the safety and efficiency of industrial furnaces?",2
Can you provide examples of fire hazards caused by combustion system failures in industrial furnaces?,2
How can data scientists help in monitoring the health of flow sensors in industrial furnaces and preventing failures through predictive and preventive maintenance?,2
"Can you provide some examples of specific refractory failure modes in industrial furnaces, and how they can be detected and prevented through real-time monitoring and maintenance?",2
How do the measurement capabilities and precision of these flow sensors impact the predictive and preventive maintenance strategies for industrial furnaces?,2
How is the anomaly detection model trained to distinguish between normal and abnormal behavior in industrial furnaces?,2
How do vibration sensors help in monitoring the mechanical health of industrial furnaces and what are the common causes of vibration issues?,2
What specific components should be inspected during pre-start inspections of industrial furnaces?,2
How is the magnitude of deviation from expected behavior used to evaluate the severity of failures?,2
Can you provide examples of data privacy regulations beyond GDPR and CCPA that may be relevant for different industries?,2
"How can the use of a confusion matrix in evaluating the performance of an anomaly detection model lead to increased productivity, safety, and cost savings in industrial furnaces and other critical equipment?",2
"How do the direct wired connections, wireless connections, and edge computing methods differ in terms of data collection for the anomaly detection model?",2
How do organizations determine which components of the furnace are critical and require monitoring?,2
Can you provide some examples of the latest standards and codes that new industrial furnaces are designed and built to?,2
"What are the most common failure modes in industrial furnaces, and how can they be prevented through predictive maintenance?",2
How does the model monitor and detect potential issues with the air supply system and exhaust system?,1
How do broken wires and blown fuses affect the functioning of the temperature controller and thermocouples in an industrial furnace?,2
"What are the most effective advanced control systems for monitoring and controlling the temperature, fuel supply, and combustion process in the furnace?",2
What methods can be used to monitor and maintain sensors and their thresholds in industrial furnaces?,2
"Subject Matter Expert (SME), could you provide more details on the common temperature fluctuations that indicate potential failures in industrial furnaces?",2
"How can regular preventive maintenance help in detecting and preventing the ""Wear and Tear"" failure mode in the furnace's components?",2
"How can a careful analysis of sensor data help predict and prevent failures in industrial furnaces, and what benefits does this provide in terms of safety and efficiency?",2
Can you explain in more detail how the anomaly detection model identifies and categorizes insulation degradation?,1
"Can you provide more information about the typical operating conditions of the industrial furnace, such as temperature, pressure, and flow rates?",1
What types of sensors are typically used to collect data for an anomaly detection model in industrial furnaces?,2
"What are the potential consequences of failing to detect an anomaly in an industrial furnace, and how can our anomaly detection model help to prevent these consequences?",2
"How can regular visual inspections, temperature monitoring, and electrical testing help detect degradation before failure in industrial furnaces?",2
Can the detectability of failure modes affect the frequency of FMEA updates for an industrial furnace?,2
Are there any specific software or tools used for data analysis and visualization in this process?,2
"What are the common causes of anomalies in industrial furnaces, and how can the anomaly detection model help address these underlying issues?",2
Can you explain the process of gathering detailed asset information and what specific data points should be prioritized?,2
How can we prioritize predictive maintenance tasks in industrial furnaces? Are there any specific criteria or factors that should be considered when determining the priority of maintenance tasks?,2
"What are the best practices for calibrating vibration sensors in industrial furnaces, and how often should this be done?",2
What are the most common degradation mechanisms observed in industrial furnaces?,1
What are the specific responsibilities of the data protection officer within the organization?,2
"What are the potential challenges in building and deploying an anomaly detection model in industrial furnaces, and how can they be addressed?",2
What are the key performance indicators (KPIs) that organizations should focus on when implementing condition-based monitoring and proactive maintenance strategies for industrial furnaces?,2
"Can you provide any examples of industrial furnaces where the implementation of automation and digitalization has resulted in significant improvements in efficiency, reliability, and safety?",2
How can preventive maintenance help reduce the severity of failures in industrial furnaces?,2
"What are the most common signs of wear and tear, corrosion, or other degradation mechanisms that indicate the need for maintenance or replacement of mechanical components in industrial furnaces?",2
Can you explain the process of conducting a failure modes and effects analysis (FMEA) and how it helps prevent failures?,2
"What types of sensors are typically used in industrial furnaces to monitor temperature, pressure, and flow rates?",2
What are the challenges of striking a balance between frequent data collection and data processing and analysis capabilities?,2
How can the effectiveness of an anomaly detection model for industrial furnaces be tested and validated?,2
Can you provide more details on the specific temperature-related issues that can occur in industrial furnaces?,2
"How can data-driven approaches, such as machine learning algorithms, be used to predict and prevent industrial furnace failures?",1
How are the position sensors used to ensure that key components are in the correct position?,2
What machine learning algorithms are most effective in identifying patterns and anomalies in cooling system data?,2
How can the model's temperature fluctuation alerts be used to reduce energy consumption and costs in industrial settings?,2
What are the challenges in updating the severity rating of potential failure modes in industrial furnaces regularly?,2
Can you provide more details on how usage patterns can be used to predict failures and what specific patterns should be monitored?,1
How can data scientists collaborate with furnace operators to improve sensor design and placement?,2
Can you provide examples of redundancy that can be built into the control system beyond using multiple sensors to measure the same parameter?,2
Can you provide examples of human errors that frequently occur in industrial furnaces and how they can be minimized?,2
What are the most common types of industrial furnaces and how do they differ in their failure modes?,1
"In terms of energy consumption, what are the typical patterns or trends that indicate a need for maintenance in industrial furnaces?",2
Can you provide more details on the specific equipment damage that can occur due to failures in the air supply system?,2
What are the specific temperature ranges that the refractory lining can withstand before it starts to degrade?,2
What are the most common components or subsystems that require condition monitoring in industrial furnaces?,2
"Can you provide more details on the specific failure modes that can occur due to environmental factors, and how can they be prevented or mitigated?",2
How do predictive maintenance models differ from traditional time-based maintenance approaches?,2
What legal and regulatory penalties can be imposed if there is a failure to protect the privacy of individuals associated with the sensor data in an industrial furnace?,2
How often should regular inspections be conducted to detect potential failure modes in the industrial furnace?,2
"What are the challenges in implementing robust data collection and analysis strategies in industrial furnace operations, and how can they be addressed?",2
"What are the best practices for monitoring the sensor's output, environmental conditions, and usage patterns to predict and prevent failures in pressure sensors in industrial furnaces?",2
What types of sensors are typically used for monitoring industrial furnaces and detecting potential issues?,2
"What are the challenges in detecting failures in the air supply system, and how can they be addressed?",2
How can the environmental regulations be ensured while deploying and maintaining the anomaly detection model in industrial furnaces?,2
"How can the anomaly detection model be designed to minimize false positives and false negatives, and what impact do these types of errors have on the model's performance?",2
How often should inspections and maintenance activities be performed to ensure the safe and efficient operation of industrial furnaces?,2
How can the costs associated with implementing a combined SPC and machine learning approach for anomaly detection in industrial furnaces be managed effectively?,2
Can you provide any examples of how implementing FMEA and preventive maintenance has improved the reliability and performance of industrial furnaces in real-world scenarios?,2
How can an organization ensure the protection of sensor data and personal privacy in an industrial furnace?,2
"Can you explain the specific factors that contribute to sensor malfunction or communication issues in industrial furnaces, leading to noisy or missing sensor data?",2
In what ways does PdM enhance the quality of the final product in industrial furnaces?,2
How can prioritizing compliance with regulatory and safety requirements for industrial furnaces help protect the environment and the safety of workers?,2
Can you explain the process of identifying potential failure modes in industrial IoT systems?,2
"How do the analysis requirements for industrial furnace data differ from other industries, and what tools are best suited to meet these unique needs?",2
How does the accuracy and sensitivity of the anomaly detection model impact the severity of failures in industrial furnaces?,2
Can you explain the role of preventive maintenance in maintaining industrial furnace performance and reliability?,2
What are the best practices for validating and testing the anomaly detection model to ensure its accuracy and reliability?,2
How can prioritization of maintenance and monitoring activities be determined based on the severity and detectability of the failure modes in industrial furnaces?,2
"What types of sensors are typically used to collect data for industrial furnaces, and what types of data do they measure?",2
"Can you provide more information on how predictive maintenance can be enabled through the anomaly detection model, and what benefits this can bring to the industrial furnace's reliability and availability?",2
How can operators ensure compliance with all relevant regulations and safety requirements for industrial furnaces?,2
Can you explain how variability in the industrial furnace's performance is typically measured and quantified?,2
Can you explain more about the online monitoring systems used to detect burner failures and refractory degradation in real-time?,2
What specific data sources are available for use in developing the anomaly detection model?,2
What are the best practices for maintaining and inspecting the control system components to ensure their reliable operation and prevent failures?,2
How does implementing a robust data collection and analysis system impact the maintenance and lifespan of industrial furnaces?,2
What are the challenges in increasing specificity in FMEA and how can they be addressed?,2
"How can the use of advanced monitoring and diagnostic tools help in detecting and preventing temperature sensor failures in industrial furnaces, and what are the benefits of using these tools?",2
How can the performance of the anomaly detection model be evaluated and validated?,2
What are the best practices for training operators and maintenance personnel on industrial furnace operation and safety?,2
What are the common environmental factors that contribute to sensor degradation and failure in industrial furnaces?,2
How can data from sensors and monitoring equipment be used to detect and predict failures in older equipment?,2
What are the limitations of using unsupervised learning techniques for anomaly detection in older equipment and how can they be mitigated?,2
"What are the expected benefits and return on investment of implementing the real-time failure detection system, and how can they be quantified and communicated to the stakeholders?",2
How do robust statistical methods help in addressing the challenges posed by non-Gaussian distributions in industrial furnace data?,2
"Are there any industry standards or regulations regarding the installation, maintenance, and calibration of sensors in industrial furnaces?",2
How is historical data collected and preprocessed before applying data-driven methods?,2
How can regular inspections and testing help detect failures and prevent downtime in industrial furnaces?,2
Can you provide examples of abnormalities or issues that could be identified through the data collected by these sensors?,1
What are the consequences of not monitoring usage patterns in industrial furnaces?,2
"What are the regulatory requirements and industry standards for sensors and monitoring systems in industrial furnaces, and how can compliance be ensured?",2
Can you explain the specific algorithms used for detecting ageing and overloading in the furnace?,2
"What are the best practices for training operators on regular inspections, calibrations, and preventive maintenance tasks for industrial furnaces?",2
Are there any specific environmental factors that have a significant impact on furnace performance and the likelihood of anomalies?,1
How often should sensors be calibrated and maintained to ensure their accuracy and reliability?,2
Are there any specific data visualization techniques that are useful for understanding and interpreting the sensor data from industrial furnaces?,2
"Can real-time monitoring and analysis of sensor data be used to predict future failures in industrial furnaces, and if so, how?",2
What types of sensors and monitoring equipment are typically used to collect data for the anomaly detection model?,2
How is the severity of anomalies determined and prioritized for corrective action?,2
What are the benefits of installing multiple sensors at different locations in an industrial furnace?,2
How do organizations determine the cost-effectiveness of a particular tool or platform for industrial furnace data analysis?,2
How does a failure modes and effects analysis (FMEA) help in implementing predictive maintenance strategies?,2
How can chemical attack cause damage to industrial furnaces?,2
How do maintenance history and duty cycle patterns influence the occurrence of failures in industrial furnaces?,2
How can regular monitoring help in identifying potential software bugs in the control system?,2
How does chemical attack contribute to the failure of components in industrial furnaces?,2
Are there any specific AI or ML techniques that have proven to be more effective in predicting failures in industrial furnaces?,2
How are the sensors in industrial furnaces powered and how can power fluctuations affect their performance?,2
Can you provide any case studies or examples of industrial furnace failures and how FMEA assessments helped in preventing similar failures in the future?,2
What are the recommended maintenance practices to prevent mechanical damage in industrial furnaces?,2
"How can statistical tests, such as the KS statistic, be used to compare the performance of different anomaly detection models?",1
"Can the anomaly detection model identify trends and correlations between temperature, humidity, and equipment performance over time?",2
How can regular inspections and timely replacement of worn-out components prevent catastrophic failures in industrial furnaces?,1
Can you provide more details about the frequency and format of the Regular Meetings and Reviews?,2
Are there any best practices for tracking and documenting compliance with regulatory and compliance requirements for industrial furnaces?,2
How is the criticality of an asset determined in the context of FMEA?,2
How can data analysis requirements impact the frequency and pattern of sensor data collection in industrial furnaces?,2
"How do the failure codes for pressure sensors in industrial furnaces (open circuit, short circuit, stuck at zero, stuck at full scale, and overrange) manifest themselves in the sensor's output, and how can they be detected?",2
How is root cause analysis (RCA) conducted on the data collected from industrial furnaces?,1
Can you provide more details on the specific critical components of industrial furnaces that the anomaly detection model should focus on?,2
How can the anomaly detection model's sensitivity and accuracy be improved for better detectability of failures?,2
How can a robust preventive maintenance program help in ensuring the safe and efficient operation of industrial furnaces?,2
"What are the legal and ethical implications of failing to use sensors in industrial furnaces, and can you provide specific examples?",2
What are the specific challenges in ensuring the accuracy and precision of sensors in industrial furnaces?,2
How will the anomaly detection model be integrated with the existing monitoring and maintenance system for the industrial furnace?,1
How can the reliability and efficiency of an industrial furnace be improved through RCA?,2
How can the anomaly detection model be validated and updated over time to ensure its continued accuracy and effectiveness?,2
Can you explain how statistical process control is used to detect anomalies in sensor data from industrial furnaces?,2
What are the current challenges and future research directions in predictive maintenance and anomaly detection for industrial furnaces?,2
What specific sensor data is used to detect and predict thermocouple failures in industrial furnaces?,2
How often should a comprehensive maintenance program be implemented to prevent failures in industrial furnaces?,2
"What specific temperature, pressure, flow, and vibration sensors are commonly used in industrial furnaces for predictive maintenance?",2
How can the severity and detectability of failures in older equipment be assessed?,2
"Can the anomaly detection system identify the root cause of the detected anomaly, or does it require further investigation by the operators?",2
How do we handle the case where the ground truth labels are noisy or uncertain in the context of ROC curves and AUC-ROC?,2
How does the FMEA prioritize the severity and detectability of failures in industrial furnaces?,1
How does the combustion process impact the temperature and pressure in the industrial furnace?,2
"How can data scientists help in optimizing the calibration and testing frequency of sensors in industrial furnaces, and what are the key factors to consider in this process?",2
How does regular sensor data analysis contribute to energy efficiency and cost savings in industrial furnaces?,2
How can maintenance culture and leadership contribute to the sustainability and resilience of industrial furnaces?,2
How often should the FMEA be reviewed and updated for the industrial furnace?,1
Are there specific pressure sensor patterns or trends that indicate an impending ignition system failure in industrial furnaces?,2
What are the benefits of using thermography in detecting industrial furnace failures before they occur?,2
Can you explain how real-time monitoring of pressure sensors can improve maintenance efficiency in industrial furnaces?,2
Can you provide examples of how proper FMEA and adherence to safety regulations can improve product quality in industrial furnaces?,2
"What are the most common causes of refractory material degradation in industrial furnaces, and how can they be detected during inspections?",2
How can the reliability of industrial furnaces be improved through a combination of preventive and predictive maintenance practices?,2
How can data scientists collaborate with subject matter experts to ensure a smooth and successful software update process in industrial furnaces?,2
How is the effectiveness of the data collection and analysis process evaluated?,2
Can you provide more details on how the fuel quality impacts the combustion process in industrial furnaces?,2
What are the potential consequences of not calibrating temperature control systems in industrial furnaces?,2
How do protective measures such as shielding and insulation help to protect temperature sensors from physical damage and environmental factors?,2
How can regular maintenance and monitoring of the industrial furnaces contribute to the overall performance of the anomaly detection model?,2
What are the common level sensors used in industrial furnace control systems and what are their common failure modes?,2
Can you discuss any specific challenges or limitations encountered while building the anomaly detection model for industrial furnaces?,2
Can you provide specific examples of OSHA regulations and NFPA standards that should be considered when building the anomaly detection model?,2
Can you provide more information about the types of failure modes and effects analysis that are commonly conducted for industrial furnaces?,2
"What are the potential impacts of not addressing insulation and heating system issues promptly, including long-term consequences and cost implications?",2
Can you provide examples of vibration anomalies that could indicate a problem with an industrial furnace?,2
How does the model handle the presence of noise or other interfering signals in the sensor data?,2
What are the most common signs of thermocouple failure in industrial furnaces?,2
Can you provide more details on the specific anomaly detection algorithm used in this study?,2
Are there any new technologies or advancements in temperature sensors that can help to improve reliability and accuracy in industrial furnace applications?,2
What are the specific types of anomalies that the model is being trained to detect in the industrial furnace?,2
How does the model handle the case where both ageing and overloading are present in the furnace?,2
Can you provide any case studies or examples of successful implementation of predictive maintenance using sensor data in industrial furnaces?,2
How can implementing a comprehensive maintenance strategy for industrial furnaces minimize the risk of unplanned downtime and quality issues?,2
How can the criticality of failure modes in industrial furnaces be determined?,2
How does the model account for the differences in failure modes between different types of industrial furnaces?,2
Are there any specific safety requirements for industrial furnaces at the state or local level?,2
Can you provide more details on the training that should be provided to employees for the industrial furnace example?,2
Can you explain how historical data on furnace failures can be used to improve anomaly detection models?,1
"What specific data sources are essential for building an anomaly detection model for industrial furnaces, and how can we ensure their quality and availability?",2
What are the key performance indicators (KPIs) and metrics used to measure the effectiveness of maintenance practices in industrial furnaces?,2
"How can effective communication between operators, maintenance personnel, and reliability engineers be facilitated to improve the overall performance and safety of industrial furnaces?",2
Can you provide examples of common issues in industrial furnaces that can be detected and addressed through sensor data analysis?,2
How does combustion efficiency impact the performance of an industrial furnace and what are the consequences of poor combustion efficiency?,2
How can the safe and efficient operation of industrial furnaces be ensured through understanding and addressing the challenges outlined?,2
"How can the anomaly detection model be integrated with the data storage and access system to provide real-time predictions and alerts, and what are the key considerations for ensuring the timeliness and accuracy of the predictions?",2
How are increased pressure fluctuations detected and measured in the sensor data?,2
What are the safety precautions that should be taken when performing inspections and maintenance on industrial furnaces?,1
How can the machine learning model be validated and tested to ensure that it is accurately predicting and preventing failures in the fuel delivery system?,2
What are the best practices for implementing a preventive maintenance program for temperature control systems and industrial furnaces?,2
How can implementing robust data acquisition and processing systems impact the overall efficiency of industrial furnaces?,2
Can you provide any specific examples of preventive maintenance measures that can be used to detect and prevent failure modes in industrial IoT systems?,2
What are the critical instruments that need calibration in an industrial furnace and how is their frequency determined?,2
"What are the specific challenges and limitations of implementing real-time monitoring, batch processing, predictive maintenance, and human-in-the-loop approaches for the anomaly detection model?",2
What are the potential consequences of not monitoring and accounting for the operating environment in industrial furnaces?,2
Are there any specific industry standards or regulations that must be followed when it comes to inspections and maintenance activities for industrial furnaces?,2
How does predictive maintenance help in early detection of failures in industrial furnaces?,2
How do temperature readings vary based on the specific type of industrial furnace and its application?,2
How do the trends and patterns identified by predictive maintenance models help in scheduling maintenance activities?,2
How can data scientists collaborate with subject matter experts to ensure that the machine learning models used for detecting and predicting hardware failures are accurate and effective?,2
Are there specific fuel types that are recommended for achieving a higher production rate in industrial furnaces?,2
What are the key performance indicators (KPIs) used to evaluate the effectiveness of the anomaly detection model?,2
How does vibration analysis help detect misalignment or imbalance in the mechanical components of industrial furnaces?,2
How can sensors be properly maintained to ensure their longevity and continued effectiveness in industrial furnaces?,2
Can you suggest any additional parameters or factors that should be considered in the anomaly detection model for industrial furnaces?,2
What are the specific inspection methods or techniques used to detect insulation degradation and heating system malfunctions?,2
How can we evaluate and validate the performance of an anomaly detection model in the absence of labeled data?,2
"How do factors such as furnace age, usage, and operating environment impact the frequency of preventive maintenance tasks?",2
Can you provide more information on the preventative maintenance measures that can be taken based on the early warning provided by the anomaly detection model?,2
"How do sensors provide cost savings in industrial furnaces, specifically in terms of preventing unplanned downtime, reducing energy costs, and increasing asset reliability?",2
What are the best practices for addressing issues promptly to avoid more significant problems in industrial furnaces?,2
What are the key performance indicators (KPIs) used to measure the furnace's operation and performance?,1
How can the quality and coverage of sensor data be ensured and improved for better predictive maintenance?,2
What specific FMEA (Failure Mode and Effects Analysis) tools or techniques were used to identify the potential failure modes in the heating elements of industrial furnaces?,2
Can you provide more details on the specific drift in data distribution that the anomaly detection model needs to account for?,2
"How can data scientists use machine learning algorithms to identify and predict potential fuel delivery system failures in industrial furnaces, and what types of data would be required for this analysis?",1
Can you provide examples of specific anomalies that the anomaly detection model has successfully detected and prevented in real-world applications?,2
"Can you discuss the role of artificial intelligence and machine learning in building an anomaly detection model for industrial furnaces, and what are the benefits of using these techniques?",1
What specific maintenance and testing procedures are recommended to ensure compliance with regulatory and safety requirements for industrial furnaces?,2
What are the challenges in integrating sensor data from various sources and types for robust anomaly detection in industrial furnaces?,2
How is the severity of each failure mode assessed using data from sensors and monitoring equipment?,2
What specific non-destructive testing methods can be used to detect degradation in refractory linings?,2
"What are the most common causes of anomalies in industrial furnaces, and how can the anomaly detection model help identify them?",2
How can data from sensors and inspections be analyzed to identify trends and predict potential failures in industrial furnaces?,2
Can you provide examples of specific KPIs or metrics that can be used to monitor the performance of the anomaly detection model?,2
What types of data should be prioritized for collection and preprocessing to improve the accuracy of the anomaly detection model?,2
"Are there any regulatory or industry standards related to the monitoring and maintenance of industrial furnaces, and how can the real-time failure detection system comply with them?",2
"What are the specific thresholds for precision, recall, and F1 score that indicate the anomaly detection model is effectively identifying and preventing failures in the industrial furnace?",2
"What are the challenges faced in implementing anomaly detection models for predictive maintenance in industrial furnaces, and how can they be addressed?",2
Can you discuss any industry standards or regulations related to time monitoring and data analysis in industrial furnaces?,2
Can you explain the specific chemical reactions that can cause refractory degradation in industrial furnaces?,2
How can data-driven insights be effectively used to extend the lifespan of industrial furnaces?,2
"What are the best practices for ensuring the accuracy, calibration, and drift of the sensors used in industrial furnaces?",2
"What are the common causes of erosion, cracking, or chemical reactions in refractory lining materials?",2
Can you explain more about how the severity ratings are calculated and updated in real-time?,2
"What are the potential impacts of leaks on furnace safety systems, and how can RCA address these concerns?",2
What are the specific risks associated with developing and implementing the anomaly detection model?,2
What are the most common degradation mechanisms for each major type of refractory material used in industrial furnaces?,2
How does the model determine the potential safety hazards associated with each failure?,2
What are the best practices for training operators of industrial furnaces to minimize the risk of degradation and failure?,2
"Are there specific pressure thresholds in the combustion chamber, fuel line, air line, and exhaust system that indicate an imminent ignition system failure?",2
"Can you provide examples of specific preventive maintenance measures, such as cleaning or calibration procedures, for industrial furnaces?",2
Are there specific types of corrosion that are more common in industrial furnaces and how do they affect pressure sensors?,2
How can maintenance personnel be trained on the use of predictive maintenance tools and techniques for industrial furnaces?,2
How does the safe and efficient operation of industrial furnaces get ensured with the help of robust redundancy and safety systems?,2
"Can you provide examples of catastrophic failures in industrial furnace sensors and equipment, and the impact they can have on operations?",2
What specific predictive maintenance techniques are most effective for detecting degradation patterns and predicting failures in industrial furnace temperature sensors and control systems?,2
How can data preprocessing techniques like noise reduction and outlier detection help improve the performance of anomaly detection models?,2
How the maintenance program is adapted to the changes in the production process or the furnace design?,2
Are there any new technologies or methods being developed to improve the reliability and safety of industrial furnaces?,2
What measures can be taken to protect data from cyber attacks during the data transfer phase between the data source and the model?,2
"How does the ""Improper Combustion"" failure mode affect the burners' ignition system and what measures can be taken to prevent it?",2
"Are there any regulations or standards in place for sensor use and maintenance in industrial furnaces, and if so, what are they?",2
Can you provide any case studies or examples of industrial furnace operations that have successfully implemented a data-driven approach to compliance and safety?,2
"Can you explain how the anomaly detection model detects temperature or pressure excursions, and how it differs from traditional methods of monitoring these parameters?",2
How can industrial furnaces be designed to minimize the impact of sensor failures on the overall operation and safety of the equipment?,2
"How do regular performance checks help in identifying heating element failures, and what are the common signs of such failures?",2
"How can data be collected and analyzed to predict and prevent failures in industrial furnaces, and what role does condition monitoring play in this process?",2
"What communication protocol is currently used, and why was it chosen for this application?",2
How do these technologies help in reducing the need for manual inspections and maintenance in industrial furnaces?,2
"How can data scientists use data from industrial furnace sensors to monitor refractory lining conditions and predict potential failures due to erosion, cracking, or chemical reactions?",1
What are the key performance indicators that can be used to measure the reliability and efficiency of industrial furnaces?,2
"How can the anomaly detection model be used to optimize resource allocation and reduce downtime, and what benefits can be expected from its implementation?",2
Can historical data analysis help in determining the optimal time interval for data collection?,2
How can regular inspections and condition monitoring be integrated with real-time sensor data analysis to improve detectability of failures in industrial furnaces?,2
How can poorly maintained equipment create unsafe working conditions in industrial furnaces?,2
Are there any specific performance metrics that should be used to evaluate the effectiveness of the anomaly detection model?,2
How can data scientists ensure that the use of machine learning algorithms for predictive maintenance in industrial furnaces is transparent and explainable to stakeholders?,2
How can organizations implement data minimization best practices in the context of anomaly detection model development?,2
What specific SPC methods and machine learning algorithms have been used in previous anomaly detection studies for industrial furnaces?,2
What are the potential consequences of an anomaly detection model failing to comply with the existing communication protocols and data formats?,2
How can data from sensors be used to monitor and improve the overall automation of the industrial furnace?,2
How often should regular inspections and maintenance of the furnace's components be performed to ensure safe and reliable operation?,2
How can the organization ensure that all stakeholders have a clear understanding of the privacy policy and procedures?,2
**Model Updating and Adaptation:**,2
Can you provide more details on the impact of equipment age on the selection of machine learning algorithms for anomaly detection?,2
What are some common design or manufacturing defects that can lead to failure modes in industrial furnaces?,2
"Can you describe any specific challenges in detecting subtle signals or patterns in the sensor data that may indicate early signs of failure modes such as thermal shock, corrosion, or mechanical failure?",2
"Can you provide some examples of noise and outliers that are commonly found in industrial furnace data, and how they can impact the performance of anomaly detection models?",2
How do organizations determine the appropriate tools and platforms for analyzing their data?,1
"How do thermal stress, oxidation, and creep occur in industrial furnaces and what are the potential consequences of these degradation mechanisms?",2
"How frequently should the air and fuel filters be checked for cleanliness to prevent incorrect air/fuel ratio, and what are the recommended methods for cleaning or replacing them?",2
Can you explain the effect of thermal shock or cycling on the burners and its failure modes?,2
How is the performance of the anomaly detection model evaluated and validated over time?,1
What are the regulatory and safety considerations that should be taken into account when implementing a monitoring and maintenance program for industrial furnaces?,2
"How does refractory failure occur, and what are its potential consequences?",2
What specific regulations and safety standards should be followed to ensure the safe and efficient operation of industrial furnaces?,2
"What are the specific procedures followed in the industry for calibrating temperature, pressure, flow rate, and emission sensors in industrial furnaces?",2
What are the most common failure modes in the control panel and instrumentation system of an industrial furnace?,2
Can you provide more details on the predictive maintenance strategies that can be used to detect and prevent temperature control failures in industrial furnaces?,2
"What are the limitations of using only SPC methods or machine learning algorithms for anomaly detection in industrial furnaces, and how does a combined approach address these limitations?",2
How is sensor data collected and transmitted for analysis in an industrial furnace setting?,2
How can data scientists work with subject matter experts to develop targeted maintenance and inspection strategies that address the specific degradation mechanisms of the refractory lining?,2
What are the challenges in implementing a well-structured maintenance program for industrial furnace sensors and equipment?,2
What methods are commonly used for sensor data collection and transmission in industrial furnaces?,2
Are there specific software tools or strategies to mitigate software bugs in industrial furnace control systems?,2
"What regulatory and safety requirements apply to industrial furnaces, and how can the anomaly detection model be designed to ensure compliance?",2
How is the anomaly detection model integrated with the existing control and monitoring systems of the industrial furnace?,2
"What are the common causes of temperature and pressure excursions in industrial furnaces, and how can they be detected using sensor data?",2
"What are the potential consequences of failing to detect less obvious failure modes in industrial furnaces, and how can they impact the overall efficiency and safety of the system?",2
"Can you explain the consequences of insulation loss and heating element failures in more detail, including any safety risks?",2
How can the FMEA method be applied to other industrial assets besides industrial furnaces?,2
Can you explain how to express fuel consumption in energy per unit time?,2
What are the best practices for preventive maintenance to ensure energy efficiency and longevity of industrial furnaces?,2
How are manual inspections integrated into the predictive maintenance program for the furnace?,2
What are the specific temperature ranges that are considered high for the resistance wire in the heating element?,2
"Are there any specific sensors that are more important or sensitive to certain failure modes? If so, can you rank them based on their significance?",2
How can we ensure that the anomaly detection model is aligned with the specific needs and requirements of the industrial furnace operators and maintenance personnel?,2
"How can we determine the quality of sensors in industrial furnaces, and what impact can low-quality sensors have on the performance of our anomaly detection models?",2
"How can reliability engineers prioritize the maintenance and monitoring of different components, subsystems, and failure modes in industrial furnaces?",2
How can we measure the diversity of operating conditions in the labeled dataset?,2
How can the use of monitoring devices improve the overall performance of industrial furnaces?,2
"Can you explain the process of data replication in more detail, including how it is stored and accessed?",2
Can you provide any case studies or examples of successful predictive maintenance strategies that have prevented ignition system failures in industrial furnaces?,2
How does the use of sensor data analysis impact the overall maintenance strategy for industrial furnaces?,2
How do you ensure the secure communication protocols you implement are compatible with existing systems and equipment?,2
"What are the specific symptoms of wear and tear, overheating, and electrical failures in the ignition electrodes, ignition transformer, and ignition control module that pressure sensor data can help detect?",2
Can you explain the importance of conducting Failure Mode and Effects Analysis (FMEA) in the context of sensor maintenance in industrial furnaces?,2
What are the recommended methods for updating and refining the labeled data and models in the context of industrial furnace anomaly detection?,2
Can you explain the importance of MTBF and how it is calculated for an industrial furnace?,2
How is the fuel efficiency of the furnace monitored and tracked over time?,2
Are there specific chemical reactions that are more likely to cause degradation of insulation or electrical components in industrial furnaces?,2
Are there any specific features that should be extracted from the sensor data to improve the accuracy of the anomaly detection model?,2
What are the specific failure modes that can occur due to these degradation mechanisms?,2
"What are the challenges in implementing preventive maintenance measures in industrial furnaces, and how can they be addressed?",2
What specific monitoring and diagnostic tools are commonly used in industrial furnaces to detect failure modes and reasons?,2
"What are the potential consequences of a sensor failure in industrial furnaces, and how can the severity of this failure mode be evaluated?",2
What are the most critical failures in industrial furnaces that reliability engineers should focus on?,2
Can you provide examples of specific failures in industrial furnaces that could have been prevented through effective time monitoring and data analysis?,2
"What are some common failure modes in industrial furnaces, and how can they be detected through sensor data analysis?",2
Can you provide examples of common failure modes for different types of furnaces?,2
Can you elaborate on the process of data preprocessing and feature engineering in the context of predictive maintenance for industrial furnaces?,2
Can you explain how monitoring temperature and pressure can help detect anomalies in an industrial furnace?,2
"How do the normal operating ranges for industrial furnaces differ across various operating conditions, and how does this impact the choice of threshold for identifying anomalies?",2
"Can you provide any specific examples of safety incidents that have occurred due to inadequate preventive maintenance of industrial furnaces, and how could these incidents have been prevented?",2
"How is the creep degradation mechanism defined in the context of pressure sensors in industrial furnaces, and what are the common causes of this type of degradation?",2
How can predictive maintenance strategies be integrated with data analysis to prevent failures?,1
"What are the challenges in ensuring data analysis from sensor data is accurate, reliable, and actionable for industrial furnaces?",2
Can you provide examples of specific temperature fluctuations that the model can detect and alert the user about?,1
Can you provide any case studies or examples of how adhering to manufacturer guidelines and recommendations for sensors has improved safety and efficiency in industrial furnaces?,2
"Can you provide specific examples of degradation mechanisms, such as corrosion, fouling, and mechanical wear, and how they impact the failure codes (open circuit, short circuit, and out of range) for sensors in industrial furnaces?",2
Can you explain the process of reviewing degradation mechanisms to improve specificity in FMEA?,2
What are the key performance indicators (KPIs) to measure the effectiveness of predictive maintenance in industrial furnaces?,2
How can organizations use sensor data analysis to reduce maintenance costs and prevent unplanned downtime in industrial furnaces?,2
Can you provide more details on the control system failures and how they can result in operational disruptions?,1
"What measures can be taken to prevent potential harm to people, property, or the environment when implementing an anomaly detection model in industrial settings?",2
Can you discuss any specific industry standards or regulations that require FMEA for industrial furnaces and heating elements?,2
How can the anomaly detection model help prevent catastrophic events that can result in injury or death in industrial furnaces?,2
"How do the temperature sensor choices impact the overall furnace design and operation, such as the control system and energy efficiency?",2
Can you give examples of energy-related failure modes specific to our furnace that could be addressed by ISO 50001?,2
How do data analytics and machine learning algorithms help in interpreting the data collected by the sensors and predicting potential failures in industrial furnaces?,2
What are the potential consequences of false positives and false negatives in the anomaly detection model for industrial furnaces?,2
Can you provide more details on the types of sensors used in predictive maintenance for the industrial furnace and what data they collect?,2
"Can you provide any specific examples of temperature sensor failures in industrial furnaces, and how were these failures detected and addressed?",2
What steps can be taken to prevent unauthorized access or disruption of furnace operations due to data security breaches?,2
"What are the specific degradation mechanisms that can affect flow sensors in industrial furnaces, and how can they be prevented through maintenance and calibration?",2
Can you explain how regular sensor monitoring in industrial furnaces can lead to cost savings and increased productivity?,2
Can you explain the process of data normalization and feature scaling to account for sensor inaccuracies?,2
How is the false positive rate calculated and what is the acceptable range for this metric in the anomaly detection model?,2
How does condition-based monitoring differ from traditional time-based maintenance in industrial furnaces?,2
How can changepoint detection be effectively incorporated into anomaly detection models for industrial furnaces?,2
How do you prioritize the identification of anomalies that could lead to safety hazards in industrial furnaces?,2
How does the quality of sensors and data analysis system impact the detectability and severity of failures in industrial furnaces?,2
Can you provide more information on the potential fire hazards associated with cooling system failures in industrial furnaces?,2
"How do different industries, such as metallurgy, glass manufacturing, and petrochemicals, utilize sensor data for predictive maintenance in their respective industrial furnaces?",2
"How can RCA help in detecting and rectifying inefficient combustion processes, leading to reduced emissions and energy consumption?",2
"How often should the temperature sensors, heating elements, control systems, and insulation be inspected and calibrated to ensure optimal performance?",2
How can a preventive maintenance program be designed to address the root causes of failure modes in industrial furnaces?,2
"Are there any specific types of gas sensors recommended for industrial furnaces, and what are their advantages?",2
How can operators ensure that changes to the furnace's operating conditions or configuration are properly evaluated and implemented?,2
"Can you explain the process of conducting a Failure Mode and Effects Analysis (FMEA) for industrial furnaces, and how it helps predict and prevent failures?",2
How can poor design contribute to the failure of the combustion system in industrial furnaces?,2
What strategies can be used for continuous improvement of the anomaly detection model and maintenance procedures?,2
"Are there any specific guidelines or standards for sensor maintenance and calibration in industrial furnaces, and if so, can you provide more information about them?",2
How does combustion efficiency monitoring contribute to the prevention of failures in industrial furnaces?,2
What are the specific challenges in detecting anomalies in large and complex furnaces?,2
"How can data analysis techniques be used to predict and prevent failures in industrial furnaces, and what are the benefits of doing so?",2
What specific data points or variables are typically collected from sensors on an industrial furnace?,1
Can you discuss the importance of data visualization in the model building process and how it can help to detect anomalies in the furnace operation?,2
How does the severity of failure modes impact the frequency of FMEA reviews for an industrial furnace?,2
How can data analysis be used to detect and predict temperature control failures in industrial furnaces?,2
How can the data collected from the industrial furnaces be used to improve the performance of the anomaly detection model?,2
What are the specific benefits of using SPC and machine learning algorithms for predicting and preventing failures in industrial furnaces?,2
How can the sensor data from industrial furnaces be used to improve energy efficiency?,2
How often should regular inspections and calibrations be performed to ensure the optimal performance of industrial furnaces?,2
What measures can be taken to minimize the occurrence of false positives or false negatives in the anomaly detection model?,2
"Can the anomaly detection system be customized to specific industrial furnace types or models, and how is this customization process carried out?",2
"How does contamination affect the accuracy of sensors that rely on optical or electrical properties, and what measures can be taken to prevent contamination?",2
How can data from temperature sensors and control systems be analyzed to predict potential failures before they occur?,2
How does the anomaly detection model improve the overall reliability of industrial furnaces?,2
How does the FMEA process help in predicting failures in industrial furnaces?,2
What are the most common components and subcomponents that fail in industrial furnaces and what are the reasons for their failure?,2
What factors should be considered when determining the frequency of FMEA reviews for an industrial furnace?,2
Are there any specific industry standards or guidelines for incorporating FMEA outputs in an anomaly detection model for industrial furnace maintenance?,2
Can you provide guidelines for preventive maintenance that the anomaly detection model should incorporate?,2
Can the anomaly detection model and maintenance plan be adapted to account for changes in the industrial furnace's operation or environment?,2
What are the potential safety hazards associated with control system failures in industrial furnaces?,2
"Can machine learning algorithms be used to optimize the maintenance schedule of industrial furnaces, in addition to detecting anomalies?",2
What types of machine learning and AI algorithms are most effective for predicting failures in industrial furnaces?,2
"What training programs are available for operators and maintenance personnel to ensure safe and efficient operation of industrial furnaces, and what topics should be covered in such training?",2
"How often should temperature monitoring be performed in industrial furnaces, and what equipment is required for accurate monitoring?",2
Can you elaborate on the consequences of false negatives and false positives in the context of industrial furnace monitoring?,2
How does the obsolescence of industrial equipment affect the development and performance of an anomaly detection model and what are the potential solutions?,2
How can we ensure that our anomaly detection model is specifically tailored to the unique characteristics of industrial furnaces and not overly generalized?,2
Can you explain the process for identifying root causes of issues detected by the monitoring system?,2
What methods can be used to evaluate the severity of failures and the ability to detect them before they happen?,1
"How can data scientists collaborate with subject matter experts to develop predictive models for sensor failures in industrial furnaces, and what data would be required to build such models?",2
"Can you explain the role of temperature sensors in detecting other types of furnace failures, aside from heating element failure?",2
How do the detectability ratings factor into the overall FMEA process?,2
"What specific components of the temperature sensors, heating elements, and control systems should be checked during inspections?",1
"How does Root Cause Analysis (RCA) help identify and address the underlying causes of furnace failures, and what are its key steps?",2
Can you explain the specific machine learning techniques used in the anomaly detection model?,2
How can predictive maintenance strategies be implemented for industrial furnaces to minimize downtime and reduce costs?,2
How can the use of sensors and data-driven models improve the overall maintenance strategy for industrial furnaces?,2
"What safety hazards are associated with industrial furnace failures, and how can they be mitigated through predictive maintenance and anomaly detection?",2
What are some common factors that influence the occurrence of failures in industrial furnaces?,2
What are the specific temperature and pressure thresholds that the anomaly detection system should monitor to ensure safe furnace operations?,2
Can you provide specific examples of how predictive maintenance (PdM) has increased asset availability in industrial furnaces?,2
Are there any specific guidelines or standards for the installation and maintenance of components in industrial furnaces?,1
What are the best practices for training personnel on the safe and efficient operation and maintenance of industrial furnaces?,2
"Have there been any historical failures or anomalies in the industrial furnace? If so, what were the root causes and how were they detected?",0
"What are the specific consequences of damage to equipment, injury to personnel, or environmental harm that the model aims to prevent?",2
How can incident response be incorporated into user training and awareness programs for industrial IoT systems?,2
Can you explain the recommended maintenance and cleaning procedures for the air filter and exhaust vent in the furnace?,2
"How can the performance of the anomaly detection model be monitored and evaluated over time, and what steps can be taken to ensure that it remains effective as the system and environment change?",2
What are the consequences of not addressing the most critical failure modes in industrial furnaces?,2
"What process parameters should be monitored to detect potential failures in temperature control mechanisms, and how can this be done effectively?",2
"Can you provide examples of failure modes for heat exchangers, burners, and refractory materials in industrial furnaces?",2
How can the severity of heating element failure be measured and quantified?,2
What are the specific data preprocessing techniques that have been found to be most effective in cleaning and normalizing sensor data for anomaly detection?,2
How is increased downtime calculated and what is the acceptable limit for industrial furnaces?,2
Can you provide examples of real-time processing techniques that can be used to enable real-time anomaly detection in industrial settings?,2
What data-driven models have been found to be effective in predicting potential failures in industrial furnaces?,2
What are the challenges in implementing predictive maintenance strategies in industrial furnaces?,2
Can you explain the process of combustion control systems calibration and its importance in preventing failures?,2
What are the specific OSHA regulations for temperature limits in industrial furnaces?,2
What are the emerging trends and technologies in predictive maintenance and failure prevention for industrial furnaces?,2
"What specific safety and regulatory requirements must industrial furnaces comply with, and how can the anomaly detection model help ensure compliance with each one?",2
Can you provide some examples of robust sensor failure prevention and prediction strategies that have been effective in industrial furnaces?,2
How do the choice of machine learning algorithms and techniques impact the accuracy of identifying anomalies in industrial furnaces?,2
"Which specific components of an industrial furnace are most susceptible to damage and degradation, and what measures can be taken to ensure their safe and efficient operation?",2
"How do the failure codes for steady-state and shutdown issues relate to specific degradation mechanisms, and how can data scientist use this information to develop a comprehensive maintenance plan for the industrial furnace?",2
What are the best strategies for adapting to data drift in real-time and ensuring that the model remains accurate over time?,2
"Can you provide more examples of the types of anomalies in industrial furnaces that can be detected using clustering, classification, and regression methods?",2
"Are there any specific temperature, pressure, flow rate, or combustion efficiency thresholds that the real-time sensor data should focus on to build an effective anomaly detection model?",2
"What are the challenges in implementing histograms and trending analysis in a maintenance strategy for industrial furnaces, and how can they be addressed?",2
How can data scientists distinguish between normal and abnormal current/power consumption patterns in heating elements?,2
Can you provide examples of the different failure modes that the anomaly detection model should be able to identify?,2
What are the recommended maintenance schedules and inspection procedures for ensuring optimal performance and longevity of industrial furnaces?,2
What are the specific benefits of using sensor data to monitor temperature in industrial furnaces?,2
"How can the maintenance schedule be adjusted to account for changes in the operating context of the industrial furnace, such as changes in usage or operating conditions?",2
What are the potential consequences of not monitoring the level of materials within the chamber of an industrial furnace and what sensors are typically used for this purpose?,2
What are the best practices for monitoring and regularly assessing industrial IoT systems for potential vulnerabilities?,2
Can you provide more details on how maintenance history is used to develop a predictive model for industrial furnaces?,2
What are the specific challenges in identifying root causes of failures in industrial furnaces and how can accurate sensor data help address these challenges?,2
What are the common communication protocols used for connecting these sensors to the control system in industrial furnaces?,2
How can prioritizing compliance with regulatory and safety requirements for industrial furnaces help protect a company's reputation and ensure long-term success?,2
"What are the most common indicators of refractory lining failure, and how can they be detected using temperature sensors?",2
What are the common techniques used to analyze sensor data for anomaly detection in industrial furnaces?,2
Can you explain more about the factors that affect the accuracy of turbine flow meters and how to minimize their impact on the measurement?,2
How can regular maintenance and inspections help reduce equipment downtime in industrial furnaces?,2
What are the potential challenges or limitations in using synthetic anomalies for evaluating anomaly detection models in industrial furnaces?,2
What are the regulatory requirements for sensors and data monitoring in industrial furnaces and how do they vary depending on the industry and application?,2
What are the key emissions monitoring parameters that the model should track to ensure compliance with environmental regulations?,2
"How can an anomaly detection system be implemented in an industrial furnace, and what are the key features to look for in such a system?",2
How does vibration contribute to the failure of components in an industrial furnace and how can it be mitigated?,2
What are the best practices for monitoring and maintaining industrial furnace control systems to ensure their longevity and reliability?,2
What preventive maintenance measures can be implemented to address the most common and severe failure modes in industrial furnaces?,2
What are the specific steps involved in performing a visual inspection of the air supply and exhaust systems in the industrial furnace?,2
"How do industrial furnaces' production rates affect their overall efficiency and effectiveness, and what steps can be taken to optimize production rates?",1
How can FMEA analysis help in ensuring the reliability and efficiency of industrial furnaces?,2
What specific components and sub-components of industrial furnaces are most susceptible to degradation mechanisms?,2
How are pressure changes in an industrial furnace detected and diagnosed?,2
"What are the most common signs of thermal cycling, fouling, and chemical reactions in industrial furnaces?",2
Can you explain the concept of recuperation in industrial furnaces and how it helps in energy management?,2
How do the personnel responsible for monitoring and interpreting the data receive training to ensure accurate and timely analysis?,2
Can the anomaly detection model identify the root cause when it predicts a failure in the mechanical components of the furnace?,2
"What types of information are typically found in maintenance and reliability databases, and how can they be used in FMEA analysis of industrial furnaces?",2
Can you provide examples of how sensor data analysis can help maintain product quality and consistency in industrial furnaces?,2
"How can the maintenance and operation personnel be trained to use and interpret the results of the anomaly detection model, and how can this training be integrated into their existing workflows?",2
Can you provide examples of catastrophic events that can be prevented through regular monitoring of industrial furnaces?,2
"How can RCA identify and rectify issues with the temperature control system, ensuring consistent material heating?",2
"How can the severity of issues affecting the production rate be determined, and what actions should be taken in response?",2
"How can the model ensure regulatory compliance, enhance safety, and optimize furnace performance simultaneously?",2
Can you discuss any new or emerging technologies that can help improve the detection and prevention of ignition system failures in industrial furnaces?,2
Can you provide more details about the common failure modes of industrial furnaces that should be considered when developing an anomaly detection model?,2
How can domain experts collaborate with data scientists to ensure the quality and accuracy of labeled data for the anomaly detection model?,2
"Can you explain the concept of a feedback loop in more detail, and how it can be used to continuously improve the performance of the anomaly detection model?",2
Can you explain the role of temperature controllers in maintaining temperature uniformity and what are the common malfunctions that can affect their performance?,2
How can the temperature control system be calibrated to ensure accurate temperature readings?,2
"How can data analysis help predict and prevent failures, and what specific tools or techniques are most effective for this purpose?",2
"Which sensors are typically used to monitor critical parameters in industrial furnaces, and what data do they provide?",2
How can the effectiveness of a preventive maintenance program be measured and evaluated over time?,2
How will model complexity be balanced with interpretability?,2
How can domain knowledge be incorporated into the feature engineering and model selection process for anomaly detection in industrial furnaces?,2
What are the best practices for maintaining and calibrating capacitance sensors to prevent failures?,2
How does the anomaly detection model impact the overall safety culture in the industrial furnace setting?,2
How can the results from data-driven and model-based methods be integrated to make decisions regarding maintenance and operation of industrial furnaces?,2
"How can regular inspections and maintenance of mechanical components in industrial furnaces be optimized to prevent failures and extend lifespan, based on the data from vibration sensors?",2
Can you provide examples of specific applications that require highly sensitive oxygen sensors and those that do not?,2
What specific gas flow irregularities should be monitored for in industrial furnaces?,2
Are there any specific types of temperature sensors recommended for monitoring heating element performance in industrial furnaces?,2
How can FMEA be used to prioritize preventive maintenance activities for industrial furnaces?,2
What are the key qualifications and training requirements for maintenance personnel working on industrial furnaces?,2
How does the accuracy and reliability of an anomaly detection model compare to traditional rule-based systems in the long run?,2
How can regular monitoring of sensors in industrial furnaces improve safety and optimize furnace performance?,1
What are the best practices for maintaining proper temperature and pressure settings in industrial furnaces to prevent leaks?,2
How can regular inspections and maintenance be tailored to address the specific degradation mechanisms that can lead to failure in the industrial furnace?,2
How can a process for reporting and addressing privacy concerns be established for an industrial furnace?,2
How are the severity and detectability ratings determined in the FMEA analysis?,2
Can you describe a few specific failure modes of the industrial furnace components and how they might manifest in the furnace's operation?,2
"What are the common causes of thermal fatigue, corrosion, and mechanical wear in industrial furnaces?",2
"How can regular inspections and cleaning help prevent heating element failure, and what are the recommended schedules for these maintenance activities?",2
What are the recommended methods for regular maintenance and calibration of sensors in industrial furnaces?,2
How can a proactive approach to anomaly detection help industries avoid potential financial losses?,2
How does the model handle missing or incomplete maintenance data?,2
What are the specific primary objectives of building the anomaly detection model?,2
What are the specific degradation mechanisms that can lead to failure in the heating element of industrial furnaces?,2
What are the common methods used to detect tube leaks and ignition failures in industrial furnaces?,2
"What are the specific challenges faced in maintaining industrial furnaces, and how can we overcome them?",2
What are the benefits of using a standardized format and terminology in FMEA?,2
How can histograms and trending analysis be used to optimize maintenance schedules and allocate resources effectively in a proactive maintenance program for industrial furnaces?,2
How can wear and tear contribute to the inability of industrial furnaces to maintain the setpoint temperature?,2
How is the sensor data collected and processed for analysis in predictive maintenance?,2
Can you explain the potential impact of flame instability on the overall efficiency and safety of industrial furnaces?,2
"What are the limitations of using log loss as an evaluation metric for anomaly detection models, and how can these be addressed?",2
How do vibration sensors help in identifying the specific mechanical components that may be causing the abnormal vibrations in industrial furnaces?,2
How can thermography be used to detect ignition system issues in industrial furnaces?,2
"Are there any specific challenges or limitations when implementing an anomaly detection model for industrial furnaces, and how can they be addressed?",2
What are the challenges faced in implementing proactive maintenance strategy and how to overcome them?,2
How does the model handle the situation when multiple simultaneous failures have the same severity rating?,2
"What are the challenges in deploying an anomaly detection model in a real-world industrial furnace environment, and how can they be addressed?",2
How do the warning limits for atmosphere sensors differ based on the gases being monitored?,2
How can we validate and verify the performance of the anomaly detection model in detecting potential failures in industrial furnaces?,2
What are the major challenges in ensuring regulatory compliance and industry standards adherence in the design of an anomaly detection model for industrial furnaces?,2
What are the potential limitations or challenges of using unsupervised anomaly detection techniques for this project?,1
"What are the potential challenges in implementing the anomaly detection model in real-world conditions, and how can they be addressed?",2
Can you provide more details on the types of temperature sensors used in industrial furnaces and how they are typically calibrated?,2
Can the anomaly detection model identify specific components or subsystems that are at risk of failure in an industrial furnace?,2
How does the FMEA process account for the impact of human error on the failure of an industrial furnace?,2
How can manufacturers detect and address sensor drift in industrial furnace control systems?,2
How is the furnace's complexity taken into account during the FMEA model update process?,2
"How are data security and privacy ensured in the data storage and access system, and what measures are taken to prevent potential data breaches or cyber attacks?",2
How does predictive maintenance optimize fuel usage in industrial furnaces?,2
What are the best practices for accurate documentation and record-keeping in this context?,2
Can you explain the different factors that can cause burner failure in industrial furnaces and how to identify them?,2
What types of monitoring and maintenance practices are most effective in detecting and preventing failures in industrial furnaces?,2
Can you provide any examples of how proactive maintenance strategies have successfully prevented failures and improved the long-term performance of industrial furnaces?,2
"What are the potential limitations or assumptions of the anomaly detection model, and how can these be addressed to ensure the model's accuracy and reliability in predicting and preventing failures in industrial furnaces?",2
What are the consequences of not adhering to the recommended maintenance schedule and how can it impact the furnace's lifespan?,2
What are the specific safety hazards associated with poor combustion in industrial furnaces?,2
Are there any regulatory or safety requirements that must be considered when monitoring the performance of the industrial furnace?,0
How can FMEA be integrated with other reliability and maintenance programs to optimize industrial furnace performance and safety?,2
How do sensors in industrial furnaces contribute to real-time failure detection?,2
"Can you provide examples of how continuous improvement can be implemented in an industrial asset anomaly detection model, and how does a multi-metric approach support this process?",2
How can we minimize data loss or gaps in the sensor data collected for the anomaly detection model?,2
"Can you provide examples of specific parameters, such as temperature, pressure, or flow rate, that are important to monitor in industrial furnaces to detect anomalies and predict failures?",2
"How do sensors play a role in detecting heating element failure, and what types of sensors are commonly used for this purpose?",2
What types of real-time sensor data are most useful in detecting and diagnosing anomalies in industrial furnaces?,2
How does the real-time anomaly detection system contribute to the predictive maintenance of the industrial furnace?,2
How is the mean time between failures (MTBF) calculated and used to measure the reliability of the industrial furnace?,2
How does a regular and proactive approach to FMEA modeling minimize the risk of unplanned downtime?,2
Are there any specific data integration or transformation techniques that are required for integrating the anomaly detection model with existing monitoring and control systems?,2
Can you explain the impact of poor burner adjustment on the overall efficiency and lifespan of industrial furnaces?,2
How can we ensure that our maintenance strategy for industrial furnaces is in compliance with local regulations and industry standards?,2
"How can data analytics help in identifying patterns and trends in the performance of flow sensors in industrial furnaces, and how can this information be used to improve their health and longevity?",2
"How can data scientists help in developing a failure classification system for sensors in industrial furnaces, and what are the key factors to consider in this process?",2
What specific steps are involved in conducting a failure modes and effects analysis (FMEA) for an industrial furnace?,2
"How can industries implement a continuous improvement approach for furnace design and operation practices, and what role do data scientists play in this process?",2
Can you provide examples of specific thresholds that can be used to minimize false positives in anomaly detection for industrial furnaces?,2
Can you provide more information on the failure modes and effects analysis (FMEA) program and its importance in preventing failures in industrial furnaces?,2
Can you provide examples of common symptoms or signs that indicate the need for repairs or replacements in each of these five areas?,2
"What are the common structural problems in industrial furnaces, and what sensor data can be used to detect and assess their severity?",2
"How can the operating conditions of an industrial furnace, such as temperature and pressure, be monitored and controlled to prevent failures?",2
How can we ensure that the frequency and duration of data collection are optimized to detect anomalies in real-time?,2
How can preventive maintenance activities be optimized for control system hardware and software in industrial furnaces?,2
Can you provide examples of how the monitoring system has helped to predict and prevent failures in the past?,2
"Are there any known common failure modes or issues with this specific type of industrial furnace, and if so, can you provide more details about them?",1
What are the best practices for updating and maintaining an anomaly detection model for industrial furnaces to ensure its continued effectiveness?,2
How can we ensure continuous improvement in the maintenance and monitoring of industrial furnaces?,2
Which specific dimensionality reduction techniques can be useful for this problem?,2
What are the common trends and patterns that data analysis can help identify in industrial furnace operations?,2
How can residence time be accurately measured and analyzed to ensure proper heat treatment of materials?,2
How can stakeholders use the data visualizations to make informed decisions about maintenance and operational improvements for the industrial furnace?,2
"What specific sensors are used to measure temperature, pressure, gas flow, vibration, and emissions in industrial furnaces?",2
Can you provide more details on the specific wear and tear failure modes that can occur in the heating elements of industrial furnaces?,2
How can we ensure that the chosen performance metrics align with the overall objectives of the industrial furnace system?,2
How does the use of failure codes in an FMEA contribute to the safe and reliable operation of an industrial furnace?,2
What specific risks and threats should be considered when prioritizing security measures for an industrial IoT system?,2
"What are the specific temperature ranges that are considered safe and acceptable for the industrial furnace, and how can these ranges be monitored using temperature sensors?",2
"Can you provide more details on the process of splitting the labeled data into separate training, validation, and test sets?",2
Are there any other methods or tools used in conjunction with FMEA to prevent failures in industrial furnaces and other industrial systems?,2
Can you explain the methods used to detect and quantify sudden changes in temperature that may indicate heating element failure?,2
What are the challenges in implementing a sensor maintenance program in industrial furnaces and how can they be addressed?,2
Can the model predict the remaining useful life of the industrial furnace components based on the maintenance data?,2
What are the common challenges faced while implementing sensor-based continuous improvement initiatives in industrial furnaces?,2
Can you provide examples of catastrophic failures in industrial furnaces caused by sensor malfunctions?,2
How can data from sensors be used to monitor and improve the overall quality control of the industrial furnace?,2
How can data scientists ensure that predictive maintenance models are tailored to the specific needs of the industrial furnace and its operating environment?,2
"How do vortex flow meters measure the flow rate of viscous fluids and those with high solids content, and what are the limitations of their use in this context?",2
Can you provide more details on the specific temperature sensor data patterns that indicate heating element failure in an industrial furnace?,1
What are the specific system architecture and requirements for the industrial furnaces?,2
How does the refractory lining failure impact the furnace and what safety concerns arise from it?,1
"Can you explain the importance of proper training for operators of industrial furnaces, and what topics should this training cover?",2
What specific monitoring practices can be implemented to detect temperature control failures in industrial furnaces?,2
What are the challenges in detecting and preventing refractory failure in industrial furnaces?,2
Are there any specific challenges or limitations in collecting and integrating the additional factors data in the anomaly detection model?,1
How does poor maintenance practices contribute to the failure of insulation in a furnace?,2
How can the anomaly detection model be integrated with existing maintenance management systems in industrial furnaces?,2
Can you provide any additional guidance on how to ensure that the FMEA remains an accurate and useful tool for managing potential failure modes in an industrial furnace?,2
"How can ""Electrical Failure"" in the temperature control system be prevented, and what are the consequences if left unattended?",2
How will the model's results be integrated into the existing maintenance and operation procedures?,2
"Are there any specific environmental factors, such as temperature and humidity, that need to be monitored to prevent the failure mode of heating elements not heating up to the desired temperature?",2
Can you provide more information on the specific emission sensor ranges and how they are determined?,2
How does the anomaly detection system help in optimizing the furnace's energy consumption and reducing energy waste?,2
What are the best practices for ensuring the long-term success and reliability of industrial furnace control systems through regular maintenance and failure prevention?,2
Can you provide examples of how the insights from the model can be used to prevent failures and optimize maintenance?,2
What are some of the environmental regulations that could be violated if sensor data is compromised in an industrial furnace?,2
What are the best practices for documenting software updates and changes made in industrial furnace control systems?,2
Can you explain more about the visual inspections that can be done to detect degradation or damage in the refractory lining?,2
What are the potential consequences of not detecting and addressing potential failures in the refractory lining of industrial furnaces?,2
What are the specific data validation techniques that need to be applied?,2
How can we ensure that the anomaly detection model is scalable and adaptable to different types or sizes of industrial furnaces?,2
What are the best practices for training operators and maintenance personnel on the proper use and maintenance of temperature control mechanisms?,2
How can the severity and detectability of industrial furnace failures be determined?,2
What are the best practices for implementing a proactive and data-driven approach to predicting and preventing failures in industrial furnaces?,2
Can you explain the role of thermal shock resistance and mechanical strength in selecting refractory materials to mitigate the risk of failures?,2
Are there any specific patterns or trends in the sensor data that are more likely to indicate an anomaly in industrial furnaces?,2
"Can you compare and contrast the cost and maintenance requirements of turbine flow meters, vortex flow meters, and mass flow controllers in industrial furnace applications?",2
Can you explain the importance of considering the impact of maintenance activities on the overall performance of industrial furnaces?,2
"How can we ensure that the anomaly detection model is able to effectively detect and predict a wide range of potential failures or issues in industrial furnaces, rather than just a specific subset of failures?",2
Can you provide any specific industry standards or regulations related to temperature uniformity in industrial furnaces?,2
What role does the combustion air supply play in addressing pressure deviations through RCA?,2
"How can organizations ensure the quality and availability of data for a successful data analysis program in industrial furnaces, particularly in harsh operating conditions?",2
"What are the safety considerations when implementing a data analysis program for industrial furnaces, and how can organizations mitigate potential safety risks?",2
How can the design of industrial furnaces be optimized to minimize the risk of failures?,2
What specific emergency procedures should be in place in case of accidents related to industrial furnaces?,2
What are the specific sensor failure modes that can have the most significant impact on the anomaly detection model's performance in industrial furnaces?,2
Are there any recommended maintenance practices to prevent soot accumulation and improve thermal efficiency?,2
How does the detectability of failure modes differ between various components of industrial furnaces?,2
How can regular FMEA and adherence to safety regulations contribute to the long-term success of a company operating industrial furnaces?,2
Can you provide more information on the importance of having a clear and concise narrative when discussing the consequences of control system failures and the steps to prevent and mit,2
"What are the best practices for installing and maintaining thermocouples, RTDs, and thermistors in industrial furnaces to minimize the risk of inaccurate temperature measurements?",2
Can you explain how the chemical composition of the materials used in the furnace can impact its failure modes?,2
What are the potential consequences of neglecting data privacy and security best practices for predicting and preventing failures in industrial furnaces?,2
How can a predictive maintenance program be optimized to ensure early detection and prevention of faults and failures in industrial furnaces?,2
Can you explain the impact of vibration amplitude and frequency on heating element degradation?,2
"What are the common causes of sensor failures in industrial furnaces, and how can they be prevented?",2
Can you provide more details on the automated monitoring system used to track the KPIs? What tools or technologies are used for this purpose?,2
What are the trade-offs between sensitivity and false positive rate in anomaly detection?,2
Can you provide examples of high and low severity failure modes in industrial furnaces?,2
Can you explain the role of regular monitoring of furnace performance data in identifying potential issues and preventing failures before they occur?,2
How do the chosen noise reduction techniques impact the overall performance of the anomaly detection model in terms of accuracy and computational efficiency?,2
"What are the specific degradation mechanisms that affect the furnace lining, insulation, and refractory?",2
"What are the challenges in implementing a sensor failure prevention and prediction strategy in industrial furnaces, and how can they be addressed?",2
Can you provide examples of negative consequences that have resulted from failure to adhere to regulations and safety requirements during the FMEA of industrial furnaces?,2
What types of sensors are typically used to collect data for analyzing industrial furnaces?,2
What are the best practices for implementing network segmentation and isolation in industrial IoT systems?,2
"How can data scientists help in developing a robust preventive maintenance program for industrial furnaces, and what role does sensor data play in this process?",2
"What are the common temperature measurement techniques used in industrial furnaces, and how accurate are they in maintaining the desired temperature range?",2
What unsupervised learning techniques have been found to be effective in detecting anomalies in industrial furnaces?,2
What are the key challenges in integrating ML and AI capabilities into the overall maintenance and asset management strategy for industrial furnaces?,2
How do the degradation mechanisms of the components and subcomponents of the furnace impact the regulatory and safety requirements?,1
"What are the specific performance metrics that should be used to evaluate the effectiveness of the anomaly detection model, and how can we ensure that it meets the desired level of accuracy and reliability?",2
What are the regulatory requirements or industry standards related to insulation maintenance and safety in industrial furnaces?,2
Are there any specific challenges in handling high-velocity sensor data in the industrial furnace setting?,2
How do temperature control failures impact different types of furnaces used in various industries?,1
"Are there any specific environmental factors, such as humidity or vibration, that could impact the performance or reliability of the industrial furnace?",0
How does fuel consumption data be analyzed to identify opportunities for reducing energy waste and minimizing costs?,2
How can the data collected from real-time monitoring be used to improve the training program for the operators?,2
What specific temperature and humidity thresholds should be used in the anomaly detection model based on the equipment specifications?,2
How are the predictive maintenance models developed and validated to ensure their accuracy in predicting failures?,2
What strategies can be used to ensure model adaptability and transferability in the context of industrial furnaces?,2
"How can the anomaly detection model be scaled up to monitor multiple industrial furnaces, and what considerations should be taken into account when doing so?",2
What are the recommended preventive maintenance measures for ensuring the reliable and efficient operation of industrial furnaces?,1
How can the subject matter expert help in ensuring the model's accuracy and reliability in detecting anomalies in industrial furnaces?,2
What are the common design factors that can contribute to industrial furnace failures?,2
Can you explain the consequences of inaccurate measurements due to improperly calibrated sensors in industrial furnaces?,2
"What are the specific temperature thresholds or anomalies that indicate a heating element failure, and how can these be identified using temperature sensor data?",2
What methods can be used to monitor the performance of the anomaly detection model and assess its effectiveness in detecting anomalies in the industrial furnace?,2
What are the potential consequences of soot buildup in industrial furnaces?,2
Can you provide examples of specific safety hazards that can be caused by failure modes in industrial furnaces?,2
Can you provide examples of how the implementation of SPC and machine learning models for anomaly detection has helped minimize unexpected downtime in industrial furnaces?,2
How can data analysis help to identify potential control system failures in industrial furnaces?,2
Are there any specific challenges or limitations in applying these new technologies to older industrial furnaces?,2
How can predictive maintenance strategies be used to prioritize maintenance activities and allocate resources effectively?,2
Can you provide any examples of successful implementation of security measures in similar industrial IoT systems?,1
"What are the specific safety concerns associated with the failure modes of the industrial furnace, and how can the anomaly detection model help mitigate these risks?",2
Can you provide more details on the specific sensor data that is most relevant for detecting anomalies in industrial furnaces?,2
How can organizations ensure transparency and accountability in their data protection measures while developing anomaly detection models?,2
How can data from sensors be used to monitor and improve the safety of the industrial furnace operation?,2
How can organizations measure the effectiveness and ROI of their predictive and condition-based maintenance programs?,2
Can you provide examples of how software updates have improved the efficiency and safety of industrial furnaces?,2
How is documentation important in maintaining the industrial furnace and what kind of documentation is required?,2
"What are the key challenges or barriers to implementing a comprehensive failure modes and effects analysis (FMEA) program for industrial furnaces, and how can they be overcome?",2
How can the results of SPC methods and machine learning algorithms be integrated and presented in a user-friendly and informative manner for decision-making in industrial furnaces?,2
"What are the consequences of not addressing the potential failures detected in industrial furnaces, and what are the associated risks?",2
What are the benefits of having a compliant and safe operation of the industrial furnace?,1
Can you provide examples of common failures in industrial furnaces and their corresponding severity levels?,1
How is the performance of the anomaly detection model evaluated and measured in the absence of labeled data?,2
What are the other types of sensors that can be used for predictive maintenance in industrial furnaces?,2
How can the usage patterns and operating conditions of industrial furnaces be optimized to prevent common failure modes?,2
Can you provide examples of past failures in industrial furnaces and how they were addressed through predictive maintenance and anomaly detection?,2
Are there any specific industry standards or regulations that need to be followed regarding the maintenance and monitoring of hardware components in industrial furnaces?,2
Can you provide any case studies or examples of successful FMEA analysis and proactive maintenance planning in industrial furnaces?,2
"How are the severity, likelihood of occurrence, and detectability of components determined in the FMEA process?",2
What are the common challenges in building an anomaly detection model for industrial furnaces?,2
Are there any industry-specific regulations or standards that need to be considered when implementing an anomaly detection system for industrial furnaces?,2
How can the design of industrial furnaces and temperature control mechanisms be optimized to prevent failures and ensure reliable operation?,2
Can you provide any case studies or examples of successful implementation of these technologies in industrial furnaces?,2
"Can you provide an example of how FMEA has been used to prevent failures in other types of industrial systems, not just furnaces?",2
"How do temperature and pressure sensors in the industrial furnace detect hot spots, leaks, or blockages, and what preventive maintenance activities are typically carried out based on this information?",2
What are the regulatory requirements for industrial furnaces in different industries and how do they impact the assessment of failure mode severity?,2
"How does the model ensure that the data used for anomaly detection is accurate, reliable, and relevant to the stakeholders' needs?",2
How is sensor data collected and transmitted for real-time analysis?,2
How do oxygen sensors in industrial furnaces differ in their range and sensitivity based on the specific application?,1
What are the best practices for detecting and addressing thermal shock in industrial furnaces?,2
What are the specific regulatory or safety requirements that the anomaly detection model must comply with?,2
Can you provide examples of related problems where transfer learning can be applied for anomaly detection in industrial furnaces?,2
Can you provide any specific case studies or examples where histograms and trending analysis have been successfully used in predictive maintenance for industrial furnaces?,2
How does the FMEA process help to ensure that the industrial furnace is operating at its maximum capacity and producing high-quality products?,2
Can you provide examples of specific risk assessments that have been conducted for industrial IoT systems in furnaces?,2
Can you explain the EPA regulations for emissions in industrial furnaces?,2
Can you explain how to calculate the confidence intervals for AUC-ROC?,2
How can the FMEA process be integrated with other risk management and maintenance strategies for industrial furnaces?,2
How can the model be used to minimize downtime and reduce maintenance costs in industrial furnaces?,1
How can vibration and creep be effectively managed in industrial furnaces to reduce the risk of failure?,2
Can you elaborate on the importance of setting appropriate values for normal and abnormal operations in industrial furnaces?,2
What are the most effective methods for monitoring the performance of industrial furnaces?,2
"What are the aging components that can lead to oxygen sensor failure, and how can their degradation be minimized?",2
What are the critical factors to consider when conducting failure mode and effect analysis?,2
How can we ensure that the identified anomalies in industrial furnaces are relevant and actionable for predictive maintenance?,2
How does log loss compare to other evaluation metrics in terms of interpretability and ease of use for subject matter experts in industrial settings?,2
What are the best practices for sensor handling during maintenance to minimize the risk of damage and failure?,2
How can the anomaly detection model be integrated with existing maintenance and monitoring systems in industrial furnaces?,2
How can predictive maintenance programs help in reducing maintenance costs for industrial furnaces?,2
What specific data preprocessing techniques are most effective in ensuring accurate and reliable sensor data for industrial furnaces?,2
"Are there any specific sensors installed in the industrial furnace to monitor the operating conditions, and what are their specifications and capabilities?",1
"Can you provide examples of common failure modes in industrial furnaces, and how do they relate to degradation mechanisms?",2
How can regular monitoring and maintenance help in detecting and preventing anomalies in industrial furnaces?,2
What specific software testing processes do you recommend for ensuring the control system software is bug-free before deployment?,2
"What other sensors or data sources, such as current or voltage measurements, can be used to enhance the accuracy of anomaly detection in temperature sensor data?",2
How can the maintenance schedule be optimized to balance the need for frequent inspections and repairs with the costs associated with maintenance activities?,2
How can the feedback loop process be optimized to improve the labeling process and ensure the continuous involvement of the subject matter expert?,2
Can you provide more details on how level sensors help in monitoring the level of materials inside the furnace and what are the potential consequences of not having accurate level measurements?,2
What types of data will be used as input for the anomaly detection model?,2
Can you provide any additional information on the severity rating of poor combustion efficiency and its impact on the overall system performance?,2
"How does the furnace size, fuel type, application, and safety requirements impact the appropriate range for flow sensors in industrial furnaces?",2
Can you provide any specific examples or case studies of insulation failures in industrial furnaces and how they were detected and addressed?,2
What are the potential safety benefits of using data analysis in industrial furnace operations?,2
How can we ensure that the maintenance efforts are focused on the most critical areas while minimizing disruptions to the production process?,2
"Can you provide more details on the specific components and subcomponents of the industrial furnace that are most susceptible to failure due to age, usage, or operating conditions?",2
Can you provide examples of specific condition-based monitoring techniques that can be used to detect potential failures in industrial furnaces?,2
Can excessive fuel consumption be linked to specific operating conditions or components in the furnace?,2
Can you provide examples of machine learning algorithms that are suitable for identifying patterns indicating degradation in industrial furnaces?,2
Can you provide examples of how histograms and trending analysis can be used in this context?,1
Are there any specific regulations or standards that need to be considered when implementing the anomaly detection model in the industrial furnace system?,2
"What are the most common types of cooling system failures in industrial furnaces, and how can data scientists use this information to develop predictive maintenance models that can detect and prevent these failures?",1
Are there any emerging technologies or innovations that can help improve the detection and prevention of control system failures in industrial furnaces?,2
"What are the specific degradation mechanisms that can lead to the failure of the ignition system and air/fuel ratio control component, and how can they be mitigated or prevented through proactive maintenance and calibration?",2
Can you provide examples of how regular monitoring of KPIs has improved the performance and reliability of industrial furnaces in real-world scenarios?,1
Are there any specific environmental or operating conditions that can affect temperature readings in industrial furnaces?,2
How can the refractory lining's degradation mechanism be monitored and prevented to ensure the furnace's longevity?,2
What are the most common failure modes and degradation mechanisms in industrial furnaces?,2
How can sudden increases in temperature or pressure readings be further investigated to determine if they are indicative of a sensor failure or a problem with the furnace's heating or cooling system?,2
What specific statistical methods are used to ensure precision and accuracy of sensor measurements?,2
"Are there any specific threshold values for the monitored parameters that, when exceeded, indicate an urgent need for maintenance or intervention?",2
"What are the potential safety risks associated with the deployment and use of the anomaly detection model in industrial furnaces, and how can they be mitigated?",2
How can poor maintenance practices contribute to the degradation of the refractory lining in industrial furnaces?,2
"What are the specific sensors used to gather data on temperature, pressure, flow rate, and gas composition in the industrial furnace's air supply and exhaust systems?",2
How can we ensure that the labeled data has temporal correlation and why is it important for the model?,2
"What are the potential challenges in implementing machine learning-based predictive maintenance for industrial furnaces, and how can they be addressed?",2
How often should the sensor data be sampled for different components of the furnace?,2
What are the most common maintenance patterns that indicate a potential failure in an industrial furnace?,2
Can you provide any specific examples of how a predictive and preventive maintenance strategy has helped prevent failure modes in similar industrial furnaces?,2
How can monitoring and controlling the fuel-to-air ratio help in preventing control system failures in industrial furnaces?,2
Are there any recommended preventive maintenance intervals for replacing the resistance wire in the heating element?,2
What types of sensor data can be used to monitor the performance of industrial furnaces and detect anomalies?,2
What are the recommended practices for monitoring and updating the anomaly detection model to ensure its continued effectiveness in detecting anomalies and preventing failures?,2
How will the continuous updating and adjusting of the model be monitored and evaluated for its effectiveness?,2
How can a proactive approach to predicting and preventing failures in industrial furnace control systems benefit the overall operation and efficiency of the furnace?,2
"How can monitoring the furnace lining, the furnace atmosphere, and the mechanical components of the furnace help prevent Mechanical Component Failure (MCF) in industrial furnaces?",2
How does the model handle the presence of noise or missing data in the sensor readings?,2
"Are there any specific corrosive materials that are commonly found in furnaces that can damage the heating element, and how can they be prevented from coming into contact with the heating element?",2
"Are there any industry standards or regulations regarding temperature monitoring and control systems in industrial furnaces, and if so, what are they?",2
What types of sensors are typically used in industrial furnace systems to collect data for anomaly detection?,2
What are the potential consequences of not performing regular calibration and maintenance on the hardware components of industrial furnaces?,2
What are the regulatory requirements for protecting sensor data in industrial furnaces?,2
"Are there any specific installation guidelines that need to be followed to prevent heating element failure, and if so, what are they?",2
How can we balance the trade-off between precision and recall in the anomaly detection model for industrial furnace monitoring?,2
How can data scientists ensure that the condition monitoring systems for industrial furnaces are user-friendly and provide actionable insights to maintenance personnel?,2
Can you provide any case studies or examples of industrial furnace failures and the consequences of non-compliance with regulations and safety requirements?,2
What opportunities for continuous learning and professional development would be most beneficial for maintenance personnel to enhance the model's effectiveness?,2
"Can you provide more information on how the flow rate sensors measure the flow rate of fuel, air, and other gases used in the combustion process?",2
"What role does regular inspection play in detecting and addressing degradation mechanisms in industrial furnaces, and how can it be optimized?",2
How does the severity of failures in these areas impact the overall operation of industrial furnaces?,2
"How can regular visual inspection of temperature sensors, sensor cables, and connection terminals help prevent potential failures?",2
"How do the temperature ranges of the industrial furnace vary during different stages of operation, such as start-up, steady-state, and shutdown?",1
How can the use of an anomaly detection model impact the overall maintenance strategy for industrial furnaces?,2
What are the specific key performance indicators (KPIs) that the machine learning model should track to predict and prevent failures in the fuel delivery system?,2
How does the use of high-performance insulation systems contribute to improving temperature uniformity?,2
How do the insulation and heating system of industrial furnaces impact energy efficiency and cost?,2
"What methods can be used to monitor the status of the limit switch, pressure sensor, flow controller, and temperature sensor, and what are the expected values that should be compared with the measured values?",2
How can the monitoring and analysis of sensor data from industrial furnaces be integrated with other maintenance and operational data sources to provide a more comprehensive view of the system's health and performance?,2
"What are the common factors that can cause changes in the furnace's operating conditions, leading to the degradation of the model's performance?",2
What are the most common types of sensors used in industrial furnaces for data collection?,2
What are the best practices for implementing sensor redundancy in industrial furnaces?,2
"How do anomaly detection models identify potential failures in industrial furnaces, and what are the key performance metrics used to evaluate the effectiveness of these models?",2
Can you explain more about the proactive maintenance strategy and how it can help prevent failures in industrial furnaces?,1
How are the sensors in industrial furnaces calibrated and what are the recommended procedures for this?,2
Can you provide examples of specific failure modes in an industrial furnace and how they can be addressed through preventive maintenance?,2
"What specific privacy laws and regulations might be relevant for this anomaly detection model, and how can we ensure compliance with them?",1
How can regular monitoring be best implemented in the context of industrial furnaces to ensure the long-term success of anomaly detection strategies?,2
What are the specific safety regulations that industrial furnaces must comply with regarding gas sensor monitoring?,2
Can you provide more details on the security and privacy considerations that need to be prioritized throughout the system design and implementation process for an anomaly detection model for industrial furnaces on edge computing devices or gateways?,2
What are the consequences of failing to address a failure in an industrial furnace?,2
How can data scientists use data from regular inspections and monitoring to optimize maintenance schedules and reduce downtime?,2
"How do different types of flow sensors, such as mass flow sensors, volume flow sensors, and differential pressure flow sensors, compare in terms of their suitability for various industrial furnace applications, and what are their common failure modes?",2
What are the common methods for inspecting industrial furnaces to detect wear and tear?,2
What are the recommended frequency and procedures for cleaning and checking for damage during preventive maintenance of sensors in an industrial furnace?,2
What are the challenges in integrating data from various sensors to develop comprehensive condition monitoring systems for industrial furnaces?,2
"How does the model distinguish between normal and abnormal behavior in fuel flow, airflow, and exhaust gas composition data?",2
"Can you give examples of the time-series analysis, clustering, or classification techniques that are most effective in detecting anomalies and predicting failures in industrial furnaces?",2
How can the anomaly detection model be designed to minimize disruptions to the existing industrial automation systems during integration?,2
How to select the appropriate algorithm for anomaly detection in industrial furnaces?,2
Can you explain the manufacturer's recommendations for software updates in industrial furnaces?,2
"How should operational parameters, such as temperature and pressure, be used in conjunction with other maintenance data to optimize the anomaly detection model?",2
"Can you explain how the accuracy and precision of sensors in industrial furnaces are determined and calibrated, and what are the industry standards for these measurements?",1
How do AI and ML algorithms identify patterns and anomalies in the data collected from sensors and systems in industrial furnaces?,2
"Can you provide more details on the specific types of failures that can occur in temperature sensors used in industrial furnaces, and what are the root causes of these failures?",2
Can you provide any case studies or examples of gas sensor failures in industrial furnaces and the resulting consequences?,2
What are the common signs of a worn-out or damaged thermocouple that data scientists should look out for in industrial furnaces?,2
Can you provide an example of how ROC curves and AUC-ROC have been used in the context of industrial furnaces for anomaly detection?,2
"How can the anomaly detection model minimize environmental impact, and what specific environmental standards from organizations like the EPA should be addressed?",2
Can you give examples of how sensors have helped improve energy efficiency and safety in industrial furnaces?,2
"What are the potential limitations of using machine learning and pattern recognition techniques for detecting less obvious failure modes in industrial furnaces, and how can we address them?",2
What are the best practices for preventing air/fuel ratio control system failure due to wear and tear?,2
Are there any specific usage patterns that are more likely to cause anomalies or failures in the furnace?,1
"What are the most common causes of temperature and pressure fluctuations in industrial furnaces, and how can the anomaly detection model help address these issues?",2
Can you elaborate on how heatmaps can help in determining the sensors to include in the anomaly detection model?,2
How do variations in temperature and pressure impact the performance and safety of industrial furnaces?,2
"Can you provide examples of safety hazards, equipment damage, and decreased efficiency that can result from failures in industrial furnaces?",2
What types of sensors are typically used in a predictive maintenance program for industrial furnaces?,2
What are the best practices for scheduling preventive maintenance activities based on the analysis of sensor data in industrial furnaces?,2
What are the potential consequences of not addressing the challenges and limitations of anomaly detection methods in industrial furnaces?,2
"Can you provide examples of how industrial furnace regulations and standards vary based on industry, location, and furnace type?",2
What specific data quality checks can be performed to validate the data for the anomaly detection model?,2
Are there any specific industry standards or regulations that should be considered when implementing sensor data analysis for predictive maintenance in industrial furnaces?,2
"Are there any specific industrial furnace failure scenarios that we should focus on during the model evaluation process, and how can these scenarios be incorporated into the evaluation metrics?",2
"What are the common challenges in implementing sensor technology and anomaly detection models in industrial furnaces, and how can they be addressed?",2
"What are the potential consequences of not addressing the detected anomalies in the industrial furnace, and how can the anomaly detection system help mitigate these risks?",2
"How do industrial furnaces minimize thermal stress and degradation during high-temperature operations, and what are the best practices to ensure optimal performance?",2
"What specific sensors are used for monitoring the furnace's performance, and how do they detect anomalies?",2
How do ignition system failures impact the overall efficiency and safety of industrial furnaces?,2
Are there any specific data preprocessing techniques that can improve the performance of SPC methods and machine learning algorithms in detecting anomalies in industrial furnaces?,1
"Can you provide any case studies or examples of sensor failure in industrial furnaces, and what were the lessons learned and best practices that emerged from those incidents?",2
How can machine learning and AI be used to enhance the analysis of industrial furnace data?,1
How can the FMEA outputs be utilized to ensure the efficient allocation of resources for corrective actions in industrial furnace maintenance?,2
What strategies can be employed to ensure the anomaly detection model remains up-to-date with the latest maintenance and operational data?,2
What are the best practices for maintenance training and workforce development to ensure safe and efficient operation of industrial furnaces?,2
Can you provide any case studies or examples of successful automation and digitalization projects in industrial furnaces?,2
What specific inspections and maintenance activities should be performed regularly to detect potential failures in the furnace?,2
"What are the primary data sources for building an anomaly detection model for industrial furnaces, and what data preprocessing techniques are necessary to ensure high-quality data?",2
Can you provide more information on how monitoring KPIs can predict and prevent failures in industrial furnaces?,2
How does poor fuel/air mixing contribute to temperature fluctuations in industrial furnaces?,2
How can the effectiveness of a combined approach of SPC methods and machine learning algorithms for anomaly detection in industrial furnaces be evaluated and validated?,2
How will the data privacy and security be ensured while implementing the anomaly detection model?,1
"Can log loss be used to compare and rank the performance of different anomaly detection models in industrial settings, and how can this information be used to select the best model for a given application?",2
Can you provide examples of how sensor data analysis has prevented failures and reduced maintenance costs in real-world scenarios?,2
What are the challenges in integrating an anomaly detection model with existing industrial furnace systems and processes?,2
"How do control system failures impact the operation of industrial furnaces, and what measures can be taken to ensure their reliable performance?",2
What are the specific data storage and management solutions that should be evaluated for the new system?,2
What are the potential consequences of not adhering to these regulations and safety requirements during the FMEA of industrial furnaces?,1
Can you provide examples of specific anomalies or failures in industrial furnaces that can be detected using sensor data?,1
How is uptime defined and what are the common reasons for downtime in industrial furnaces?,2
What are the specific risks associated with outdated control system software in industrial furnaces?,2
How can we ensure that the model remains interpretable and actionable for operators over time?,2
What are the consequences of not performing regular maintenance and calibration of sensors in industrial furnaces?,2
Can you provide any case studies or examples of successful failure prediction and prevention in industrial furnaces through regular monitoring and analysis of these parameters?,2
What specific tests or checks would you recommend for regular maintenance to detect and prevent failures in the industrial furnace control system?,2
What are the most common causes of temperature control issues in industrial furnaces and how can they be prevented?,2
"What are the potential safety risks associated with failures in industrial furnaces, and how can these risks be minimized through a proactive maintenance and monitoring approach?",2
What are the ethical considerations that should be taken into account when implementing machine learning-based predictive maintenance in industrial furnaces?,2
Can you provide any specific metrics or key performance indicators (KPIs) that can be used to measure the effectiveness of a sensor maintenance program in industrial furnaces?,2
"What are the potential safety hazards and costs associated with the failures in industrial furnaces, and how can the anomaly detection model help mitigate these risks?",2
How does the organization ensure the data accuracy and integrity throughout the analysis and communication process?,2
How does automation and digitalization improve the monitoring and KPIs of industrial furnaces?,2
How can operators ensure adherence to recommended maintenance schedules for industrial furnaces?,2
What are the specific signs of insulation degradation that can be detected during inspections and testing?,2
How can maintenance and reliability professionals use a confusion matrix to identify the types of errors that an anomaly detection model is making in industrial furnaces?,2
Can you provide examples of machine learning algorithms that have been effective in detecting anomalies in sensor data and predicting the remaining useful life of industrial furnace components?,2
How often should regular inspections be performed to ensure optimal furnace performance and prevent failures?,2
What are the potential consequences of inaccurate or imprecise sensor data in industrial furnaces?,1
Can you provide more details on the electrical surges and interference that can cause failure in pressure sensors in industrial furnaces?,2
Can you provide more information on the use of real-time monitoring and diagnostic systems in industrial furnaces?,2
Can you provide some examples of specific scenarios where false positives and false negatives can have significant consequences in industrial settings?,2
What are the key factors to consider when selecting the most appropriate algorithms for detecting anomalies in industrial furnaces?,2
What are the specific regulations and safety requirements that the FMEA process can help ensure compliance with?,2
"How do vacuum leaks typically occur in vacuum furnaces, and what are the consequences?",2
How can manufacturers train their employees to identify and mitigate fuel contamination issues?,2
How does FMEA help in prioritizing the most critical sensor failures and their impact on furnace operation?,2
How can domain expertise be used in conjunction with sensor data to build a more effective anomaly detection model for industrial furnaces?,2
"What specific sensors are typically used in industrial furnaces for data collection, and what types of data do they measure?",2
"What safety risks are associated with control system failure, and how can they be mitigated?",2
Can you provide any historical data or case studies related to refractory lining failures in industrial furnaces?,2
"What are the primary objectives of building an anomaly detection model for the industrial furnace? Is it to detect failures before they occur, detect failures in real-time, or to perform post-failure analysis?",0
How do pressure sensors in industrial furnaces help in ensuring safe and efficient operation?,2
What types of sensors are typically used to monitor temperature fluctuations in industrial equipment?,2
What are the future trends in sensor technology and data analysis for industrial furnaces?,2
What specific sensors are used in industrial furnaces and what are their respective thresholds?,2
What specific steps should be taken to ensure that privacy policies and procedures are effectively communicated to all stakeholders for an industrial furnace?,2
How can we ensure that the predictive maintenance models are regularly updated and validated to reflect the current operating conditions of the industrial furnace?,2
How can we measure the cooperation and buy-in from staff during the implementation process?,2
"Can you explain how ""Process Variation"" can impact the furnace's performance and what measures can be taken to minimize its effects?",2
"How can data scientists help in developing a risk-based inspection program for sensors in industrial furnaces, and what are the key factors to consider in this process?",2
Can you provide any case studies or examples of how real-time monitoring and predictive maintenance have improved the safety and efficiency of industrial furnaces?,2
How can real-time sensor data analysis improve the efficiency of predictive maintenance in industrial furnaces?,2
How is the performance of the anomaly detection model evaluated and validated in the industrial furnace setting?,2
What specific measures can be taken to detect refractory degradation before it becomes a critical failure mode?,2
What are the specific types of redundant sensors that can be used to measure the same parameter in an industrial furnace?,2
How is the sensor data used in the FMEA process to predict and prevent failures in an industrial furnace?,2
Can predictive maintenance strategies be applied to other industrial equipment besides furnaces?,2
Can you provide more details on the types of pressure sensor data that can detect ignition system failure?,1
How do industrial furnace designers and operators ensure that temperature control systems are properly designed and maintained to prevent failure modes and degradation mechanisms?,2
How can the detectability of potential issues in industrial furnaces be improved through regular inspections and maintenance?,2
Can you explain the process of predicting heating element failure using temperature sensor data?,2
How can a preventive maintenance program help prevent unscheduled downtime and extend the lifespan of industrial furnaces?,2
How will online learning and transfer learning techniques be implemented in real-time to update the model?,2
Can you provide examples of rapid degradation in industrial furnaces and how they can be addressed in the model?,2
How do level sensors help in ensuring the optimal use of materials and preventing overfilling or underfilling in industrial furnaces?,2
How can the selection of materials with appropriate thermal properties improve the temperature control in industrial furnaces?,2
What are the safety measures that should be taken when inspecting or maintaining industrial furnaces to minimize the risk of injury or damage?,2
What are the most common causes of flow abnormalities in the gas supply system of industrial furnaces?,2
"How can the knowledge and insights gained from the anomaly detection model and maintenance plan be shared with other stakeholders, such as operators, maintenance personnel, or management?",2
"How can the failure reasons, codes, degradation mechanisms, severity, and detectability be used to predict and prevent failures in industrial furnaces?",2
How can the PLC (Programmable Logic Controller) and OIT (Operator Interface Terminal) failures be detected by monitoring the status of the process and the ability to communicate with other devices?,2
How can virtual private networks (VPNs) be used to enhance security in industrial IoT systems?,2
How can alerts and notifications be effectively implemented to ensure that any issues with the anomaly detection model are identified and addressed promptly?,2
Can you provide more details on the specific secure development practices that should be implemented when building the anomaly detection model for industrial furnaces?,2
"Can you provide more details about the ""Mechanical Impact"" failure mode and its effect on the furnace's components?",2
How can regular maintenance and calibration of measuring instruments help maintain accuracy and prevent failures in industrial furnace efficiency and fuel consumption calculations?,2
What are the most common types of sensors used in industrial furnaces and what specific data do they measure?,2
How does implementing a redundancy system help to mitigate the risks associated with control system failures in industrial furnaces?,2
How can the predictive maintenance and monitoring system be integrated with the existing control and monitoring systems of industrial furnaces?,2
How can organizations address the lack of standardization in industrial furnaces and ensure consistency in their data analysis approach?,2
Are there any specific challenges or limitations in integrating the anomaly detection model with the existing monitoring and control systems?,2
How is the physics-based modeling approach used to identify anomalies and degradation mechanisms in the industrial furnace?,2
Can you provide more details on how a confusion matrix can be used to identify the types of errors made by the model?,1
Are there any other components or sub-components in the industrial furnace that are also prone to degradation due to high temperatures and oxidation?,2
What are the most relevant features to consider when developing an anomaly detection system for industrial furnaces?,2
Are there any specific chemical attacks that are common in industrial furnaces that can cause refractory lining failure?,2
How can the trade-offs between false positives and false negatives be balanced in an anomaly detection model for older equipment?,2
"Can you provide examples of specific issues with burners, refractory linings, or control systems that can lead to failures in industrial furnaces?",2
How can we determine the probability of occurrence of each failure mode and the risk associated with it?,2
Can you provide examples of environmental factors that need to be accounted for when calculating industrial furnace efficiency and fuel consumption?,2
How can organizations use data and analytics to optimize maintenance schedules and reduce downtime?,2
What measures will be taken to ensure the security and privacy of the data used in this study?,2
How can the anomaly detection model be designed to prevent false positives while maintaining high sensitivity to real anomalies?,2
What are the key performance indicators that should be monitored to ensure the optimal operation of industrial furnaces?,2
"How do the degradation mechanisms during steady-state operation differ from those during shutdown, and what are the implications of these differences for maintenance and repair?",2
"How can preventive maintenance measures be taken to mitigate the risk of failure in industrial furnaces, and what components and subcomponents should be prioritized?",2
"What are the common communication issues that can arise in industrial furnaces, and how do they typically affect the system's operation?",2
How can the subject matter expert assist in ensuring that the anomaly detection model is aligned with the specific data security and privacy requirements of the industry and regulatory environment?,2
What specific monitoring techniques can be used to detect excessive refractory erosion before it becomes a significant safety hazard?,2
Can you explain the different failure modes in industrial furnaces and how they can be identified using domain knowledge?,2
"How can we ensure that the anomaly detection model is not biased towards certain operating conditions or data patterns, in the absence of labeled data?",2
How do you approach data fusion in the context of anomaly detection in industrial furnaces?,2
"How can predictive maintenance strategies, such as analyzing temperature trends, vibration patterns, and power quality, be used to identify potential issues before they lead to failure in industrial furnaces?",2
Can you provide any case studies or examples of gas sensor failures in industrial furnaces and how they were resolved?,2
Can you provide more details on the time series analysis techniques used to extract meaningful patterns from the sensor data?,2
What are the benefits of prioritizing data privacy and protection in anomaly detection model development beyond just compliance with laws and regulations?,2
What data logging and analysis tools are most effective in monitoring temperature trends and fluctuations in industrial furnaces?,2
What are the potential benefits of selecting a robust and reliable data storage and analysis system for the industrial furnace's sensor data?,2
How can the sensitivity of the monitoring system affect the detection of the failure modes?,2
What are the specific effects of decreased production rate on the overall performance of the industrial furnace?,2
"What are the current maintenance and monitoring practices for the fuel delivery system, and how would the machine learning model complement or replace these practices?",2
How often should the heating element's wires be inspected for signs of wear or damage?,2
Can you provide more details about NFPA 86 and how it applies to the design and operation of the industrial furnace?,2
How does root cause analysis help in identifying and addressing the underlying causes of failures or issues in industrial furnaces?,1
How can predictive maintenance data be used to inform decision-making and improve overall equipment performance in industrial furnaces?,2
"What are the specific machine learning algorithms being considered for the anomaly detection model, and what are the strengths and limitations of each approach?",2
How can we ensure that the FMEA model does not overlook any true negative components or subcomponents while increasing specificity?,2
"How can data from various sensors be integrated and analyzed to provide a comprehensive view of furnace performance, and what role does visualization play in interpreting this data?",2
"How can the model be used to predict and prevent failures in the industrial furnace, and what specific failure modes can be detected and addressed through the use of the anomaly detection model?",2
Can you provide more details on the redundant control system and how it can minimize the impact of software bugs?,2
"What are the specific thresholds for abnormal vibration levels in industrial furnaces, and what actions should be taken if these thresholds are exceeded?",2
"What are the most common sensor types used in industrial furnaces for data collection, and what specific variables do they measure?",2
What are the recommended temperature control methods to minimize temperature fluctuations in industrial furnaces?,2
Can you explain the impact of decreased efficiency and increased emissions on the overall performance and safety of an industrial furnace?,2
How can sourcing high-quality sensors and equipment from reputable suppliers help prevent failures and reduce the need for maintenance?,2
What are the recommended data analysis tools and platforms for different types of sensor data being generated in industrial furnaces?,2
"What best practices should be followed to ensure that data visualizations are clear, accurate, and effective in communicating the results of the anomaly detection model to stakeholders?",2
How can we ensure that our data preprocessing techniques are effectively handling missing or invalid data in sensor readings from industrial furnaces?,2
"What specific OSHA, EPA, and NFPA standards should be considered when building an anomaly detection model for an industrial furnace?",1
How do organizations determine the appropriate frequency and pattern of sensor data collection based on the specific application and criticality of the process being monitored?,2
What are the specific temperature ranges that can contribute to the failure of industrial furnaces?,2
How can regular maintenance and inspections help in detecting and preventing failures in industrial furnaces?,2
Can you explain more about the process of optimizing the furnace's operating conditions to minimize exposure to high temperatures and oxidation?,2
How can domain-specific knowledge be integrated into the development and maintenance of an anomaly detection model for industrial furnaces?,2
Can you discuss the relationship between early detection and replacement of degraded components and the overall cost of maintaining industrial furnaces?,2
"Can you explain how the degradation mechanisms such as thermal degradation, oxidation, corrosion, erosion, and fatigue affect the industrial furnaces, and what measures can be taken to prevent them?",2
"What are the legal and ethical considerations around deploying anomaly detection models in industrial settings, and how can they be addressed?",2
Can you provide an example of how FMEA has been used to prevent a catastrophic failure in an industrial furnace?,2
What methods can be used to maintain a high signal-to-noise ratio in the labeled data?,2
"How do SPC methods and machine learning algorithms differ in their approach to detecting anomalies in furnaces, and what are the advantages of each method?",2
What techniques can be used to make anomaly detection algorithms adaptable to changing conditions and dynamics in industrial processes?,2
How will the model estimate the likelihood of failure and its impact on the furnace's reliability and performance?,2
Can you provide any case studies or examples of how the use of sensors and data analytics has helped in preventing failures and improving the performance of industrial furnaces?,2
What are the specific temperature and emissions monitoring systems that can be used to detect refractory lining failure in industrial furnaces?,2
How can regular FMEA and adherence to safety regulations improve productivity and reduce maintenance costs in industrial furnaces?,2
"Can you provide examples of minor and catastrophic failures in industrial furnace control systems, and what are the typical causes and consequences of such failures?",2
How do anomaly detection models determine the desired range for the gas flow sensor in industrial furnaces?,2
Can you explain the role of sensor data from IoT/OT systems in detecting anomalies in industrial furnaces?,2
What are the best practices for preventing catastrophic failures in industrial furnaces?,2
How can the organization ensure that the privacy policy and procedures are communicated effectively to users?,2
What encryption techniques are recommended for securing sensor data during transmission and storage in industrial furnaces?,2
Can you explain the process of ensuring high data quality and how it impacts the anomaly detection model's performance?,2
Can you provide any examples of past open circuit failures in resistance wires and how they were detected and addressed?,2
"How can we validate and verify the performance of the anomaly detection model for industrial furnaces, and what are the metrics for evaluating its effectiveness?",2
Can the anomaly detection model be customized to specific types of industrial furnace systems or processes?,2
"What are the most critical features to consider when building predictive maintenance models for industrial furnaces, and how can data scientists prioritize them?",2
Can you provide more information on the specific failure modes and degradation mechanisms for heating elements in industrial furnaces?,2
What are the specific consequences of poor electrical contact and vibration on the heating elements and how do they impact the overall performance and efficiency of industrial furnaces?,2
What are the specific temperature ranges that can cause refractory failure in industrial furnaces?,2
Can you provide examples of relevant features that should be considered when developing an anomaly detection model for industrial furnaces?,2
How does the model differentiate between ageing and overloading as causes of failure in the system?,1
How often should continuous monitoring and updating of the anomaly detection model be performed for accurate and effective equipment failure prediction?,2
Can you provide examples of how stakeholders can make informed decisions based on the model's outcomes?,2
What are the specific benefits of using the anomaly detection model in terms of improving the industrial furnace's KPIs and performance metrics?,2
Can you provide any specific examples of how predictive maintenance has helped minimize downtime and reduce maintenance costs in industrial furnaces?,2
What are the consequences of not addressing potential failure modes in industrial furnaces?,2
"Can you provide more details on the severity and detectability of failures in flow sensors for industrial furnaces, and why it is crucial to have a robust predictive and preventive maintenance program in place?",2
What are the critical parameters that need to be monitored to prevent industrial furnace failures?,2
Which sensors are considered critical for monitoring the normal operating range of an industrial furnace?,2
How can regular monitoring and calibration help prevent failures in industrial furnaces?,2
Can you suggest the best practices for training maintenance and operations teams on the operation and maintenance of industrial furnaces?,2
How can data scientists ensure that the anomaly detection model is robust to noise and other variations in the sensor data?,2
Can we estimate the frequency of each failure mode based on historical data or industry benchmarks?,2
How does fuel delivery affect the performance of industrial furnaces and what measures can be taken to ensure proper fuel delivery?,2
What are the best practices for maintaining sensors and monitoring systems in industrial furnaces to ensure their longevity and performance?,2
How do software bugs contribute to temperature control failures and what measures can be taken to minimize their impact?,2
"What are the most effective predictive maintenance strategies for industrial furnaces, and how can they be implemented using the anomaly detection model?",2
Can you provide examples of preventive maintenance activities for atmosphere and gas sensors beyond calibration and testing?,2
How can the use of sensors and data-driven models improve safety in industrial furnaces?,2
"What are the most common temperature or pressure excursions that can lead to catastrophic failures in the furnace, and how can we measure and monitor them effectively?",2
How does predictive maintenance improve safety for industrial furnaces?,2
Are there any specific regulations or standards that need to be followed while selecting sensors for industrial furnaces?,2
How do adaptive models address the challenges of dynamic operating conditions in industrial furnaces?,2
Can you provide examples of specific sensor data analysis techniques that have been effective in detecting and predicting failures in industrial furnaces?,2
"Are there any specific temperature ranges that the industrial furnace should avoid operating at, and what are the consequences if it does?",1
What are the key components of industrial furnaces that should be included in the failure modes and effects analysis (FMEA)?,2
How does conducting a failure modes and effects analysis help in preventing industrial furnace failures?,2
How do environmental factors affect the choice and maintenance of sensors in industrial furnaces?,2
How do these technologies help in increasing the lifespan of industrial furnaces?,2
How does monitoring pressure and flow contribute to the early detection and correction of issues in industrial furnaces?,2
"What are the specific communication protocols used in the industrial furnaces of metallurgy, glass manufacturing, and ceramics industries?",2
Can you discuss the challenges in collecting and preparing the data for the anomaly detection model in industrial furnaces?,2
How is the criticality of the furnace to the overall operation assessed during the FMEA model update process?,2
How can the implementation of an effective condition-based monitoring program reduce the overall cost of ownership and improve the efficiency of the manufacturing process?,2
Can you provide examples of small failures in industrial furnaces that can lead to significant damage if left unchecked?,1
How will expert knowledge be incorporated into the model development process?,2
How do you ensure that the security measures implemented for industrial IoT systems in furnaces are in compliance with any relevant regulations or industry standards?,2
What are the best practices for maintaining the components of industrial furnaces that are prone to degradation due to high temperature and corrosive environment?,2
How is fuel consumption data analyzed to improve energy efficiency in industrial furnaces?,2
Can you explain how the fuel-air mixture can impact temperature readings in industrial furnaces?,2
What specific diagnostic tools can be used to detect sensor failures early in an industrial furnace?,2
What measures can be taken to prevent or slow down the degradation of the resistive element in strain gauge sensors?,2
How do preventive maintenance and reliability engineering techniques help address potential failure modes in industrial furnaces?,2
How can data visualization techniques be used to effectively communicate the results of the predictive maintenance models to stakeholders?,2
How is a living FMEA maintained and updated to ensure its relevance and effectiveness over time?,2
What are the primary objectives of a robust maintenance program for industrial furnaces?,2
Can you explain the specific consequences of poor maintenance of electrical components in industrial furnaces?,2
What are the best practices for keeping accurate records of maintenance activities for industrial furnaces?,2
"How do regulatory bodies oversee the use of sensor data in industrial furnaces, and what are the best practices for ensuring compliance with relevant regulations?",2
What are the specific regulatory and safety requirements related to industrial furnaces that data scientists should be aware of when developing predictive maintenance models?,2
How does the severity of failure in industrial furnaces impact the production process?,2
What are the regulatory or industry standards for temperature sensor use and maintenance in industrial furnaces?,2
How does early detection of potential issues in industrial furnaces through regular sensor monitoring help in reducing downtime?,2
How can the integration of the anomaly detection model with existing maintenance and operation procedures be optimized for maximum benefits?,2
How can industrial maintenance professionals distinguish between normal and abnormal pressure sensor readings in the context of industrial furnace ignition systems?,2
How can we ensure that our maintenance strategy aligns with industry standards and regulations for industrial furnaces?,2
How are sensor data used in predictive maintenance for industrial furnaces?,1
What are the key performance metrics that should be used to evaluate the accuracy and effectiveness of the anomaly detection model?,2
What are the consequences of not having a proactive approach to predicting and preventing failures in industrial furnaces?,2
What are the consequences of not conducting an FMEA analysis and implementing a preventive maintenance plan for an industrial furnace?,2
What specific measures can be taken to minimize downtime and reduce maintenance costs for industrial furnaces?,2
Are there any specific tools or technologies that can facilitate the software update process in industrial furnaces?,2
"What are the recommended maintenance intervals for heating elements, insulation materials, and burners in industrial furnaces to ensure optimal performance and safety?",2
"What are the most common causes of temperature excursions and pressure fluctuations in industrial furnaces, and how can they be detected using sensor data?",2
"How do condition monitoring techniques such as infrared thermography, vibration analysis, and lubricant analysis help detect failures before they occur?",2
"How frequently should capacitance sensors be calibrated, and what are the key parameters to monitor during calibration?",2
"How can regular maintenance and inspections help detect and prevent failures in temperature control mechanisms, and what should this schedule look like?",2
Can the model detect and differentiate between different types of human errors that may occur in the industrial furnace?,1
"How do you determine the optimal parameters for the chosen noise reduction techniques, such as the window size for moving average or the smoothing factor for exponential smputation?",2
What steps can be taken to repair or replace failed components in industrial furnaces?,2
Can you explain the process of calibrating sensors in industrial furnace control systems and how frequently it should be done?,2
What are the consequences of not carefully analyzing the confusion matrix and optimizing the anomaly detection model to minimize both false positives and false negatives in industrial furnaces?,2
"Can you discuss any specific challenges or considerations when developing anomaly detection models for industrial furnaces, compared to other industrial assets?",2
What are the specific temperature and atmosphere control measures that can be implemented to prevent refractory lining degradation in industrial furnaces?,2
Are there any challenges or limitations in implementing this data-driven maintenance approach for industrial furnaces?,2
"What are the potential risks and consequences of not addressing the potential failures in the critical components of the industrial furnace, and how can these risks be quantified and prioritized for risk management purposes?",2
"Can signals from the ignition control module provide insights into potential ignition system failures, and if so, what specific signals should operators look for?",2
Can you explain the lockout/tagout procedures in more detail?,2
What are the specific preventive maintenance measures that can be taken to minimize the impact of temperature and humidity on the industrial furnace?,2
How do the warning limits for sensors in industrial furnaces vary based on the specific furnace model and application?,1
"How do vibration sensors, such as accelerometers, velocity sensors, and displacement sensors, differ in their measurement capabilities and potential failure modes?",2
How do you ensure the continuous improvement of the anomaly detection model with new data?,2
How can organizations ensure that their security policies and procedures are regularly reviewed and updated to address emerging threats and vulnerabilities?,2
"How do vibration sensors help in detecting and preventing damage to the furnace components, such as refractory lining or fans?",2
How can temperature sensors be used to monitor the performance of industrial furnaces and detect potential failures?,1
How do sensors help in predicting and preventing failures in industrial furnaces?,2
"How can sensor data be integrated with other data sources, such as historical maintenance records, to enhance predictive maintenance strategies?",2
Can you provide any examples of high-severity failures in the heating element of an industrial furnace that are difficult to detect?,2
What specific preventive maintenance tasks can be performed to prevent refractory lining degradation in industrial furnaces?,2
What failure codes and degradation mechanisms should be documented as part of a preventive maintenance program?,2
What specific preprocessing techniques can be used to address data quality issues when deploying an anomaly detection model for industrial furnaces on edge computing devices or gateways?,2
Are there any specific data format requirements for the anomaly detection model to monitor and analyze time-series data effectively?,2
How can the risk of failure in industrial furnaces be assessed and prioritized?,2
"How is training provided to operators and maintenance personnel for industrial furnaces, and what does it entail?",2
How does the data collected from sensors and monitoring equipment is used for continuous improvement of the predictive maintenance models?,2
What steps are taken to ensure the timeliness and accuracy of data collection by the monitoring system?,2
How can the industrial furnace's operation be optimized by detecting and preventing failures in the control system's hardware components?,2
What are the potential effects of material degradation on industrial furnace performance and safety?,2
What are the most common causes of failures in industrial furnace sensors and equipment?,2
Can the anomaly detection model be integrated with other maintenance systems or software for industrial furnaces?,2
Are there any specific data collection methods or tools used to track and analyze the key metrics for inspections and maintenance activities?,2
"Can you provide more detail on the importance of interpretability in the context of anomaly detection models, and what specific techniques can be used to improve interpretability?",2
How can the implementation of an anomaly detection model for industrial furnaces impact the overall maintenance strategy and workflow?,2
"How do you ensure that the modified Z-score method is appropriate for detecting anomalies in industrial furnace data, given the specific requirements and constraints of the application?",2
"What are the challenges in implementing a proactive and data-driven approach to preventive maintenance for industrial furnaces, and how can they be addressed?",2
What are some common operator errors that can lead to failures in industrial furnaces?,2
Can you explain in detail the different degradation mechanisms that can lead to failures in industrial furnaces?,2
How are sensors calibrated and maintained to ensure accurate and precise data over time?,1
How is fuel efficiency calculated and what are the key factors that can impact fuel efficiency in the furnace?,2
"How can the normal operating temperature range for a given industrial furnace be determined, and what factors can affect this range?",2
What are the specific causes of decreased efficiency in an industrial furnace?,2
How does temperature gradient affect the performance and lifespan of industrial equipment?,2
What are the specific temperature control systems used in industrial furnaces and how do they help in preventing temperature excursions and fluctuations?,2
"How can the severity and detectability of failures in industrial furnaces be quantified and communicated to stakeholders, such as management and operators?",2
Can you provide any industry-specific standards that should be followed for the installation and maintenance of industrial furnace burners?,2
Can you provide specific examples of preventive maintenance measures that can be taken to improve the reliability and efficiency of the industrial furnace?,2
"How do industrial furnace manufacturers ensure that their products meet the relevant regulations and safety requirements, and what are the testing and certification processes involved?",2
Can you provide more information about the performance trends and patterns that can be analyzed using sensor data in industrial furnaces?,2
How can cooling system failures be detected early and what are the potential consequences of overheating on the furnace?,1
"How can the anomaly detection model incorporate multiple factors, such as temperature, pressure, and flow rate, to identify distinct failure modes in industrial furnaces?",2
What types of temperature sensors are commonly used in industrial furnaces and where are they typically located?,2
How can cybersecurity experts determine the most appropriate methods for protecting sensor data in industrial furnaces?,2
How can we ensure proper maintenance of industrial furnaces to prevent failures?,2
"How do you determine the appropriate temperature sensor for a specific industrial furnace application based on the measurement ranges, accuracies, failure modes, and detectability?",2
How do we decide on the threshold value for the ROC curve in a real-world scenario?,2
What types of sensors and monitoring devices are typically used to collect data for real-time failure detection in industrial furnaces?,2
What are the best practices for building and deploying an anomaly detection model in industrial furnaces?,2
"What are the challenges in developing predictive maintenance models for industrial furnaces, and how can data scientists overcome them?",2
"What safety considerations should be taken into account when implementing anomaly detection models in industrial furnaces, and what regulations should be followed?",2
"What specific training or expertise is required for personnel to effectively monitor and maintain industrial furnace control systems, and how can that training be provided?",2
What encryption methods are appropriate for protecting the confidentiality of the sensor data?,2
Can you provide more details on the types of sensors used in the control system and the common failures associated with them?,1
Can you provide more details on the specific types of anomalies the model is designed to detect in the industrial furnace?,2
Are there any specific privacy and security regulations that must be followed when handling the data?,2
What are the best practices for installing the refractory lining to minimize the risk of failure due to mechanical stress or thermal shock?,2
Can you provide any examples of how these new technologies have been successfully implemented in industrial furnaces to prevent failures?,2
Can you explain how the quality and availability of data collected impact the predictive maintenance of industrial furnaces?,2
"How do different types of sensors (e.g., temperature, gas flow, and composition sensors) impact the choice of sensor data collection frequency and pattern in industrial furnaces?",2
Can you explain how the sensor data collection frequency and pattern are used to detect and diagnose faults in industrial furnaces?,1
How do continuous improvement initiatives in industrial furnaces impact the overall production process and the supply chain?,2
Can you explain how the complexity of the industrial process being monitored impacts the choice of anomaly detection algorithms?,1
Can you explain the process of implementing vibration monitoring and mitigation strategies in industrial furnaces?,2
Can you explain the process of testing ignition system performance in industrial furnaces?,2
"How do control system failures occur in industrial furnaces, and what steps can be taken to mitigate the risk of these failures through condition-based maintenance?",2
What are the potential consequences of extended downtime due to unattended anomalies in industrial furnaces?,2
What are the specific temperature ranges that can cause damage to materials being heated in the event of a temperature controller failure?,2
How do temperature control failures impact the lifespan of industrial furnaces?,2
How can data collected from industrial furnaces be used to demonstrate compliance with regulatory and compliance requirements?,2
Can you provide examples of specific degradation mechanisms that can lead to failures in industrial furnaces?,2
Can you provide any examples of how machine learning algorithms have been used to predict and prevent catastrophic failures in industrial furnaces?,2
What are the best practices for cleaning sensors in industrial furnace control systems?,2
Are there any existing protocols or standards that the current monitoring and control systems follow?,2
"How can poor maintenance directly impact the temperature control, fuel supply, and overall performance of industrial furnaces?",1
"In terms of preventive maintenance measures, what are the best practices for visual inspection and refractory maintenance to minimize the risk of failures?",2
Can you provide examples of noise and uncertainty that are commonly encountered in data from industrial processes?,2
How can FMEA be used to improve the safety and reliability of both new and existing industrial furnaces?,2
Can you explain the relationship between the criticality of the furnace and the frequency of FMEA reviews?,2
Can you give an example of how failure mode and effects analysis (FMEA) has been used to identify potential failure modes in the industrial furnace?,2
What are the critical factors to consider when developing a comprehensive predictive maintenance strategy for industrial furnaces?,2
"Are there any challenges or limitations associated with using sensor data to detect anomalies in industrial furnaces, and how can these be addressed?",2
How can the use of high-quality materials and components extend the lifespan of the furnace and reduce the risk of failure?,2
How can the replacement of worn components in industrial furnaces be optimized to prevent failures?,2
Can you provide more details on the specific failure modes of industrial furnaces that we should be looking out for when building an anomaly detection model?,2
Can you explain the reasons for the lower sensitivity of strain gauge sensors compared to piezoelectric sensors?,2
"How can the performance of the monitoring and maintenance program be evaluated, and what metrics can be used to measure its effectiveness?",2
What are the most common components in an industrial furnace that are susceptible to anomalies or failures?,2
Can you provide any case studies or examples of successful predictive maintenance programs in industrial furnaces?,2
Can you provide examples of the changes in the furnace that would require an update to the FMEA model?,2
Are there any specific tools or software commonly used for sensor data analysis in industrial furnace maintenance?,2
How can data from sensors be used to monitor and improve the overall cost-effectiveness of the industrial furnace?,2
How do temperature sensors and visual inspections contribute to detecting anomalies in heating elements of industrial furnaces?,2
What methods can be used to analyze sensor data for trends and patterns that may indicate potential failures?,2
"What are the recommended frequency and methods for inspecting industrial furnaces to prevent insulation, combustion, and refractory degradation?",2
How can the ignition system be maintained to prevent ignition failure and ensure reliable system operation?,2
"What are the key performance indicators (KPIs) that should be monitored to assess the effectiveness of a preventive maintenance program for industrial furnaces, and how can these KPIs be measured and tracked over time?",2
"How can the severity of refractory lining failure be quantified, and what are the potential consequences of different levels of severity?",2
Can you provide more information on the process of implementing regular cleaning of sensor probes?,2
What are the potential challenges in implementing energy management strategies in existing industrial furnaces?,2
Can pressure sensor data be used to predict the remaining useful life of the ignition system components in industrial furnaces?,2
"How will the performance of the anomaly detection model be evaluated, and what metrics will be used to assess its accuracy and reliability?",2
What are the key performance indicators (KPIs) that industries can use to measure the effectiveness of their temperature sensor and control system maintenance programs?,2
"What are the specific environmental factors that can impact temperature control system performance, and how can they be monitored effectively?",2
What are the specific safety risks associated with temperature fluctuations in industrial furnaces?,2
"Are there any data privacy concerns related to the sensor data used in the anomaly detection model, and how can they be addressed?",2
How can real-time anomaly detection help in reducing maintenance costs and improving energy efficiency in industrial furnaces?,2
Can the time interval for data collection be adjusted dynamically based on the real-time performance of the furnace?,2
What are the key performance metrics that should be evaluated when assessing the effectiveness of the anomaly detection model?,2
What measures can be taken to ensure the compatibility of the anomaly detection model with the existing communication protocols and data formats?,2
"How can backtesting be used to validate the performance of the anomaly detection model, and what are some best practices for conducting backtesting in this context?",2
Are there any new developments or advancements in temperature sensor technology that could potentially improve the accuracy and reliability of temperature measurements in industrial furnaces?,2
How can regular maintenance and timely repairs help to reduce energy consumption in an industrial furnace?,2
"How can industrial furnace operators ensure combustion efficiency, and what benefits does this bring to the overall operation?",2
Can you explain the relationship between combustion efficiency and soot accumulation in more detail?,2
How are secure communication protocols implemented in an industrial furnace setting?,2
"What specific sensors are used in industrial furnaces to monitor temperature, pressure, and other critical parameters?",2
How are the findings of the FMEA process communicated to the relevant stakeholders?,2
"Can you explain the advantages and disadvantages of using OPC Unified Architecture (OPC UA), Modbus TCP/IP, MQTT, REST, Ethernet/IP, and Profinet as communication protocols for integrating the anomaly detection model with industrial furnace monitoring and control systems?",2
Can you provide any specific examples of how sensor data from industrial furnaces has been used to prevent failures and improve safety and efficiency?,2
Can you provide examples of proactive maintenance measures that can be taken based on the data collected from sensors?,2
"What are the potential challenges in developing an effective FMEA model for an industrial furnace using labeled data and synthetic anomalies, and how can they be addressed?",2
Can you explain how the severity and detectability of each failure mode is determined in an FMEA analysis?,2
Are there any specific types of fuel that are more prone to contamination and require extra precautions?,2
"How can user authentication methods like passwords, two-factor authentication, or biometric authentication be integrated with industrial furnaces?",2
"What are the challenges in implementing sensor data analysis in industrial furnaces, and how can they be addressed?",2
How do industrial furnace manufacturers recommend training personnel responsible for conducting inspections and maintenance on industrial furnaces?,2
How can the anomaly detection model be updated or retrained to adapt to changes in the industrial furnace system or processes over time?,2
"What are the best practices for cleaning or replacing filters, checking and tightening fasteners, inspecting and replacing seals and gaskets, lubricating moving parts, and adjusting controls?",2
What are the consequences of not following best practices for industrial furnace maintenance?,2
What are the safety benefits of using an anomaly detection model for industrial furnaces?,2
How can the detectability of potential failures in industrial furnaces be improved through PdM?,2
Are there any specific sensors or control systems that are crucial for monitoring mechanical wear in industrial furnaces?,2
How do regulatory requirements impact the design and operation of industrial furnaces?,2
Can you provide more information on the training required for personnel working with industrial furnaces?,2
How can industrial furnace operators mitigate the risk of catastrophic damage due to failures?,2
"What are the degradation mechanisms of furnace components, and how can sensor data help monitor and prevent them?",2
How does the quality and reliability of sensor data impact the accuracy and sensitivity of the anomaly detection model?,2
"How can preventive maintenance help mitigate or prevent failures in industrial furnaces, and what are the best practices for implementing such maintenance?",2
"How can environmental impacts be minimized through the prevention of failures in industrial furnaces, and what role does a comprehensive failure modes and effects analysis (FMEA) program play in this regard?",2
"How can data scientists determine the remaining useful life of a heating element, and what specific metrics can be used to make this determination?",2
"Are there any specific training or qualifications required for the personnel who will be responsible for conducting regular inspections, cleaning, and maintenance of the heating elements in industrial furnaces?",2
Can you provide examples of minor and catastrophic issues that can affect the production rate of industrial furnaces?,2
Can you provide examples of preprocessing techniques that can improve the quality of sensor data for anomaly detection?,2
Can you provide examples of statistical or machine learning techniques that are commonly used to analyze real-time sensor data for detecting and predicting hardware failures in industrial furnaces?,2
Can you provide examples of incidents that may trigger more frequent FMEA reviews for an industrial furnace?,2
How can data scientists ensure data quality when building an anomaly detection model for sensor malfunctions?,2
"What are the best practices for implementing a sensor data collection system in industrial furnaces to ensure product quality, energy efficiency, and operational safety?",2
How can predictive maintenance strategies be implemented to prevent failures and reduce downtime in industrial furnaces?,2
"What strategies can be employed to ensure the quality, accuracy, and relevance of sensor data used in the anomaly detection model?",2
"How does temperature uniformity impact the overall performance of industrial furnaces, and what steps can be taken to improve it?",1
"What are the most common types of sensor malfunctions that can lead to industrial furnace failures, and how can data scientists use this information to develop robust temperature control systems?",1
