questions,answers,round
"How much historical data is available for training the anomaly model, and what is the sampling rate of the data? This will help me determine the appropriate machine learning algorithms and techniques to use.","  Background Document:

Industrial Furnace Anomaly Detection using Real-time Time Series Sensor Data

Introduction:
The goal of this project is to develop an anomaly detection model using real-time time series sensor data from an Industrial Furnace system. The model will be trained on historical data to detect anomalies and alert the operators to take corrective action before any significant damage occurs.

Data Availability:
The historical data for training the anomaly model is available for the past 2 years, with a sampling rate of 10 seconds. The data includes temperature, pressure, flow rate, and other relevant parameters measured by sensors in the furnace. The data is cleaned and preprocessed to remove any missing or inconsistent values.

Important Components:
The Industrial Furnace system consists of several critical components, including the heating elements, temperature control system, and gas flow control system. The anomaly model should be able to detect anomalies in these components to ensure the furnace operates within safe limits and maintains the required temperature and pressure conditions.

Failure Modes:
The failure modes in an Industrial Furnace can be categorized into three main types:

1. Temperature-related failures: These occur when the furnace temperature deviates from the setpoint temperature, causing overheating or underheating.
2. Pressure-related failures: These occur when the furnace pressure deviates from the setpoint pressure, causing overpressure or underpressure.
3. Flow-related failures: These occur when the gas flow rate deviates from the setpoint flow rate, causing irregularities in the furnace operation.

Sensor Data:
The sensor data used for training the anomaly model includes temperature, pressure, and flow rate measurements. The data is collected from a range of sensors installed in the furnace, including thermocouples, pressure sensors, and flow meters. The data is transmitted to a central system for processing and analysis.

Additional Information:
The user message indicates that the furnace has experienced several failures in the past, including overheating and underheating events. The root cause of these failures is not well understood, and the goal of the anomaly detection model is to identify the underlying",0
"Are there any additional sources of information, such as maintenance logs or operator reports, that could be used to augment the sensor data and improve the accuracy of the anomaly model?","  Background Document:

Industrial Furnace Anomaly Detection using Real-time Sensor Data

Introduction:
The goal of this project is to build an anomaly model using real-time time series sensor data obtained from an IoT/OT system to detect anomalies in an industrial furnace. The furnace is a critical asset in a manufacturing process, and any downtime or malfunction can result in significant losses. The sensor data provides valuable information about the furnace's operation, but additional sources of information can be used to augment the sensor data and improve the accuracy of the anomaly model.

Additional Sources of Information:

1. Maintenance Logs:
Maintenance logs can provide valuable information about the furnace's maintenance history, including any repairs, replacements, or adjustments made to the furnace's components. This information can help identify patterns or trends in the sensor data that may indicate a potential failure or anomaly. For example, if a maintenance log indicates that a particular component has been replaced multiple times in the past, the anomaly model can be trained to detect anomalies in that component's sensor data.
2. Operator Reports:
Operator reports can provide information about the furnace's operation, including any unusual noises, vibrations, or temperature fluctuations that may indicate a potential failure or anomaly. This information can be used to augment the sensor data and improve the accuracy of the anomaly model. For example, if an operator report indicates that the furnace is making an unusual noise, the anomaly model can be trained to detect anomalies in the sensor data that correspond to that noise.
3. Production Data:
Production data can provide information about the furnace's performance, including the quality and quantity of the products produced. This information can be used to identify patterns or trends in the sensor data that may indicate a potential failure or anomaly. For example, if production data indicates that the furnace is producing defective products, the anomaly model can be trained to detect anomalies in the sensor data that correspond to the defects.
4. Environmental Data:
Environmental data, such as temperature, humidity, and pressure, can provide information about the operating conditions of the furnace. This information can be used to",0
"Are there any known issues or defects in the furnace or its sensors that could affect the accuracy of the anomaly model? If so, how can we address them?","  Background Document: Industrial Furnace Anomaly Detection

Introduction:
The goal of this project is to build an anomaly model using real-time time series sensor data obtained from an IoT/OT system for an industrial furnace. The furnace is a critical asset in the production process, and any downtime or inefficiency can result in significant losses for the company. To ensure the accuracy of the anomaly model, it is essential to understand any known issues or defects in the furnace or its sensors that could affect the model's performance.

Known Issues or Defects in Industrial Furnaces:

1. Sensor calibration: Sensor calibration is a common issue in industrial settings. Sensors can become miscalibrated due to various reasons such as temperature fluctuations, humidity, or physical shock. Miscalibrated sensors can provide inaccurate data, which can negatively impact the anomaly model's performance.
2. Sensor noise: Industrial sensors are prone to noise, which can be caused by electromagnetic interference, mechanical vibrations, or other environmental factors. Noisy data can lead to false positives or false negatives in the anomaly model.
3. Furnace component failure: Furnace components such as heating elements, thermocouples, and pressure sensors can fail due to wear and tear, overheating, or other reasons. Failure of these components can result in anomalous data patterns that the model must be able to detect.
4. Data transmission issues: Data transmission issues can occur due to network problems, hardware failures, or software bugs. These issues can result in missing data, delayed data, or incorrect data, which can affect the accuracy of the anomaly model.

Addressing Known Issues or Defects:

1. Sensor calibration: To address sensor calibration issues, we recommend regular calibration checks and adjustments. We can also implement sensor validation techniques such as sensor fusion, where multiple sensors are used to validate each other's data, or sensor redundancy, where multiple sensors are used to provide backup data in case of sensor failure.
2. Sensor noise: To address sensor noise, we recommend implementing noise reduction techniques such as filtering, normal",0
How do these failure modes manifest in the sensor data? This will help me understand how the sensor data can be used to detect these failure modes.,"  Background Document: Industrial Furnace Anomaly Detection using Real-time Sensor Data

Introduction:
Industrial furnaces are critical assets in various manufacturing processes, and their failure can lead to significant downtime, production loss, and safety hazards. Timely detection of anomalies in furnace operation can help prevent such failures and ensure smooth production. This document aims to provide a comprehensive understanding of how failure modes in industrial furnaces can manifest in sensor data, enabling the development of an effective anomaly detection model.

1. Temperature Control:
Furnace temperature is a critical parameter that directly affects the quality of the product being manufactured. Temperature control failure can lead to overheating or underheating, causing defects in the product. Sensor data can be used to monitor temperature fluctuations and detect anomalies, such as sudden changes in temperature, unexpected temperature drops or spikes, or temperature variations beyond the setpoint range.
2. Fuel Combustion:
Proper fuel combustion is essential for maintaining the desired temperature and ensuring efficient furnace operation. Sensor data can help detect anomalies in fuel combustion, such as irregularities in fuel flow, poor air-fuel mixture, or excessive smoke emissions. These anomalies may indicate a potential failure in the fuel system, which can lead to reduced furnace performance or even complete failure.
3. Air Flow:
Adequate air flow is necessary for proper fuel combustion and temperature control. Sensor data can monitor air flow rates and detect anomalies, such as reduced air flow, which can cause furnace underheating or fuel combustion issues. Conversely, excessive air flow can lead to furnace overheating, wasted energy, and reduced product quality.
4. Pressure Control:
Many industrial furnaces operate at high pressures, and pressure control is crucial for maintaining a stable environment. Sensor data can monitor pressure fluctuations and detect anomalies, such as sudden pressure drops or spikes, which can indicate a failure in the pressure control system or other components.
5. Safety Features:
Industrial furnaces are equipped with various safety features, such as automatic shutdown systems, safety",0
"Are there any specific sensors that are more important than others for detecting anomalies in the furnace? If so, why?","  Background Document: Industrial Furnace Anomaly Detection

Introduction:
Industrial furnaces are critical assets in various manufacturing processes, and their proper functioning is essential to ensure product quality and avoid downtime. Anomaly detection in furnaces can help identify issues before they become major problems, reducing downtime and maintenance costs. This document aims to provide a comprehensive overview of the sensors that are most important for detecting anomalies in industrial furnaces and the reasons why they are critical.

Sensors Used in Industrial Furnaces:
Industrial furnaces typically use a variety of sensors to monitor temperature, pressure, flow rate, and other parameters. The most common sensors used in furnaces include:

1. Temperature sensors (thermocouples, infrared cameras, etc.)
2. Pressure sensors (pressure transducers, pressure gauges, etc.)
3. Flow rate sensors (flow meters, vortex flow meters, etc.)
4. Gas sensors (gas detectors, gas analyzers, etc.)
5. Vibration sensors (accelerometers, vibration probes, etc.)

Importance of Sensors for Anomaly Detection:
The choice of sensors plays a crucial role in detecting anomalies in industrial furnaces. The following factors should be considered when selecting sensors for anomaly detection:

1. Sensor accuracy and precision: Sensors should be able to accurately measure the parameter they are intended to monitor. Accuracy refers to how closely the sensor's measurement matches the true value, while precision refers to how consistently the sensor's measurements agree with each other.
2. Sensor resolution: The sensor's resolution refers to the smallest change in the parameter that can be detected. A higher resolution means that smaller changes can be detected, which is essential for identifying anomalies.
3. Sensor range: The sensor's range refers to the range of values it can measure. The sensor should be able to measure values within the normal operating range of the furnace, as well as detect values that are outside of the normal range, indicating an anomaly.
4. Sensor response time: The sensor's response time refers to how",0
"Can you describe the control system's architecture and how it monitors and controls the furnace's operation, including temperature, pressure, and flow rates?","  Background Document: Industrial Furnace Control System Architecture and Monitoring

Introduction:
The industrial furnace is a critical asset in various manufacturing processes, and its proper operation is essential for ensuring product quality and avoiding downtime. The control system architecture and monitoring mechanisms play a vital role in ensuring the furnace's safe and efficient operation. This document provides an overview of the control system architecture and monitoring mechanisms for an industrial furnace.

Control System Architecture:
The control system architecture for an industrial furnace typically consists of the following components:

1. Sensors: The furnace is equipped with various sensors that measure temperature, pressure, flow rates, and other parameters. These sensors are strategically located to provide accurate and reliable measurements. The sensors used in an industrial furnace include thermocouples, pressure transducers, flow meters, and oxygen sensors.
2. Programmable Logic Controllers (PLCs): The sensor data is fed into a PLC, which is a digital computer used for automation and control. The PLC processes the sensor data and uses it to control the furnace's operation. The PLC also receives input from other sources, such as operator interfaces and supervisory systems.
3. Supervisory System: The supervisory system is responsible for monitoring and controlling the furnace's operation remotely. It receives data from the PLC and provides operators with real-time information about the furnace's status. The supervisory system can also send commands to the PLC to adjust the furnace's operation.
4. Human-Machine Interface (HMI): The HMI is the interface between the operator and the control system. It provides operators with real-time data about the furnace's operation and allows them to adjust the furnace's settings remotely. The HMI can be a touchscreen display, a keyboard, or a mouse.

Monitoring Mechanisms:
The control system monitors the furnace's operation using various mechanisms, including:

1. Alarms: The control system is configured to trigger alarms when certain parameters exceed their setpoints. For example, if the furnace temperature exceeds the setpoint, an alarm is triggered, and the operator is notified.
2",0
Are there any specific sensor data or metrics that are most important for detecting anomalies and predicting potential failures in the furnace?,"  Background Document: Industrial Furnace Anomaly Detection and Predictive Maintenance

Introduction:
Industrial furnaces are critical assets in various manufacturing processes, and their downtime can significantly impact production and revenue. To prevent unexpected failures and minimize downtime, it is essential to detect anomalies and predict potential failures in real-time. This document aims to provide a comprehensive overview of the most important sensor data and metrics for detecting anomalies and predicting failures in industrial furnaces.

1. Temperature Sensors:
Temperature is a critical parameter in industrial furnaces, and any deviation from the expected temperature range can indicate a potential failure. Temperature sensors, such as thermocouples or infrared cameras, should be installed to monitor the furnace's temperature in real-time. The sensor data should be analyzed to detect any anomalies, such as sudden changes in temperature, temperature fluctuations, or unexpected temperature levels.
2. Pressure Sensors:
Pressure sensors are essential for monitoring the furnace's pressure levels, which can indicate potential issues such as leaks, blockages, or faulty valves. Pressure sensors should be installed to monitor the furnace's pressure in real-time, and the sensor data should be analyzed to detect any anomalies, such as sudden changes in pressure, pressure fluctuations, or unexpected pressure levels.
3. Flow Rate Sensors:
Flow rate sensors are used to monitor the flow rate of gases, liquids, or solids in the furnace. Any deviation from the expected flow rate can indicate a potential failure, such as a blockage or a pump failure. Flow rate sensors should be installed to monitor the furnace's flow rate in real-time, and the sensor data should be analyzed to detect any anomalies, such as sudden changes in flow rate, flow rate fluctuations, or unexpected flow rate levels.
4. Vibration Sensors:
Vibration sensors can detect any abnormal vibrations in the furnace, which can indicate a potential failure, such as a motor imbalance or a loose component. Vibration sensors should be installed to monitor the furnace's",0
"How does the cooling system work, and what are the potential failure modes of its components, such as pumps, heat exchangers, and fans?","  Background Document: Industrial Furnace Cooling System and Potential Failure Modes

Introduction:
The industrial furnace is a critical asset in various manufacturing processes, and its cooling system plays a vital role in maintaining the optimal temperature and ensuring the quality of the final product. This document provides an overview of the cooling system's components, their functions, and potential failure modes.

Cooling System Components:
The cooling system of an industrial furnace typically consists of the following components:

1. Pumps: These are used to circulate the coolant (usually water or a water-based solution) through the furnace and its associated heat exchangers. The pumps ensure that the coolant is distributed evenly and maintains the desired temperature.
2. Heat Exchangers: These are used to transfer heat from the hot flue gases to the coolant. The heat exchangers can be of different types, such as shell and tube, plate, or spiral heat exchangers.
3. Fans: These are used to blow air into the furnace to maintain the desired temperature and ensure proper combustion. The fans can be either induced draft or forced draft fans.

Potential Failure Modes:
The cooling system components can fail due to various reasons, including wear and tear, corrosion, overheating, and improper maintenance. Some of the potential failure modes of the components are:

1. Pumps:
	* Failure due to worn-out impellers, bearings, or seals.
	* Inadequate flow rate or pressure, resulting in poor cooling.
	* Overheating due to a malfunctioning temperature control system or a clogged heat exchanger.
2. Heat Exchangers:
	* Corrosion or fouling of the tubes or plates, reducing the heat transfer efficiency.
	* Leaks or cracks in the heat exchanger, causing coolant loss or contamination.
	* Inadequate cleaning or maintenance, resulting in reduced heat transfer or clogging.
3. Fans:
	* Failure due to worn-out bearings, blades, or motors.
	* Inadequate air",0
"Can you provide more information about the potential failure modes of the cooling system components, such as pumps, heat exchangers, and fans? How do these failure modes impact the sensor data, and what are the typical warning signs or patterns that indicate a failure is imminent?","  Background Document: Industrial Furnace Cooling System Components and Failure Modes

Introduction:
The industrial furnace cooling system is a critical component in maintaining the optimal temperature and ensuring the quality of the final product. The cooling system consists of various components, including pumps, heat exchangers, and fans. Failure of these components can lead to significant downtime, loss of production, and even damage to the furnace. In this document, we will discuss the potential failure modes of the cooling system components, their impact on sensor data, and the typical warning signs or patterns that indicate a failure is imminent.

1. Pumps:
Pumps are used to circulate the coolant through the furnace and are critical for maintaining the desired temperature. The following are some potential failure modes of pumps:
* Mechanical failure: Pumps can fail due to worn-out bearings, shaft misalignment, or broken impellers. This can lead to reduced flow rates, increased pressure, and overheating.
* Electrical failure: Pumps can fail due to electrical issues such as motor burnout, short circuits, or power supply problems. This can result in the pump not running or running intermittently.
* Clogged inlet or outlet: Pumps can become clogged due to debris or corrosion, which can reduce flow rates and cause overheating.

Impact on Sensor Data:
Pump failure can result in changes in the following sensor data:

* Flow rate: A decrease in flow rate can indicate a pump failure.
* Pressure: An increase in pressure can indicate a pump failure.
* Temperature: Overheating can indicate a pump failure.
* Vibration: Abnormal vibration can indicate a mechanical failure.

Warning Signs or Patterns:

* Decrease in flow rate
* Increase in pressure
* Overheating
* Abnormal vibration
* Intermittent pump operation
2. Heat Exchangers:
Heat exchangers are used to transfer heat from the hotter fluid to the cooler fluid. The following are some potential failure modes of heat exchangers:
* Fouling: Heat exchangers can become fouled",1
"Are there any environmental factors that may affect the furnace's operation, such as changes in temperature, humidity, or pressure? If so, how do these factors impact the furnace's operation, and how can we account for them in the anomaly detection model?","  Background Document: Industrial Furnace Anomaly Detection

Introduction:
Industrial furnaces are critical assets in various manufacturing processes, and their proper functioning is essential to ensure product quality and avoid downtime. Anomaly detection in furnaces can help identify issues before they become major problems, reducing downtime and maintenance costs. This document aims to provide a comprehensive overview of the environmental factors that may affect furnace operation, their impact, and how to account for them in the anomaly detection model.

Environmental Factors Affecting Furnace Operation:

1. Temperature: Temperature is a crucial factor in furnace operation. Any deviation from the setpoint temperature can affect the quality of the product, and in extreme cases, cause damage to the furnace. Higher temperatures can increase the rate of chemical reactions, while lower temperatures can slow them down. Temperature fluctuations can also cause thermal stress, which can lead to cracking and failure of the furnace components.
2. Humidity: Humidity can also impact furnace operation. High humidity can introduce moisture into the furnace, which can lead to corrosion and fouling of the heating elements, reducing their efficiency. Low humidity, on the other hand, can cause the furnace to work harder to maintain the setpoint temperature, increasing energy consumption.
3. Pressure: Furnaces operate at different pressures, depending on the process requirements. Changes in pressure can affect the furnace's performance, and abrupt changes can cause damage to the equipment. High pressure can lead to increased heat transfer and faster reaction rates, while low pressure can result in reduced heat transfer and slower reactions.
4. Other Environmental Factors: Other environmental factors that can affect furnace operation include air flow, gas composition, and particulate matter. Air flow is essential to maintain the proper combustion of fuels and uniform heating. Changes in gas composition can affect the furnace's efficiency and product quality. Particulate matter, such as dust and soot, can accumulate on the heating elements and reduce their efficiency.

Impact of Environmental Factors on Furnace Operation:

The impact of environmental factors on furnace operation can be significant. Temper",1
"Can you provide more information about the sensor calibration issues that can affect the accuracy of the anomaly model? For example, what types of sensors are most prone to calibration issues, and how often should calibration checks be performed?","  Background Document: Industrial Furnace Anomaly Detection and Sensor Calibration Issues

Introduction:
Industrial furnaces are critical assets in various manufacturing processes, and their proper functioning is essential for maintaining product quality and avoiding costly downtime. To ensure furnace performance and longevity, it is crucial to detect anomalies in real-time, using sensor data and machine learning algorithms. However, sensor calibration issues can significantly affect the accuracy of the anomaly model. This document provides an overview of the types of sensors prone to calibration issues, their potential failure modes, and recommended calibration check frequencies.

1. Sensors Prone to Calibration Issues:
The following sensors are commonly used in industrial furnaces and are prone to calibration issues:

a. Temperature sensors (thermocouples, infrared thermometers): These sensors measure the furnace's temperature, which is critical for maintaining the desired heat treatment process. Calibration issues may arise due to sensor drift, incorrect installation, or contamination.

b. Pressure sensors (pressure transducers, pressure gauges): Pressure sensors monitor the furnace's pressure, which is essential for ensuring proper combustion and preventing explosions. Calibration issues may occur due to sensor drift, clogging, or incorrect installation.

c. Flow sensors (flow meters, flow controllers): Flow sensors measure the gas flow rate, which affects the furnace's temperature uniformity and chemical reactions. Calibration issues may arise due to sensor drift, clogging, or incorrect installation.

d. Gas sensors (gas detectors, gas analyzers): Gas sensors monitor the furnace's gas composition, which is crucial for maintaining the desired chemical reactions. Calibration issues may occur due to sensor drift, sensor poisoning, or incorrect installation.
2. Failure Modes and Effects:
Sensor calibration issues can result in various failure modes, including:

a. Sensor drift: A gradual deviation from the sensor's initial calibration value, leading to inaccurate readings.

b. Sensor offset: A constant difference between the sensor's reading",1
"Can you provide more information on the potential causes of anomalies in furnace performance, such as mechanical issues, process upsets, or environmental factors, and how these causes can be identified and addressed through sensor data analysis?","  Background Document: Anomaly Detection in Industrial Furnace Performance

Introduction:
Industrial furnaces are critical assets in various manufacturing processes, and their performance plays a significant role in ensuring product quality and production efficiency. However, furnace performance can be affected by various factors, leading to anomalies that can impact production output and quality. This document provides an overview of the potential causes of anomalies in furnace performance, how they can be identified and addressed through sensor data analysis, and the importance of anomaly detection in ensuring furnace performance and product quality.

Potential Causes of Anomalies in Furnace Performance:

1. Mechanical Issues:
a. Wear and tear of furnace components, such as refractory linings, heating elements, and fans, can lead to decreased performance and efficiency.
b. Malfunctioning of safety devices, such as thermocouples, pressure sensors, and flow meters, can disrupt furnace operation.
c. Mechanical failures can cause furnace downtime, resulting in production delays and increased maintenance costs.
2. Process Upsets:
a. Changes in raw material quality or composition can affect furnace performance, leading to process instability and anomalies.
b. Inconsistencies in fuel quality or combustion efficiency can also impact furnace performance.
c. Process upsets can result in non-uniform heating, overheating, or underheating, which can negatively impact product quality.
3. Environmental Factors:
a. Temperature fluctuations, humidity, and air flow can affect furnace performance and product quality.
b. Changes in ambient temperature can affect furnace insulation, leading to heat loss and decreased efficiency.
c. Environmental factors can also impact the longevity of furnace components, increasing maintenance costs and downtime.

Importance of Anomaly Detection in Furnace Performance:

1. Real-time monitoring of furnace performance using sensor data can help identify anomalies early, reducing the likelihood of equipment failure and downtime.
2. Anomaly detection can help identify potential root causes of performance issues, enabling predictive maintenance and reducing repair times.",1
How do sensor noise reduction techniques such as filtering or normalization help to improve the accuracy of the anomaly model? Are there any specific algorithms or techniques that have been found to be most effective in reducing sensor noise?,"  Background Document:

Industrial Furnace Anomaly Detection using Real-time Sensor Data

Introduction:
The industrial furnace is a critical asset in various manufacturing processes, and its failure can lead to significant downtime, loss of production, and increased maintenance costs. To prevent such failures, it is essential to detect anomalies in the furnace's operation, which can indicate impending equipment failure or abnormal behavior. Real-time sensor data from IoT/OT systems can be used to build an anomaly model that detects unusual patterns in the furnace's operation. However, sensor noise can significantly affect the accuracy of the model. This document discusses the importance of sensor noise reduction techniques, such as filtering or normalization, in improving the accuracy of the anomaly model.

Importance of Sensor Noise Reduction:
Sensor noise can be defined as any unwanted variation in the sensor data that does not represent a real change in the physical phenomenon being measured. Noise can come from various sources, including thermal noise, electrical interference, and mechanical vibrations. Sensor noise can lead to false positives or false negatives in the anomaly detection model, which can result in unnecessary maintenance or, worse, failure to detect a real anomaly. Therefore, it is crucial to reduce sensor noise to improve the accuracy of the anomaly model.

Sensor Noise Reduction Techniques:
There are several techniques to reduce sensor noise, including filtering, normalization, and feature extraction.

1. Filtering: Filtering is a technique that removes unwanted noise from the sensor data by applying a mathematical function to the data. The most common filters used in sensor data processing are low-pass filters, which remove high-frequency noise while preserving low-frequency signals. The choice of filter depends on the specific sensor and the noise characteristics.
2. Normalization: Normalization is a technique that scales the sensor data to a common range, usually between 0 and 1, to prevent differences in scales from affecting the analysis. Normalization can be done using techniques such as min-max scaling or z-score normalization.
3. Feature Extraction: Feature extraction is a technique that transforms the raw sensor data into a set of features that are more meaningful",1
"Can you provide examples of furnace component failure that could impact the accuracy of the anomaly model? How do you recommend monitoring the health of these components, and what are some common warning signs that a component may be failing?","  Background Document: Industrial Furnace Anomaly Detection

Introduction:
Industrial furnaces are complex systems that play a crucial role in various manufacturing processes. They are used to heat materials to high temperatures, melt metals, and perform various other processes. To ensure the smooth operation of these furnaces, it is essential to monitor their health and detect any anomalies in real-time. In this document, we will discuss the components of an industrial furnace that are critical for anomaly detection, potential failure modes, and recommended monitoring methods.

Critical Components for Anomaly Detection:

1. Temperature Control System: The temperature control system is responsible for maintaining the desired temperature within the furnace. Any deviation from the setpoint temperature can indicate a failure in the system.
2. Heating Elements: Heating elements, such as heating coils or fuel burners, are responsible for heating the material inside the furnace. Failure of these elements can result in reduced heating efficiency or complete failure of the furnace.
3. Insulation: The insulation surrounding the furnace is critical in maintaining the desired temperature and preventing heat loss. Damage to the insulation can result in energy loss and reduced furnace performance.
4. Cooling System: The cooling system is responsible for removing excess heat from the furnace. Failure of the cooling system can result in overheating, which can damage the furnace and its components.
5. Control System: The control system monitors and regulates the various parameters of the furnace, such as temperature, pressure, and flow rate. Failure of the control system can result in uncontrolled temperature fluctuations, which can damage the furnace and its components.

Potential Failure Modes:

1. Temperature Control Failure: Failure of the temperature control system can result in uncontrolled temperature fluctuations, which can damage the furnace and its components.
2. Heating Element Failure: Failure of the heating elements can result in reduced heating efficiency or complete failure of the furnace.
3. Insulation Damage: Damage to the insulation surrounding the furnace can result in energy loss and reduced furnace performance.
4. Cooling",1
"Are there any other sources of data that could be used to improve the accuracy of the anomaly model, such as data from other sensors or systems in the plant? If so, what kind of data are available, and how can we integrate it into the model?","  Background Document:

Industrial Furnace Anomaly Detection using Real-time Sensor Data

Introduction:
The goal of this project is to build an anomaly model using real-time time series sensor data obtained from an IoT/OT system to detect anomalies in an industrial furnace. The furnace is a critical asset in a manufacturing plant, and any downtime or malfunction can result in significant losses. The aim is to identify any anomalies in the furnace's operation and alert the operators to take corrective action before any damage occurs.

Sensor Data:
The IoT/OT system provides real-time sensor data from various sensors installed on the furnace. The sensors measure various parameters such as temperature, pressure, flow rate, and voltage. The data is transmitted wirelessly to a central server, where it can be accessed and analyzed.

Important Components:
The furnace consists of several components that are critical to its operation. These include the heating elements, temperature control system, fuel supply system, and exhaust system. Any failure in these components can result in a malfunction or downtime.

Failure Modes:
The furnace can experience various failure modes, including:

1. Overheating: The furnace can overheat due to a malfunction in the temperature control system or a failure in the heating elements.
2. Underheating: The furnace can fail to reach the desired temperature due to a malfunction in the heating elements or temperature control system.
3. Fuel leakage: A leak in the fuel supply system can result in an explosion hazard and damage to the furnace.
4. Exhaust system failure: A failure in the exhaust system can result in a buildup of toxic gases, posing a health risk to operators and damage to the furnace.

Sensor Data Analysis:
The sensor data can be analyzed to detect anomalies in the furnace's operation. The data can be processed using machine learning algorithms to identify patterns and trends that indicate a failure. The algorithms can be trained on historical data to recognize normal operation and detect deviations that may indicate a failure.

Additional Data Sources:
In addition to the sensor data, other sources of data can be",1
"Can you provide examples of how the combination of sensors can help detect anomalies that may not be apparent from a single sensor's data? For instance, how might temperature, pressure, and flow rate data be combined to detect a problem?","  Background Document: Anomaly Detection in Industrial Furnace using Sensor Data

Introduction:
Industrial furnaces are critical assets in various manufacturing processes, and their proper functioning is essential to ensure product quality and avoid downtime. Anomaly detection in furnaces can help identify issues before they become major problems, reducing downtime and maintenance costs. This document discusses how a combination of sensors can help detect anomalies in industrial furnaces that may not be apparent from a single sensor's data.

Sensor Data Combination:
To detect anomalies in industrial furnaces, a combination of temperature, pressure, and flow rate data can be used. Each sensor provides a unique perspective on the furnace's operation, and combining them can help identify issues that may not be visible from a single sensor's data.

1. Temperature Sensor:
A temperature sensor measures the furnace's temperature, which is crucial in maintaining the desired heat treatment process. However, a single temperature reading may not be sufficient to detect anomalies, as temperature fluctuations are normal during the heating process.
2. Pressure Sensor:
A pressure sensor measures the pressure inside the furnace, which helps monitor the furnace's operation and ensures that it remains within safe limits. Pressure fluctuations can indicate issues such as leaks, blockages, or problems with the furnace's insulation.
3. Flow Rate Sensor:
A flow rate sensor measures the gas flow rate into the furnace, which affects the furnace's temperature and overall operation. Changes in flow rate can indicate issues such as leaks, blockages, or problems with the gas supply.

Combining Sensor Data:
By combining temperature, pressure, and flow rate data, anomalies can be detected that may not be apparent from a single sensor's data. For example:

a. Temperature and Pressure:
A sudden increase in temperature accompanied by a sharp decrease in pressure may indicate a leak in the furnace's insulation, which can lead to energy loss and reduced product quality.

b. Temperature and Flow Rate:
A sudden decrease in temperature accompanied by a significant increase in flow rate may indicate a blockage in the gas",1
"Have there been any past incidents or failures in the furnace that we can use as case studies to improve the accuracy of the anomaly model? If so, what were the root causes of these failures, and how did they manifest in the sensor data?","  Background Document: Industrial Furnace Anomaly Detection

Introduction:
The goal of this project is to build an anomaly model for an industrial furnace using real-time time series sensor data obtained from IoT/OT systems. To gain a better understanding of the problem domain and improve the accuracy of the anomaly model, we will investigate past incidents or failures in the furnace and their impact on the sensor data.

Past Incidents and Failures:

1. Furnace Overheating: In 2018, a furnace overheating incident occurred due to a faulty thermocouple, which resulted in the furnace temperature exceeding the recommended limit by 50%. The incident caused significant damage to the furnace's heating elements and resulted in costly repairs.
2. Furnace Chamber Explosion: In 2015, a furnace chamber explosion occurred due to the ignition of flammable gases inside the furnace. The explosion caused significant damage to the furnace's outer casing and injured several nearby workers.
3. Furnace Cooling System Failure: In 2017, the furnace's cooling system failed, resulting in a significant increase in the furnace's temperature. The failure was caused by a clogged cooling pipe, which prevented the proper circulation of coolant.

Root Causes of Failures:

1. Faulty Thermocouple: The root cause of the furnace overheating incident was a faulty thermocouple, which provided inaccurate temperature readings to the control system. The inaccurate readings led to the furnace temperature exceeding the recommended limit, causing damage to the heating elements.
2. Ignition of Flammable Gases: The root cause of the furnace chamber explosion was the ignition of flammable gases inside the furnace. The gases were present due to a leak in the furnace's seal, which allowed outside air to enter the furnace. The ignition source was traced back to a spark from a nearby welding operation.
3. Clogged Cooling Pipe: The root cause of the furnace cooling system failure was",1
How do you recommend balancing the trade-off between false alarms and missed detections in the anomaly model? Are there any specific techniques or strategies that can be used to optimize the model's performance in this regard?,"  Background Document:

Industrial Furnace Anomaly Detection

Introduction:
The goal of this project is to build an anomaly model using real-time time series sensor data obtained from an IoT/OT system to detect anomalies in an industrial furnace. The furnace is a critical asset in the production process, and it is essential to detect any anomalies in real-time to prevent downtime and ensure continuous production.

Important Components:
The industrial furnace consists of several components, including the heating element, temperature control system, and gas flow control system. The heating element is responsible for heating the material to the desired temperature, while the temperature control system ensures that the temperature is maintained within a specific range. The gas flow control system regulates the flow of gas into the furnace to ensure proper combustion.

Failure Modes:
The failure modes of the industrial furnace can be categorized into two types: hardware failure and process failure. Hardware failure includes failures in the heating element, temperature control system, and gas flow control system. Process failure includes issues with the material being heated, such as overheating or underheating, and issues with the combustion process, such as incomplete combustion or excessive smoke production.

Sensor Data:
The IoT/OT system provides real-time sensor data, including temperature readings, pressure readings, gas flow rate, and smoke detection. The temperature readings are obtained from thermocouples located throughout the furnace, while the pressure readings are obtained from pressure sensors. The gas flow rate is measured using a flow meter, and smoke detection is measured using an optical smoke detector.

Anomaly Detection Techniques:
Several techniques can be used to detect anomalies in the industrial furnace, including statistical methods, machine learning algorithms, and rule-based systems. Statistical methods, such as mean, median, and standard deviation, can be used to detect deviations from normal operating conditions. Machine learning algorithms, such as one-class SVM and autoencoders, can be trained on normal operating data to detect anomalies. Rule-based systems can be used to detect anomalies based on predefined rules and thresholds.

Balancing False Alarms and",1
"Can you discuss any past experiences or case studies where the implementation of advanced sensors and monitoring systems has led to significant improvements in furnace performance, reduced downtime, or prevented failures?","  Background Document: Industrial Furnace Monitoring and Advanced Sensors

Introduction:
Industrial furnaces are critical assets in various manufacturing processes, and their performance and reliability are crucial for maintaining production efficiency and avoiding costly downtime. Over the years, advancements in sensor technologies and monitoring systems have shown great promise in improving furnace performance, reducing downtime, and preventing failures. This document discusses past experiences and case studies where the implementation of advanced sensors and monitoring systems has led to significant improvements in furnace performance.

1. Temperature monitoring:
Temperature is a critical parameter in industrial furnaces, and its accurate monitoring is essential for maintaining the desired temperature profile. Advanced temperature sensors, such as infrared cameras, thermocouples, and resistance temperature detectors (RTDs), have been widely used in furnace monitoring systems. These sensors provide real-time temperature data, enabling furnace operators to detect temperature deviations and take corrective actions promptly.

Case Study 1: A steel manufacturer implemented an advanced temperature monitoring system using infrared cameras and thermocouples to monitor the temperature of their furnaces. The system provided real-time temperature data, allowing operators to adjust the heating process promptly, resulting in a 20% reduction in downtime and a 15% increase in productivity.

2. Pressure monitoring:
Pressure monitoring is essential for ensuring the safe and efficient operation of industrial furnaces. Advanced pressure sensors, such as piezoceramic sensors and capacitive sensors, have been used to monitor furnace pressure in real-time. These sensors provide accurate pressure data, enabling operators to detect pressure deviations and prevent furnace explosions.

Case Study 2: A glass manufacturer installed a pressure monitoring system using piezoceramic sensors to monitor the pressure of their furnaces. The system alerted operators when the pressure deviated from the setpoint, allowing them to take corrective actions promptly. As a result, the manufacturer experienced a 50% reduction in furnace explosions and a 25% reduction in downtime.

3. Gas monitoring:
Gas monitoring is critical in industrial furnaces that use comb",1
How do you recommend evaluating the effectiveness of these techniques in improving the accuracy and reliability of the anomaly model? Are there any specific metrics or KPIs that can be used to measure performance?,"  Background Document:

Industrial Furnace Anomaly Detection and Performance Evaluation

Introduction:
Industrial furnaces are critical assets in various manufacturing processes, and their proper functioning is essential to ensure product quality and avoid downtime. Anomaly detection techniques are widely used to identify unusual patterns in sensor data and predict potential failures. However, evaluating the effectiveness of these techniques in improving the accuracy and reliability of the anomaly model is crucial. This document provides recommendations for evaluating the performance of anomaly detection techniques in industrial furnaces and discusses relevant metrics and KPIs.

Evaluation Methods:

1. Data-Driven Approach:
Use historical data to train and test the anomaly detection model. Split the data into training, validation, and test sets. Evaluate the model's performance using metrics such as accuracy, precision, recall, F1-score, and area under the receiver operating characteristic (ROC) curve (AUC-ROC). Compare the performance of the anomaly detection model with and without the additional information from user messages.
2. Cross-Validation:
Implement cross-validation techniques, such as k-fold cross-validation, to assess the model's generalization ability. Divide the data into k subsets, and iteratively train and evaluate the model on each subset while keeping the remaining k-1 subsets for testing. Calculate the average performance metrics across the k iterations.
3. Real-Time Performance Evaluation:
Deploy the anomaly detection model in the production environment and continuously monitor its performance. Use metrics such as precision, recall, and F1-score to evaluate the model's accuracy in real-time. Compare the performance of the model with and without the additional information from user messages.
4. Human-in-the-Loop:
Involve domain experts in the evaluation process to gain insights into the model's performance and identify potential improvements. Have experts review and provide feedback on the model's predictions, especially for false positives and false negatives. Use this feedback to refine the model and improve its accuracy.

Metrics and KPIs:

1. Accuracy:
Measure the model's ability to correctly classify normal and anomalous data points",1
How can data analytics and machine learning be applied to predict and prevent failures in the industrial furnace? Are there any specific algorithms or techniques that have been successful in similar applications?,"  Background Document: Predicting and Preventing Failures in Industrial Furnaces using Data Analytics and Machine Learning

Introduction:
Industrial furnaces are critical assets in various manufacturing processes, and their failure can lead to significant downtime, loss of production, and increased maintenance costs. Predicting and preventing failures in these furnaces is crucial to ensure smooth and efficient operations. Data analytics and machine learning can be applied to achieve this goal by analyzing real-time sensor data and identifying patterns that indicate impending failure.

Important Components for Anomaly Detection:
To build an effective anomaly model for industrial furnaces, it is essential to identify the critical components that are prone to failure. These components may include:

1. Heating elements (e.g., thermocouples, heating coils)
2. Temperature control systems (e.g., thermostats, temperature sensors)
3. Furnace insulation (e.g., refractory linings, insulation materials)
4. Cooling systems (e.g., water-cooled coils, air-cooled systems)
5. Electrical systems (e.g., motors, transformers, switchgear)
6. Control systems (e.g., PLCs, SCADA systems)

Important Failure Modes:
The following are some of the common failure modes in industrial furnaces that can be detected using data analytics and machine learning:

1. Overheating: Furnaces can overheat due to malfunctioning temperature control systems or faulty heating elements, leading to damage to the furnace and its components.
2. Thermal shock: Rapid temperature changes can cause thermal shock, which can lead to cracking or failure of the furnace's refractory lining and other components.
3. Furnace shutdown: Furnaces can shut down due to electrical or mechanical failures, resulting in production downtime and increased maintenance costs.
4. Reduced efficiency: Furnaces can operate at reduced efficiency due to clogged burners, dirty heat exchangers, or malfunctioning control systems, leading to increased energy consumption and reduced product quality.

Sensor",1
"Are there any specific sensors or sensor data that are more important or relevant for detecting anomalies in the furnace's operation? If so, can we prioritize those sensors or data in the anomaly detection model?","  Background Document: Industrial Furnace Anomaly Detection

Introduction:
The goal of this project is to build an anomaly detection model using real-time time series sensor data obtained from an IoT/OT system for an industrial furnace. The furnace is a critical asset in the production process, and its failure can result in significant downtime and financial losses. Therefore, it is essential to detect any anomalies in the furnace's operation to prevent such failures.

Sensor Data:
The IoT/OT system provides real-time sensor data from various sensors installed on the furnace. The sensors measure various parameters such as temperature, pressure, flow rate, and voltage. The data is transmitted to the cloud for analysis and processing.

Important Components:
The furnace consists of several critical components that are crucial for its operation. These components include:

1. Heating Elements: The heating elements are responsible for heating the furnace to the required temperature. Any failure in these elements can result in temperature fluctuations, which can affect the quality of the product.
2. Control System: The control system manages the furnace's operation, including temperature control, fuel management, and safety features. Any malfunction in the control system can result in furnace failure.
3. Fuel System: The fuel system supplies fuel to the furnace, and any failure in this system can result in a shutdown.
4. Cooling System: The cooling system is responsible for cooling the furnace after the heating process. Any failure in this system can result in overheating, which can damage the furnace and affect product quality.

Failure Modes:
The furnace can experience various failure modes, including:

1. Temperature Fluctuations: Temperature fluctuations can occur due to heating element failure, control system malfunction, or cooling system failure. This can affect the quality of the product and result in production downtime.
2. Fuel Leaks: Fuel leaks can occur due to faulty fuel system components, resulting in furnace shutdown and safety hazards.
3. Overheating: Overheating can occur due to cooling system failure or malfunction, resulting in furnace damage and production",1
"How do you ensure that the data collected from the sensors is secure, tamper-proof, and protected from unauthorized access, especially in cases where the furnace is operating in a remote or unmanned environment?","  Background Document: Industrial Furnace Anomaly Detection and Security

Introduction:
The goal of this project is to build an anomaly detection model using real-time time series sensor data obtained from an Industrial Furnace IoT/OT system. The furnace operates in a remote or unmanned environment, which raises concerns about data security, tamper-proofing, and unauthorized access. This document outlines the steps taken to ensure the security and integrity of the data collected from the sensors.

1. Sensor Data Collection:
The sensor data is collected from a variety of sources, including temperature sensors, pressure sensors, flow rate sensors, and vibration sensors. The data is transmitted to a central server using a secure communication protocol, such as HTTPS or VPN.
2. Data Encryption:
To ensure the security of the data, we implement end-to-end encryption for all sensor data transmitted to the central server. The encryption uses a symmetric key algorithm, such as AES, with a key length of at least 256 bits. The key is securely shared between the sensor devices and the central server using a secure key exchange protocol, such as Diffie-Hellman.
3. Authentication and Authorization:
To prevent unauthorized access to the sensor data, we implement an authentication and authorization mechanism. Each sensor device is assigned a unique identifier and a secret key, which is securely shared with the central server. The sensor device authenticates itself to the central server using a challenge-response protocol, such as OAuth, and the central server verifies the authenticity of the sensor device before accepting any data.
4. Data Integrity:
To ensure the integrity of the data, we implement a digital signature scheme, such as RSA or ECDSA, to verify the authenticity of the data. The digital signature is generated by the sensor device using its private key and is verified by the central server using the corresponding public key. Any data with an invalid digital signature is rejected.
5. Data Storage:
The collected sensor data is stored in a secure database, such as MySQL or PostgreSQL, which is only accessible by authorized personnel. The database is encrypted using a disk encryption algorithm, such as AES, with a key length of at least 256",1
"How do you prioritize the implementation of sensors and monitoring systems for different types of furnaces, considering factors such as cost, ease of installation, and potential impact on furnace performance?","  Background Document: Industrial Furnace Monitoring and Sensor Prioritization

Introduction:
Industrial furnaces are critical assets in various manufacturing processes, and their performance and reliability are crucial for maintaining production efficiency and quality. Monitoring and sensor systems can help detect anomalies, predict maintenance needs, and optimize furnace performance. However, implementing sensors and monitoring systems for different types of furnaces can be challenging, considering factors such as cost, ease of installation, and potential impact on furnace performance. This document aims to provide a prioritized approach for implementing sensors and monitoring systems for various types of industrial furnaces.

1. Furnace Type and Characteristics:
The type and characteristics of the furnace play a significant role in determining the priority of sensor implementation. For example:
* Electric arc furnaces (EAFs) are commonly used in steel production and have a high temperature and short processing time. They require advanced monitoring systems to detect anomalies and optimize performance.
* Ladle furnaces are used in secondary steelmaking and have a lower temperature than EAFs. They require sensors to monitor ladle temperature, stirring, and argon purging.
* Vacuum furnaces are used in specialized industries, such as aerospace and automotive, and require advanced monitoring systems to maintain high vacuum levels and precise temperature control.
* Regenerative furnaces are used in heat treatment processes and have a high temperature gradient. They require sensors to monitor temperature uniformity and cooling rates.
2. Failure Modes and Impact:
Understanding the potential failure modes and their impact on furnace performance is essential for prioritizing sensor implementation. Common failure modes include:
* Temperature control: Furnaces can experience temperature fluctuations due to various factors, such as poor insulation, faulty heating elements, or control system issues. Temperature fluctuations can affect the quality of the product and reduce furnace efficiency.
* Overheating: Furnaces can overheat due to malfunctions or poor maintenance, leading to damage to the refractory lining, heating elements, or other components. Overheating can also cause safety issues and increase downtime.
* Cooling issues: Furnaces can",1
"Can you provide more information about the maintenance logs or operator reports that could be used to augment the sensor data? What kind of information do they contain, and how frequently are they recorded?","  Background Document: Industrial Furnace Maintenance Logs and Operator Reports

Introduction:
Industrial furnaces are critical assets in various manufacturing processes, and their proper functioning is essential to ensure product quality and avoid downtime. To build an effective anomaly model for detecting potential issues in real-time, it is crucial to leverage all available data sources, including maintenance logs and operator reports. This document provides an overview of the information contained in these logs and reports, as well as their frequency, to help augment the sensor data and improve the accuracy of the anomaly model.

Maintenance Logs:
Maintenance logs are records of all maintenance-related activities performed on the industrial furnace. These logs typically contain the following information:

1. Maintenance schedule: Details of routine maintenance tasks, such as cleaning, lubrication, and inspection, including the date, time, and duration of each activity.
2. Maintenance tasks: Description of the tasks performed, including repairs, replacements, and adjustments made to the furnace components.
3. Spare parts and materials: List of spare parts and materials used during maintenance tasks, including quantities and supplier information.
4. Labor hours: Total labor hours spent on each maintenance task, including the names of the technicians involved.
5. Equipment used: List of equipment used during maintenance tasks, such as tools, machinery, and diagnostic equipment.
6. Problems encountered: Description of any issues or problems encountered during maintenance, including troubleshooting steps taken to resolve them.
7. Next maintenance schedule: Recommendations for the next maintenance schedule, including the type of maintenance required and the expected duration.

Operator Reports:
Operator reports are records of the furnace's performance and any issues encountered during operation. These reports typically contain the following information:

1. Furnace performance: Details of the furnace's performance, including temperature, pressure, and flow rate.
2. Operating conditions: Description of the operating conditions, such as the type of fuel used, feed rate, and product quality.
3. Issues encountered: Description of any issues or problems encountered during operation, including anomalies, alarms, and trips.
4. Corrective actions: Description of any",1
"Are there any potential ethical or safety concerns associated with the use of AI in the Industrial Furnace system? For example, what if the model fails to detect an anomaly that leads to a safety incident?","  Background Document: Ethical and Safety Considerations in the Use of AI in Industrial Furnace Systems

Introduction:
The use of AI in Industrial Furnace systems has the potential to revolutionize the way these systems are monitored and controlled. However, as with any new technology, there are potential ethical and safety concerns that must be addressed. In this document, we will explore some of the potential ethical and safety concerns associated with the use of AI in Industrial Furnace systems.

1. Failure to Detect Anomalies:
One of the primary concerns with the use of AI in Industrial Furnace systems is the potential for the model to fail to detect anomalies. If the model is not able to detect an anomaly that leads to a safety incident, it could result in serious consequences, including injury or loss of life. For example, if the AI model fails to detect a malfunction in the furnace's temperature control system, it could result in a fire or explosion.
2. Bias in Data Collection:
Another concern is the potential for bias in the data collection process. If the data used to train the AI model is biased in some way, this bias could be reflected in the model's predictions. For example, if the data used to train the model is collected from a furnace that is not representative of the entire system, the model may not be able to accurately detect anomalies in other furnaces.
3. Lack of Transparency:
It is important to ensure that the AI model is transparent in its decision-making process. If the model is not transparent, it may be difficult to understand why it is making certain predictions, which could lead to confusion and mistrust. For example, if the model is not transparent, it may be difficult to understand why it is predicting a failure in a particular furnace when there is no apparent reason for it.
4. Dependence on Sensor Data:
The accuracy of the AI model is dependent on the quality and reliability of the sensor data used to train it. If the sensor data is not accurate or reliable, the model may not be able to detect anomalies accurately. For example, if the temperature sensor is not functioning properly, the model may not be able to detect a temperature anom",1
"Can you provide more information on the maintenance schedules and procedures currently in place for industrial furnaces, and how might these be impacted by the implementation of an anomaly detection model?","  Background Document: Industrial Furnace Maintenance and Anomaly Detection

Introduction:
Industrial furnaces are critical assets in various industries, including metals, chemicals, and petrochemicals. They are used for various processes such as heat treatment, smelting, and refining. Furnaces are complex systems that require regular maintenance to ensure proper functioning and prevent unexpected downtime. This document provides an overview of the maintenance schedules and procedures currently in place for industrial furnaces and explores how the implementation of an anomaly detection model might impact these processes.

Maintenance Schedules and Procedures:
Industrial furnaces require regular maintenance to prevent equipment failure, ensure product quality, and maintain worker safety. The maintenance schedules and procedures typically include:

1. Routine inspections: Furnace components, such as heating elements, insulation, and control systems, are inspected regularly to identify any wear and tear, damage, or malfunctioning.
2. Preventive maintenance: Preventive maintenance tasks, such as cleaning, lubricating, and replacing worn-out parts, are performed regularly to prevent equipment failure and maintain optimal performance.
3. Predictive maintenance: Predictive maintenance techniques, such as vibration analysis and thermography, are used to identify potential issues before they cause equipment failure.
4. Shutdown maintenance: Furnaces are shut down periodically for maintenance, which includes cleaning, inspecting, and repairing or replacing components.
5. Emergency maintenance: Emergency maintenance is performed when unexpected issues arise, such as a furnace malfunction or equipment failure.

Impact of Anomaly Detection Model:
The implementation of an anomaly detection model can significantly impact the maintenance schedules and procedures for industrial furnaces. Here are some potential ways:

1. Real-time monitoring: An anomaly detection model can monitor furnace performance in real-time, allowing for quicker identification of potential issues. This can help prevent equipment failure and reduce downtime.
2. Predictive maintenance: By analyzing sensor data, an anomaly detection model can identify patterns and trends that indicate potential equipment failure. This can help predict when maintenance is required, reducing the need for routine maintenance and increasing the efficiency of predictive",1
"How does the control system integrate with other systems, such as maintenance management or quality control, to ensure that the furnace is properly maintained and that the products meet quality standards?","  Background Document: Industrial Furnace Control System Integration

Introduction:
The industrial furnace is a critical asset in various industries, including metals, chemicals, and petrochemicals. The control system of the furnace plays a vital role in ensuring that the furnace operates within desired parameters, producing high-quality products while maintaining optimal efficiency. This document discusses the integration of the furnace control system with other systems, such as maintenance management and quality control, to ensure that the furnace is properly maintained and that the products meet quality standards.

1. Control System Overview:
The furnace control system is responsible for monitoring and controlling various parameters, including temperature, pressure, flow rate, and chemical composition. The system typically consists of a programmable logic controller (PLC) or a distributed control system (DCS), sensors, and actuators. The PLC/DCS receives input signals from sensors and sends output signals to actuators to maintain the desired process variables within setpoints.
2. Integration with Maintenance Management System:
The furnace control system should integrate with the maintenance management system to ensure that the furnace is properly maintained. The maintenance management system should provide alerts and notifications for scheduled maintenance, spare part replacements, and repairs. The integration should enable the following features:

a. Predictive Maintenance:
The integration should allow for predictive maintenance, where the furnace control system sends data to the maintenance management system for analysis. The analysis can predict potential failures, allowing for proactive maintenance, reducing downtime, and increasing productivity.

b. Real-time Alerts:
The furnace control system should send real-time alerts to the maintenance management system in case of any anomalies or deviations from setpoints. This enables maintenance personnel to address issues promptly, reducing the likelihood of equipment failure and minimizing downtime.

c. Maintenance Scheduling:
The maintenance management system should schedule maintenance activities based on the furnace's operating schedule, ensuring that maintenance activities do not interfere with production. The system should also provide notifications and reminders for upcoming maintenance activities.
3. Integration with Quality Control System:
The furnace control system should integrate with the quality control system to ensure that the products",1
"Are there any challenges or limitations associated with integrating data from multiple sensors, such as data compatibility, signal noise, or processing complexity? How can these challenges be addressed?","  Background Document: Industrial Furnace Anomaly Detection using Real-time Sensor Data

Introduction:
Industrial furnaces are critical assets in various manufacturing processes, and their efficient operation is crucial for maintaining product quality and avoiding costly downtime. To ensure furnace health and prevent unexpected failures, it is essential to monitor their performance using real-time sensor data. However, integrating data from multiple sensors can pose several challenges, such as data compatibility, signal noise, and processing complexity. This document discusses these challenges and proposes ways to address them.

Challenges with Integrating Data from Multiple Sensors:

1. Data Compatibility:
Sensors used in industrial furnaces often generate data in different formats, making it challenging to integrate and analyze the data. For instance, temperature sensors may use different measurement scales, while pressure sensors may have varying units. Incompatibility issues can lead to incorrect data analysis, which may result in false alarms or missed detections.
2. Signal Noise:
Industrial sensors are prone to signal noise, which can negatively impact anomaly detection models. Noisy data can be caused by various factors, such as electromagnetic interference, sensor malfunctions, or environmental conditions. If not addressed, signal noise can lead to false positives or false negatives, reducing the accuracy of the anomaly detection model.
3. Processing Complexity:
Real-time sensor data processing requires sophisticated algorithms and powerful computational resources. The complexity of processing large amounts of data from multiple sensors can lead to delays in data analysis, which may result in missed detections or slow response times. Moreover, processing complexity can also increase the risk of model errors, affecting the accuracy of anomaly detection.

Addressing Challenges:

1. Data Normalization:
To address data compatibility issues, it is essential to normalize the data before feeding it into the anomaly detection model. Data normalization involves scaling the data to a common range, usually between 0 and 1, to facilitate integration and analysis. Normalization techniques, such as Min-Max Scaling or Z-Score Normalization, can be applied to ensure data consistency and improve model accuracy.
2. Signal Filtering",1
How can the implementation of redundant systems and backup plans help minimize downtime and ensure continued operation in the event of a failure? Can you provide examples of successful implementations?,"  Background Document: Industrial Furnace Anomaly Detection and Redundancy Planning

Introduction:
Industrial furnaces are critical assets in various manufacturing processes, and their downtime can significantly impact production schedules and revenue. To minimize downtime and ensure continued operation, implementing redundant systems and backup plans can be highly effective. This document discusses the importance of redundant systems and backup plans in industrial furnaces and provides examples of successful implementations.

Importance of Redundant Systems and Backup Plans:
Redundant systems and backup plans are essential for ensuring that critical operations continue uninterrupted, even in the event of a failure. In the context of industrial furnaces, these systems and plans can help mitigate the impact of various failure modes, such as equipment failure, power outages, and process upsets.

Redundant Systems:
Redundant systems are designed to take over the functioning of a primary system in case of a failure. In the context of industrial furnaces, redundant systems can include:

1. Duplicate furnace components: Duplicating critical furnace components, such as heating elements, temperature control systems, and safety devices, can ensure that production continues uninterrupted in case of a failure.
2. Standby furnaces: Having a standby furnace that can take over production in case of a failure can minimize downtime. Standby furnaces can be fully equipped and ready to operate, or they can be designed to be quickly assembled and brought online.
3. Redundant power supplies: Ensuring that power supplies are redundant can prevent downtime due to power outages. This can be achieved by using uninterruptible power supplies (UPS), generators, or dual power feeds.

Backup Plans:
Backup plans are procedures and strategies that can be implemented in case of a failure. These plans should be well-documented, regularly reviewed, and communicated to all relevant stakeholders. Backup plans for industrial furnaces can include:

1. Emergency response procedures: Emergency response procedures should be in place to address any unexpected failures or events. These procedures should outline the steps to be taken, the personnel responsible for implementing them, and the communication channels to be used.
2. Maintenance sched",1
"How do you balance the cost of refractory materials and installation with the need for a durable and effective lining, and what are some strategies for reducing costs without compromising performance?","  Background Document: Refractory Materials and Installation Cost Optimization for Industrial Furnaces

Introduction:
Industrial furnaces are critical components in various manufacturing processes, and their performance and efficiency play a significant role in determining the overall productivity and profitability of the production line. One of the essential components of an industrial furnace is its lining, which is made of refractory materials that protect the furnace's shell from extreme temperatures, corrosion, and wear. However, the cost of refractory materials and installation can be substantial, and finding a balance between cost and performance is crucial. This document provides an overview of the factors that affect the cost of refractory materials and installation, as well as strategies for reducing costs without compromising performance.

Factors Affecting Cost:

1. Refractory Materials: The type and quality of refractory materials used significantly impact the cost of the lining. High-quality materials, such as ceramic fiber blankets or high-alumina refractory bricks, are more expensive but offer better performance and longevity.
2. Installation Methods: The installation method used can also affect the cost of the lining. Traditional installation methods, such as brick-and-mortar or dry-out, can be time-consuming and labor-intensive, leading to higher costs.
3. Furnace Design: The design of the furnace, including its size, shape, and operating conditions, can influence the cost of the lining. For example, a larger furnace may require more refractory materials, increasing the cost.
4. Supply and Demand: Market fluctuations in the demand for refractory materials and the availability of supply can also impact the cost.

Strategies for Reducing Costs:

1. Optimize Furnace Design: Designing the furnace with a focus on efficiency and longevity can help reduce the cost of the lining. This can include using a modular design, which allows for easier maintenance and replacement of the lining, and optimizing the furnace's operating conditions to reduce wear and tear on the lining.
2. Use Alternative Materials: Consider using alternative refractory materials that offer similar performance at",1
"How do you envision the integration of sensor data with other data sources, such as maintenance records or process control data, to enhance anomaly detection and predictive maintenance capabilities?","  Background Document: Integration of Sensor Data with Other Data Sources for Anomaly Detection and Predictive Maintenance in Industrial Furnaces

Introduction:
The industrial furnace is a critical asset in various industries, and its downtime can significantly impact production and revenue. To minimize downtime and improve overall efficiency, it is essential to detect anomalies and predict maintenance needs. One way to achieve this is by integrating sensor data with other data sources, such as maintenance records or process control data. This document outlines how this integration can enhance anomaly detection and predictive maintenance capabilities.

I. Importance of Integrating Sensor Data with Other Data Sources

1.1. Sensor Data Limitations: Sensor data provides valuable insights into the current state of the furnace, but it has its limitations. For instance, sensor data may not capture all the possible failure modes, and some failures may not be detectable by sensors.

1.2. Complementary Nature of Data Sources: Maintenance records and process control data can provide additional information about the furnace's history, operation, and performance. Integrating these data sources with sensor data can help identify patterns and trends that may not be apparent from sensor data alone.

II. Types of Data to Integrate

2.1. Maintenance Records: Maintenance records contain information about past maintenance activities, including repairs, replacements, and cleaning schedules. This information can help identify recurring issues and predict future maintenance needs.

2.2. Process Control Data: Process control data includes information about the furnace's operation, such as temperature, pressure, and flow rates. This data can help identify deviations from normal operating conditions, which can indicate potential failures.

III. Methods for Integrating Sensor Data with Other Data Sources

3.1. Data Fusion: Data fusion techniques combine data from multiple sources and generate a comprehensive view of the furnace's state. For example, sensor data can be fused with maintenance records to identify patterns in equipment failures and predict future maintenance needs.

3.2. Machine Learning: Machine learning algorithms can be trained on historical data to identify relationships between sensor data, maintenance records, and process control data. These algorithms can",1
"Can you discuss the potential consequences of neglecting maintenance tasks for industrial furnace components, and have there been any instances where lack of maintenance has led to serious problems?","  Background Document: Industrial Furnace Maintenance and Anomaly Detection

Introduction:
Industrial furnaces are critical assets in various manufacturing processes, and their proper maintenance is essential to ensure smooth operations, avoid downtime, and prevent safety hazards. Neglecting maintenance tasks for industrial furnace components can have severe consequences, including equipment failure, production delays, and safety risks. In this document, we will discuss the potential consequences of neglecting maintenance tasks and explore instances where lack of maintenance has led to serious problems.

1. Consequences of Neglecting Maintenance Tasks:

a. Equipment Failure: Neglecting maintenance tasks can lead to equipment failure, which can result in costly repairs, replacement, and downtime. For example, a furnace's heating element failure can cause the furnace to shut down, leading to production delays and revenue loss.

b. Safety Risks: A poorly maintained furnace can pose safety risks to operators and nearby personnel. For instance, a furnace's malfunctioning temperature control system can cause overheating, which can lead to explosions, fires, or exposure to toxic fumes.

c. Decreased Efficiency: Neglecting maintenance tasks can result in decreased efficiency, increased energy consumption, and lower product quality. For example, a dirty furnace can lead to reduced heat transfer, increased fuel consumption, and lower product quality.

d. Environmental Impact: Poorly maintained furnaces can harm the environment by releasing excessive emissions, pollutants, and greenhouse gases.

2. Instances of Lack of Maintenance Leading to Serious Problems:

a. Furnace Explosion: In 2019, a furnace explosion at a steel plant in the United States resulted in four fatalities and several injuries. The accident was attributed to a lack of proper maintenance, which led to a buildup of flammable gases inside the furnace.

b. Production Delays: A chemical plant in Europe experienced prolonged production delays due to a lack of maintenance on their furnace. The furnace's heating element failed, causing a shutdown that lasted several days",1
"Can you provide examples of how predictive maintenance techniques, such as vibration analysis or thermography, have been used to identify potential issues in the furnace before they cause failures?","  Background Document: Industrial Furnace Predictive Maintenance using Vibration Analysis and Thermography

Introduction:
Industrial furnaces are critical assets in various manufacturing processes, and their downtime can significantly impact production and revenue. Predictive maintenance techniques, such as vibration analysis and thermography, have been widely used in recent years to identify potential issues in the furnace before they cause failures. This document provides examples of how these techniques have been applied in industrial furnaces.

Vibration Analysis:
Vibration analysis is a widely used predictive maintenance technique that involves measuring the vibration of machinery to detect any abnormalities. In the case of industrial furnaces, vibration analysis can be used to monitor the combustion process, heat transfer, and mechanical components. Accelerometers or vibration sensors are typically mounted on the furnace to measure the vibration. The data collected from these sensors can be analyzed using various techniques, such as Fast Fourier Transform (FFT) or machine learning algorithms, to detect any anomalies or patterns that may indicate a potential issue.

For example, a study published in the Journal of Vibration and Acoustics (2018) used vibration analysis to monitor the combustion process in a natural gas-fired furnace. The study found that vibration analysis could detect anomalies in the combustion process, such as flame instability, which could lead to furnace failure. The authors suggested that vibration analysis could be used as a predictive maintenance tool to identify potential issues before they cause furnace failures.

Thermography:
Thermography is a non-destructive testing technique that uses thermal imaging cameras to detect temperature anomalies in equipment. In the case of industrial furnaces, thermography can be used to monitor the temperature of the furnace walls, roof, and other components. Thermal imaging cameras can detect temperature anomalies that may indicate a potential issue, such as overheating or cooling, which could lead to furnace failure.

For example, a study published in the Journal of Thermal Analysis and Calorimetry (2019) used thermography to monitor the temperature of a laboratory-scale furnace. The study found that thermography could detect temperature anom",1
"Are there any emerging trends or technologies in furnace monitoring and control that could potentially enhance the accuracy, reliability, or efficiency of the sensors and systems discussed earlier?","  Background Document: Emerging Trends and Technologies in Furnace Monitoring and Control

Introduction:
The industrial furnace is a critical asset in various industries, including metals, minerals, and chemicals. With the increasing emphasis on efficiency, reliability, and safety, there is a growing need for advanced monitoring and control systems. This document provides an overview of emerging trends and technologies in furnace monitoring and control that could potentially enhance the accuracy, reliability, or efficiency of the sensors and systems discussed earlier.

1. IoT and Cloud Computing:
The Industrial Internet of Things (IIoT) has revolutionized the way data is collected, processed, and analyzed. The integration of IoT devices with cloud computing enables real-time monitoring, predictive maintenance, and data-driven decision-making. By leveraging cloud-based platforms, furnace operators can access data from multiple sources, perform advanced analytics, and receive alerts and recommendations for optimizing furnace performance.
2. Artificial Intelligence and Machine Learning:
Artificial intelligence (AI) and machine learning (ML) algorithms can be trained on historical data to identify patterns, detect anomalies, and predict furnace behavior. These algorithms can optimize furnace performance by identifying the optimal temperature, flow rate, and other parameters. Additionally, AI-powered chatbots can assist operators in troubleshooting issues, reducing downtime, and improving overall efficiency.
3. Big Data Analytics:
The vast amount of data generated by furnace sensors can be overwhelming, but big data analytics can help extract valuable insights. By applying techniques such as predictive analytics, data mining, and text analytics, furnace operators can identify trends, detect anomalies, and predict potential failures. Big data analytics can also help optimize energy consumption, reduce waste, and improve product quality.
4. Remote Monitoring and Control:
Remote monitoring and control systems enable furnace operators to monitor and adjust furnace parameters from a central location. These systems can be integrated with IoT devices, sensors, and cloud computing platforms to provide real-time data and insights. Remote monitoring and control can reduce the need for on-site visits, minimize downtime, and improve",1
"Are there any constraints or limitations on the model's complexity or computational requirements? For example, are there any limitations on the amount of data that can be processed in real-time?","  Background Document:

Industrial Furnace Anomaly Detection using Real-time Sensor Data

Introduction:
The goal of this project is to develop an anomaly detection model using real-time time series sensor data obtained from an Industrial Furnace system. The model should be able to detect anomalies in real-time and alert the operators to take corrective action.

System Description:
The Industrial Furnace system consists of several sensors that measure various parameters such as temperature, pressure, flow rate, and chemical composition. The system is critical to the production process, and any downtime or malfunction can result in significant losses.

Objectives:
The objectives of this project are to:

1. Develop a real-time anomaly detection model using sensor data.
2. Identify the most critical components of the Industrial Furnace system that require anomaly detection.
3. Determine the most common failure modes and their impact on the system.
4. Evaluate the effectiveness of the sensor data in detecting anomalies.

Constraints and Limitations:

1. Computational Resources: The model should be designed to run on a local computer or edge device with limited computational resources.
2. Data Processing: The model should be able to process data in real-time, and the amount of data processed should be limited to avoid overwhelming the system.
3. Sensor Data Quality: The sensor data should be cleaned and filtered to ensure that only accurate and relevant data is used for anomaly detection.
4. Model Complexity: The model should be simple enough to be interpretable by the operators and maintenance personnel.
5. Real-time Performance: The model should be able to detect anomalies in real-time to minimize downtime and prevent equipment damage.

Additional Information:

1. User Messages: The system should allow operators to input messages or comments related to the anomalies detected by the model.
2. Domain Knowledge: The model should leverage domain knowledge from subject matter experts to identify the most critical components and failure modes.
3. Data Visualization: The model should provide visualizations of the sensor data and anomalies detected to aid operators in understanding the issues.

Questions for Subject M",1
"Are there any specific challenges or limitations associated with monitoring and analyzing the sensor data in real-time, such as data quality issues or the need for advanced analytics techniques?","  Background Document: Industrial Furnace Anomaly Detection using Real-time Sensor Data

Introduction:
Industrial furnaces are critical assets in various manufacturing processes, and their proper functioning is essential to ensure product quality and avoid downtime. Monitoring and analyzing sensor data in real-time can help detect anomalies and prevent unexpected failures. However, there are specific challenges and limitations associated with this approach. This document discusses these challenges and outlines the necessary steps to overcome them.

Challenges and Limitations:

1. Data Quality Issues:
Sensor data can be noisy, incomplete, or inconsistent, which can affect the accuracy of anomaly detection models. Factors such as sensor calibration, signal interference, and data transmission errors can contribute to data quality issues.
2. Advanced Analytics Techniques:
Real-time anomaly detection requires advanced analytics techniques, such as machine learning algorithms, statistical modeling, and signal processing. These techniques demand significant computational resources and expertise, which can be a challenge for many organizations.
3. Sensor Data Resolution:
The resolution of sensor data can be too coarse to detect certain anomalies, especially in cases where the anomalies are subtle or short-lived. Insufficient sensor data resolution can lead to false negatives or missed detections.
4. Sensor Data Sampling Rate:
The sampling rate of sensor data can be too low to capture rapid changes in the data, leading to missed anomalies or false negatives. Increasing the sampling rate can help but may also increase data storage and processing requirements.
5. Non-Stationarity:
Industrial furnace sensor data can be non-stationary, meaning that the statistical properties of the data change over time. Non-stationarity can make it challenging to train models that are accurate across different operating conditions and time periods.
6. Limited Visibility:
Sensor data may not provide complete visibility into the furnace's internal processes, making it difficult to detect certain anomalies. For example, temperature sensors may not capture the effects of a malfunctioning heating element or a cooling issue.
7. Alarm Fatigue:
Real-time anomaly detection systems can generate a high volume",1
"Are there any specific components of the furnace that are more prone to failure or have a higher maintenance frequency? If so, can we prioritize those components in the anomaly detection model?","  Background Document: Industrial Furnace Anomaly Detection

Introduction:
The goal of this project is to build an anomaly detection model using real-time time series sensor data obtained from an IoT/OT system for an industrial furnace. The furnace is a critical asset in the manufacturing process, and its failure can result in significant downtime and loss of production. Therefore, it is essential to detect any anomalies or unusual behavior in the furnace's components to prevent such failures.

Component Failure Modes:
The following are some of the critical components of an industrial furnace and their potential failure modes:

1. Heating Elements: The heating elements, such as thermocouples, are responsible for maintaining the desired temperature within the furnace. Failure modes include overheating, underheating, or failure to maintain a consistent temperature.
2. Temperature Control System: The temperature control system is responsible for regulating the temperature of the furnace. Failure modes include malfunctioning of the control system, sensor failure, or actuator failure.
3. Furnace Insulation: The furnace insulation is responsible for maintaining the heat inside the furnace and preventing heat loss. Failure modes include degradation of insulation, cracks, or holes in the insulation material.
4. Cooling System: The cooling system is responsible for removing excess heat from the furnace. Failure modes include malfunctioning of the cooling system, clogged cooling lines, or failure of the cooling pumps.
5. Electrical System: The electrical system is responsible for powering the furnace. Failure modes include electrical shorts, overvoltage, undervoltage, or failure of the electrical components.

Maintenance Frequency:
The maintenance frequency of the furnace components varies depending on the component and its usage. The heating elements, for example, may require more frequent maintenance compared to the temperature control system. The maintenance schedule should be reviewed to determine the components that require more frequent maintenance and prioritize those components in the anomaly detection model.

Sensor Data:
The sensor data used for anomaly detection should include temperature readings, pressure readings, flow rate readings, and electrical parameters such",1
How do the sensors' measurement frequencies and data acquisition rates impact the accuracy and effectiveness of anomaly detection? Is there a trade-off between sampling rate and data quality?,"  Background Document:

Industrial Furnace Anomaly Detection Using Real-Time Sensor Data

Introduction:
The industrial furnace is a critical asset in various manufacturing processes, and its proper functioning is essential to ensure product quality and avoid downtime. Anomaly detection in real-time sensor data can help identify potential issues before they become major problems. This document discusses the impact of sensor measurement frequencies and data acquisition rates on the accuracy and effectiveness of anomaly detection in industrial furnaces.

Sensor Measurement Frequencies:
The measurement frequency of sensors refers to the rate at which they capture data. The choice of measurement frequency depends on the specific sensor, the process it is monitoring, and the desired level of accuracy. In general, higher measurement frequencies provide more granular data, which can improve the accuracy of anomaly detection. However, increasing the measurement frequency also increases the volume of data, which can lead to higher computational costs and potential data quality issues.

Data Acquisition Rates:
Data acquisition rate refers to the speed at which data is collected and transmitted from the sensors to the monitoring system. A higher data acquisition rate allows for faster detection of anomalies, as it provides more timely data. However, a higher data acquisition rate also increases the likelihood of data transmission errors, data packet loss, and other issues that can impact data quality.

Trade-Off between Sampling Rate and Data Quality:
There is a trade-off between sampling rate and data quality. A higher sampling rate can provide more accurate anomaly detection, but it also increases the risk of data quality issues. Conversely, a lower sampling rate may reduce data quality issues but can also decrease the accuracy of anomaly detection. The ideal sampling rate and data acquisition rate depend on the specific application, the type of sensor data, and the desired level of accuracy.

Factors Affecting Anomaly Detection:
Several factors can impact the accuracy and effectiveness of anomaly detection in industrial furnaces. These include:

1. Sensor accuracy and precision: The accuracy and precision of the sensors used to measure various parameters such as temperature, pressure, and flow rate can impact the accuracy of anomaly detection.
2. Noise and interference: Noise and interference in the",1
"How do you envision the anomaly detection model being integrated into the existing control systems and operations of the furnace, and what kind of feedback loops or alerts would be generated?","  Background Document: Anomaly Detection Model for Industrial Furnace

Introduction:
The goal of this project is to develop an anomaly detection model for an industrial furnace using real-time time series sensor data obtained from IoT/OT systems. The model will be integrated into the existing control systems and operations of the furnace to detect and alert any anomalies or abnormal behavior.

Important Components for Anomaly Detection:

1. Sensor Data: The furnace is equipped with a range of sensors that measure various parameters such as temperature, pressure, flow rate, and chemical composition. The sensor data will be used to develop the anomaly detection model.
2. Control Systems: The furnace control system is responsible for regulating the various parameters within set limits. The anomaly detection model will be integrated into the control system to detect any deviations from the set limits.
3. Operations: The furnace operations team is responsible for monitoring the furnace and taking corrective actions when necessary. The anomaly detection model will provide real-time alerts to the operations team in case of any anomalies.

Failure Modes:

1. Temperature Excursions: The furnace temperature can excursion beyond the set limits, leading to defects in the product or damage to the furnace components.
2. Pressure Build-up: A pressure build-up in the furnace can lead to explosions or equipment damage.
3. Chemical Imbalance: An imbalance in the chemical composition of the furnace can lead to poor product quality or damage to the furnace components.
4. Equipment Failure: Failure of furnace components such as heating elements, pumps, or valves can lead to downtime and loss of production.

Sensor Data for Anomaly Detection:

1. Temperature sensors: Temperature sensors will provide real-time data on the furnace temperature, which can be used to detect temperature excursions.
2. Pressure sensors: Pressure sensors will provide real-time data on the furnace pressure, which can be used to detect pressure build-ups.
3. Chemical sensors: Chemical sensors will provide real-time data on the chemical composition of",1
"Are there any specific times or periods during which the furnace is more likely to experience anomalies or failures? If so, how can we adjust the anomaly model to account for these patterns?","  Background Document: Industrial Furnace Anomaly Detection

Introduction:
The goal of this project is to build an anomaly model for an industrial furnace using real-time time series sensor data obtained from IoT/OT systems. The furnace is a critical asset in the production process, and any downtime or malfunction can result in significant losses for the company. Therefore, it is essential to detect anomalies and predict failures to prevent unexpected downtime and maintain optimal performance.

Asset Overview:
An industrial furnace is a complex piece of equipment used in various industries, such as metals, chemicals, and petrochemicals. It is used for various processes, including heat treatment, melting, and calcination. The furnace consists of several components, including heating elements, insulation, and control systems.

Important Components for Anomaly Detection:

1. Temperature sensors: These sensors measure the temperature of the furnace and its components. Temperature readings are critical in detecting anomalies, as any deviation from the expected temperature range can indicate a failure.
2. Pressure sensors: These sensors measure the pressure inside the furnace and its components. Pressure readings can help detect anomalies in the furnace's operation, such as a buildup of pressure that can lead to explosions.
3. Flow rate sensors: These sensors measure the flow rate of gases, fluids, or solids entering or leaving the furnace. Flow rate readings can help detect anomalies in the furnace's operation, such as a decrease in flow rate that can indicate a blockage.
4. Vibration sensors: These sensors measure the vibration of the furnace and its components. Vibration readings can help detect anomalies in the furnace's operation, such as increased vibration that can indicate a mechanical failure.

Important Failure Modes:

1. Overheating: Overheating can occur due to various reasons, such as a malfunction in the heating elements or insulation failure. Overheating can lead to damage to the furnace's components and potentially cause a fire.
2. Underheating: Underheating can occur due to various reasons, such",1
"Have there been any instances where the furnace has experienced a failure that was not related to temperature, pressure, or flow rate? If so, what were the root causes of those failures?","  Background Document: Industrial Furnace Anomaly Detection

Introduction:
The goal of this project is to build an anomaly model using real-time time series sensor data obtained from an IoT/OT system for an industrial furnace. The furnace is a critical asset in the production process, and any downtime or failure can result in significant losses for the company. The aim is to identify anomalies in the furnace's behavior that may indicate a potential failure or abnormality, and to detect these anomalies in real-time to minimize downtime and maintenance costs.

Scope:
The scope of this project includes analyzing sensor data from the furnace to identify potential failure modes and build a model that can detect anomalies in real-time. The project will focus on identifying failures that are not related to temperature, pressure, or flow rate, as these are already well-established failure modes.

Background:
Industrial furnaces are complex systems that are critical to many manufacturing processes. They are used to heat materials to high temperatures, often in excess of 1000°C, and are typically operated continuously for extended periods. The furnace consists of several components, including the heating elements, temperature control systems, and gas flow control systems.

Failure Modes:
The following are some potential failure modes that are not related to temperature, pressure, or flow rate:

1. Electrical failures: The furnace's electrical systems, including the heating elements, control systems, and power supply, can fail due to wear and tear, overheating, or electrical surges.
2. Mechanical failures: Mechanical components, such as fans, pumps, and valves, can fail due to wear and tear, misalignment, or overloading.
3. Software failures: The furnace's control software can fail due to bugs, viruses, or improper configuration.
4. Sensor failures: The furnace's sensor systems, which monitor temperature, pressure, and flow rate, can fail due to calibration issues, sensor drift, or physical damage.

Question:
Have there been any instances where the furnace has experienced a failure that was not related to temperature, pressure, or flow rate? If",1
"Are there any plans to explore the use of emerging sensor technologies, such as fiber-optic sensors or wireless sensor networks, for industrial furnace monitoring and anomaly detection?","  Background Document: Industrial Furnace Monitoring and Anomaly Detection using Emerging Sensor Technologies

Introduction:
Industrial furnaces are critical assets in various manufacturing processes, and their proper functioning is essential for ensuring product quality, efficiency, and safety. With the increasing emphasis on Industry 4.0 and the integration of emerging technologies in industrial settings, there is a growing interest in leveraging advanced sensor technologies for furnace monitoring and anomaly detection. This document aims to explore the potential benefits and challenges of using emerging sensor technologies, such as fiber-optic sensors or wireless sensor networks, for industrial furnace monitoring and anomaly detection.

Importance of Furnace Monitoring:
Industrial furnaces are complex systems that involve various processes, including heating, cooling, and chemical reactions. Any anomaly or deviation from the normal operating conditions can result in reduced product quality, decreased efficiency, and even safety hazards. Therefore, it is crucial to monitor the furnace's performance in real-time to detect any anomalies or issues promptly.

Emerging Sensor Technologies:
Fiber-optic sensors and wireless sensor networks are two emerging technologies that have shown great promise in industrial monitoring applications. Fiber-optic sensors are highly accurate, immune to electromagnetic interference, and can operate in harsh environments. They can measure various physical parameters, such as temperature, pressure, and strain, and can be integrated into furnace components, such as thermocouples, pressure sensors, and accelerometers.

Wireless sensor networks, on the other hand, offer a cost-effective and flexible solution for monitoring industrial assets. They consist of a network of sensors that communicate with each other and a central gateway, enabling real-time data collection and analysis. These sensors can be placed in various locations, such as on furnace walls, inside the furnace, or on nearby equipment, to monitor temperature, pressure, vibration, and other parameters.

Benefits of Emerging Sensor Technologies:
The use of emerging sensor technologies for industrial furnace monitoring and anomaly detection offers several benefits, including:

1. Improved accuracy: Fiber-opt",1
"Can you discuss the role of data analytics in industrial furnace maintenance, and how data can be used to predict when maintenance will be required or to optimize maintenance schedules?","  Background Document: Industrial Furnace Maintenance and Data Analytics

Introduction:
Industrial furnaces are critical assets in various industries, including metals, chemicals, and petrochemicals. They are used for various processes such as heat treatment, smelting, and refining. Furnace maintenance is crucial to ensure their optimal performance, longevity, and safety. Data analytics can play a vital role in predicting when maintenance will be required and optimizing maintenance schedules. In this document, we will discuss the role of data analytics in industrial furnace maintenance and explore how data can be used to improve maintenance practices.

Importance of Furnace Maintenance:
Regular maintenance is essential to ensure the furnace operates at its optimal level, minimizing downtime and reducing the risk of accidents. Furnace maintenance involves inspecting, cleaning, and replacing components to prevent equipment failure, which can lead to costly repairs, production delays, and safety hazards.

Role of Data Analytics in Furnace Maintenance:
Data analytics can help predict when maintenance will be required, optimize maintenance schedules, and improve furnace performance. The following are some ways data analytics can be applied in furnace maintenance:

1. Predictive Maintenance: Real-time data from sensors can be used to predict when maintenance will be required. Sensors can monitor temperature, pressure, flow rate, and other parameters to detect anomalies and alert maintenance personnel to take preventive action before a failure occurs.
2. Condition-Based Maintenance: Data analytics can help identify the condition of the furnace and its components, enabling maintenance personnel to focus on the most critical areas. By analyzing data from sensors, maintenance can be scheduled when it is most needed, reducing downtime and increasing productivity.
3. Predictive Modeling: Historical data can be used to create predictive models that forecast when maintenance will be required. These models can take into account various factors such as equipment age, operating conditions, and maintenance history to provide accurate predictions.
4. Root Cause Analysis: Data analytics can help identify the root cause of equipment failures. By analyzing data from sensors and equipment, maintenance personnel can identify patterns and trends that indicate",1
"Can you describe the HMI used by operators to adjust the furnace's settings remotely, and what kind of training is provided to operators to ensure they can use the system effectively?","  Background Document: Industrial Furnace Remote Monitoring and Control System

Introduction:
The Industrial Furnace Remote Monitoring and Control System is a comprehensive solution that enables operators to monitor and adjust the furnace's settings remotely. The system is designed to provide real-time data and insights, enabling operators to make informed decisions and optimize the furnace's performance.

HMI Description:
The Human-Machine Interface (HMI) used by operators to adjust the furnace's settings remotely is a web-based platform that provides a user-friendly and intuitive interface. The platform allows operators to monitor the furnace's performance in real-time, including temperature, pressure, and flow rate. The HMI also enables operators to adjust the furnace's settings, such as temperature setpoints, fuel flow rates, and fan speeds, remotely.

The HMI is designed to provide operators with a comprehensive view of the furnace's performance, enabling them to quickly identify any anomalies or issues. The platform also includes alerts and notifications, which are triggered when the furnace's performance deviates from the set parameters.

Training:
To ensure that operators can use the system effectively, a comprehensive training program is provided. The training program includes both theoretical and practical sessions, covering the following topics:

1. System Overview: An overview of the remote monitoring and control system, including its components, features, and benefits.
2. HMI Navigation: A step-by-step guide to navigating the HMI, including how to access different screens, how to interpret data, and how to adjust settings.
3. Data Analysis: Training on how to analyze data and identify trends, anomalies, and issues.
4. Alerts and Notifications: Training on how to configure and manage alerts and notifications, including how to set up threshold values and how to respond to alerts.
5. Troubleshooting: Training on how to troubleshoot common issues and how to use the system to diagnose and resolve problems.
6. Safety Procedures: Training on safety procedures and protocols, including how to safely access the furnace, how to use personal protective equipment, and how to respond to emergencies.
",1
Can you discuss the role of machine learning algorithms in analyzing sensor data and detecting anomalies? How might these algorithms be trained and validated using historical data?,"  Background Document: Industrial Furnace Anomaly Detection using Machine Learning

Introduction:
Industrial furnaces are critical assets in various manufacturing processes, and their downtime can significantly impact production and revenue. To avoid unexpected downtime, it is essential to detect anomalies in the furnace's operation, which can indicate a potential failure or maintenance need. Machine learning algorithms can be used to analyze sensor data and detect anomalies in real-time. This document discusses the role of machine learning algorithms in anomaly detection and their training and validation using historical data.

Important Components for Anomaly Detection:
The following components are crucial for building an effective anomaly model for industrial furnaces:

1. Sensor Data: The furnace's sensor data provides the primary input for anomaly detection. The sensors measure various parameters such as temperature, pressure, flow rate, and voltage. The data from these sensors needs to be cleaned, preprocessed, and normalized to ensure consistency and accuracy.
2. Domain Knowledge: Domain knowledge is essential for identifying the most critical failure modes and their corresponding sensor signatures. Subject matter experts can provide valuable insights into the furnace's operation, potential failure modes, and the sensor data's relevance to those failures.
3. Historical Data: Historical data is required to train and validate machine learning algorithms. The more extensive and diverse the historical data, the better the algorithm can learn patterns and anomalies.

Failure Modes and Sensor Data:
The following are some common failure modes in industrial furnaces and how sensor data can help detect them:

1. Temperature Control Failure: The furnace's temperature control system can fail, leading to unexpected changes in temperature. Sensor data can detect temperature deviations from the setpoint, rate of change, and other temperature-related anomalies.
2. Pressure Control Failure: Pressure control failures can cause the furnace to operate outside of safe limits, leading to equipment damage or safety hazards. Sensor data can detect pressure deviations from the setpoint, pressure spikes, or other pressure-related anomalies.
3. Flow Rate Control Failure: Flow rate control failures can result in inefficient fuel consumption, reduced product",1
How does data transmission issues impact the accuracy of the anomaly model? Can you provide examples of data transmission issues that could cause false alarms or missed detections?,"  Background Document: Industrial Furnace Anomaly Detection using Real-time Sensor Data

Introduction:
Industrial furnaces are critical assets in various manufacturing processes, and their downtime can significantly impact production and revenue. To prevent unexpected downtime, it is essential to detect anomalies in real-time and take corrective actions before any significant damage occurs. In this document, we will discuss the impact of data transmission issues on the accuracy of the anomaly model and provide examples of data transmission issues that could cause false alarms or missed detections.

Impact of Data Transmission Issues:
Data transmission issues can significantly impact the accuracy of the anomaly model in various ways:

1. Data Loss: Data loss occurs when sensor data is not transmitted to the monitoring system due to network issues, sensor malfunctions, or other technical problems. This can lead to a lack of data points, which can negatively impact the model's ability to detect anomalies. The model may not be able to learn from missing data, which can result in false alarms or missed detections.
2. Data Corruption: Data corruption occurs when sensor data is transmitted incorrectly due to noise, interference, or other issues. This can lead to inaccurate data points, which can negatively impact the model's ability to detect anomalies. The model may interpret corrupted data as a normal pattern, leading to missed detections or false alarms.
3. Data Delay: Data delay occurs when sensor data is transmitted late due to network congestion, latency, or other issues. This can lead to delayed alerts, which can impact the model's ability to detect anomalies in real-time. The model may not be able to respond quickly enough to changes in the data, leading to missed detections or false alarms.

Examples of Data Transmission Issues:

1. Sensor Malfunction: A furnace temperature sensor malfunctions, causing incorrect data to be transmitted to the monitoring system. The anomaly model may interpret the incorrect data as a normal pattern, leading to a missed detection of an actual anomaly.
2. Network Issues: Network congestion or interference causes data transmission delays or loss. The model may not be able",1
Are there any specific regulations or safety considerations that need to be taken into account when building the anomaly model and implementing the predictive maintenance system?,"  Background Document: Industrial Furnace Anomaly Detection and Predictive Maintenance

Introduction:
Industrial furnaces are critical assets in various manufacturing processes, and their downtime can significantly impact production and revenue. To minimize downtime and ensure efficient operation, it is essential to implement a predictive maintenance system that can detect anomalies and predict potential failures. In this document, we will discuss the specific regulations and safety considerations that need to be taken into account when building the anomaly model and implementing the predictive maintenance system for industrial furnaces.

Regulations:

1. OSHA Regulations: The Occupational Safety and Health Administration (OSHA) has established regulations to ensure the safety of workers and prevent accidents in industrial settings. The OSHA standard for furnaces (29 CFR 1910.261) requires employers to maintain furnaces in a safe condition, ensure proper ventilation, and provide personal protective equipment (PPE) to workers. The predictive maintenance system must comply with these regulations to ensure the safety of workers and prevent accidents.
2. Environmental Regulations: The Environmental Protection Agency (EPA) has established regulations to minimize the environmental impact of industrial processes. The EPA requires industries to monitor and control emissions, waste, and energy consumption. The predictive maintenance system must ensure that the furnace operates within the limits set by the EPA to minimize environmental impact.
3. Industry Standards: Industry standards, such as the American Society of Mechanical Engineers (ASME) Boiler and Pressure Vessel Code, provide guidelines for the design, construction, and operation of furnaces. The predictive maintenance system must comply with these standards to ensure the safety and efficiency of the furnace.

Safety Considerations:

1. Hazardous Materials: Furnaces handle hazardous materials, such as chemicals and fuels, which can pose a risk to workers and the environment. The predictive maintenance system must ensure that the furnace is properly ventilated, and workers are provided with appropriate PPE to prevent exposure to hazardous materials.
2. High Temperatures: Furnaces operate at high temperatures, which can",1
"Are there any other sources of data that could be used to augment the sensor data, such as data from other sensors or external sources like weather data or production schedules?","  Background Document:

Industrial Furnace Anomaly Detection using Real-time Sensor Data

Introduction:
The goal of this project is to build an anomaly detection model using real-time time series sensor data obtained from an Industrial Furnace system. The model will be trained to identify unusual patterns or behaviors in the sensor data that may indicate a potential failure or anomaly in the furnace system.

Scope:
The scope of this project includes the following:

* Real-time sensor data from the Industrial Furnace system
* Additional data from other sources, such as weather data or production schedules
* Domain expert input and feedback

Important Components for Anomaly Detection:
The following components are crucial for building an effective anomaly detection model for the Industrial Furnace system:

1. Sensor Data: The sensor data from the furnace system includes temperature, pressure, flow rate, and other parameters that are critical for monitoring the furnace's performance.
2. Production Schedules: Production schedules can provide valuable information about the furnace's operating conditions, such as the type of material being processed, the production rate, and the expected temperature and pressure ranges.
3. Weather Data: Weather data can help identify any environmental factors that may affect the furnace's performance, such as temperature, humidity, and air pressure.
4. Maintenance History: Maintenance history can provide insights into the furnace's past performance and help identify potential failure modes.
5. Domain Expert Input: Domain experts can provide valuable feedback and insights into the furnace's behavior, failure modes, and potential anomalies.

Failure Modes:
The following are some of the potential failure modes that the anomaly detection model should be able to detect:

1. Temperature fluctuations: The furnace's temperature may fluctuate outside of the expected range, indicating a potential issue with the heating or cooling system.
2. Pressure fluctuations: The furnace's pressure may fluctuate outside of the expected range, indicating a potential issue with the furnace's insulation, seals, or pressure control system.
3. Flow rate fluctuations: The furn",1
Are there any emerging trends or technologies in industrial furnace maintenance that are expected to improve maintenance procedures or reduce maintenance costs in the future?,"  Background Document: Industrial Furnace Maintenance Trends and Technologies

Introduction:
Industrial furnaces are critical assets in various industries, including metals, chemicals, and petrochemicals. They are used for various processes such as heat treatment, smelting, and refining. Furnace maintenance is crucial to ensure their optimal performance, reliability, and safety. With the emergence of new technologies and trends, industrial furnace maintenance is expected to undergo significant changes in the future. This document provides an overview of the emerging trends and technologies in industrial furnace maintenance that are expected to improve maintenance procedures or reduce maintenance costs.

1. Predictive Maintenance:
Predictive maintenance is a technique that uses data and analytics to predict when maintenance will be required. It uses real-time data from sensors and equipment to identify potential failures before they occur. Predictive maintenance is becoming increasingly popular in industrial furnace maintenance due to its ability to reduce downtime and increase productivity. By using predictive maintenance, furnace operators can schedule maintenance during planned shutdowns, reducing the likelihood of unexpected failures and downtime.
2. Condition Monitoring:
Condition monitoring is a technique that involves monitoring the condition of equipment to identify any abnormalities or issues. It uses sensors and other technologies to monitor the temperature, pressure, and vibration of the furnace, among other parameters. Condition monitoring can help identify potential issues before they become major problems, reducing the need for repairs and maintenance.
3. Remote Monitoring:
Remote monitoring involves monitoring the furnace from a remote location, allowing furnace operators to monitor the furnace in real-time without being physically present. Remote monitoring can help identify issues quickly, enabling furnace operators to take corrective action before they become major problems. Remote monitoring also enables experts to provide real-time guidance and support to furnace operators, improving the efficiency and effectiveness of maintenance procedures.
4. Augmented Reality:
Augmented reality (AR) is a technology that overlays digital information onto the physical world. In industrial furnace maintenance, AR can be used to provide furnace operators with real-time information and guidance. For example, AR can be used to display",1
"How do you prioritize maintenance tasks and allocate resources for maintenance, and are there any metrics or KPIs used to measure the effectiveness of maintenance programs?","  Background Document: Industrial Furnace Maintenance and Resource Allocation

Introduction:
Industrial furnaces are critical assets in various industries, including metals, chemicals, and petrochemicals. They are used for various processes such as heat treatment, smelting, and refining. Furnace downtime can lead to significant production losses, affecting revenue and customer satisfaction. Therefore, it is essential to prioritize maintenance tasks and allocate resources effectively to minimize downtime and ensure optimal performance.

Maintenance Prioritization:
To prioritize maintenance tasks, we follow a risk-based approach that considers the likelihood and impact of potential failures. We identify the most critical components and failure modes that can lead to significant downtime or safety hazards. The following are some of the key components and failure modes we focus on:

1. Heating Elements: These are the most critical components in an industrial furnace, as they are responsible for generating heat. Failure of heating elements can lead to process interruption, which can result in significant production losses.
2. Temperature Control System: The temperature control system is responsible for maintaining the desired temperature within the furnace. Failure of this system can lead to overheating or underheating, which can affect the quality of the product and cause safety hazards.
3. Cooling System: The cooling system is responsible for removing heat from the furnace after the heating process. Failure of the cooling system can lead to overheating, which can cause damage to the furnace and affect product quality.
4. Insulation: The insulation of the furnace is critical in maintaining the desired temperature and reducing heat loss. Damage to the insulation can lead to energy losses and affect the quality of the product.
5. Safety Systems: Safety systems, such as emergency stops and alarm systems, are critical in preventing accidents and ensuring operator safety. Failure of these systems can lead to safety hazards and production downtime.

Resource Allocation:
Once we have identified the critical components and failure modes, we allocate resources based on the risk priority number (RPN) calculated for each component. The RPN is calculated by multiplying the likelihood of failure, severity of failure",1
"How does the control system of an industrial furnace typically monitor and control the furnace's temperature, and what are some common failure modes of the control system?","  Background Document: Industrial Furnace Control Systems and Failure Modes

Introduction:
Industrial furnaces are critical assets in various manufacturing processes, and their temperature control is crucial for ensuring product quality and preventing equipment damage. The control system of an industrial furnace typically monitors and controls the furnace's temperature through a combination of sensors, actuators, and software. This document provides an overview of the typical control system architecture and common failure modes.

Control System Architecture:
The control system of an industrial furnace typically consists of the following components:

1. Temperature sensors: These are used to measure the temperature of the furnace and its components, such as the hearth, walls, and roof. Common temperature sensors used in industrial furnaces include thermocouples, resistance temperature detectors (RTDs), and infrared thermometers.
2. Control unit: This is the brain of the control system, responsible for receiving temperature data from the sensors, processing it, and sending control signals to the actuators. The control unit may be a programmable logic controller (PLC), a distributed control system (DCS), or a supervisory control and data acquisition (SCADA) system.
3. Actuators: These are used to adjust the temperature of the furnace by controlling the fuel supply, air flow, and other parameters. Common actuators used in industrial furnaces include valves, dampers, and heating elements.
4. Human-machine interface (HMI): This allows operators to monitor and control the furnace's temperature, as well as receive alarms and alerts in case of any issues.

Common Failure Modes:
The control system of an industrial furnace can fail due to various reasons, including hardware and software malfunctions, human errors, and environmental factors. Some common failure modes include:

1. Sensor failure: Temperature sensors can fail due to calibration issues, sensor element degradation, or physical damage. This can result in inaccurate temperature readings, leading to poor temperature control and potential equipment damage.
2. Control unit failure: The control unit may fail due to software bugs, hardware malfunctions, or communication issues with the sensors and actuators. This can result in the loss of temperature",1
"Can you provide examples of successful implementations of anomaly detection systems in industrial furnaces, including the types of sensors used and the benefits achieved?","  Background Document: Anomaly Detection in Industrial Furnaces

Introduction:
Industrial furnaces are critical assets in various manufacturing processes, and their downtime can significantly impact production and revenue. Anomaly detection systems can help identify unusual patterns in sensor data and alert operators to potential issues before they become major problems. This document provides examples of successful implementations of anomaly detection systems in industrial furnaces, including the types of sensors used and the benefits achieved.

1. Temperature Sensors:
Temperature sensors are essential for monitoring the furnace's operating temperature, which is critical for maintaining product quality and preventing equipment failure. Anomaly detection algorithms can be applied to temperature sensor data to identify deviations from the expected temperature range or unusual temperature fluctuations.

Example: A steel manufacturer implemented an anomaly detection system using temperature sensors to monitor the furnace's operating temperature. The system detected a sudden temperature increase, which was investigated and found to be caused by a malfunctioning heating element. The issue was addressed before it caused any significant damage, and the manufacturer avoided a potential production delay.

2. Pressure Sensors:
Pressure sensors monitor the furnace's pressure, which is critical for ensuring the proper functioning of the furnace and preventing explosions or equipment damage. Anomaly detection algorithms can be applied to pressure sensor data to identify unusual pressure fluctuations or deviations from the expected pressure range.

Example: A glass manufacturer implemented an anomaly detection system using pressure sensors to monitor the furnace's pressure. The system detected a sudden pressure drop, which was investigated and found to be caused by a leak in the furnace's seal. The issue was addressed before it caused any significant damage, and the manufacturer avoided a potential production delay.

3. Acoustic Sensors:
Acoustic sensors can detect unusual sounds or vibrations within the furnace, which can indicate a potential issue. Anomaly detection algorithms can be applied to acoustic sensor data to identify unusual patterns or changes in the sound signature of the furnace.

Example: A ceramic manufacturer implemented an anomaly detection system using acoustic sensors to monitor the furnace's sound signature. The",1
"How do the potential failure modes and mechanisms of each component and subsystem interact with each other, and what are the potential consequences of these interactions?","  Background Document: Industrial Furnace Anomaly Detection

Introduction:
The goal of this project is to build an anomaly detection model using real-time time series sensor data obtained from an IoT/OT system for an industrial furnace. The furnace is a critical asset in a manufacturing process, and its failure can lead to significant downtime, loss of production, and safety risks. Understanding the potential failure modes and mechanisms of each component and subsystem is crucial in identifying anomalies and preventing furnace failures.

Component Failure Modes and Mechanisms:

1. Heating Elements:
	* Failure modes: Overheating, burnout, or failure due to wear and tear, corrosion, or contamination.
	* Mechanisms: Heating elements can fail due to excessive current, poor insulation, or exposure to high temperatures.
	* Consequences: Failure of heating elements can lead to reduced heat output, uneven heating, or complete failure of the furnace.
2. Temperature Control System:
	* Failure modes: Inaccurate temperature measurement, controller malfunction, or sensor failure.
	* Mechanisms: Temperature sensors can be affected by noise, calibration drift, or physical damage. Controllers can malfunction due to software bugs, hardware failure, or power supply issues.
	* Consequences: Inaccurate temperature control can lead to overheating or underheating, which can cause damage to the furnace and its components, or affect the quality of the product being manufactured.
3. Cooling System:
	* Failure modes: Cooling system malfunction, low coolant levels, or clogged cooling lines.
	* Mechanisms: Cooling system components can fail due to wear and tear, corrosion, or contamination. Low coolant levels can result from leaks or inadequate maintenance. Cooling lines can become clogged due to debris or corrosion.
	* Consequences: Failure of the cooling system can lead to overheating, which can damage the furnace and its components, or affect the quality of the product being manufactured.
4.",1
"Can you provide examples of how temperature control failures, fuel combustion anomalies, air flow anomalies, and pressure control issues might be detected in sensor data?","  Sure, I'd be happy to provide some examples of how temperature control failures, fuel combustion anomalies, air flow anomalies, and pressure control issues might be detected in sensor data for an Industrial Furnace.

First, let's start with some background information on Industrial Furnaces. Industrial Furnaces are equipment used in various industries such as metallurgy, chemicals, and petrochemicals, among others. They are used for various processes such as heat treatment, annealing, sintering, and smelting. The furnace is essentially a closed vessel where materials are heated to high temperatures, and the temperature is controlled to maintain the desired process conditions.

Now, let's look at some examples of how temperature control failures, fuel combustion anomalies, air flow anomalies, and pressure control issues might be detected in sensor data:

1. Temperature Control Failures:

a. Sensor Data: Temperature sensors (e.g., thermocouples) installed in the furnace can measure the temperature of the furnace chamber, the material being processed, and the exhaust gases.

b. Anomaly Detection: If the temperature sensor data indicates a significant deviation from the setpoint temperature, it could indicate a temperature control failure. For example, if the furnace is supposed to maintain a temperature of 1000°C, but the temperature sensor data indicates a reading of 1100°C, it could indicate a failure in the temperature control system.

c. Additional Information: The rate of temperature change can also be used to detect temperature control failures. For example, if the temperature is changing at a rate that is significantly higher or lower than expected, it could indicate a failure in the temperature control system.

2. Fuel Combustion Anomalies:

a. Sensor Data: Fuel flow sensors, oxygen sensors, and CO/CO2 sensors can provide data on the fuel combustion process.

b. Anomaly Detection: If the fuel flow sensor data indicates a significant deviation from the expected fuel flow rate, it could indicate a fuel combustion anomaly. Similarly, if the oxygen sensor data indicates a significant",1
"Can you provide examples of how the failure modes manifest in the sensor data? For example, what specific patterns or anomalies in the data might indicate a failure?","  Background Document: Industrial Furnace Anomaly Detection using Real-time Sensor Data

Introduction:
Industrial furnaces are critical assets in various manufacturing processes, and their failure can lead to significant downtime, loss of production, and safety hazards. Timely detection of anomalies and failures in these furnaces is crucial to prevent such events. This document outlines the failure modes that can be detected using real-time sensor data and provides examples of patterns or anomalies that might indicate a failure.

1. Temperature Control Failure:
Furnace temperature control is critical to ensure the quality of the product and prevent overheating or underheating. Sensor data can be used to detect temperature fluctuations or deviations from the setpoint. Anomalies in temperature data may indicate a failure in the temperature control system, such as a faulty thermocouple or a malfunctioning control valve.

Example: A sudden change in temperature, either increasing or decreasing, by more than 5°C within a short period (e.g., 1-2 minutes) may indicate a failure in the temperature control system.

2. Furnace Chamber Pressure Control Failure:
Maintaining the correct pressure inside the furnace chamber is essential for the proper functioning of the furnace. Sensor data can be used to detect pressure fluctuations or deviations from the setpoint. Anomalies in pressure data may indicate a failure in the pressure control system, such as a faulty pressure sensor or a malfunctioning pressure relief valve.

Example: A sudden change in pressure, either increasing or decreasing, by more than 5% within a short period (e.g., 1-2 minutes) may indicate a failure in the pressure control system.

3. Furnace Air Flow Control Failure:
Proper air flow is necessary for efficient combustion and temperature uniformity inside the furnace. Sensor data can be used to detect air flow fluctuations or deviations from the setpoint. Anomalies in air flow data may indicate a failure in the air flow control system, such as a faulty air flow sensor or a malfunctioning fan.

Example: A sudden change in air flow rate, either increasing",1
"How do the failure modes in industrial furnaces typically manifest in the sensor data, and what are some common patterns or trends that indicate a potential failure?","  Background Document: Industrial Furnace Failure Modes and Sensor Data Analysis

Introduction:
Industrial furnaces are critical assets in various manufacturing processes, and their failure can lead to significant downtime, production loss, and safety hazards. To prevent such failures, it is essential to detect anomalies and predict potential failures in real-time using sensor data. This document provides an overview of common failure modes in industrial furnaces, their manifestation in sensor data, and patterns that may indicate a potential failure.

1. Failure Modes in Industrial Furnaces:

a. Overheating: Furnaces can overheat due to various reasons such as poor insulation, malfunctioning thermocouples, or excessive fuel supply. Overheating can lead to premature wear and tear of refractory linings, increased energy consumption, and reduced product quality.

b. Underheating: Furnaces can also underheat due to insufficient fuel supply, clogged burners, or malfunctioning ignition systems. Underheating can result in prolonged heat-up times, reduced product quality, and increased energy consumption.

c. Temperature Fluctuations: Temperature fluctuations can occur due to variations in the fuel composition, changes in ambient conditions, or malfunctioning temperature control systems. Temperature fluctuations can lead to inconsistent product quality, reduced yield, and increased maintenance costs.

d. Reduced Air Flow: Reduced air flow can result from clogged air filters, damaged fan blades, or malfunctioning variable frequency drives. Insufficient air flow can lead to poor fuel combustion, increased emissions, and reduced product quality.

e. Leaks: Leaks in the furnace body, doors, or seals can cause temperature losses, increased energy consumption, and safety hazards. Leaks can also lead to the introduction of contaminants into the process, affecting product quality.

2. Manifestation of Failure Modes in Sensor Data:

a. Temperature Sensors: Temperature sensors can detect overheating, underheating, and temperature fluctuations. Anomalies in temperature readings can indicate a",1
"What are some common degradation mechanisms that can lead to failure in industrial furnaces, and how can sensor data be used to detect and predict these mechanisms?","  Background Document: Industrial Furnace Anomaly Detection and Prediction

Industrial furnaces are critical assets in various manufacturing processes, and their failure can result in significant downtime, production loss, and safety hazards. Degradation mechanisms in industrial furnaces can lead to failure, and it is crucial to detect and predict these mechanisms to prevent unexpected failures. This document discusses common degradation mechanisms in industrial furnaces and how sensor data can be used to detect and predict these mechanisms.

Common Degradation Mechanisms in Industrial Furnaces:

1. Thermal Fatigue: Thermal fatigue occurs due to repetitive heating and cooling cycles, leading to material degradation and failure. Sensor data can be used to detect temperature fluctuations, which can indicate thermal fatigue.
2. Corrosion: Corrosion is a significant degradation mechanism in industrial furnaces, especially in environments with high humidity, temperature, and chemical exposure. Sensor data can be used to detect changes in temperature, humidity, and gas composition, which can indicate corrosion.
3. Mechanical Fatigue: Mechanical fatigue occurs due to the repetitive loading and unloading of furnace components, leading to material failure. Sensor data can be used to detect vibrations, noise, and pressure changes, which can indicate mechanical fatigue.
4. Overheating: Overheating can occur due to malfunctioning thermocouples, insulation failure, or other issues. Sensor data can be used to detect high temperatures, which can indicate overheating.
5. Coking: Coking is a common degradation mechanism in industrial furnaces, especially in hydrocarbon-based processes. Sensor data can be used to detect changes in pressure, temperature, and gas composition, which can indicate coking.

How Sensor Data Can be Used to Detect and Predict Degradation Mechanisms:

1. Temperature Sensors: Temperature sensors can detect temperature fluctuations, which can indicate thermal fatigue, overheating, or coking.
2. Pressure Sensors: Pressure sensors can detect changes in pressure, which can indicate mechanical",1
"Can you provide examples of specific scenarios where incorrect temperature, pressure, flow rate, or vibration readings have led to furnace failures or other issues?","  Background Document: Industrial Furnace Anomaly Detection

Introduction:
Industrial furnaces are critical assets in various manufacturing processes, and their proper functioning is essential to ensure product quality, efficiency, and safety. Sensor data from IoT/OT systems can be used to detect anomalies and prevent furnace failures or other issues. This document provides examples of specific scenarios where incorrect temperature, pressure, flow rate, or vibration readings have led to furnace failures or other issues.

1. Temperature Reading Anomalies:

a. Overheating: A temperature reading that is higher than the setpoint or the normal operating range can indicate a furnace overheating condition. This can be caused by a variety of factors, such as a malfunctioning thermocouple, a clogged cooling system, or a faulty control system. Overheating can lead to premature wear and tear on the furnace components, reduced product quality, and increased risk of explosion or fire.

b. Underheating: A temperature reading that is lower than the setpoint or the normal operating range can indicate a furnace underheating condition. This can be caused by a faulty heating element, a blockage in the fuel line, or a malfunctioning control system. Underheating can lead to reduced product quality, increased production downtime, and potential safety hazards.

2. Pressure Reading Anomalies:

a. Overpressure: A pressure reading that is higher than the setpoint or the normal operating range can indicate a furnace overpressure condition. This can be caused by a malfunctioning pressure relief valve, a blockage in the exhaust system, or a faulty control system. Overpressure can lead to premature wear and tear on the furnace components, reduced product quality, and increased risk of explosion or fire.

b. Underpressure: A pressure reading that is lower than the setpoint or the normal operating range can indicate a furnace underpressure condition. This can be caused by a faulty vacuum pump, a leak in the seal system, or a malfunctioning control system. Underpressure can lead to reduced product quality, increased production downtime, and potential safety hazards.

",1
"What are some common warning signs or indicators that a furnace is experiencing thermal fatigue, and how can it be addressed before it leads to cracks or failures?","  Background Document: Industrial Furnace Thermal Fatigue Detection and Prevention

Introduction:
Industrial furnaces are critical assets in various manufacturing processes, and their failure can result in significant downtime, production loss, and safety hazards. Thermal fatigue is a common issue in furnaces, which can lead to cracks, failures, and costly repairs. This document aims to provide a comprehensive overview of common warning signs, indicators, and preventive measures to address thermal fatigue in industrial furnaces.

1. Common Warning Signs and Indicators:

a. Temperature Fluctuations:
Thermal fatigue in furnaces can cause temperature fluctuations, which can be detected by monitoring temperature sensors. Unexpected changes in temperature, especially those beyond the normal operating range, can indicate thermal fatigue.

b. Furnace Load Variations:
Furnace load variations can also indicate thermal fatigue. An increase or decrease in load can cause the furnace to work outside its optimal operating conditions, leading to thermal stress and fatigue.

c. Changes in Furnace Insulation:
Insulation degradation or changes in the furnace's refractory lining can also indicate thermal fatigue. Insulation cracks, holes, or deterioration can allow heat to escape, causing temperature fluctuations and stress on the furnace components.

d. Sensor Data:
Sensor data from temperature, pressure, and flow rate sensors can provide valuable information about the furnace's operating conditions. Analyzing sensor data can help identify patterns or anomalies that may indicate thermal fatigue.

e. User Messages:
User messages or alerts from the furnace's control system can also provide important information about the furnace's status. Messages related to temperature excursions, pressure changes, or flow rate anomalies should be investigated promptly to prevent thermal fatigue.

2. Addressing Thermal Fatigue:

a. Regular Maintenance:
Regular maintenance is essential to prevent thermal fatigue. Furnace components, such as the refractory lining, insulation, and heating elements, should be inspected and",1
"What are the typical warning signs or indicators that a failure is imminent, and how can operators and maintenance personnel be trained to recognize these signs?","  Background Document: Industrial Furnace Anomaly Detection and Failure Prevention

Introduction:
Industrial furnaces are critical assets in various manufacturing processes, and their failure can result in significant downtime, production loss, and safety hazards. Timely detection of anomalies and prediction of failures are crucial to prevent such events. This document provides an overview of typical warning signs or indicators of impending failures in industrial furnaces, along with recommendations for training operators and maintenance personnel to recognize these signs.

1. Temperature anomalies:
a. Overheating: Sustained temperature increases beyond the normal operating range may indicate issues such as poor insulation, clogged burners, or malfunctioning thermocouples.
b. Underheating: Unexplained temperature drops may be caused by issues like dirty or clogged heat exchangers, insufficient fuel supply, or faulty ignition systems.
2. Pressure anomalies:
a. Overpressure: A sudden increase in pressure may indicate a blockage in the exhaust system, excessive fuel supply, or a malfunctioning pressure relief valve.
b. Underpressure: Unexpected pressure drops may be caused by leaks in the furnace shell, damaged or clogged burners, or a faulty blower.
3. Flow anomalies:
a. Abnormal gas flow: Changes in the flow rate of fuel gases or combustion air may indicate issues such as clogged lines, damaged valves, or malfunctioning flow meters.
b. Abnormal combustion: Unexpected changes in the combustion pattern, such as incomplete combustion or abnormal flames, may be caused by issues like poor fuel quality, malfunctioning burners, or inadequate air supply.
4. Noise anomalies:
a. Abnormal sounds: Unusual noises, such as clunking, rattling, or hissing, may indicate issues like loose or damaged components, worn-out bearings, or malfunctioning pumps.
b. Changes in sound intensity: Significant increases or decreases in sound levels may be indicative of changes in the furnace's operating conditions",1
How do the costs of maintaining and replacing heating elements and fuel burners compare to the costs of downtime and lost productivity due to furnace failures?,"  Background Document: Industrial Furnace Maintenance and Downtime Costs

Introduction:
Industrial furnaces are critical assets in various manufacturing processes, and their proper functioning is essential to ensure product quality and avoid production delays. Furnace failures can result in significant downtime and lost productivity, which can have a substantial impact on a company's bottom line. This document aims to provide a comparison of the costs of maintaining and replacing heating elements and fuel burners versus the costs of downtime and lost productivity due to furnace failures.

Costs of Maintaining and Replacing Heating Elements and Fuel Burners:

1. Heating Elements:
The cost of maintaining and replacing heating elements can vary depending on the type and quality of the elements used. On average, the cost of replacing a heating element can range from $500 to $2,000, depending on the size and complexity of the element. Preventive maintenance, such as cleaning and inspecting the elements, can cost around $500 to $1,000 per year.
2. Fuel Burners:
The cost of maintaining and replacing fuel burners can also vary depending on the type and quality of the burners used. On average, the cost of replacing a fuel burner can range from $2,000 to $5,000, depending on the size and complexity of the burner. Preventive maintenance, such as cleaning and inspecting the burners, can cost around $1,000 to $2,000 per year.

Costs of Downtime and Lost Productivity:

1. Downtime Costs:
The cost of downtime for an industrial furnace can be significant. The cost of lost production time can range from $5,000 to $20,000 per hour, depending on the production rate and the type of product being manufactured. The duration of downtime can vary depending on the severity of the furnace failure, but it can take several hours or even days to repair or replace the failed components.
2. Lost Productivity Costs:
In addition to the direct cost of downtime, furnace failures can also result",1
"Can you discuss the role of automation and IoT technologies in monitoring and maintaining industrial furnace cooling systems, and what benefits they can offer?","  Background Document: Industrial Furnace Cooling Systems and the Role of Automation and IoT Technologies

Industrial furnaces are critical components in various manufacturing processes, and their cooling systems play a vital role in ensuring efficient and safe operations. The cooling system's primary function is to dissipate the heat generated by the furnace's processes, preventing overheating and maintaining the desired temperature levels. Traditionally, monitoring and maintaining industrial furnace cooling systems relied heavily on manual methods, such as visual inspections and manual data logging. However, with the advent of automation and IoT technologies, the process has become more efficient, accurate, and cost-effective.

Role of Automation:

Automation has revolutionized the way industrial furnace cooling systems are monitored and maintained. Automated systems use sensors and software to monitor various parameters such as temperature, pressure, flow rate, and water quality. These sensors can be installed at strategic locations throughout the cooling system, providing real-time data on the system's performance. The data is then analyzed by software programs, which can detect anomalies, predict potential issues, and alert operators to take corrective action.

Automation has several benefits in monitoring and maintaining industrial furnace cooling systems, including:

1. Increased Efficiency: Automated systems can monitor the cooling system's performance continuously, allowing for quick detection of issues and faster response times. This results in increased efficiency, reduced downtime, and lower maintenance costs.
2. Improved Accuracy: Automated systems can collect data more accurately and consistently than manual methods, reducing the risk of human error. This improved accuracy enables better decision-making and more effective troubleshooting.
3. Enhanced Safety: Automated systems can detect potential safety hazards, such as overheating or water leakage, and alert operators before they become critical. This enhances safety and reduces the risk of accidents.

Role of IoT Technologies:

IoT technologies have further augmented the capabilities of automation in monitoring and maintaining industrial furnace cooling systems. IoT devices, such as sensors and transmitters, can be integrated into the automated system, providing real-time data",1
"Can you provide more information on the automatic shutdown systems and other safety features that are monitored by sensor data, and how do these systems work?","  Background Document: Industrial Furnace Anomaly Detection

1. Introduction

Industrial furnaces are critical assets in various manufacturing processes, and their shutdown can have significant consequences on production, quality, and safety. To prevent unplanned shutdowns and ensure safe operations, furnaces are equipped with various safety features and monitoring systems. This document aims to provide an overview of the automatic shutdown systems and other safety features that are monitored by sensor data in industrial furnaces.

2. Automatic Shutdown Systems

a. Overheat Protection: Furnaces are designed to operate within a specific temperature range. If the temperature exceeds the setpoint, the overheat protection system will trigger an alarm, and if necessary, shut down the furnace to prevent damage to the heating elements, refractory linings, or other components.

b. Underheat Protection: Furnaces may also have underheat protection systems that monitor the temperature and adjust the heating input to maintain the setpoint. If the temperature drops below the setpoint, the system will alert the operator, and if necessary, shut down the furnace to prevent damage to the product being heated.

c. Flame Failure Detection: Many industrial furnaces use flame failure detection systems to monitor the presence and stability of the flame. These systems typically use a photodetector or thermocouple to detect the flame and alert the operator or shut down the furnace in case of flame failure.

d. Gas Leak Detection: Furnaces that use gas as a fuel source may have gas leak detection systems to monitor for any leaks in the system. These systems typically use sensors to detect gas concentrations in the air and alert the operator or shut down the furnace in case of a leak.

3. Other Safety Features

a. Thermal Imaging: Some furnaces are equipped with thermal imaging cameras to monitor the temperature distribution within the furnace. These cameras can detect hotspots or abnormal temperature distributions, which can indicate a potential problem.

b. Acoustic Monitoring: Acoustic monitoring systems can detect unusual sounds or vibrations within the furnace, which can indicate a problem with the heating elements",1
"Can you explain the concept of ""sensor fusion"" and how it is used in industrial furnace monitoring, and what are the benefits and challenges of this approach?","  Background Document: Industrial Furnace Monitoring using Sensor Fusion

Introduction:
Industrial furnaces are critical assets in various manufacturing processes, and their monitoring is essential to ensure operational efficiency, product quality, and safety. With the advent of IoT and sensor technologies, it is now possible to monitor these furnaces using real-time data from various sensors. Sensor fusion is a technique that combines data from multiple sensors to provide a more accurate and comprehensive view of the furnace's performance. In this document, we will explore the concept of sensor fusion, its application in industrial furnace monitoring, and the benefits and challenges associated with this approach.

What is Sensor Fusion?
Sensor fusion is the process of combining data from multiple sensors to produce more accurate, reliable, and complete information than can be obtained from any single sensor. This technique leverages the strengths of different sensors to provide a better understanding of the monitored system. In the context of industrial furnace monitoring, sensor fusion combines data from various sensors such as temperature, pressure, flow rate, and gas composition sensors to monitor the furnace's performance.

Applications in Industrial Furnace Monitoring:
Sensor fusion is used in various applications in industrial furnace monitoring, including:

1. Temperature monitoring: Sensor fusion can be used to monitor the temperature of the furnace, which is critical in maintaining the desired chemical composition and preventing overheating or underheating.
2. Pressure monitoring: Sensor fusion can be used to monitor the pressure inside the furnace, which is essential in ensuring the proper functioning of the furnace and preventing explosions or implosions.
3. Flow rate monitoring: Sensor fusion can be used to monitor the flow rate of gases and other fluids in the furnace, which is crucial in maintaining the desired chemical composition and preventing overheating or underheating.
4. Gas composition monitoring: Sensor fusion can be used to monitor the composition of gases in the furnace, which is essential in maintaining the desired chemical composition and preventing the formation of harmful compounds.

Benefits of Sensor Fusion in Industrial Furnace Monitoring:
The benefits of sensor fusion in industrial furn",1
"How do the furnace's operating conditions, such as temperature, pressure, and heating/cooling rates, affect the refractory lining's performance and lifespan?","  Background Document: Industrial Furnace and Refractory Lining Performance

Introduction:
Industrial furnaces are critical components in various manufacturing processes, including metallurgy, ceramics, and chemical synthesis. These furnaces operate under extreme conditions, including high temperatures, pressures, and heating/cooling rates, which can impact the performance and lifespan of the refractory lining that lines the furnace's interior. Understanding the relationship between furnace operating conditions and refractory lining performance is essential to optimize furnace operation, reduce downtime, and increase productivity.

1. Temperature:
High temperatures are a primary factor affecting refractory lining performance. The refractory material's thermal conductivity, specific heat, and thermal expansion coefficient play a significant role in determining its ability to withstand extreme temperatures. Furnace temperatures can range from 500°C to 1800°C (932°F to 3272°F), and the refractory lining must be able to maintain its structural integrity and thermal insulation properties within this temperature range.
2. Pressure:
In addition to high temperatures, industrial furnaces often operate under high pressure conditions, which can range from 1 to 10 bar (1000 to 10,000 kPa). The refractory lining must be able to withstand these pressure fluctuations without cracking or degrading. The pressure can also affect the lining's thermal conductivity and heat transfer properties, which can impact furnace efficiency.
3. Heating/Cooling Rates:
The heating and cooling rates in an industrial furnace can be rapid, and this can affect the refractory lining's performance. Rapid heating can cause thermal shock, which can lead to cracking, spalling, or thermal stress. Similarly, rapid cooling can cause the lining to contract and become brittle, increasing the risk of cracking. The ideal heating and cooling rates will depend on the specific refractory material, furnace design, and operating conditions.
4. Refractory Material Selection:
The choice of refractory material is critical to ensuring optimal performance and",1
"How do chemical reactions and mechanical stress affect the refractory lining of an industrial furnace, and what are the best ways to mitigate these effects?","  Background Document: Understanding the Impact of Chemical Reactions and Mechanical Stress on Refractory Linings in Industrial Furnaces

Introduction:
Industrial furnaces are crucial components in various manufacturing processes, and their refractory linings play a vital role in ensuring their efficiency and longevity. However, chemical reactions and mechanical stress can significantly impact the performance and lifespan of these linings. This document aims to provide a comprehensive overview of the effects of chemical reactions and mechanical stress on refractory linings in industrial furnaces and explore the best ways to mitigate these effects.

Chemical Reactions:
Chemical reactions can occur between the refractory lining and the process materials, such as metals, slags, and gases, which can lead to degradation, corrosion, and erosion of the lining. The most common chemical reactions that affect refractory linings in industrial furnaces include:

1. Corrosion: The interaction between the refractory lining and the process materials can lead to corrosion, which can cause the lining to deteriorate and weaken over time.
2. Erosion: High-velocity gas flows, slag, and molten metal can erode the refractory lining, causing it to thin and weaken.
3. Chemical attack: Certain process chemicals can react with the refractory lining, causing it to degrade and lose its strength and durability.

Mechanical Stress:
Mechanical stress can also impact the refractory lining in industrial furnaces. The stresses can arise from various sources, including:

1. Thermal stress: Temperature fluctuations and gradients can cause the refractory lining to expand and contract, leading to thermal stress.
2. Mechanical vibrations: Furnace vibrations can cause the lining to crack and weaken, especially in areas where the lining is thinnest.
3. Ablation: The lining can be subject to ablation, which is the loss of material due to the interaction between the lining and the process environment.

Mitigation Strategies:
To mitigate the",1
"How do gas sensors distinguish between different types of gases present in the furnace, and what are the common gas species present in industrial furnaces?","  Background Document: Industrial Furnace Gas Sensing

Introduction:
Industrial furnaces are crucial components in various manufacturing processes, and their efficient operation is critical for product quality and yield. Gas sensors play a vital role in monitoring the gas composition inside the furnace, which helps maintain optimal operating conditions and prevents accidents. This document provides an overview of how gas sensors distinguish between different types of gases present in industrial furnaces and the common gas species present in these systems.

Gas Sensor Technology:
Gas sensors used in industrial furnaces typically employ one or a combination of the following technologies:

1. Infrared (IR) spectroscopy: IR sensors measure the absorption of infrared radiation by gas molecules, which varies with the gas species. This technology is highly accurate and can detect a wide range of gases, including CO, CO2, NOx, and hydrocarbons.
2. Electrochemical sensors: These sensors measure the current flowing between two electrodes in response to the presence of a specific gas species. Electrochemical sensors are relatively inexpensive and easy to maintain but may have limited selectivity and sensitivity compared to IR sensors.
3. Catalytic sensors: Catalytic sensors use a catalyst to convert the gas species into a chemical compound, which is then measured using an electrochemical sensor. These sensors are highly selective and can detect low concentrations of gases, but they may require periodic calibration and maintenance.

Common Gas Species in Industrial Furnaces:
The gas composition inside an industrial furnace can vary depending on the specific process and fuel used. However, some of the most common gas species present in these systems include:

1. Carbon monoxide (CO): CO is a combustion product and a common indicator of furnace performance. High CO levels can indicate poor combustion efficiency or insufficient air supply.
2. Carbon dioxide (CO2): CO2 is another combustion product and can be used to monitor furnace efficiency. High CO2 levels can indicate excessive fuel consumption or inadequate combustion air.
3. Nitrogen oxides (NOx): NOx species (NO, NO2)",1
"What are the typical ranges for temperature, pressure, flow rate, and vibration in a furnace, and how do these ranges affect the detection of anomalies?","  Background Document: Industrial Furnace Anomaly Detection

Introduction:
Industrial furnaces are critical assets in various manufacturing processes, and their proper functioning is essential to ensure product quality and avoid downtime. Anomaly detection in furnaces is crucial to identify any deviations from normal operation and prevent equipment failure. This document provides an overview of the typical ranges for temperature, pressure, flow rate, and vibration in a furnace and their impact on anomaly detection.

1. Temperature:
The temperature range in a furnace varies depending on the specific application and the type of furnace. For example, a steel-making furnace can operate at temperatures up to 1800°C (3272°F), while a glass-making furnace typically operates at temperatures around 800°C (1472°F). In general, the temperature range for most industrial furnaces falls between 500°C to 1800°C (932°F to 3272°F).

Anomaly Detection:
Temperature anomalies can indicate issues such as poor insulation, faulty heating elements, or malfunctioning temperature control systems. A sudden increase or decrease in temperature can indicate a problem, and the rate of change in temperature can be used as an anomaly detection metric. For example, a rapid temperature increase may indicate a failure in the heating element or insulation, while a gradual temperature decrease may indicate a problem with the cooling system.

2. Pressure:
The pressure range in a furnace depends on the specific application and the type of furnace. For example, a vacuum furnace operates at pressures below atmospheric pressure, while a steam-generating furnace operates at pressures up to 100 bar (10,000 kPa). In general, the pressure range for most industrial furnaces falls between 1 bar (100 kPa) and 100 bar (10,000 kPa).

Anomaly Detection:
Pressure anomalies can indicate issues such as leaks, faulty pressure control valves, or malfunctioning safety devices. A sudden change in pressure",1
How does the control system handle sensor failures or errors? Are there any redundant sensors or backup systems in place to ensure continued operation?,"  Background Document: Industrial Furnace Control System and Sensor Management

Introduction:
The industrial furnace is a critical asset in the manufacturing process, and its control system is responsible for ensuring proper operation within specified parameters. Sensor failures or errors can have a significant impact on the furnace's performance, leading to reduced product quality, decreased efficiency, and even safety hazards. This document provides an overview of how the control system handles sensor failures or errors, and the redundant sensors or backup systems in place to ensure continued operation.

1. Sensor Importance:
The industrial furnace control system relies on a variety of sensors to monitor temperature, pressure, flow rate, and other critical parameters. These sensors provide real-time data to the control system, enabling it to make necessary adjustments to maintain optimal operating conditions. The sensors are strategically located throughout the furnace to provide accurate and reliable data.
2. Sensor Failure or Error Handling:
The control system is designed to detect and respond to sensor failures or errors. It uses a combination of hardware and software redundancy to ensure continued operation. In case of a sensor failure, the control system can switch to a redundant sensor or use historical data to estimate the missing values. The system also performs regular self-diagnostics to identify any issues with the sensors and alerts the operator in case of any anomalies.
3. Redundant Sensors:
The control system incorporates redundant sensors for critical parameters, such as temperature and pressure. These sensors are strategically located and connected to the control system, providing real-time data. In case of a failure in the primary sensor, the control system can switch to the redundant sensor to maintain accurate monitoring and control of the furnace.
4. Backup Systems:
In addition to redundant sensors, the control system has backup systems in place to ensure continued operation. These backup systems include:

a. Historical Data:
The control system stores historical data from the sensors, which can be used to estimate missing values in case of a sensor failure. This data is also used for predictive maintenance and to optimize furnace performance.

b. Manual Control:
In the event of a control system failure, the furnace can be operated manually. The operator can use manual controls to adjust the furnace",1
How can data analytics and machine learning be used to improve the predictive maintenance of heating elements and fuel burners in industrial furnaces?,"  Background Document: Industrial Furnace Predictive Maintenance using Data Analytics and Machine Learning

Introduction:
Industrial furnaces are critical assets in various manufacturing processes, and their downtime can significantly impact production and revenue. Heating elements and fuel burners are essential components of industrial furnaces, and their failure can lead to unplanned downtime, decreased product quality, and increased maintenance costs. Predictive maintenance can help prevent such failures and improve the overall efficiency of the furnace. This document discusses how data analytics and machine learning can be applied to improve the predictive maintenance of heating elements and fuel burners in industrial furnaces.

1. Importance of Predictive Maintenance:
Predictive maintenance is a maintenance strategy that uses data and analytics to predict when equipment or components are likely to fail or require maintenance. This approach allows maintenance personnel to proactively address potential issues before they cause equipment failure or downtime. Predictive maintenance can help industrial furnace operators reduce downtime, increase productivity, and lower maintenance costs.
2. Data Sources:
To implement predictive maintenance, relevant data must be collected from various sources. The following data sources are essential for predictive maintenance of heating elements and fuel burners in industrial furnaces:

a. Sensor Data:
IoT/OT sensors can be installed on the furnace to collect real-time data on temperature, pressure, flow rate, and other parameters. Sensor data can help identify anomalies and patterns that may indicate impending failure.

b. Maintenance Records:
Maintenance records can provide valuable information about past failures, maintenance schedules, and repair history. This data can be used to identify common failure modes and optimize maintenance schedules.

c. Operator Logs:
Operator logs can provide insights into the furnace's operating conditions, startup and shutdown procedures, and any unusual events or observations made by operators.

d. Environmental Data:
Environmental data, such as ambient temperature, humidity, and air quality, can affect furnace performance and should be considered when analyzing sensor data.
3. Failure Modes and Effects Analysis (FMEA):
FMEA is a systematic approach to identify potential failure modes and their",1
"How do you determine the appropriate frequency for each maintenance task, and are there any industry standards or guidelines that guide this decision?","  Background Document: Maintenance Frequency Determination for Industrial Furnaces

Introduction:
Industrial furnaces are critical assets in various manufacturing processes, and their maintenance is essential to ensure optimal performance, reliability, and safety. Determining the appropriate frequency for each maintenance task is crucial to prevent equipment failure, reduce downtime, and minimize maintenance costs. This document provides an overview of the factors that influence the determination of maintenance frequency for industrial furnaces, industry standards and guidelines, and data-driven approaches to optimize maintenance schedules.

Factors Influencing Maintenance Frequency:

1. Equipment Type and Criticality: The type and criticality of the furnace are primary factors in determining maintenance frequency. For example, a critical furnace used in a continuous process may require more frequent maintenance than a non-critical furnace used in a batch process.
2. Operating Conditions: The operating conditions of the furnace, such as temperature, pressure, and feed rate, affect the wear and tear of components. More extreme operating conditions require more frequent maintenance.
3. Component Failure History: Analysis of historical failure data helps identify components prone to failure and dictates the necessary maintenance frequency.
4. Sensor Data: Real-time sensor data from the furnace provides valuable information on equipment health, allowing for predictive maintenance. Sensor data can detect anomalies, temperature fluctuations, and vibrations, which can be used to determine maintenance frequency.
5. Maintenance History: Analysis of past maintenance activities, including maintenance frequency, provides insights into the effectiveness of current maintenance strategies and helps optimize future maintenance schedules.
6. Industry Standards and Guidelines: Industry associations and regulatory bodies provide guidelines and standards for maintenance frequency, which should be considered when developing a maintenance plan.

Industry Standards and Guidelines:

1. American Society of Mechanical Engineers (ASME) Boiler and Pressure Vessel Code (BPVC) - Provides guidelines for the inspection and maintenance of boilers and pressure vessels, including furnaces.
2. National Fire Protection Association (NFPA) 85 - Offers guidelines for the prevention of furnace explosions and",1
"Have there been any attempts to clean or preprocess the data before training the model? If so, what techniques were used, and how effective were they?","  Background Document:

Industrial Furnace Anomaly Detection using Real-time Time Series Sensor Data

Introduction:
The goal of this project is to build an anomaly detection model using real-time time series sensor data obtained from an Industrial Furnace system. The model will be trained to detect anomalies in the sensor data and raise alerts in real-time, enabling prompt action to be taken to prevent equipment failure or mitigate any potential damage.

Data Collection:
The sensor data used for this project includes temperature, pressure, flow rate, and voltage readings from various points in the furnace system. The data is collected at a rate of 100 Hz and is transmitted wirelessly to a central server for processing.

Data Preprocessing:
Before training the anomaly detection model, it is essential to clean and preprocess the data to ensure that it is free from noise and outliers. The following techniques have been used to preprocess the data:

1. Filtering: The sensor data is filtered using a 3-sigma filter to remove any noise and outliers that may be present in the data.
2. Normalization: The filtered data is then normalized to ensure that all the sensor readings are on the same scale.
3. Feature Extraction: Features are extracted from the normalized data, including the mean, standard deviation, and variance of each sensor reading.
4. Dimensionality Reduction: Principal Component Analysis (PCA) is applied to the extracted features to reduce the dimensionality of the data and identify the most important features for anomaly detection.

Effectiveness of Preprocessing Techniques:
The preprocessing techniques used have been effective in removing noise and outliers from the data, resulting in a significant improvement in the quality of the data. The 3-sigma filter removed 10% of the data points that were identified as outliers, while the normalization process brought all the sensor readings onto the same scale, making it easier to identify anomalies. The feature extraction process identified the most important features for anomaly detection, and the PCA reduced the dimensionality of the data by 50%, making it easier to train the model.

Conclusion:
The preprocessing techniques used have been effective in cleaning and preparing the",1
"How do the materials used in the construction of an industrial furnace, such as steel or ceramic, affect its performance and potential failure modes?","  Background Document: Industrial Furnace Construction and Failure Modes

Introduction:
Industrial furnaces are critical components in various manufacturing processes, including metallurgy, chemical synthesis, and material processing. These furnaces are designed to operate under extreme temperature and pressure conditions, and their performance and reliability are crucial for maintaining production efficiency and quality. The materials used in the construction of industrial furnaces, such as steel or ceramic, play a significant role in their performance and potential failure modes. This document provides an overview of the different materials used in industrial furnace construction, their properties, and the associated failure modes.

Materials Used in Industrial Furnace Construction:

1. Steel: Steel is a common material used in industrial furnace construction due to its high strength-to-weight ratio, durability, and resistance to corrosion. Steel furnaces are typically made of a thick, steel plate or sheet metal, which provides excellent heat resistance and structural integrity. However, steel furnaces can be prone to failure modes such as:

a. Thermal fatigue: Repeated exposure to high temperatures and rapid cooling can cause thermal stresses in the steel, leading to fatigue cracks and potential failure.

b. Corrosion: The high-temperature environment and presence of corrosive gases can accelerate oxidation and corrosion of the steel, weakening the furnace structure.

c. Mechanical failure: Steel furnaces can be susceptible to mechanical failure due to deformation, warping, or cracking under extreme temperature and pressure conditions.
2. Ceramic: Ceramic furnaces are made from materials such as silicon carbide, alumina, or zirconia, which offer excellent thermal insulation, corrosion resistance, and high-temperature strength. Ceramic furnaces are commonly used in applications such as heat treatment, sintering, and glass manufacturing. However, ceramic furnaces can exhibit failure modes such as:

a. Thermal shock: Sudden temperature changes can cause thermal stress in the ceramic material, leading to cracking or breakage.

b. Mechanical failure: Ceramic furnaces can be brittle and",1
Are there any emerging trends or technologies in industrial furnace design and operation that are expected to impact the industry in the near future?,"  Background Document: Industrial Furnace Trends and Technologies

Introduction:
Industrial furnaces are an essential component in various manufacturing processes, including metallurgy, ceramics, and chemical synthesis. The design and operation of industrial furnaces have evolved over the years, and several emerging trends and technologies are expected to impact the industry in the near future. This document provides an overview of these trends and technologies, which can help furnace operators, manufacturers, and maintenance personnel understand the changing landscape and prepare for the future.

1. IoT and Smart Furnaces:
The Internet of Things (IoT) has revolutionized various industries, and industrial furnaces are no exception. The integration of IoT technology into furnace design enables real-time monitoring of temperature, pressure, and other critical parameters. Smart furnaces equipped with IoT capabilities can optimize performance, reduce energy consumption, and predict maintenance needs. With the help of machine learning algorithms, smart furnaces can learn from data and make adjustments to optimize the manufacturing process.
2. Big Data Analytics:
The vast amounts of data generated by industrial furnaces can be leveraged to optimize operations and predict potential issues. Big data analytics can help identify patterns and trends in furnace performance, enabling operators to make data-driven decisions. Predictive maintenance, which is made possible by big data analytics, can reduce downtime and lower maintenance costs.
3. Artificial Intelligence (AI) and Machine Learning (ML):
AI and ML algorithms can be applied to furnace data to optimize operations, predict failures, and improve maintenance scheduling. AI-powered models can analyze sensor data to detect anomalies and predict when a furnace is likely to fail. This enables operators to schedule maintenance before a failure occurs, reducing downtime and increasing productivity.
4. Advanced Materials and Coatings:
The development of advanced materials and coatings is improving the efficiency and durability of industrial furnaces. New materials and coatings can withstand higher temperatures, reduce heat loss, and improve insulation. These advancements can increase furnace efficiency, reduce energy consumption, and extend the lifespan of furnace components.
5. Natural Gas and Alternative Fuels:
The use",1
"Can you discuss the economic and environmental impacts of refractory lining failures, and the benefits of predicting and preventing such failures?","  Background Document: Refractory Lining Failures in Industrial Furnaces

Introduction:
Refractory linings are a critical component in industrial furnaces, which are used in various industries such as metallurgy, ceramics, and chemicals. These linings are exposed to high temperatures, corrosive environments, and mechanical stresses, making them prone to failures. Refractory lining failures can have significant economic and environmental impacts, and predicting and preventing such failures can bring numerous benefits.

Economic Impacts:
Refractory lining failures can lead to costly repairs, maintenance, and downtime. The furnace must be shut down for repair, which can result in lost production and revenue. The cost of replacing the refractory lining can range from tens of thousands to hundreds of thousands of dollars, depending on the size and complexity of the furnace. Moreover, the failure can lead to damage to other furnace components, further increasing the repair costs.

Environmental Impacts:
Refractory lining failures can also have significant environmental impacts. For instance, if the furnace is used in a chemical plant, the failure can lead to the release of toxic chemicals into the atmosphere, posing a risk to the health and safety of people in the surrounding area. Moreover, the failure can result in the release of greenhouse gases, contributing to climate change.

Benefits of Predicting and Preventing Refractory Lining Failures:
Predicting and preventing refractory lining failures can bring numerous benefits to industrial furnace operators. Some of these benefits include:

1. Cost Savings: Predicting and preventing refractory lining failures can help operators avoid costly repairs, maintenance, and downtime. By detecting potential failures early, operators can schedule maintenance during planned shutdowns, reducing the impact on production and revenue.
2. Improved Safety: Predicting and preventing refractory lining failures can improve the safety of the furnace operation. By detecting potential failures early, operators can take corrective action before a catastrophic failure occurs, reducing the risk of injury to employees and damage to the environment.
3. Red",1
"How do the furnace's heating elements, such as electric heating elements or fuel burners, affect the temperature distribution inside the furnace?","  Background Document: Industrial Furnace and Temperature Distribution

Introduction:
Industrial furnaces are critical assets in various manufacturing processes, including metallurgy, ceramics, and chemical synthesis. The furnace's heating elements, such as electric heating elements or fuel burners, play a vital role in maintaining the desired temperature distribution inside the furnace. This document will discuss the impact of heating elements on temperature distribution and provide insights into the factors that affect temperature uniformity.

Heating Elements and Their Impact on Temperature Distribution:

1. Electric Heating Elements:
Electric heating elements, such as resistive heating coils or heating elements made of nickel-chromium alloys, are commonly used in industrial furnaces. These elements convert electrical energy into heat, which is then transferred to the furnace's contents. The temperature distribution inside the furnace is affected by the following factors related to electric heating elements:

a. Heating Element Design:
The design of the heating elements, such as their shape, size, and spacing, can significantly impact temperature distribution. For example, heating elements with a larger surface area or those that are spaced closer together can provide more uniform heating.

b. Power Input:
The power input to the heating elements determines the amount of heat generated. A higher power input results in a faster temperature rise and a greater temperature difference between the heating elements and the surrounding furnace contents.

c. Thermal Conductivity:
The thermal conductivity of the furnace's materials, including the refractory lining, insulation, and the heating elements themselves, affects the efficiency of heat transfer. Higher thermal conductivity materials can help distribute heat more evenly throughout the furnace.
2. Fuel Burners:
Fuel burners, such as gas or oil burners, are another common heating source used in industrial furnaces. These burners produce a flame that heats the furnace contents through convection and radiation. The temperature distribution inside the furnace is influenced by the following factors related to fuel burners:

a. Burner Design:
The design of the burner, including its size, shape, and number, can impact temperature distribution. For",1
"How do environmental factors such as temperature, humidity, and air quality affect the cooling system's performance and potential failure modes?","  Background Document: Industrial Furnace Cooling System and Environmental Factors

Introduction:
The industrial furnace is a critical asset in various manufacturing processes, and its cooling system plays a vital role in ensuring proper functioning and preventing overheating. Environmental factors such as temperature, humidity, and air quality can significantly impact the performance and potential failure modes of the cooling system. This document aims to provide a comprehensive overview of the effects of environmental factors on the cooling system and identify key areas for anomaly detection.

1. Temperature:
High ambient temperatures can increase the cooling system's load, reducing its efficiency and increasing the risk of failure. Extreme temperatures can also affect the viscosity of the coolant, impeding its flow and reducing its ability to transfer heat. Moreover, temperature fluctuations can cause thermal stress on the system's components, leading to fatigue and potential failure.
2. Humidity:
Humidity can impact the cooling system's performance by affecting the heat transfer process. High humidity can reduce the cooling system's efficiency, as water vapor in the air can impede heat transfer and increase the risk of corrosion. Moreover, condensation can occur when the coolant temperature drops below the dew point, leading to water accumulation and potential blockages in the system.
3. Air Quality:
Air quality is a crucial factor in the cooling system's performance. Poor air quality can lead to the accumulation of contaminants, such as dust and particulate matter, which can clog the system's components and reduce its efficiency. Moreover, the presence of corrosive gases, such as sulfur dioxide and nitrogen oxides, can damage the system's materials and increase the risk of failure.

Potential Failure Modes:

1. Overheating:
Overheating is a common failure mode in industrial furnace cooling systems. It can occur due to various factors, such as low coolant flow, high ambient temperatures, or malfunctioning thermocouples. Overheating can damage the system's components, reduce its efficiency, and lead to costly downtime.
2. Coolant Leaks",1
"Are there any emerging technologies or trends in industrial furnace design and operation that could improve efficiency, reliability, or safety?","  Background Document: Industrial Furnace Design and Operation Trends

Introduction:
Industrial furnaces are crucial components in various manufacturing processes, including metallurgy, chemical synthesis, and material processing. The design and operation of these furnaces have evolved over the years, with a focus on improving efficiency, reliability, and safety. This document provides an overview of emerging technologies and trends in industrial furnace design and operation that could impact these key performance indicators.

1. Energy Efficiency:
a. Furnace Insulation: Advanced insulation materials and designs, such as vacuum insulation and low-conductivity materials, reduce heat loss and increase efficiency.
b. Recycling of Heat: Implementing heat recovery systems that can recycle heat from the furnace exhaust gases or cooling systems can significantly improve energy efficiency.
c. Smart Control Systems: Implementing advanced control systems that can optimize furnace operation based on real-time data can minimize energy consumption and reduce emissions.
2. Reliability:
a. Predictive Maintenance: Implementing predictive maintenance techniques, such as vibration analysis and thermographic imaging, can help identify potential issues before they cause equipment failure.
b. Refractory Lining Design: Improving refractory lining design and materials can enhance furnace durability and reduce maintenance downtime.
c. Process Control: Implementing advanced process control systems that can monitor and adjust furnace parameters in real-time can help ensure consistent operation and reduce the likelihood of equipment failure.
3. Safety:
a. Automation: Increasing automation in furnace operation and monitoring can reduce the risk of accidents caused by human error.
b. Safety Sensors: Implementing advanced safety sensors, such as gas sensors and temperature sensors, can detect potential hazards and prevent accidents.
c. Emergency Shutdown Systems: Implementing emergency shutdown systems that can quickly and safely shut down the furnace in case of an emergency can minimize risk to personnel and equipment.
4. Emerging Technologies:
a. IoT and Industry 4.0: The integration of IoT and Industry 4.0 technologies",1
"Can you provide examples of furnace component failures that can affect the accuracy of the anomaly model, and how are they typically addressed?","  Background Document: Industrial Furnace Anomaly Detection and Component Failure Analysis

Introduction:
Industrial furnaces are complex systems that play a crucial role in various manufacturing processes. They are used to heat materials to high temperatures, melt metals, and perform various other processes that are critical to the production of goods. To ensure the smooth operation of these furnaces, it is essential to detect anomalies and predict potential failures. In this document, we will discuss the common furnace component failures that can affect the accuracy of the anomaly model and how they are typically addressed.

1. Sensor Failures:
Sensor failures are one of the most common issues that can affect the accuracy of the anomaly model. Sensors are used to measure various parameters such as temperature, pressure, flow rate, and other process variables. Failure of these sensors can result in inaccurate data, which can lead to false alarms or missed detections.

Example: A furnace temperature sensor failure can result in incorrect temperature readings, leading to improper heat treatment of the material being processed. This can cause defects in the final product, resulting in significant financial losses.

Typical Addressing Methods:

* Regular sensor calibration and maintenance to ensure accurate data readings.
* Implementing redundant sensors to provide backup data in case of sensor failure.
* Using machine learning algorithms to detect sensor failures and adjust the model accordingly.
2. Furnace Insulation Failure:
Furnace insulation failure can cause significant heat loss, leading to reduced efficiency and increased energy consumption. It can also cause the furnace to overheat, resulting in premature component failure.

Example: A furnace insulation failure can cause the furnace to consume more energy than usual, leading to increased operating costs. It can also cause the furnace to overheat, resulting in premature failure of the heating elements.

Typical Addressing Methods:

* Regular inspection and maintenance of furnace insulation to ensure its integrity.
* Implementing a monitoring system to detect furnace insulation failure early.
* Using machine learning algorithms to detect patterns in energy consumption data to identify potential insulation failures.
3. Heating Element Failure:
",1
"How does the control system ensure data integrity and security, particularly for sensitive data such as process variables and alarm histories?","  Background Document: Industrial Furnace Control System and Data Integrity

Introduction:
The industrial furnace control system is a critical component of the manufacturing process, responsible for regulating temperature, pressure, and flow rates to ensure the quality and consistency of the final product. The control system collects and processes data from various sensors and actuators to maintain the desired conditions and alert operators in case of any deviations or anomalies. However, ensuring data integrity and security is essential, especially for sensitive data such as process variables and alarm histories. This document discusses the measures taken by the control system to ensure data integrity and security.

1. Data Acquisition and Processing:
The industrial furnace control system collects data from various sensors, including temperature sensors, pressure sensors, flow rate sensors, and level sensors. The data is transmitted to the programmable logic controller (PLC) or distributed control system (DCS) for processing. The PLC/DCS validates the data to ensure it falls within the acceptable range and performs any necessary conversions or calculations.
2. Data Validation and Error Detection:
The control system implements various validation techniques to ensure data integrity. For example, the system checks for sensor calibration, verifies data consistency, and monitors data ranges to detect any anomalies. The system also performs error detection checks, such as parity checks, checksums, and cyclic redundancy checks (CRCs), to identify any data transmission errors.
3. Data Security:
The control system employs various security measures to protect sensitive data, such as process variables and alarm histories. The system uses secure communication protocols, such as HTTPS or VPN, to encrypt data transmitted between the sensors, PLC/DCS, and other components. The system also implements access controls, such as user authentication and authorization, to restrict access to sensitive data.
4. Data Backup and Recovery:
The control system implements data backup and recovery procedures to ensure data availability in case of hardware failures or software errors. The system performs regular backups of critical data, such as process variables and alarm histories, and stores them in secure locations, such as redundant storage devices or cloud storage services. In case of data loss, the system can restore the data from the backup, ensuring",1
"How does the supervisory system monitor the furnace's operation remotely, and what kind of information is provided to operators in real-time?","  Background Document: Industrial Furnace Monitoring and Operations

Introduction:
Industrial furnaces are critical assets in various manufacturing processes, and their proper operation is essential for maintaining product quality, efficiency, and safety. To ensure furnace operation is running smoothly, a supervisory system is used to monitor the process remotely, providing real-time information to operators. This document will discuss the components of the supervisory system, how it monitors furnace operation, and the types of information provided to operators in real-time.

Supervisory System Components:
The supervisory system consists of several components that work together to monitor and control the furnace's operation. These components include:

1. Sensors: A variety of sensors are installed on the furnace to measure various parameters such as temperature, pressure, flow rate, and gas composition. These sensors provide real-time data to the supervisory system, enabling operators to monitor the furnace's operation remotely.
2. Programmable Logic Controllers (PLCs): PLCs are used to control and monitor the furnace's operation. They receive data from the sensors and use it to adjust the furnace's operation to maintain optimal conditions.
3. Remote Terminal Units (RTUs): RTUs are used to collect data from the sensors and PLCs, and transmit it to the supervisory system.
4. Supervisory System Software: The supervisory system software is responsible for collecting, processing, and displaying data from the RTUs. It also provides operators with real-time information about the furnace's operation.

Monitoring Furnace Operation:
The supervisory system monitors the furnace's operation in real-time, using data from the sensors and PLCs. The system tracks various parameters such as temperature, pressure, and flow rate, and compares them to setpoints and limits. If any parameter exceeds the setpoint or limit, the system generates an alarm, which is displayed to operators on the graphical user interface.

Real-Time Information Provided to Operators:
The supervisory system provides operators with real-time information about the furnace's operation, including:

1. Process variables: The system",1
"How do the failure modes of the furnace and its components change over time, and how can we account for these changes in the anomaly model?","  Background Document: Industrial Furnace Anomaly Detection and Failure Modes

Introduction:
Industrial furnaces are critical assets in various manufacturing processes, and their failure can result in significant downtime, production loss, and safety hazards. To prevent such failures, it is essential to detect anomalies in real-time and address them before they escalate into major issues. This document aims to provide a comprehensive understanding of the failure modes of industrial furnaces and their components, as well as how these failure modes change over time. This information will be used to develop an anomaly model that can accurately detect anomalies and predict potential failures.

Failure Modes of Industrial Furnaces:
Industrial furnaces are complex systems with multiple components that can fail in various ways. The most common failure modes include:

1. Temperature Control Failure: The furnace's temperature control system can fail due to sensor malfunctions, controller issues, or software bugs. This can result in unexpected changes in temperature, which can affect the quality of the product being manufactured.
2. Heating Element Failure: The heating elements, such as heating coils or burners, can fail due to wear and tear, corrosion, or overheating. This can lead to reduced heating efficiency, uneven temperature distribution, or complete failure of the furnace.
3. Insulation Failure: The insulation surrounding the furnace can deteriorate over time, leading to heat loss, reduced efficiency, and increased energy consumption.
4. Air Flow Issues: The furnace relies on proper air flow to maintain the correct temperature and combustion efficiency. Air flow issues can result from clogged air filters, damaged ducts, or faulty blowers.
5. Fuel System Failure: The furnace's fuel system can fail due to clogged fuel lines, faulty valves, or pump malfunctions. This can result in reduced heating efficiency, incomplete combustion, or complete failure of the furnace.

Failure Modes of Furnace Components:
The components of an industrial furnace can also fail in various ways, including:

1. Sensor Failure: Sensors used to monitor temperature, pressure, and",1
Are there any existing baselines or benchmarks for the furnace's performance that we can use to evaluate the accuracy of the anomaly model?,"  Background Document:

Industrial Furnace Anomaly Detection and Performance Baselines

Introduction:
The goal of this project is to build an anomaly model using real-time time series sensor data obtained from an IoT/OT system for an industrial furnace. To ensure the accuracy and effectiveness of the anomaly model, it is essential to have a thorough understanding of the furnace's performance baselines and existing benchmarks. This document aims to provide an overview of the current state of knowledge regarding industrial furnace performance baselines and benchmarks.

Performance Baselines:
Industrial furnaces are complex systems with various components that work together to achieve a specific process objective. The performance of a furnace can be evaluated based on several key parameters, including:

1. Temperature: The temperature of the furnace is one of the most critical parameters to monitor. The temperature should be maintained within a specific range to ensure the quality of the process.
2. Pressure: The pressure inside the furnace is another important parameter to monitor. The pressure should be maintained within a specific range to prevent explosions or other safety hazards.
3. Flow rate: The flow rate of the furnace's combustion system is critical to ensure proper fuel combustion and heat transfer.
4. Fuel consumption: The amount of fuel consumed by the furnace should be monitored to ensure optimal performance and minimize waste.
5. Product quality: The quality of the product being produced by the furnace is a critical parameter to monitor. The product's quality can be affected by various factors, including temperature, pressure, and flow rate.

Benchmarks:
Several benchmarks exist for industrial furnaces to evaluate their performance. These benchmarks can be used to compare the performance of different furnaces and identify areas for improvement. Some of the commonly used benchmarks include:

1. Furnace efficiency: Furnace efficiency is a measure of how much energy is wasted during the heating process. A higher efficiency indicates that less energy is wasted, resulting in cost savings and reduced environmental impact.
2. Productivity: Productivity is a measure of the amount of product produced by the furnace per unit time. A higher productivity indicates that the furnace is operating at a higher capacity.
3.",1
Can you provide examples of how data analytics and machine learning can be applied to predict and prevent failures in industrial furnaces?,"  Background Document: Industrial Furnace Failure Prediction and Prevention using Data Analytics and Machine Learning

Introduction:
Industrial furnaces are critical assets in various manufacturing processes, and their failure can result in significant downtime, production loss, and safety hazards. Predicting and preventing furnace failures is crucial to maintaining productivity, reducing costs, and ensuring safety. Data analytics and machine learning techniques can be applied to predict and prevent furnace failures by analyzing real-time sensor data and identifying patterns and anomalies that indicate impending failure.

Important Components for Anomaly Model:
The following components are crucial for building an anomaly model for industrial furnaces:

1. Temperature sensors: Temperature is a critical parameter in furnace operation. Sensor data can be used to monitor temperature levels, detect temperature fluctuations, and identify potential overheating or cooling issues.
2. Pressure sensors: Furnace pressure can indicate issues such as blockages, leaks, or faulty valves. Pressure sensor data can help identify anomalies and predict potential failures.
3. Flow rate sensors: Flow rate sensors measure the speed of gases, fluids, or solids entering or leaving the furnace. Abnormal flow rates can indicate issues such as clogged pipes, damaged pumps, or valve malfunctions.
4. Chemical composition sensors: Chemical composition sensors measure the concentration of various elements or compounds in the furnace. Abnormal chemical composition can indicate issues such as contamination, corrosion, or fuel quality problems.
5. Vibration sensors: Vibration sensors can detect irregularities in the furnace's mechanical components, such as imbalances, misalignments, or bearing wear.
6. Acoustic sensors: Acoustic sensors can detect unusual sounds or noise patterns that may indicate furnace malfunctions, such as cracking, grinding, or leaking.

Important Failure Modes:
The following failure modes are critical for the anomaly model:

1. Overheating: Overheating can damage the furnace's refractory lining, insulation, and mechanical components. It can be caused",1
Are there any known correlations between different sensor data or metrics that could be used to improve the accuracy of the anomaly model?,"  Background Document: Industrial Furnace Anomaly Detection

Introduction:
Industrial furnaces are critical assets in various manufacturing processes, and their proper functioning is essential to ensure product quality and avoid downtime. Anomaly detection in furnace operations can help identify potential issues before they become major problems, reducing downtime and maintenance costs. This document aims to provide a comprehensive overview of known correlations between different sensor data or metrics that can be used to improve the accuracy of the anomaly model in industrial furnaces.

Sensor Data and Metrics:
The following sensor data and metrics are commonly used in industrial furnace operations:

1. Temperature: Furnace temperature is one of the most critical parameters to monitor. Temperature sensors can be placed at different locations within the furnace to measure temperature variations.
2. Pressure: Furnace pressure is another important parameter to monitor, as it can affect the quality of the product being manufactured. Pressure sensors can be installed to measure the pressure inside the furnace.
3. Flow rate: The flow rate of gases, such as air, fuel, and exhaust gases, is crucial in maintaining the proper combustion process. Flow rate sensors can be used to monitor the flow rate of these gases.
4. Oxygen levels: Oxygen levels within the furnace can affect the combustion process and product quality. Oxygen sensors can be used to monitor oxygen levels.
5. Carbon monoxide levels: Carbon monoxide is a byproduct of combustion, and its levels within the furnace can indicate the efficiency of the combustion process. Carbon monoxide sensors can be used to monitor carbon monoxide levels.
6. Noise levels: Furnace noise levels can indicate issues such as cracking, boiling, or overheating. Noise sensors can be used to monitor noise levels.
7. Vibration: Furnace vibration can indicate issues such as imbalance, misalignment, or loose components. Vibration sensors can be used to monitor vibration levels.

Known Correlations:
The following correlations between different sensor data or metrics are known to be useful in improving the accuracy of the anomaly model in industrial furn",1
"What are some common causes of temperature and pressure anomalies in industrial furnaces, and how do these anomalies typically manifest?","  Background Document: Industrial Furnace Anomaly Detection

Introduction:
Industrial furnaces are critical assets in various manufacturing processes, and their proper functioning is essential to ensure product quality and avoid downtime. Temperature and pressure anomalies are common issues that can impact furnace performance, and it is crucial to detect these anomalies in real-time to prevent equipment failure and maintain process stability. This document provides an overview of common causes of temperature and pressure anomalies in industrial furnaces and how they typically manifest.

1. Causes of Temperature Anomalies:

a. Faulty thermocouples or temperature sensors: These can result in inaccurate temperature readings, leading to false alarms or missed detections.

b. Uneven heating: This can occur due to issues such as poor insulation, damaged or clogged heating elements, or uneven distribution of heat.

c. Process upsets: Changes in the process, such as variations in raw material quality or unexpected changes in atmospheric conditions, can cause temperature fluctuations.

d. Maintenance issues: Poor maintenance, such as failing to clean or replace parts, can lead to temperature anomalies.

e. Design flaws: In some cases, temperature anomalies can be caused by design issues, such as inadequate insulation or poor heat transfer.

2. Causes of Pressure Anomalies:

a. Faulty pressure sensors: Like temperature sensors, faulty pressure sensors can provide inaccurate readings, leading to false alarms or missed detections.

b. Blockages or clogs: Debris or buildup in the furnace can cause pressure anomalies, as can blockages in the exhaust system.

c. Process upsets: Changes in the process, such as variations in raw material quality or unexpected changes in atmospheric conditions, can cause pressure fluctuations.

d. Maintenance issues: Poor maintenance, such as failing to clean or replace parts, can lead to pressure anomalies.

e. Design flaws: In some cases, pressure anomalies can be caused by design issues",1
Can you provide more information on the specific failure modes and mechanisms of each component and subsystem in the industrial furnace?,"  Sure, I can provide you with some general information about the failure modes and mechanisms of various components and subsystems in an industrial furnace. However, please note that the specifics of the furnace and its components may vary depending on the application, design, and manufacturer. It's essential to consult with subject matter experts and review the furnace's documentation to get a comprehensive understanding of the potential failure modes and mechanisms.

An industrial furnace is a complex system consisting of several components and subsystems, including:

1. Heating Elements: These are the components responsible for generating heat, such as electric heating elements, gas burners, or fuel oil burners. Failure modes for heating elements include:
	* Overheating due to excessive current, poor insulation, or malfunctioning thermocouples.
	* Underheating due to dirty or damaged heating elements, or malfunctioning control systems.
	* Thermal fatigue due to repeated heating and cooling cycles.
2. Temperature Control System: This system is responsible for maintaining the desired temperature within the furnace. It includes temperature sensors, controllers, and actuators. Failure modes for the temperature control system include:
	* Inaccurate temperature readings due to faulty temperature sensors or calibration issues.
	* Controller malfunction due to software bugs, hardware failures, or communication issues.
	* Actuator failure due to mechanical wear and tear, or electrical issues.
3. Insulation: The insulation system is designed to retain heat within the furnace and minimize heat loss. Failure modes for insulation include:
	* Deterioration due to age, moisture, or high temperatures.
	* Gaps or cracks in the insulation material, allowing heat to escape.
	* Incorrect installation or poor workmanship.
4. Refractory Lining: The refractory lining is a protective layer made of heat-resistant materials that lines the interior of the furnace. Failure modes for the refractory lining include:
	* Erosion due to the flow of hot gases, molten metal, or slag.
	* Cracks or damage due to thermal stress, mechanical stress",1
What kind of data analysis is performed on the sensor data to ensure that the furnace is operating within safe and efficient parameters?,"  Background Document: Industrial Furnace Anomaly Detection and Predictive Maintenance

Introduction:
Industrial furnaces are critical assets in various manufacturing processes, and their proper functioning is essential for ensuring product quality, efficiency, and safety. With the increasing use of IoT and OT systems, it has become possible to collect vast amounts of sensor data from these furnaces, providing an opportunity to leverage advanced data analysis techniques to detect anomalies and predict maintenance needs.

Objective:
The primary objective of this document is to outline the types of data analysis that can be performed on sensor data to ensure that industrial furnaces are operating within safe and efficient parameters. Additionally, this document will provide a comprehensive approach to building an anomaly model using real-time time series sensor data.

Sensor Data Collection:
The following types of sensor data can be collected from industrial furnaces:

1. Temperature sensors: These sensors measure the temperature of the furnace, the product, and the surrounding environment.
2. Pressure sensors: These sensors measure the pressure inside the furnace and the surrounding environment.
3. Flow rate sensors: These sensors measure the flow rate of gases, such as air and fuel, being fed into the furnace.
4. Current sensors: These sensors measure the electrical current being supplied to the furnace's heating elements.
5. Vibration sensors: These sensors measure the vibration of the furnace and its components.
6. Acoustic sensors: These sensors measure the noise level within the furnace and the surrounding environment.

Data Analysis Techniques:
The following data analysis techniques can be applied to the collected sensor data to ensure that the furnace is operating within safe and efficient parameters:

1. Time Series Analysis: This technique is used to analyze the temporal patterns and trends in the sensor data. Time series models, such as ARIMA, SARIMA, and Exponential Smoothing, can be employed to forecast future values, detect anomalies, and predict maintenance needs.
2. Machine Learning Algorithms: Supervised and unsupervised machine learning algorithms, such as regression, decision trees, random forest, and clustering, can be applied to the sensor data to identify patterns and relationships that",1
"How do the sensors used in industrial furnaces communicate with the control system, and what communication protocols are commonly used?","  Background Document: Industrial Furnace Sensor Communication and Protocols

Introduction:
Industrial furnaces are critical assets in various manufacturing processes, and their efficient operation is crucial for product quality and production yield. Sensors play a vital role in monitoring the furnace's operating conditions, and their data is used to make decisions that ensure optimal performance. This document provides an overview of the communication protocols and methods used by sensors in industrial furnaces to transmit data to the control system.

Sensor Types and Communication Methods:
Industrial furnaces typically use a variety of sensors to monitor temperature, pressure, flow rate, and other parameters. These sensors can be classified into two main categories: analog and digital sensors.

1. Analog Sensors:
Analog sensors measure physical parameters and convert them into continuous signals, which are then transmitted to the control system. These sensors use communication protocols such as 4-20 mA, 0-10 V, or thermocouples to transmit data. The most common protocol used in industrial furnaces is the 4-20 mA protocol, which is a current-based protocol that provides a linear response to changes in the measured parameter.
2. Digital Sensors:
Digital sensors measure physical parameters and convert them into digital signals, which are then transmitted to the control system using various communication protocols. The most common digital protocols used in industrial furnaces are:

a. Modbus RS-485:
Modbus is a widely used communication protocol in industrial automation. It uses the RS-485 serial communication standard to transmit data between devices. Modbus allows for the communication of various types of data, including temperature, pressure, and flow rate.

b. Profibus PA:
Profibus PA (Process Automation) is a communication protocol specifically designed for use in industrial processes. It uses the RS-485 serial communication standard and is widely used in furnace applications. Profibus PA provides a high degree of flexibility and allows for the integration of various sensors and actuators.

c. Foundation Fieldbus:
Foundation Fieldbus is a digital communication protocol used in industrial automation. It uses a variety of physical layers, including RS-485",1
"Are there any other factors that could impact the accuracy of the anomaly detection model, such as sensor noise or calibration issues?","  Background Document:

Industrial Furnace Anomaly Detection using Real-time Time Series Sensor Data

Introduction:
The goal of this project is to build an anomaly detection model using real-time time series sensor data obtained from an Industrial Furnace system. The model will be trained to identify unusual patterns or behaviors in the sensor data that may indicate a failure or anomaly in the furnace system.

Important Components:
The Industrial Furnace system consists of several critical components that are crucial for its proper functioning. These components include:

1. Heating Elements: The heating elements are responsible for heating the furnace to the desired temperature. There are several types of heating elements used in Industrial Furnaces, including electric heating elements, gas-fired burners, and fossil fuel-fired burners.
2. Temperature Control System: The temperature control system is responsible for maintaining the furnace temperature within a specified range. The system consists of temperature sensors, controllers, and actuators that work together to regulate the furnace temperature.
3. Furnace Insulation: The furnace insulation is designed to minimize heat loss and maintain the desired temperature within the furnace. The insulation material can be refractory ceramic fibers, insulating bricks, or other materials.
4. Cooling System: The cooling system is responsible for removing excess heat from the furnace and maintaining a safe operating temperature. The cooling system can be a water-cooled or air-cooled system, depending on the furnace design.

Failure Modes:
The Industrial Furnace system can experience various failure modes that can impact its performance and efficiency. Some common failure modes include:

1. Heating Element Failure: Failure of the heating elements can result in reduced heating efficiency, uneven heating, or complete failure of the furnace.
2. Temperature Control System Failure: Failure of the temperature control system can result in temperature fluctuations, overheating, or underheating of the furnace.
3. Furnace Insulation Failure: Failure of the furnace insulation can result in heat loss, reduced efficiency, or damage to the furnace",1
What are the most effective maintenance and inspection strategies for identifying potential issues before they become major failures?,"  Background Document: Industrial Furnace Maintenance and Inspection Strategies

Introduction:
Industrial furnaces are critical assets in various industries, including metals, chemicals, and petrochemicals. They are used for various processes such as heat treatment, smelting, and refining. Furnace failures can lead to significant downtime, production loss, and safety hazards. Therefore, it is essential to have effective maintenance and inspection strategies in place to identify potential issues before they become major failures.

I. Important Components for Anomaly Model

1. Temperature control system: The temperature control system is critical in maintaining the desired temperature within the furnace. Any anomalies in temperature control can lead to overheating or underheating, which can cause furnace failure.
2. Heating elements: Heating elements, such as heating coils or burners, are responsible for generating heat within the furnace. Failure of heating elements can lead to reduced heat output, which can affect the quality of the product being processed.
3. Insulation: Insulation is crucial in maintaining the desired temperature within the furnace. Any damage or degradation of insulation can lead to heat loss, which can affect the efficiency of the furnace.
4. Cooling system: The cooling system is responsible for removing heat from the furnace after the processing is complete. Any anomalies in the cooling system can lead to overheating, which can cause furnace failure.
5. Control system: The control system includes sensors, actuators, and programmable logic controllers (PLCs) that monitor and control the furnace's operation. Any anomalies in the control system can lead to furnace failure or unsafe conditions.

II. Important Failure Modes

1. Overheating: Overheating is a common failure mode in industrial furnaces. It can occur due to various reasons such as poor temperature control, malfunctioning heating elements, or insulation failure. Overheating can lead to furnace failure, product defects, or safety hazards.
2. Underheating: Underheating can occur due to malfunctioning heating elements, poor temperature control, or insulation failure. Underhe",1
How do the sensors' detectability and severity ratings change depending on the specific type of furnace and its operating conditions?,"  Background Document:

Industrial Furnace Anomaly Detection Using Real-Time Sensor Data

Introduction:
Industrial furnaces are critical assets in various manufacturing processes, and their downtime can significantly impact production and revenue. To minimize downtime and ensure efficient operation, it is essential to detect anomalies in real-time and take corrective actions before any significant damage occurs. This document provides an overview of how sensor data can be used to detect anomalies in industrial furnaces, specifically focusing on the impact of furnace type and operating conditions on sensor detectability and severity ratings.

Furnace Types:
There are several types of industrial furnaces, including:

1. Electric Arc Furnaces (EAF): These furnaces use an electric arc to melt metal and are commonly used in steel production.
2. Ladle Furnaces: These furnaces are used to refine molten metal and are typically used in steel production.
3. Vacuum Furnaces: These furnaces use a vacuum environment to melt and refine metals, and are commonly used in aerospace and automotive industries.
4. Induction Furnaces: These furnaces use electromagnetic induction to heat metal and are commonly used in foundries and steel production.

Operating Conditions:
The operating conditions of industrial furnaces can vary depending on the specific type of furnace and the production process. Some of the key operating conditions that can impact sensor detectability and severity ratings include:

1. Temperature: Furnace temperature can range from 500°C to 1800°C, depending on the type of furnace and the production process.
2. Charging rate: The rate at which material is added to the furnace can impact the severity of anomalies.
3. Tapping rate: The rate at which molten metal is removed from the furnace can also impact anomaly severity.
4. Furnace load: The amount of material being processed in the furnace can impact the detectability of anomalies.

Sensor Data:
Several sensors are typically used to monitor industrial furnaces, including:

1. Temperature sensors: These sens",1
"Can you provide examples of software bugs that have caused issues in the control system, and how were they identified and addressed?","  Background Document: Industrial Furnace Anomaly Detection

Introduction:
Industrial furnaces are critical assets in various manufacturing processes, and their proper functioning is essential to ensure product quality and avoid downtime. The control systems that monitor and regulate these furnaces are complex and can be prone to software bugs that may cause issues. In this document, we will explore examples of software bugs that have caused problems in industrial furnace control systems, how they were identified, and how they were addressed.

1. Overheating Incidents:
In a steel production plant, the furnace control system failed to alert operators of an overheating condition, resulting in damage to the furnace lining and costly repairs. An investigation revealed that a software bug caused the temperature sensor data to be ignored, leading to the failure to trigger alarm thresholds. The bug was identified by analyzing sensor data and system logs, and it was fixed by updating the software to correctly process sensor data.
2. False Alarms:
A chemical plant's furnace control system was experiencing frequent false alarms, causing operators to shut down the furnace unnecessarily. The root cause was traced back to a software bug that misinterpreted sensor data, resulting in false alarm triggers. The bug was identified by reviewing system logs and sensor data, and it was fixed by correcting the software's sensor data processing algorithm.
3. Control Loop Issues:
A glass manufacturing plant's furnace control system was experiencing control loop issues, causing temperature fluctuations and product quality issues. Investigation revealed that a software bug was causing the control loop to become unstable, resulting in the temperature variations. The bug was identified by analyzing system logs and process data, and it was fixed by updating the software to improve control loop stability.
4. Data Loss:
A paper mill's furnace control system experienced data loss due to a software bug that caused sensor data to be discarded. This resulted in a lack of data for analysis and monitoring, leading to reduced process efficiency and potential quality issues. The bug was identified by reviewing system logs and sensor data, and it was fixed by correcting the software's data handling mechanism.
5. Interoperability Issues:
A food processing plant's furnace control system was integrated with a",1
"What is the format of the historical data, and how is it stored? Is it in a relational database, CSV files, or a proprietary format?","  Background Document: Industrial Furnace Anomaly Detection

Introduction:
The goal of this project is to build an anomaly detection model using real-time time series sensor data obtained from an IoT/OT system for an industrial furnace. The furnace is a critical asset in a manufacturing process, and its failure can result in significant downtime and loss of production. The aim is to detect anomalies in the furnace's operation to prevent such failures and ensure smooth and efficient operation.

Data Collection:
The historical data for the furnace is collected from various sensors that monitor its operation. These sensors measure various parameters such as temperature, pressure, flow rate, and power consumption. The data is collected at regular intervals, and the sampling rate is 1 data point per second.

Data Format and Storage:
The historical data is stored in a relational database, specifically a MySQL database. The database contains tables for each sensor, with columns for the sensor ID, timestamp, and the measured value. The data is stored in a structured format, making it easy to query and analyze.

Additional Information:
The user message contains additional information about the furnace's operation, such as the production schedule, maintenance history, and any notable events or alerts. This information can be useful in identifying patterns in the data and understanding the root cause of any anomalies detected.

Questions for Subject Matter Experts:

1. What are the most critical components of the furnace that should be monitored for anomalies?
2. What are the most common failure modes of the furnace, and how do they manifest in the sensor data?
3. Are there any specific sensor readings or patterns in the data that are known to indicate an impending failure?
4. How does the production schedule and maintenance history affect the furnace's operation, and are there any specific times or periods when the furnace is more prone to failure?
5. Are there any known issues or limitations with the sensors or data collection process that could impact the accuracy of the anomaly detection model?
6. What is the desired level of accuracy for the anomaly detection model, and are there any specific false positive or false negative rates that should be targeted?
7. Are there any regulatory or compliance requirements that",1
Are there any specific performance metrics or KPIs that should be used to evaluate the effectiveness of the anomaly detection model?,"  Background Document:

Industrial Furnace Anomaly Detection

Introduction:
The goal of this project is to develop an anomaly detection model using real-time time series sensor data obtained from an IoT/OT system for an industrial furnace. The furnace is a critical asset in a manufacturing process, and its failure can result in significant downtime, loss of production, and increased maintenance costs.

Important Components:
The industrial furnace consists of several critical components that should be monitored for anomalies. These components include:

1. Temperature control system: The temperature control system is responsible for maintaining the desired temperature within the furnace. Any anomalies in this system can result in temperature fluctuations, which can affect the quality of the product and lead to equipment failure.
2. Heating elements: The heating elements are responsible for heating the furnace to the desired temperature. Any failure in these elements can result in reduced heating efficiency, decreased product quality, and increased energy consumption.
3. Cooling system: The cooling system is responsible for removing heat from the furnace after the heating process. Any anomalies in this system can result in reduced cooling efficiency, decreased product quality, and increased energy consumption.
4. Control logic: The control logic is responsible for managing the furnace's operation, including temperature control, heating, and cooling. Any anomalies in this system can result in unexpected behavior, leading to equipment failure or reduced product quality.

Failure Modes:
The following are some of the possible failure modes that can occur in an industrial furnace:

1. Temperature fluctuations: Temperature fluctuations can occur due to various reasons, including sensor malfunctions, temperature control system failures, or heating element failures.
2. Overheating: Overheating can occur due to heating element failures, cooling system failures, or control logic failures.
3. Underheating: Underheating can occur due to heating element failures, cooling system failures, or control logic failures.
4. Sensor malfunctions: Sensor malfunctions can result in incorrect temperature readings, leading to temperature fluctuations or incorrect control decisions.
5",1
"How do you ensure the quality and consistency of the refractory lining material, especially when sourcing from different suppliers?","  Background Document: Refractory Lining Material Quality Control for Industrial Furnaces

Introduction:
The refractory lining material is a critical component in industrial furnaces, as it protects the furnace walls and ensures proper heat insulation. The quality and consistency of the refractory lining material are crucial to ensure optimal furnace performance, prevent downtime, and maintain product quality. This document outlines the steps taken to ensure the quality and consistency of refractory lining material, particularly when sourcing from different suppliers.

1. Supplier Selection and Qualification:
a. Evaluate potential suppliers based on their reputation, experience, and quality control processes.
b. Conduct thorough research and site visits to assess their manufacturing facilities, quality control procedures, and testing capabilities.
c. Qualify suppliers based on their ability to meet the required specifications, quality standards, and delivery schedules.
2. Material Specification and Testing:
a. Define detailed specifications for the refractory lining material, including chemical composition, physical properties, and performance criteria.
b. Develop and implement a comprehensive testing program to ensure the material meets the specified requirements.
c. Conduct regular testing of the material, including raw material inspection, physical property testing, and performance testing.
3. Quality Control Procedures:
a. Establish quality control procedures for the receipt, storage, and handling of refractory lining material.
b. Implement a traceability system to track the material from receipt to installation, ensuring that all materials are properly identified and stored.
c. Conduct regular audits of the supplier's quality control procedures to ensure compliance with the agreed-upon specifications and testing protocols.
4. Continuous Monitoring and Improvement:
a. Regularly monitor the performance of the refractory lining material in service, including thermal performance, durability, and resistance to corrosion.
b. Analyze data from the monitoring activities to identify trends, potential issues, and opportunities for improvement.
c. Collaborate with suppliers to address any issues and implement improvements to the material and/or installation process.
5. Documentation and Knowledge Management:
a. Maint",1
Can you elaborate on the potential sources of vibration in industrial furnaces and how vibration sensors can help identify issues?,"  Background Document: Industrial Furnace Vibration Analysis

Introduction:
Industrial furnaces are critical assets in various manufacturing processes, and their proper functioning is essential for ensuring product quality and avoiding costly downtime. Vibration analysis is a widely used technique for monitoring the health of industrial furnaces, as it can detect anomalies and predict potential failures. This document provides an overview of the potential sources of vibration in industrial furnaces and how vibration sensors can help identify issues.

Potential Sources of Vibration in Industrial Furnaces:

1. Mechanical Failure: Mechanical failure is a common source of vibration in industrial furnaces. The furnace's mechanical components, such as bearings, gears, and motors, can fail due to wear and tear, leading to vibration.
2. Imbalance: An imbalance in the furnace's rotating components, such as the fan or the drum, can cause vibration. This imbalance can be due to uneven wear, misalignment, or loose connections.
3. Misalignment: Misalignment of the furnace's components, such as the burner, can cause vibration. This misalignment can be due to poor installation, wear and tear, or sudden impact.
4. Resonance: Resonance occurs when the furnace's natural frequency matches the frequency of the vibration. This can cause the vibration to amplify, leading to damage to the furnace's components.
5. Process Issues: Process issues, such as poor fuel quality or uneven heating, can cause vibration in the furnace. For example, if the fuel is not burned properly, it can lead to uneven heating, which can cause the furnace to vibrate.

How Vibration Sensors Can Help Identify Issues:

1. Real-time Monitoring: Vibration sensors can monitor the furnace's vibration in real-time, allowing for early detection of anomalies. This enables predictive maintenance, which can help prevent unexpected downtime and reduce maintenance costs.
2. Data Analysis: The data collected by vibration sensors can be analyzed to identify patterns and trends that indicate potential issues. For",1
"Can you provide more information about the sensors used in the furnace, such as their type, accuracy, and calibration procedures?","  Background Document: Industrial Furnace Sensor Data for Anomaly Detection

Introduction:
The goal of this document is to provide information about the sensors used in an industrial furnace, their types, accuracy, and calibration procedures. This information is crucial for building an anomaly model using real-time time series sensor data obtained from IoT/OT systems.

Sensors Used in Industrial Furnaces:
Industrial furnaces use a variety of sensors to monitor various parameters such as temperature, pressure, flow rate, and chemical composition. The following are some of the commonly used sensors in industrial furnaces:

1. Temperature sensors: These sensors measure the temperature of the furnace, the metal, and the surrounding environment. They are typically made of thermocouples, resistance temperature detectors (RTDs), or thermistors.
2. Pressure sensors: These sensors measure the pressure inside the furnace and are typically made of piezometers or pressure transducers.
3. Flow rate sensors: These sensors measure the flow rate of gases, such as air, fuel, and exhaust gases, in the furnace. They are typically made of vortex flow meters, ultrasonic flow meters, or mass flow controllers.
4. Chemical composition sensors: These sensors measure the chemical composition of the metal being processed, such as carbon, sulfur, and phosphorus content. They are typically made of optical emission spectrometers or X-ray fluorescence spectrometers.

Accuracy and Calibration Procedures:
The accuracy of the sensors used in industrial furnaces is critical for detecting anomalies and ensuring the quality of the final product. Therefore, it is essential to calibrate the sensors regularly to ensure their accuracy. The calibration procedures for the sensors used in industrial furnaces are as follows:

1. Temperature sensors: Temperature sensors should be calibrated using a reference thermometer traceable to a national standard. The calibration process involves comparing the sensor's output to the reference thermometer's output at several temperature points.
2. Pressure sensors: Pressure sensors should be calibrated using a reference pressure gauge or a deadweight tester",1
How do the severity and detectability ratings for failure modes vary depending on the specific furnace and sensor data available?,"  Background Document:

Industrial Furnace Anomaly Detection and Severity Analysis

Introduction:
Industrial furnaces are critical assets in various manufacturing processes, and their failure can result in significant downtime, production loss, and safety hazards. Timely detection of anomalies and prediction of failures are crucial to minimize these risks. This document aims to provide a comprehensive understanding of the severity and detectability ratings for failure modes in industrial furnaces, depending on the specific furnace and sensor data available.

1. Furnace Types and Their Failure Modes:
There are several types of industrial furnaces, including batch, continuous, and regenerative furnaces. Each type has its unique failure modes, which can be categorized into three severity levels:

a. Critical Failure Modes (Severity Level 1):

* Furnace overheating or underheating, leading to product quality issues or equipment damage.
* Sensor malfunctioning or data transmission failure, resulting in incomplete or inaccurate data.
* Furnace component failure, such as a broken heating element or a cracked refractory lining, causing equipment downtime.

b. Major Failure Modes (Severity Level 2):

* Furnace temperature control issues, affecting product quality or process efficiency.
* Insufficient fuel supply or air flow, leading to reduced furnace performance or shutdown.
* Presence of contaminants in the furnace, causing product defects or equipment damage.

c. Minor Failure Modes (Severity Level 3):

* Sensor calibration drift or noise, resulting in minor data inaccuracies.
* Furnace component wear and tear, such as worn-out igniters or damaged insulation, which can lead to future failures.
2. Sensor Data and Its Relationship to Failure Modes:
The following sensor data is typically available for industrial furnaces:

a. Temperature sensors (e.g., thermocouples, infrared cameras): These sensors monitor furnace temperature, which is critical for detecting overheating, underheating, and temperature control issues.",1
"Are there any specific sensor data or metrics that are most important for detecting anomalies in the cooling system? If so, why?","  Background Document: Industrial Furnace Cooling System Anomaly Detection

Introduction:
The industrial furnace cooling system is a critical component in the manufacturing process, and its proper functioning is essential to ensure product quality and prevent equipment damage. Anomaly detection in the cooling system is crucial to identify potential issues before they become major problems. This document aims to provide a comprehensive overview of the most important sensor data and metrics for detecting anomalies in the cooling system of an industrial furnace.

Sensor Data:
The following sensor data are considered most important for detecting anomalies in the cooling system:

1. Temperature sensors: These sensors measure the temperature of the coolant, the furnace, and the surrounding environment. Temperature readings are essential in detecting anomalies in the cooling system, as changes in temperature can indicate issues such as coolant leaks, clogged pipes, or malfunctioning pumps.
2. Pressure sensors: Pressure sensors measure the pressure of the coolant flowing through the system. Abnormal pressure readings can indicate blockages, leaks, or pump failures, which can lead to severe damage to the furnace and surrounding equipment.
3. Flow rate sensors: These sensors measure the flow rate of the coolant through the system. Changes in flow rate can indicate issues such as clogged pipes, pump failures, or unexpected changes in the cooling load.
4. Conductivity sensors: Conductivity sensors measure the electrical conductivity of the coolant. Changes in conductivity can indicate contamination or degradation of the coolant, which can affect its ability to cool the furnace properly.
5. Acoustic sensors: Acoustic sensors detect unusual sounds within the cooling system, such as pump cavitation, air bubbles, or pipe vibrations. These sounds can indicate issues such as worn-out pump impellers, clogged pipes, or loose connections.

Metrics:
The following metrics are used to analyze the sensor data and detect anomalies in the cooling system:

1. Mean temperature: The mean temperature of the coolant, furnace, and surrounding environment is",1
How do the failure modes and mechanisms of the refractory lining vary depending on the specific application and industry?,"  Background Document: Refractory Lining Failure Modes and Mechanisms in Industrial Furnaces

Introduction:
Refractory linings are a critical component in industrial furnaces, protecting the furnace walls and ensuring efficient heat transfer. However, these linings are subject to various failure modes and mechanisms, which can vary depending on the specific application and industry. This document provides an overview of the most common failure modes and mechanisms of refractory linings in industrial furnaces, helping to identify potential issues and improve furnace performance.

1. Failure Modes:

a. Thermal Shock: Thermal shock occurs when the refractory lining is exposed to sudden and significant temperature changes, leading to stresses and cracks in the material. This can happen during furnace startup or shutdown, or when the heating or cooling rate is too high. Thermal shock can cause the lining to break away from the furnace wall, reducing its protective effectiveness.

b. Chemical Attack: The refractory lining can be exposed to various chemicals, such as fuels, raw materials, or cleaning agents, which can react with the lining's components, causing corrosion or dissolution. Chemical attack can weaken the lining, leading to cracks, holes, or delamination.

c. Mechanical Failure: Mechanical failure can occur due to various factors, including:

i. Abrasion: The refractory lining can be worn down by the constant movement of materials within the furnace, such as particles, gases, or molten metals. Abrasion can reduce the lining's thickness, compromising its insulation properties.

ii. Impact: Furnace components, such as the charging system, can impact the refractory lining, causing cracks or damage.

iii. Thermal Stress: Thermal stress can arise from differences in thermal expansion between the refractory lining and the furnace wall. This can cause the lining to crack or debond from the wall.

iv. Creep: Creep is the slow deformation of materials under high temperatures, which can lead to lining failure over time.

d. Inadequate Install",1
"How do the sensors used in industrial furnaces account for environmental factors such as temperature, humidity, and dust?","  Background Document: Industrial Furnace Sensors and Environmental Factors

Introduction:
Industrial furnaces are critical assets in various manufacturing processes, and their performance and reliability are crucial for maintaining production efficiency and quality. Environmental factors such as temperature, humidity, and dust can significantly impact the furnace's performance, and it is essential to account for these factors when designing and implementing sensor systems for furnace monitoring. This document provides an overview of the sensors used in industrial furnaces and how they account for environmental factors.

Sensors Used in Industrial Furnaces:
The following sensors are commonly used in industrial furnaces to monitor various parameters:

1. Temperature sensors: These sensors measure the temperature of the furnace, the product, and the surrounding environment. They are typically made of thermocouples, resistance temperature detectors (RTDs), or thermistors. Temperature sensors are critical for ensuring the furnace operates within the desired temperature range and for detecting any abnormal temperature fluctuations that may indicate a failure.
2. Humidity sensors: These sensors measure the moisture content in the air around the furnace. They are typically made of capacitive or resistive sensors. Humidity sensors are important for monitoring the drying process, especially in applications where the product needs to be dried to a specific moisture level.
3. Dust sensors: These sensors measure the amount of dust particles in the air around the furnace. They are typically made of optical or electrostatic sensors. Dust sensors are crucial for monitoring the furnace's air quality and detecting any abnormal increases in dust levels that may indicate a failure.
4. Pressure sensors: These sensors measure the pressure inside the furnace and the surrounding environment. They are typically made of piezoresistive or piezoelectric sensors. Pressure sensors are important for monitoring the furnace's performance and detecting any pressure fluctuations that may indicate a failure.
5. Acoustic sensors: These sensors measure the sound levels and vibrations around the furnace. They are typically made of piezoelectric or capacitive sensors. Acoustic sensors are important",1
"Can you elaborate on the different types of alarms that can be triggered in the system, and how are they prioritized?","  Background Document: Industrial Furnace Anomaly Detection

Introduction:
The goal of this project is to build an anomaly detection model using real-time time series sensor data obtained from an IoT/OT system for an industrial furnace. The furnace is a critical asset in a manufacturing process, and its failure can lead to significant downtime, loss of production, and safety risks. The aim is to detect anomalies in the furnace's operation and alert the operators and maintenance personnel to take corrective action before a failure occurs.

Types of Alarms:
The industrial furnace system can trigger various alarms based on different parameters, such as temperature, pressure, flow rate, and vibration. These alarms can be categorized into three levels of priority:

1. High Priority Alarms:
a. Temperature alarm: The furnace's temperature exceeds the setpoint or falls outside the safe operating range, indicating a potential failure in the heating element or temperature control system.
b. Pressure alarm: The furnace's pressure exceeds the setpoint or falls outside the safe operating range, indicating a potential failure in the pressure control system or a blockage in the exhaust system.
c. Flow rate alarm: The furnace's flow rate exceeds the setpoint or falls outside the safe operating range, indicating a potential failure in the fuel supply system or the combustion air system.
2. Medium Priority Alarms:
a. Vibration alarm: The furnace's vibration exceeds the setpoint or falls outside the safe operating range, indicating a potential failure in the motor or mechanical components.
b. Power alarm: The furnace's power consumption exceeds the setpoint or falls outside the safe operating range, indicating a potential failure in the electrical system.
3. Low Priority Alarms:
a. Filter alarm: The furnace's air filter is clogged, indicating a potential reduction in performance and efficiency.
b. Cooling alarm: The furnace's cooling system is not functioning properly, indicating a potential issue with the cooling system or the furnace's temperature control system.

Prioritization:
The alarms will be prioritized based on their severity and impact on",1
Can you provide more information about the types of sensors used in the industrial furnace and their specifications?,"  Sure, I'd be happy to provide more information on the types of sensors used in industrial furnaces and their specifications.

Industrial furnaces are equipped with a variety of sensors to monitor various parameters such as temperature, pressure, flow rate, and gas composition. These sensors are critical for ensuring the safe and efficient operation of the furnace. Here are some of the most common types of sensors used in industrial furnaces and their specifications:

1. Temperature sensors:
* Type: Thermocouples (e.g., K-type, J-type, T-type)
* Specifications: Measurement range (-200°C to 2000°C), accuracy (±0.5°C), response time (<100 ms)
* Purpose: Measure the temperature of the furnace chamber, hearth, and walls.
2. Pressure sensors:
* Type: Pressure transducers (e.g., piezoresistive, piezoelectric)
* Specifications: Measurement range (0-10 bar), accuracy (±1%), response time (<100 ms)
* Purpose: Monitor the pressure inside the furnace chamber and ensure it remains within safe operating limits.
3. Flow rate sensors:
* Type: Vortex flow meters, ultrasonic flow meters
* Specifications: Measurement range (0-1000 kg/s), accuracy (±5%), response time (<100 ms)
* Purpose: Measure the flow rate of fuel, air, and other gases entering the furnace.
4. Gas composition sensors:
* Type: Gas analyzers (e.g., infrared, paramagnetic)
* Specifications: Measurement range (0-100%), accuracy (±1%), response time (<100 ms)
* Purpose: Monitor the composition of gases entering the furnace, such as CO, CO2, NOx, and SO2.
5. Vibration sensors:
* Type: Accelerometers (e.g., piezoelectric, capacitive)
* Specifications: Measurement range (0-",1
"What are the potential safety hazards associated with industrial furnace failures, and how can they be mitigated?","  Background Document: Industrial Furnace Safety Hazards and Mitigation Strategies

Industrial furnaces are critical assets in various manufacturing processes, including metallurgy, chemical synthesis, and material processing. However, they can pose significant safety hazards when they fail or operate outside their design parameters. This document outlines the potential safety hazards associated with industrial furnace failures and provides recommendations for mitigation strategies.

1. Safety Hazards:

a. Thermal hazards: Furnace failures can lead to uncontrolled temperature increases, which can cause overheating, burns, and fires. Molten metal or hot gas leaks can result in severe burns, injuries, and fatalities.

b. Chemical hazards: Industrial furnaces often process chemicals, which can release toxic fumes or gases when they fail. These emissions can cause respiratory problems, poisoning, and other health issues.

c. Explosion hazards: The presence of flammable materials, gases, or vapors in the furnace environment can ignite and cause explosions, leading to equipment damage, injuries, and fatalities.

d. Mechanical hazards: Failure of furnace components, such as doors, hinges, or seals, can cause mechanical injuries or fatalities.

e. Electrical hazards: Malfunctioning electrical components, such as heating elements or control systems, can cause electrical shocks, arcing, or short circuits, leading to equipment damage, injuries, or fatalities.

2. Mitigation Strategies:

a. Regular Maintenance: Implement a regular maintenance schedule for the furnace and its components. This includes inspections, cleaning, and repairs to ensure proper functioning and prevent equipment failure.

b. Monitoring: Install monitoring systems to track furnace performance, temperature, pressure, and gas emissions. Real-time monitoring enables early detection of anomalies, allowing for prompt corrective action.

c. Safety Training: Provide regular safety training for operators, maintenance personnel, and other stakeholders. This includes emergency response procedures, personal protective equipment",1
Are there any specific sensors or measurements that are most critical for detecting anomalies in the furnace?,"  Background Document: Industrial Furnace Anomaly Detection

Introduction:
Industrial furnaces are critical assets in various manufacturing processes, and their proper functioning is essential for maintaining product quality and avoiding costly downtime. Timely detection of anomalies in furnace operation can help prevent equipment failure, reduce maintenance costs, and improve overall efficiency. This document aims to identify the most critical sensors and measurements for detecting anomalies in industrial furnaces.

1. Temperature Sensors:
Temperature is a vital parameter in furnace operation, and any deviation from the setpoint temperature can indicate a potential anomaly. Furnace temperature can be measured using thermocouples, infrared cameras, or resistance temperature detectors (RTDs). These sensors should be placed at strategic locations, such as the combustion chamber, heat exchanger, and stack, to provide a comprehensive temperature profile.
2. Pressure Sensors:
Furnace pressure can indicate issues such as poor combustion, blockages, or leaks. Pressure sensors should be installed to monitor the furnace's operating pressure and detect any abnormal changes. Differential pressure sensors can also be used to measure the pressure difference between the combustion chamber and the stack, which can help identify issues like blockages or restrictions in the exhaust system.
3. Flow Sensors:
Flow sensors are essential for monitoring the fuel and air flow rates, which affect the furnace's combustion efficiency and temperature uniformity. Any deviations from the expected flow rates can indicate anomalies such as fuel leaks, clogged nozzles, or faulty valves. Flow sensors can include ultrasonic flow meters, vortex flow meters, or mass flow controllers.
4. Gas Sensors:
Gas sensors can detect the presence of combustible gases, such as carbon monoxide, hydrogen, or methane, which can indicate a potential safety hazard or equipment failure. These sensors should be placed in the furnace's combustion chamber, stack, or surrounding areas.
5. Vibration Sensors:
Vibration sensors can detect any abnormal vibrations or oscillations in the furnace'",1
"Are there any specific sensors that are more prone to errors or noise, and how can we address these issues?","  Background Document: Industrial Furnace Anomaly Detection using Real-time Sensor Data

Introduction:
The goal of this project is to build an anomaly detection model using real-time time series sensor data obtained from an Industrial Furnace system. The model will aim to detect unusual patterns or deviations in the sensor data that may indicate a potential failure or anomaly in the furnace system.

Sensor Data:
The Industrial Furnace system is equipped with a variety of sensors that measure various parameters such as temperature, pressure, flow rate, and voltage. The sensors are connected to a data acquisition system that collects data at regular intervals. The following are the sensors that are most relevant to this project:

1. Temperature sensors: These sensors measure the temperature of the furnace, the heat exchanger, and the surrounding environment.
2. Pressure sensors: These sensors measure the pressure inside the furnace and the pressure drop across the heat exchanger.
3. Flow rate sensors: These sensors measure the flow rate of the cooling water and the fuel gas.
4. Voltage sensors: These sensors measure the voltage output of the furnace's electrical components.

Important Components:
The following components are critical to the operation of the Industrial Furnace system:

1. Heating elements: These are the components that heat the furnace to the desired temperature.
2. Cooling system: This system is responsible for removing heat from the furnace and maintaining a stable temperature.
3. Control system: This system monitors and controls the furnace's operating conditions, such as temperature, pressure, and flow rate.
4. Electrical components: These components include the transformer, switchgear, and motor control centers that are responsible for powering the furnace's operations.

Failure Modes:
The following are some of the potential failure modes that can occur in the Industrial Furnace system:

1. Overheating: This occurs when the furnace temperature exceeds the desired temperature, which can cause damage to the heating elements, refractory lining, and other components.
2. Undercooling: This occurs when the furnace temperature drops below the desired",1
How does the cooling system's design and installation impact its reliability and potential failure modes?,"  Background Document: Industrial Furnace Cooling System Design and Installation

Introduction:
The cooling system is a critical component of an industrial furnace, responsible for removing excess heat generated during the heating process. A well-designed and installed cooling system is essential for ensuring the reliability and efficiency of the furnace. This document discusses the impact of cooling system design and installation on the reliability and potential failure modes of industrial furnaces.

Cooling System Design:
The cooling system design plays a crucial role in the reliability of an industrial furnace. A properly designed cooling system should be able to dissipate the heat generated by the furnace efficiently, ensuring that the temperature of the furnace and its components remains within safe operating limits. The design of the cooling system includes the following components:

1. Heat Exchangers: Heat exchangers are used to transfer heat from the furnace to the cooling medium, usually water or air. The design of the heat exchanger should ensure that it can handle the maximum heat load generated by the furnace. The heat exchanger should also be designed to minimize the pressure drop, which can reduce the cooling efficiency.
2. Pumps: Pumps are used to circulate the cooling medium through the heat exchanger and the furnace. The pump design should ensure that it can handle the maximum flow rate required for the furnace's heat load. The pump should also be designed to operate reliably under high-temperature conditions.
3. Cooling Tower: A cooling tower is used to dissipate heat from the cooling medium to the atmosphere. The design of the cooling tower should ensure that it can handle the maximum heat load generated by the furnace. The cooling tower should also be designed to minimize the risk of corrosion and scaling.

Installation of Cooling System:
The installation of the cooling system is equally important to its design. A well-installed cooling system ensures that the components are properly connected, and the system operates efficiently. The installation process includes the following steps:

1. Site Selection: The site selection for the cooling system installation should ensure that the system is installed in a location that allows for efficient heat transfer. The site should also be accessible for",1
How do you determine the appropriate maintenance schedule for each component in the cooling system?,"  Background Document: Industrial Furnace Cooling System Maintenance Scheduling

Introduction:
The industrial furnace cooling system is a critical component in the manufacturing process, and its proper maintenance is essential to ensure efficient and uninterrupted operation. The cooling system consists of several components, including heat exchangers, pumps, valves, and sensors. To determine the appropriate maintenance schedule for each component, we need to consider various factors, including the component's importance, failure modes, and the ability of sensor data to detect potential failures.

Component Importance:
The cooling system components can be ranked based on their importance, using a combination of factors such as the impact of failure, repair time, and replacement cost. For example:

1. Heat exchangers: These are the most critical components in the cooling system, as they are responsible for dissipating heat from the furnace to the cooling medium. Failure of heat exchangers can lead to a complete shutdown of the furnace, resulting in significant production loss and revenue impact.
2. Pumps: Pumps are responsible for circulating the cooling medium through the heat exchangers. Failure of pumps can cause a decrease in cooling efficiency, leading to reduced furnace performance and potential shutdown.
3. Valves: Valves control the flow of cooling medium through the heat exchangers. Failure of valves can cause uneven cooling, leading to reduced furnace performance and potential shutdown.
4. Sensors: Sensors monitor various parameters such as temperature, pressure, and flow rate in the cooling system. Failure of sensors can lead to inaccurate monitoring, which can result in reduced furnace performance and potential shutdown.

Failure Modes:
The failure modes for each component can be categorized into different types, such as mechanical, electrical, and software failures. For example:

1. Heat exchangers: Mechanical failures, such as tube leaks or fouling, can reduce the heat transfer efficiency, leading to reduced furnace performance. Electrical failures, such as motor failure, can prevent the heat exchanger from operating properly.
2. Pumps: Mechanical failures, such as bearing or seal failure, can cause pump",1
How do you ensure that the sensors are properly placed and oriented during installation?,"  Background Document: Industrial Furnace Anomaly Detection using Real-time Sensor Data

Introduction:
Industrial furnaces are critical assets in various manufacturing processes, and their proper functioning is essential to ensure product quality and avoid downtime. To detect anomalies in real-time and prevent unexpected failures, we need to develop a robust anomaly model using sensor data. In this document, we will discuss the important components, failure modes, and sensor placement considerations for building an effective anomaly model.

Important Components:

1. Temperature sensors: These are the most critical sensors for monitoring furnace temperature, which is the primary parameter for ensuring product quality and preventing overheating.
2. Pressure sensors: These sensors monitor the pressure inside the furnace and help detect any abnormalities in the combustion process or gas flow.
3. Flow sensors: These sensors measure the flow rate of gases, such as air, fuel, and exhaust gases, which is essential for maintaining the proper combustion process.
4. Vibration sensors: These sensors monitor the vibration of the furnace and its components, which can indicate issues such as misalignment, imbalance, or loose connections.
5. Acoustic sensors: These sensors detect the noise level and pattern inside the furnace, which can indicate abnormal combustion or other issues.

Important Failure Modes:

1. Overheating: The furnace temperature can exceed the setpoint due to various reasons such as poor insulation, clogged burners, or malfunctioning temperature control systems.
2. Underheating: The furnace temperature can drop below the setpoint due to issues such as insufficient fuel supply, clogged air filters, or malfunctioning burners.
3. Combustion instability: The combustion process can become unstable due to factors such as poor fuel quality, incorrect air-to-fuel ratio, or malfunctioning ignition systems.
4. Equipment failure: The furnace's components, such as the blower, burner, or heat exchanger, can fail due to wear and tear, improper maintenance, or design flaws.

",1
"How often are the sensors calibrated, and what methodologies are used for calibration?","  Background Document: Industrial Furnace Sensor Calibration

Introduction:
The purpose of this document is to provide an overview of the calibration process for sensors used in industrial furnaces. Calibration is a critical aspect of ensuring the accuracy and reliability of sensor data, which is essential for detecting anomalies and predicting potential failures.

Sensor Calibration Frequency:
The frequency of sensor calibration in industrial furnaces depends on various factors, including the type of sensor, the manufacturer's recommendations, and the specific application. In general, sensors used in industrial furnaces are calibrated regularly to ensure accurate measurements. The calibration frequency may range from daily to monthly, depending on the sensor's accuracy and stability.

Calibration Methodologies:
There are several methodologies used for calibrating sensors in industrial furnaces. The most common methodologies include:

1. Factory Calibration: This method involves calibrating the sensors at the factory before they are installed in the furnace. The sensors are calibrated using a reference standard, and the calibration data is stored in the sensor's memory.
2. On-site Calibration: This method involves calibrating the sensors on-site, where the furnace is located. On-site calibration is typically performed by trained technicians using specialized equipment.
3. Calibration using Reference Standards: This method involves using reference standards to calibrate the sensors. Reference standards are devices that provide a known and stable signal, which is used to adjust the sensor's output.
4. Calibration using Signal Injection: This method involves injecting a known signal into the sensor and adjusting the sensor's output to match the injected signal.
5. Calibration using Self-Calibration Algorithms: Some sensors have built-in self-calibration algorithms that can adjust the sensor's output based on the data collected over time.

Importance of Calibration:
Calibration is essential for ensuring the accuracy and reliability of sensor data in industrial furnaces. Accurate sensor data is critical for detecting anomalies and predicting potential failures. Inaccurate data can lead to false alarms, which can result in unnecessary downtime and maintenance costs. Moreover, inaccur",1
Can you describe the signal conditioning techniques used to reduce sensor noise?,"  Sure, I'd be happy to help!

Background:

Industrial furnaces are critical assets in various industries, including metals, chemicals, and petrochemicals. They are used for various processes such as heat treatment, annealing, sintering, and melting. Furnace performance and reliability are crucial for maintaining product quality and avoiding downtime. With the increasing use of IoT/OT systems, real-time monitoring of furnace performance has become possible, enabling the detection of anomalies and predicting potential failures.

Signal Conditioning Techniques:

Sensor noise is a common issue in industrial settings, and it can significantly affect the accuracy of anomaly detection models. Signal conditioning techniques are used to reduce sensor noise and improve the quality of the data. Here are some common signal conditioning techniques used in industrial furnace settings:

1. Filtering:

Filtering is a widely used technique for reducing sensor noise. It involves removing unwanted signals from the sensor data using filters such as low-pass, high-pass, band-pass, and notch filters. The choice of filter depends on the type of noise and the desired frequency range. For example, a low-pass filter can remove high-frequency noise, while a high-pass filter can remove low-frequency noise.

2. Averaging:

Averaging is another technique used to reduce sensor noise. It involves taking multiple readings from the sensor and averaging them to produce a single reading. This technique can help to reduce the effect of random noise and improve the signal-to-noise ratio.

3. Exponential Smoothing:

Exponential smoothing is a technique that uses a weighted average of past readings to reduce sensor noise. It gives more weight to recent readings and less weight to older readings. This technique can help to reduce the effect of trends and seasonality in the data.

4. Kalman Filtering:

Kalman filtering is a mathematical method used to estimate the state of a system from noisy measurements. It is widely used in industrial settings to improve the accuracy of sensor data. The Kalman filter uses a combination of a model and measurements to estimate the state of the system. It can help",1
