questions,answers,round
"How do these failure modes typically manifest in the sensor data, i.e., what are the common patterns, trends, or abrupt changes in the sensor readings that could indicate each failure mode?","
Electrical transformers are critical assets in the power grid infrastructure. They are subject to various failure modes that can impact their performance and reliability. Monitoring and analyzing sensor data from electrical transformers can help identify and detect these failure modes, enabling timely maintenance and preventing potential catastrophic failures. Some common electrical transformer failure modes and their manifestations in sensor data are:

1. Overloading: Overloading occurs when the transformer is subjected to currents higher than its rated capacity. This can lead to overheating and, eventually, failure. In sensor data, overloading is indicated by abnormally high current readings, increased temperature, and excessive vibration.
2. Underloading: Underloading is the opposite of overloading, where the transformer operates below its rated capacity. This can result in reduced efficiency and increased maintenance costs. Sensor data for underloading may show low current readings, low temperature, and reduced vibration levels.
3. Overexcitation: Overexcitation occurs when the transformer is subjected to high voltage levels, leading to increased core losses and overheating. Sensor data for overexcitation may include high voltage readings, increased temperature, and elevated vibration levels.
4. Overfluxing: Overfluxing is a condition where the transformer is subjected to high flux densities, leading to increased core losses and overheating. Sensor data for overfluxing may show high current readings, increased temperature, and elevated vibration levels.
5. Core leakage: Core leakage occurs when the transformer's magnetic core has a partial or complete failure, leading to a decrease in efficiency and increased heating. Sensor data for core leakage may include low voltage readings, increased temperature, and reduced current readings.
6. Winding faults: Winding faults can occur due to insulation breakdown, resulting in short circuits or open circuits. Sensor data for winding faults may include abnormal current readings, increased temperature, and changes in vibration patterns.
7. Tap changer faults: Tap changer faults can occur due to mechanical or electrical failures, leading to a decrease in transformer performance. Sensor data for tap changer faults may include abnormal current readings, increased temperature, and changes in vibration patterns.
8",0
"What are the consequences of not detecting or acting on the anomalies in a timely manner, such as safety risks, equipment damage, or financial losses?","
Electrical transformers are critical assets in the power grid, and their failure can have significant consequences. Some of the potential consequences of not detecting or acting on anomalies in a timely manner include:

1. Safety Risks: Electrical transformers deal with high voltages and currents, and their failure can result in safety risks to personnel and the public. For example, a transformer failure can cause a fire or explosion, leading to injury or even loss of life.
2. Equipment Damage: Transformer failures can cause damage to other equipment in the power grid, leading to further outages and costly repairs. In addition, the failed transformer itself may need to be replaced, which can be a time-consuming and expensive process.
3. Financial Losses: Transformer failures can result in financial losses due to power outages, lost revenue, and increased maintenance and replacement costs. In addition, there may be indirect costs, such as damage to a company's reputation or loss of customer trust.
4. Power Quality: Transformer failures can affect the quality of power supplied to customers, leading to issues such as voltage fluctuations, harmonics, and other power quality problems. These issues can affect the performance of sensitive electronic equipment, such as computers and industrial control systems.
5. Environmental Impact: Transformer failures can result in the release of harmful chemicals, such as PCBs or insulating oils, into the environment. This can lead to regulatory fines, clean-up costs, and damage to the company's reputation.

Overall, the consequences of not detecting or acting on anomalies in a timely manner can be significant, highlighting the importance of developing an effective anomaly detection model for electrical transformers.",0
"What are the preferred methods for alerting the maintenance team when an anomaly is detected, such as email, SMS, or dashboard notifications?","
In the context of industrial asset maintenance, there are various methods to alert the maintenance team when an anomaly is detected. The choice of method depends on several factors, such as the criticality of the asset, the potential consequences of an anomaly, the maintenance team's size and availability, and the organization's communication policies. Here are some common methods and their pros and cons:

1. Email:
Pros:
- Easy to implement and integrate with existing systems
- Can send detailed information, including logs and analysis results
- Can be configured to send alerts to specific individuals or groups
- Can be integrated with ticketing systems for tracking and escalation

Cons:

- Not suitable for critical or time-sensitive alerts, as emails may not be checked immediately
- May be filtered as spam or overlooked in a cluttered inbox
- Not effective for team members without regular email access
1. SMS:
Pros:
- Immediate delivery and high likelihood of being read quickly
- Can be sent to individual mobile numbers or groups
- Can be integrated with ticketing systems for escalation

Cons:

- Limited message length, which may not allow for detailed information
- Potential privacy concerns, as mobile numbers may need to be stored or accessed
- May incur additional costs for SMS messages
1. Dashboard notifications:
Pros:
- Provides a centralized view of all alerts and statuses
- Can display detailed information, such as graphs and trends
- Can be accessed from various devices and locations
- Can be integrated with other monitoring and automation tools

Cons:

- Requires team members to actively monitor the dashboard
- May not be suitable for time-sensitive or critical alerts, as they may not be noticed immediately
- May require additional setup and configuration for access and permissions

In summary, the preferred method for alerting the maintenance team when an anomaly is detected depends on the specific context and requirements of the industrial asset and organization. A combination of methods, such as email for detailed analysis and SMS for critical alerts, may provide the best balance of timeliness, detail, and accessibility.",0
"How frequently is the sensor data collected, and what is the expected latency for detecting anomalies?","
In order to provide an informed answer to the given question, I have done some preliminary research on the electrical transformer asset class, typical sensor data collection frequencies, and expected latency for anomaly detection.

Electrical transformers are critical assets in the power grid infrastructure. They perform the essential function of changing the voltage of electrical power to meet the needs of different parts of the grid. Due to their importance, monitoring and maintaining the health of electrical transformers is crucial to ensure the reliability and efficiency of the power grid.

Sensors are often used to collect data from electrical transformers, providing insights into their operational and environmental conditions. Common sensors used in transformer monitoring include temperature, vibration, current, and voltage sensors. These sensors typically collect data at different frequencies, depending on the specific application and the desired level of granularity.

Typical data collection frequencies for transformer sensors include:

1. Temperature sensors: Every few minutes to an hour
2. Vibration sensors: A few times per second to once per minute
3. Current and voltage sensors: Every few seconds to once per minute

The expected latency for anomaly detection in transformer sensor data depends on various factors, such as the criticality of the asset, the severity of the potential failure, and the operational context. Generally, the latency for detecting anomalies in transformer sensor data should be as low as possible to enable timely maintenance actions and prevent catastrophic failures.

Industry best practices recommend that anomaly detection in transformer sensor data should ideally be performed in real-time or near-real-time, with a latency of a few seconds to a few minutes. This allows for prompt identification and resolution of potential issues, reducing the risk of unplanned downtime and costly repairs.

In summary, the frequency of sensor data collection for electrical transformers varies depending on the sensor type, while the expected latency for anomaly detection should ideally be within a few seconds to a few minutes. This information will help us better understand the problem domain and design an appropriate anomaly detection model for the given task.",0
What are the desired false positive and false negative rates for the anomaly detection model?,"
In order to provide an answer to the question about the desired false positive and false negative rates for the anomaly detection model in the context of electrical transformers, it is important to first understand the potential consequences and costs associated with each type of error.

False positives, also known as false alarms, occur when the anomaly detection model incorrectly identifies normal data as anomalous. This can lead to increased maintenance costs and downtime as a result of unnecessary investigations and repairs. Additionally, false positives can desensitize maintenance personnel to the alerts, leading to a decreased trust in the system and a potential failure to identify actual anomalies.

False negatives, on the other hand, occur when the model fails to detect an actual anomaly. This can result in catastrophic failures, such as equipment damage, injury, or even loss of life. The cost of false negatives is much higher than that of false positives, as they can lead to significant downtime, increased repair costs, and potential safety hazards.

Given the significant consequences of false negatives, it is crucial to prioritize a low false negative rate in the anomaly detection model for electrical transformers. However, it is also important to consider the trade-off between false positives and false negatives. A model with a very low false negative rate may have a higher false positive rate, leading to increased maintenance costs and decreased trust in the system.

Therefore, the desired false positive and false negative rates for the anomaly detection model will depend on the specific context and risk tolerance of the organization. In general, a false negative rate of less than 1% is recommended, while a false positive rate of around 5-10% is considered acceptable. However, these rates may need to be adjusted based on the specific use case and the potential consequences of each type of error.

It is also important to note that the false positive and false negative rates should be evaluated over time, as the model is used in practice. This will allow for adjustments to be made as needed to optimize the performance of the model and minimize the impact of both false positives and false negatives.",0
"Are there any specific insulation materials used in the transformer that are more prone to failure, and how do these affect the choice of sensors and anomaly detection methods?","Electrical transformers are critical assets in the power system infrastructure, and their failure can lead to significant downtime and financial losses. Transformers rely on insulation materials to prevent electrical current from flowing outside the intended conduction path, thus avoiding damage to the transformer and ensuring efficient operation. However, some insulation materials are more prone to failure than others, which can affect the choice of sensors and anomaly detection methods.

The most common insulation materials used in electrical transformers are:

1. Solid paper: Solid paper is a cellulose-based material that has been used as an insulation material for many years. It is widely used due to its low cost, ease of handling, and excellent electrical properties. However, solid paper is susceptible to moisture, heat, and ageing, which can lead to its degradation and failure.
2. Oil impregnated paper: Oil impregnated paper is a composite material that consists of solid paper impregnated with mineral oil. The oil acts as a cooling and insulating medium, which enhances the transformer's performance and reliability. However, the oil can degrade over time, leading to the formation of acidic by-products that can corrode the solid paper and cause its failure.
3. Solid polymer: Solid polymer insulation materials are made of synthetic resins, such as polyester, polypropylene, or epoxy resins. These materials have excellent electrical properties, are resistant to moisture and heat, and have a longer lifespan than solid paper. However, they are more expensive than solid paper and require specialized manufacturing processes.

The choice of sensors and anomaly detection methods depends on the type of insulation material used in the transformer. For instance, if solid paper is used as an insulation material, sensors that monitor moisture, temperature, and ageing can be used to detect anomalies that may indicate its degradation. On the other hand, if solid polymer insulation materials are used, sensors that monitor electrical parameters, such as voltage, current, and power, can be used to detect anomalies that may indicate their degradation.

In summary, the choice of sensors and anomaly detection methods for electrical transformers depends on the type of insulation material used. Understanding the specific insulation materials used in the transform",0
"What are the current preventive maintenance measures in place, and how can these be integrated with the anomaly detection model to improve overall transformer health?","Electrical transformers are critical assets in industrial and utility organizations, and their proper maintenance is essential to ensure their reliable and safe operation. Preventive maintenance measures for electrical transformers typically include:

1. Oil sampling and analysis: Regularly collecting and analyzing oil samples from transformers can provide valuable information about the condition of the insulation and the presence of any contaminants. This information can be used to schedule maintenance activities, such as replacing the oil or cleaning the transformer.
2. Dissolved gas analysis: The analysis of dissolved gases in the transformer oil can provide insights into the internal conditions of the transformer, such as the presence of hot spots or arcing. This information can be used to identify potential issues and schedule maintenance activities before they become major problems.
3. Insulation resistance testing: Measuring the insulation resistance of a transformer can provide information about the condition of the insulation and the presence of any moisture or contaminants. This information can be used to schedule maintenance activities, such as drying or cleaning the transformer.
4. Thermography: Infrared thermography can be used to detect hot spots in the transformer, which can indicate the presence of overheating or electrical faults. This information can be used to schedule maintenance activities, such as repairing or replacing the affected components.

To integrate these preventive maintenance measures with an anomaly detection model for transformer health, the following steps can be taken:

1. Collect and preprocess the sensor data: The sensor data from the transformer, such as temperature, current, and voltage, should be collected and preprocessed to ensure that it is in a suitable format for the anomaly detection model.
2. Develop the anomaly detection model: A machine learning model, such as a neural network or a statistical process control model, can be developed to detect anomalies in the sensor data. The model should be trained on a dataset of normal and abnormal sensor data to ensure that it can accurately distinguish between the two.
3. Integrate the preventive maintenance measures: The information from the preventive maintenance measures, such as oil sampling and analysis results, can be used to improve the accuracy of the anomaly detection model. For example, if the oil analysis results indicate the presence of contaminants, the model can be adjusted to take this into account.
4. Implement",0
"What are the typical temperature ranges for the transformer's normal operating conditions, and how is temperature data currently being collected and monitored?","
Electrical transformers are critical assets in industrial and electrical systems, used to convert and transmit electric power. Temperature is an essential parameter to monitor in transformers, as high temperatures can lead to insulation failure, reduced efficiency, and ultimately, catastrophic failures. To build an effective anomaly detection model for transformer temperature data, it is crucial to understand the typical temperature ranges for normal operating conditions and the current methods for collecting and monitoring this data.

Typical Temperature Ranges for Transformers:

1. Ambient Temperature: The temperature surrounding the transformer, typically between 5 to 40 degrees Celsius (41 to 104 degrees Fahrenheit), depending on the environment and cooling methods.
2. Hot Spot Temperature: The highest temperature within the transformer windings, usually maintained below 90 degrees Celsius (194 degrees Fahrenheit) for oil-immersed transformers and 125 degrees Celsius (257 degrees Fahrenheit) for dry-type transformers.
3. Top Oil Temperature: The temperature of the insulating oil surrounding the transformer windings, typically maintained below 65 to 80 degrees Celsius (149 to 176 degrees Fahrenheit) for oil-immersed transformers.
4. Winding Temperature Rise: The difference between the hot spot temperature and the average winding temperature, usually maintained below 60 to 80 degrees Celsius (140 to 176 degrees Fahrenheit) for oil-immersed transformers.

Current Methods for Temperature Data Collection and Monitoring:

1. Temperature Sensors: Various temperature sensors, such as resistance temperature detectors (RTDs) or thermocouples, are placed at critical locations within the transformer, such as the hot spot, top oil, and winding temperature.
2. Transformer Oil Analysis: Regular oil sampling and laboratory analysis can provide temperature-related information, such as the degree of oxidation, which can indicate excessive heat exposure.
3. Infrared Thermography: Non-contact temperature measurement using infrared cameras can be used to monitor the transformer's external temperature distribution.
4. SCAD",0
"What are the typical ventilation conditions for the transformer, and how can this information be used to detect and prevent overheating or overfluxing?","Electrical transformers are critical assets in industrial and electrical systems, and their failure can lead to significant downtime and financial losses. One crucial factor in maintaining transformer health is monitoring and controlling ventilation conditions. Proper ventilation ensures that the transformer operates within safe temperature limits, preventing overheating and subsequent damage to the insulation system. Overfluxing, on the other hand, is the result of excessive magnetic flux, which can lead to increased core losses and temperature rise.

Typical ventilation conditions for electrical transformers include:

1. Adequate airflow: Transformers rely on sufficient airflow to dissipate heat generated during operation. The International Electrotechnical Commission (IEC) recommends a minimum of 250 l/s (linear feet per minute) of free-flowing air for every square meter of radiator surface area. This airflow rate ensures that the transformer operates within the recommended temperature limits.

2. Temperature and humidity: Transformers are designed to operate within specific temperature ranges, typically between 30°C and 40°C. Higher temperatures can accelerate the aging of insulation materials, leading to premature failure. Humidity levels should also be monitored, as high humidity can cause condensation, which may result in corrosion and electrical issues.

3. Pressure differences: Transformers are often installed in confined spaces, which can affect the natural convection and pressure differences necessary for proper cooling. Monitoring pressure differences across the transformer can help identify potential ventilation issues and ensure optimal cooling performance.

To detect and prevent overheating or overfluxing, sensor data can be used to monitor the following parameters:

1. Winding temperature: Real-time temperature sensors can be installed to monitor winding temperatures. An increase in temperature may indicate inadequate ventilation or an impending failure. By setting up an anomaly detection model, alarms can be triggered when temperatures exceed predefined thresholds, allowing for timely intervention.

2. Flux density: Monitoring flux density can help detect overfluxing. By analyzing the relationship between the exciting current and the measured flux density, it is possible to identify abnormal operating conditions and take corrective actions.

3. Airflow rate: Sensors can be used",0
"What are the current methods for detecting partial discharge, and how can this information be used to enhance the anomaly detection model?","
Electrical transformers are critical assets in the power grid and are prone to failures due to various reasons such as insulation degradation, overloading, and loose connections. One of the early indicators of a potential failure in a transformer is partial discharge (PD). Partial discharge is a localized dielectric breakdown in a transformer's insulation system, which can lead to significant damage and failure if not detected and addressed in a timely manner.

Current methods for detecting partial discharge include:

1. Offline testing: This involves disconnecting the transformer from the power grid and performing tests such as dissolved gas analysis (DGA), which measures the levels of various gases in the transformer's insulating oil. High levels of certain gases can indicate partial discharge.
2. Online monitoring: This involves using sensors to continuously monitor the transformer's insulation system for signs of partial discharge. Sensors can include:
* UHF (ultra-high frequency) sensors: These sensors detect partial discharge by measuring the electromagnetic radiation generated during the discharge process.
* Acoustic sensors: These sensors detect partial discharge by measuring the acoustic signals generated during the discharge process.
* Infrared sensors: These sensors detect partial discharge by measuring the heat generated during the discharge process.

The information obtained from partial discharge detection can be used to enhance the anomaly detection model in several ways:

1. Feature engineering: PD detection data can be used as a feature in the anomaly detection model, providing additional information about the transformer's health.
2. Anomaly thresholding: PD detection data can be used to set thresholds for the anomaly detection model, allowing for more accurate identification of potential failures.
3. Predictive maintenance: PD detection data can be used to predict when maintenance should be performed, reducing the risk of unexpected failures and downtime.
4. Root cause analysis: PD detection data can be used to identify the root cause of a potential failure, allowing for more targeted and effective maintenance and repair efforts.

In summary, partial discharge detection is a critical component of electrical transformer maintenance and can be used to enhance the performance of an anomaly detection model. By incorporating PD detection data into the model, it is possible to improve the accuracy",0
"How is mechanical degradation being monitored in the transformer, and what methods are used to detect vibration or mechanical stress?","
Electrical transformers are critical assets in industrial and electrical systems, and their proper maintenance and monitoring are essential for ensuring their reliable and efficient operation. Mechanical degradation is one of the main failure modes in electrical transformers, which can lead to significant downtime, safety risks, and high maintenance costs. To monitor and detect mechanical degradation in transformers, various methods and techniques are used, including:

1. Vibration analysis: Vibration analysis is a widely used method for monitoring the health and condition of mechanical systems, including transformers. Vibration sensors, such as accelerometers, are attached to the transformer's casing or internal components to measure the vibration levels and patterns. The vibration data can be analyzed using time-domain, frequency-domain, or time-frequency analysis techniques to detect any anomalies or changes that may indicate mechanical degradation or faults.
2. Temperature monitoring: Temperature is another critical parameter that affects the mechanical degradation of transformers. Monitoring the temperature of the transformer's winding, oil, and ambient environment can provide valuable insights into the transformer's health and condition. Temperature sensors, such as thermocouples or resistance temperature detectors (RTDs), are used to measure the temperature of the transformer's components and environment. The temperature data can be analyzed using statistical process control (SPC) or machine learning algorithms to detect any abnormal trends or patterns that may indicate mechanical degradation or failure.
3. Current monitoring: Monitoring the current flowing through the transformer's windings can also provide valuable information about the transformer's health and condition. Current sensors, such as current transformers or Hall effect sensors, are used to measure the current waveform and magnitude. The current data can be analyzed using SPC or machine learning algorithms to detect any anomalies or changes that may indicate mechanical degradation or failure.
4. Acoustic emission monitoring: Acoustic emission monitoring is a non-destructive testing technique that can detect and locate the source of mechanical stress or degradation in transformers. Acoustic emission sensors, such as piezoelectric sensors or microphones, are attached to the transformer's casing or internal components to measure the acoustic signals generated by the mechanical stress or degradation. The acoustic data can be",0
"How is the transformer's core currently being inspected, and what visual indicators are used to detect disbonding or delamination?","
Electrical transformers are crucial assets in industrial and electrical systems, and their proper maintenance and inspection are essential to ensure their reliable and safe operation. The transformer's core is a key component of its design, and its condition can significantly affect the transformer's performance and lifespan.

Currently, the visual inspection of the transformer's core is typically performed by trained technicians during routine maintenance or repair activities. This inspection may involve accessing the transformer's interior, such as the tank or conservator, to directly observe the core. The following visual indicators are commonly used to detect disbonding or delamination of the transformer's core:

1. Discoloration or staining: Disbonding or delamination of the core can result in the exposure of the core material to the transformer's insulating fluid. This exposure can lead to discoloration or staining of the core material, which can be an indication of a problem.
2. Cracks or fissures: Disbonding or delamination can also cause cracks or fissures in the core material. These cracks can be a sign of mechanical stress or weakness in the core, which can lead to further damage or failure.
3. Buildup of debris or deposits: The presence of debris or deposits on the core surface can be an indication of disbonding or delamination. This debris can result from the breakdown of the core material or the release of particles from the insulating fluid.
4. Changes in the core's magnetic properties: Disbonding or delamination of the core can affect its magnetic properties, which can be detected using specialized testing equipment. For example, changes in the core's magnetic flux density or reluctance can be indicative of a problem.

It is important to note that these visual indicators may not always be present or easily detectable, and that other diagnostic techniques, such as insulation resistance testing or dissolved gas analysis, may also be used to assess the condition of the transformer's core. Additionally, the use of real-time sensor data from IoT/OT systems can provide valuable information for monitoring the transformer's core and detecting anomalies or issues before they become more serious problems.",0
"Can you provide examples of specific anomalies in transformer insulation materials that can be detected using statistical process control, neural networks, time-series analysis, machine learning algorithms, pattern recognition, and fuzzy logic?","Sure, I'd be happy to help! In the case of electrical transformers, there are several types of anomalies that can occur in the insulation materials, which can be detected using various data analysis techniques. Here are some examples:

1. **Statistical Process Control (SPC)**: SPC can be used to detect changes in the mean or variance of a process, which can indicate an anomaly in the insulation material. For example, if there is a sudden increase in the variance of the insulation resistance readings, this could indicate that the insulation material is degrading or has been damaged.
2. **Neural Networks**: Neural networks can be used to identify complex patterns in the sensor data that may indicate an anomaly in the insulation material. For example, a neural network could be trained to recognize the pattern of insulation resistance readings that occur when the insulation material is exposed to high temperatures or voltage levels, which can cause it to degrade over time.
3. **Time-Series Analysis**: Time-series analysis can be used to detect anomalies in the sensor data that occur over time. For example, if there is a gradual decrease in the insulation resistance readings over time, this could indicate that the insulation material is degrading due to aging or environmental factors.
4. **Machine Learning Algorithms**: Machine learning algorithms can be used to identify patterns in the sensor data that are indicative of an anomaly in the insulation material. For example, a machine learning algorithm could be trained to recognize the pattern of insulation resistance readings that occur when the insulation material is exposed to moisture or contaminants.
5. **Pattern Recognition**: Pattern recognition can be used to identify specific patterns in the sensor data that are indicative of an anomaly in the insulation material. For example, a pattern recognition algorithm could be trained to recognize the pattern of insulation resistance readings that occur when the insulation material is damaged due to mechanical stress or vibration.
6. **Fuzzy Logic**: Fuzzy logic can be used to model the uncertainty and imprecision that are inherent in many sensor data sets. For example, fuzzy logic can be used to model the degree to which the insulation resistance readings are consistent with the expected values, and to identify situations where the readings are ambiguous",1
"Can you provide examples of predictive maintenance techniques, such as infrared thermography or partial discharge analysis, and how they can help detect potential issues related to voltage and thermal stress before they become critical?","An electrical transformer is a critical asset in industrial systems, and its failure can lead to significant downtime and financial losses. Predictive maintenance techniques, such as infrared thermography and partial discharge analysis, can help detect potential issues related to voltage and thermal stress before they become critical.

Infrared thermography is a non-destructive testing technique that uses a thermal imaging camera to detect heat signatures of electrical and mechanical systems. The technique can identify hotspots, which may indicate potential issues such as loose connections, overloaded circuits, or insulation breakdown. In the case of electrical transformers, infrared thermography can help detect voltage stress, which can lead to insulation failure and ultimately transformer failure. Regular inspections using infrared thermography can help identify potential issues early, allowing for preventive maintenance and reducing the risk of unplanned downtime.

Partial discharge analysis is another predictive maintenance technique that can detect potential issues in electrical transformers. Partial discharge is a localized discharge of electrical energy that occurs within the insulation of an electrical system. Over time, partial discharge can lead to insulation breakdown and ultimately transformer failure. Partial discharge analysis involves measuring and analyzing the partial discharge activity within a transformer. This technique can detect voltage stress, arcing, and tracking, which can indicate potential issues before they become critical.

Both infrared thermography and partial discharge analysis can help detect potential issues related to voltage and thermal stress before they become critical. These predictive maintenance techniques can help identify potential issues early, allowing for preventive maintenance and reducing the risk of unplanned downtime. By detecting potential issues early, industrial facilities can avoid costly repairs and replacements, improve system reliability, and increase operational efficiency.

In summary, predictive maintenance techniques such as infrared thermography and partial discharge analysis are essential for detecting potential issues related to voltage and thermal stress in electrical transformers. These techniques can help identify potential issues early, allowing for preventive maintenance and reducing the risk of unplanned downtime. By detecting potential issues early, industrial facilities can avoid costly repairs and replacements, improve system reliability, and increase operational efficiency.",1
"Can you provide more details on how insulation resistance (IR) sensors are used to measure the insulation resistance of the transformer windings, and what kind of anomalies can be detected through this measurement?","Sure, I'd be happy to provide some background information on the use of insulation resistance (IR) sensors for measuring the insulation resistance of electrical transformer windings and the types of anomalies that can be detected through this measurement.

Insulation resistance (IR) sensors are used to measure the electrical resistance between the transformer windings and the ground or other conductive parts. This measurement is an important indicator of the health of the transformer insulation system. The insulation resistance is measured in megohms (MΩ) and is used to determine the presence of any insulation faults or degradation.

The insulation resistance of a transformer can be affected by several factors, including:

1. Moisture: The presence of moisture in the insulation system can significantly reduce the insulation resistance. Moisture can enter the transformer through leaks or condensation, and can cause tracking and eventual failure of the insulation.
2. Aging: Over time, the insulation material in a transformer can degrade due to thermal, electrical, and chemical stresses. This degradation can result in a decrease in insulation resistance.
3. Contamination: The presence of conductive particles or liquids in the insulation system can cause a decrease in insulation resistance.

By regularly measuring the insulation resistance of a transformer, it is possible to detect these anomalies at an early stage, before they lead to a catastrophic failure. A significant decrease in insulation resistance can indicate the presence of:

1. Moisture: If the insulation resistance decreases rapidly, it may indicate the presence of moisture in the insulation system.
2. Aging: A gradual decrease in insulation resistance over time can indicate the aging of the insulation material.
3. Contamination: The presence of conductive particles or liquids in the insulation system can cause a decrease in insulation resistance.

In summary, insulation resistance sensors are used to measure the insulation resistance of electrical transformer windings, and a decrease in insulation resistance can indicate the presence of moisture, aging, or contamination. By regularly monitoring the insulation resistance, it is possible to detect these anomalies at an early stage and prevent catastrophic failures.",1
"What are the specific parameters that the anomaly detection model should monitor in each of the interconnected systems, such as temperature, voltage, or current, to ensure early detection of potential failures?","
Electrical transformers are critical components of the power system infrastructure. They are engineered to operate efficiently and reliably, but like any other machinery, they are susceptible to various failure modes. Early detection of potential failures in electrical transformers is crucial to prevent catastrophic damage, reduce downtime, and ensure the reliability of the power system. Anomaly detection models can be used to monitor various parameters in electrical transformers to ensure early detection of potential failures. The following outlines the specific parameters that the anomaly detection model should monitor in each of the interconnected systems:

1. Temperature:
	* Winding temperature: The winding temperature is a critical parameter to monitor in electrical transformers. The winding insulation can be damaged if the temperature exceeds the recommended limits, leading to a failure. An anomaly detection model should monitor the winding temperature using sensors placed at different locations in the winding.
	* Oil temperature: The oil temperature is an indicator of the overall health of the transformer. The oil acts as a coolant and insulator, and the temperature should be maintained within the recommended limits. An anomaly detection model should monitor the oil temperature using sensors placed in the oil tank.
	* Hotspot temperature: A hotspot is a localized area of high temperature in the transformer. An anomaly detection model should monitor the hotspot temperature using sensors placed at different locations in the transformer.
2. Voltage:
	* Voltage level: The voltage level should be maintained within the recommended limits. An anomaly detection model should monitor the voltage level using sensors placed at different locations in the power system.
		+ Voltage unbalance: Voltage unbalance can cause overheating and insulation failure. An anomaly detection model should monitor the voltage unbalance using sensors placed at different locations in the power system.
3. Current:
	* Current level: The current level should be maintained within the recommended limits. An anomaly detection model should monitor the current level using sensors placed at different locations in the power system.
		+ Current unbalance: Current unbalance can cause overheating and insulation failure. An anomaly detection model should monitor the current unbalance using sensors placed at different locations in the power system.
4. Moisture:
	* Moisture level: Moisture can",1
"Can you explain how the properties of insulation materials, such as oil-impregnated paper, solid insulation systems, and gas-insulated transformers, impact the choice of sensors and anomaly detection methods?","Sure, I'd be happy to help explain the relationship between the properties of insulation materials in electrical transformers and the choice of sensors and anomaly detection methods for that system.

Electrical transformers are critical assets in the power grid, and their insulation systems play a crucial role in ensuring their reliable and safe operation. The insulation systems in transformers can be broadly classified into three categories: oil-impregnated paper, solid insulation systems, and gas-insulated transformers. Each of these insulation systems has unique properties that impact the choice of sensors and anomaly detection methods.

1. Oil-Impregnated Paper:
Oil-impregnated paper is a common insulation system used in electrical transformers. The paper is impregnated with oil, which acts as both a coolant and insulating medium. The paper and oil degrade over time due to various factors, such as temperature, humidity, and electrical stress, leading to the formation of gas bubbles, which can cause partial discharge (PD) and ultimately result in catastrophic failure.

Sensors used to monitor the condition of oil-impregnated paper insulation systems include:

* Dissolved Gas Analysis (DGA): This sensor measures the concentration of various gases, such as hydrogen, methane, and acetylene, in the transformer oil. The presence of these gases can indicate the presence of PD, which can be a precursor to transformer failure.
* Furan Analysis: This sensor measures the concentration of furan compounds in the transformer oil, which can indicate the degradation of the paper insulation.

Anomaly detection methods used for oil-impregnated paper insulation systems include:

* Multivariate Statistical Process Control (MSPC): This method uses statistical techniques to detect anomalies in the DGA and furan data, based on historical data and process knowledge.
* Neural Networks: This method uses artificial neural networks to model the relationship between the DGA and furan data and the health of the transformer.

2. Solid Insulation Systems:
Solid insulation systems are used in electrical transformers where the use of oil is not feasible or desirable. These systems typically use materials such as epoxy resins",1
"What are the potential consequences of false negatives (i.e., failing to detect an actual anomaly) and false positives (i.e., incorrectly identifying a normal variation as an anomaly) in the model's outputs?","
Electrical transformers are critical components in electrical power systems, and their failure can lead to significant consequences, including power outages, financial losses, and even safety hazards. Anomaly detection models play a crucial role in identifying potential issues with transformers by distinguishing between normal and abnormal behavior. However, both false negatives and false positives in the model's outputs can have serious implications.

Consequences of false negatives in transformer anomaly detection:

1. Undetected failures: Failing to identify actual anomalies can lead to undetected transformer failures, which may result in power outages, affecting a large number of customers and causing inconvenience and financial losses.
2. Escalation of issues: Undetected anomalies may worsen over time, leading to more severe failures, and potentially causing damage to other equipment in the power system.
3. Increased maintenance costs: False negatives may result in delayed maintenance, which can lead to more extensive repairs and higher costs in the long run.
4. Safety risks: Undetected anomalies can potentially cause electrical fires, explosions, or other safety hazards, posing risks to personnel and the surrounding environment.

Consequences of false positives in transformer anomaly detection:

1. Unnecessary maintenance: False positives can lead to unnecessary maintenance activities, which can be costly and time-consuming. This can also result in maintenance resources being diverted from addressing actual issues, potentially leading to neglected maintenance in other areas.
2. Reduced trust in the system: A high number of false positives can reduce trust in the anomaly detection model, causing operators to disregard its alerts and potentially miss actual anomalies.
3. Increased downtime: False positives may result in unnecessary downtime for unnecessary inspections or repairs, affecting productivity and revenue.
4. Human factor: Continuous false alarms can lead to alarm fatigue, causing operators to overlook or ignore actual alerts, increasing the risk of undetected anomalies and their consequences.

To minimize the impact of false negatives and false positives, it is essential to carefully design and validate the anomaly detection model, taking into account the specific characteristics of transformer data and the potential consequences of model outputs. This includes selecting",1
"How can the anomaly detection model be integrated with other systems and tools, such as asset management or maintenance management systems, to provide a comprehensive solution for managing the power system?","Anomaly detection models can be integrated with other systems, such as asset management or maintenance management systems, to provide a comprehensive solution for managing electrical transformers in a power system. This integration can help ensure that the power system is operating efficiently, reduce the risk of equipment failures, and minimize downtime.

Asset management systems are used to track and manage the lifecycle of physical assets, such as electrical transformers. These systems can provide information about the location, age, maintenance history, and configuration of the transformers. By integrating the anomaly detection model with the asset management system, it is possible to use the sensor data to identify potential issues with the transformers and trigger maintenance or repair actions in a timely manner. This can help prevent equipment failures and reduce downtime.

Maintenance management systems are used to plan, schedule, and track maintenance activities for physical assets. By integrating the anomaly detection model with the maintenance management system, it is possible to automatically generate maintenance tasks based on the identified anomalies. This can help ensure that maintenance activities are performed at the right time, reducing the risk of equipment failures and minimizing downtime.

To integrate the anomaly detection model with the asset and maintenance management systems, it is necessary to establish a communication channel between the systems. This can be done using APIs, message queues, or other integration technologies. The sensor data from the electrical transformers can be sent to the anomaly detection model for analysis, and the results of the analysis can be used to trigger maintenance or repair actions in the asset and maintenance management systems.

In summary, integrating an anomaly detection model with asset and maintenance management systems can help ensure that electrical transformers are operating efficiently, reduce the risk of equipment failures, and minimize downtime. This can be done by establishing a communication channel between the systems and using the sensor data to trigger maintenance or repair actions in a timely manner.",1
"What best practices would you recommend for setting up a predictive maintenance program for electrical transformers, including data-driven approaches and threshold settings for each key performance metric?","**Background Document: Setting up a Predictive Maintenance Program for Electrical Transformers**

**Introduction**

Predictive maintenance (PdM) is a condition-based maintenance approach that uses data-driven models to estimate the condition of in-service assets and predict when an asset will need maintenance. PdM is critical for reducing maintenance costs, improving equipment reliability, and minimizing downtime. This background document focuses on best practices for setting up a PdM program for electrical transformers, including data-driven approaches and threshold settings for key performance metrics.

**Data-Driven Approaches**

Data-driven approaches for PdM typically involve the use of machine learning algorithms to analyze historical data and predict future failures. For electrical transformers, the following data-driven approaches are recommended:

1. **Time Series Analysis:** Time series analysis is a statistical technique used to analyze and forecast future values based on historical data. This approach is useful for identifying trends, seasonality, and other patterns in the data that can be used to predict future failures.
2. **Anomaly Detection:** Anomaly detection is a machine learning technique used to identify unusual patterns or outliers in the data. This approach is useful for detecting abnormal behavior in electrical transformers, such as overheating, vibration, or current leakage.
3. **Reliability Centered Maintenance (RCM):** RCM is a data-driven approach that focuses on identifying the most critical failure modes for an asset and developing maintenance strategies to address those failure modes. For electrical transformers, RCM can be used to identify the most common failure modes, such as insulation failure, winding failure, or cooling system failure.

**Threshold Settings for Key Performance Metrics**

Threshold settings for key performance metrics are critical for detecting anomalies and predicting failures in electrical transformers. The following key performance metrics should be monitored and threshold settings established:

1. **Temperature:** Temperature is a critical parameter for electrical transformers, as excessive heat can lead to insulation failure and other issues. The threshold for temperature should be set based on the transformer's rating and operating conditions. A common threshold for transformer temperature is 100-110°C.
2. **Vibration:** Vibration is an important",1
"How do the temperature sensors, such as winding temperature, oil temperature, and ambient temperature sensors, help in detecting overloading, poor cooling, or internal faults in electrical transformers?",,1
"Can you provide any case studies or examples of successful electrical transformer monitoring, maintenance, and failure prevention programs that relied on data-driven approaches and regular monitoring?","Sure, I'd be happy to help! In fact, there are several examples of successful electrical transformer monitoring, maintenance, and failure prevention programs that rely on data-driven approaches and regular monitoring. Here are a few case studies and examples:

1. GE Digital's Predix platform for electrical transformer monitoring:
GE Digital's Predix platform is a powerful data-driven solution for monitoring and maintaining electrical transformers. The platform uses real-time sensor data to monitor the health and performance of electrical transformers, and can detect anomalies and predict failures before they occur. By using Predix, utilities can reduce downtime, increase efficiency, and improve safety. For example, one utility company was able to reduce transformer failures by 50% using Predix.

2. ABB's Asset Health Center for transformer monitoring:
ABB's Asset Health Center is a data-driven solution for monitoring the health and performance of electrical transformers. The system uses real-time sensor data to monitor transformer health, and can detect anomalies and predict failures before they occur. By using the Asset Health Center, utilities can improve transformer reliability, reduce maintenance costs, and increase safety. For example, one utility company was able to reduce transformer maintenance costs by 30% using the Asset Health Center.

3. Siemens' Transformer Condition Assessment:
Siemens' Transformer Condition Assessment is a data-driven solution for monitoring the health and performance of electrical transformers. The system uses real-time sensor data to monitor transformer health, and can detect anomalies and predict failures before they occur. By using Transformer Condition Assessment, utilities can improve transformer reliability, reduce maintenance costs, and increase safety. For example, one utility company was able to reduce transformer maintenance costs by 25% using Transformer Condition Assessment.

4. Hitachi's IoT-based transformer monitoring solution:
Hitachi's IoT-based transformer monitoring solution is a data-driven approach to monitoring and maintaining electrical transformers. The system uses real-time sensor data to monitor transformer health, and can detect anomalies and predict failures before they occur. By using Hitachi's IoT-based solution, utilities can improve transformer reliability, reduce maintenance costs,",1
"How can the data from the anomaly detection model be used to improve the overall performance and efficiency of the power system, and what are the benefits of using predictive maintenance techniques?","Electrical transformers are critical components of power systems, and their performance and efficiency have a significant impact on the overall power grid. Anomaly detection models can provide valuable insights into the condition of transformers, enabling proactive maintenance and system optimization.

Benefits of using anomaly detection models in electrical transformers:

1. Predictive maintenance: Anomaly detection models can identify potential issues before they become critical failures, allowing for scheduled maintenance and reducing unscheduled downtime. This leads to cost savings, improved equipment availability, and increased efficiency.
2. Asset lifecycle management: By understanding the condition of transformers throughout their lifecycle, organizations can make informed decisions about maintenance, upgrades, and replacements. This can extend the lifespan of assets, reduce maintenance costs, and ensure optimal performance.
3. Real-time monitoring: Continuous monitoring of transformer data enables early detection of anomalies, reducing the risk of catastrophic failures and improving overall system reliability.
4. Root cause analysis: Anomaly detection models can help identify the underlying causes of issues, enabling targeted improvements and reducing the risk of similar problems in the future.
5. Energy efficiency: By identifying and addressing issues that impact transformer efficiency, organizations can reduce energy consumption and costs, and minimize the environmental impact of power generation and distribution.

Benefits of predictive maintenance techniques in electrical transformers:

1. Increased reliability: Predictive maintenance enables organizations to identify and address potential issues before they cause failures, reducing the risk of unplanned downtime and improving overall system reliability.
2. Cost savings: By scheduling maintenance based on condition rather than time, organizations can reduce maintenance costs, minimize spare parts inventory, and extend the lifespan of assets.
3. Improved safety: Predictive maintenance can help identify and address potential safety issues before they become hazardous, reducing the risk of accidents and improving the safety of personnel.
4. Data-driven decision making: Predictive maintenance provides organizations with a data-driven approach to maintenance, enabling them to make informed decisions about maintenance strategies, asset lifecycle management, and system optimization.
5. Competitive advantage: Organizations that adopt predictive maintenance techniques can gain a competitive advantage by improving efficiency, reducing costs, and enhancing system reliability.

In summary, anomaly detection models",1
"How can the data obtained from partial discharge detection methods be integrated with other data sources, such as operational data, to enhance the overall performance of the anomaly detection model?","To build an effective anomaly detection model for electrical transformers using partial discharge (PD) detection methods and operational data, it is essential to understand the data sources, their characteristics, and how they can be integrated to enhance the model's performance. Here's a background document to answer the given question:

1. **Partial Discharge (PD) Detection**: PD detection is a method used to identify early signs of insulation degradation in electrical transformers. This data can be obtained through various techniques, such as online PD monitoring systems, periodic PD measurements, or power quality recorders. PD detection data typically includes:
   - PD magnitude (in pC or mV)
   - PD pulse repetition rate
   - PD pattern (unbounded, bounded, or high-frequency)
   - Time-stamped PD events

2. **Operational Data**: Operational data includes information about the transformer's usage, environment, and maintenance history. Examples of operational data are:
   - Operating temperature
   - Load level
   - Operating voltage
   - Event-based data (e.g., switching operations, faults)
   - Maintenance records (e.g., inspections, repairs, replacements)

3. **Data Integration**: Integrating PD detection data with operational data can provide a more comprehensive understanding of the transformer's condition and its environment. Data integration can be achieved by:
   - Merging time-synchronized data: Aligning PD detection data with operational data based on time stamps to analyze the relationship between the two datasets.
   - Feature engineering: Combining PD detection features (e.g., PD magnitude, pulse repetition rate) with operational data (e.g., temperature, load level) to create new features that represent the combined condition of the transformer.
   - Anomaly enrichment: Using operational data to provide additional context when an anomaly is detected in the PD data. For example, if a PD anomaly is detected, operational data can help determine if the anomaly is related to abnormal operating conditions or maintenance activities.

4. **Model Performance Enhancement**: Integrating PD detection data with operational data can enhance the overall performance of the anomaly detection model by:
   - Improving anomaly identification: Combining data sources",1
How often should data scientists and reliability engineers ideally collect and analyze data from electrical transformer monitoring systems to ensure early detection and prevention of failures?,"Before discussing the frequency of data collection and analysis for electrical transformer monitoring systems, it's essential to understand the importance of data-driven maintenance in the context of electrical transformers. Electrical transformers are critical assets in the power system infrastructure, and their failure can lead to significant downtime, safety risks, and financial losses. To ensure early detection and prevention of failures, a proactive and data-informed maintenance strategy is crucial.

1. Importance of data-driven maintenance for electrical transformers:

Data-driven maintenance involves using historical and real-time data from condition monitoring sensors and other sources to assess the health and performance of electrical transformers continually. By analyzing this data, data scientists and reliability engineers can identify potential issues, predict failures, and optimize maintenance activities. Key benefits of data-driven maintenance for electrical transformers include:

a. Increased asset availability: By identifying and addressing issues early, data-driven maintenance can help minimize unscheduled downtime and improve overall equipment reliability.

b. Cost savings: Predictive maintenance strategies can help avoid unnecessary preventive maintenance activities, reduce maintenance costs, and extend the lifespan of transformer assets.

c. Improved safety: By identifying and addressing potential issues before they escalate, data-driven maintenance can help prevent catastrophic failures and ensure a safer working environment.

d. Enhanced decision-making: Data-driven maintenance provides valuable insights into transformer performance and degradation trends, enabling better-informed decision-making for maintenance, repair, and replacement strategies.

2. Factors influencing data collection and analysis frequency:

The ideal frequency for collecting and analyzing data from electrical transformer monitoring systems depends on several factors, including:

a. Criticality of the asset: Transformers supporting critical infrastructure or mission-critical applications may require more frequent data collection and analysis to ensure their continued availability and reliability.

b. Sensor capabilities and data quality: The quality and resolution of the sensor data can influence the frequency of data analysis. High-quality data with a high resolution may allow for less frequent data collection without compromising the effectiveness of the anomaly model.

c. Failure modes and severity: Understanding the typical failure modes and their severity can help determine the optimal frequency for data collection and analysis. For example, failures with",1
"Can you provide more details on how the sensor data is analyzed to detect anomalies in electrical transformers, and what kind of algorithms or techniques are typically used for this analysis?","
Electrical transformers are critical assets in the power grid, and detecting anomalies in a timely manner is essential to ensure their reliable operation and prevent power outages. Sensor data plays a crucial role in identifying and diagnosing anomalies in electrical transformers. By analyzing various sensor measurements, such as current, voltage, temperature, and vibration, it is possible to identify patterns and detect anomalies that may indicate potential issues, such as internal faults, external disturbances, or degradation of the transformer's insulation system.

Some common techniques used for analyzing sensor data in the context of electrical transformers include:

1. Time-domain analysis: This involves analyzing sensor data as a function of time, looking for patterns, trends, or sudden changes that may indicate an anomaly. Time-domain techniques can be as simple as setting thresholds for specific sensor measurements or as complex as using machine learning algorithms to learn the normal behavior of the transformer and detect deviations from that behavior.
2. Frequency-domain analysis: This involves transforming sensor data from the time domain to the frequency domain using techniques such as Fourier analysis or wavelet transforms. By analyzing the frequency content of the sensor data, it is possible to identify specific disturbances, such as harmonics, inter-harmonics, or voltage fluctuations, that may indicate an anomaly.
3. Time-frequency analysis: This involves analyzing sensor data in both the time and frequency domains simultaneously, using techniques such as short-time Fourier transforms or wavelet packets. Time-frequency analysis is particularly useful for detecting transient anomalies, such as short-duration overvoltages or rapid changes in temperature, that may not be easily detected using time-domain or frequency-domain techniques alone.
4. Machine learning algorithms: Various machine learning algorithms, such as decision trees, random forests, support vector machines, or neural networks, can be used to learn the normal behavior of the transformer and detect anomalies based on deviations from that behavior. These algorithms can be trained using labeled data, where the presence or absence of an anomaly is known, or unsupervised, where the algorithm learns to distinguish between normal and anomalous behavior without explicit labels.

When building an anomaly detection model for electrical transformers, it is essential to consider the",1
How can data scientists and subject matter experts collaborate to develop predictive models for transformer failures based on the specific insulation materials used and their failure modes?,"As a helpful AI assistant acting as a data scientist, I understand the importance of collaboration between data scientists and subject matter experts to build accurate and effective predictive models for electrical transformer failures. In this case, we will focus on the specific insulation materials used in transformers and their corresponding failure modes.

**Subject Matter Expert (SME) Contributions:**

1. **Domain Knowledge:** SMEs will provide valuable information on the types of insulation materials used in transformers, such as paper, oil-impregnated paper, or synthetic materials. They will also share their understanding of the failure modes associated with these materials, such as:
	- Breakdown of insulation due to aging, overheating, or exposure to contaminants
	- Tracking, which is the formation of carbonized paths on the insulation surface
	- Corona discharge, which is an electrical discharge that can cause gradual degradation of insulation materials
2. **Performance Metrics:** SMEs can help define relevant performance metrics for the predictive model, such as accuracy, precision, recall, and F1-score. They can also provide context on the business impact of false positives and false negatives, which will help data scientists balance the model's sensitivity and specificity.
3. **Data Collection and Preparation:** SMEs can assist in identifying relevant data sources, such as historical failure data, maintenance records, and operating conditions. They can also help in data cleaning, preprocessing, and feature engineering, ensuring that the data reflects the physical and chemical properties of the insulation materials and transformer operation.

**Data Scientist Contributions:**

1. **Data Analysis:** Data scientists will analyze the provided data to identify trends, patterns, and correlations between insulation materials, failure modes, and environmental factors. They will use statistical methods and visualization techniques to explore and summarize the data.
2. **Feature Engineering:** Based on the domain knowledge provided by SMEs, data scientists will create meaningful features that capture the condition of the insulation materials and the operating conditions of the transformer. These features can include:
	- Material-specific features, such as aging indicators, moisture content, and degradation measures
	- Operational features, such as temperature, load, and voltage levels
3. **Model Development and",1
"How can data scientists and reliability engineers collaborate to ensure the safe and efficient operation of electrical transformers, and what roles do they typically play in this process?","Electrical transformers are critical assets in the power grid, and ensuring their safe and efficient operation is essential for the reliability and stability of the grid. Data scientists and reliability engineers can collaborate in several ways to monitor and optimize the performance of electrical transformers.

Data scientists can bring their expertise in data analysis, machine learning, and statistical modeling to develop predictive models that can identify potential failures or degradation in the transformer's performance. They can use historical data from the transformer's sensors, such as temperature, vibration, and current, to train machine learning algorithms that can detect anomalies or patterns that may indicate a potential failure. Data scientists can also help to develop dashboards and visualization tools that can provide real-time insights into the transformer's performance and help reliability engineers to make informed decisions.

Reliability engineers, on the other hand, have a deep understanding of the physical and electrical properties of transformers, as well as the operational context in which they are used. They can use this knowledge to identify the most critical failure modes and the sensors that are most likely to detect them. Reliability engineers can also help to interpret the results of the predictive models developed by data scientists, taking into account the physical constraints and limitations of the transformer. They can use this information to develop maintenance plans that optimize the trade-off between cost and reliability.

In summary, data scientists and reliability engineers can work together to ensure the safe and efficient operation of electrical transformers by developing predictive models that can identify potential failures, interpreting the results of these models in the context of the transformer's physical and operational constraints, and developing maintenance plans that optimize the trade-off between cost and reliability. The collaboration between data scientists and reliability engineers is essential to ensure the reliability and stability of the power grid.

In order to build an anomaly model for real-time time series sensor data obtained from an IoT/OT system for an electrical transformer, the following questions can be asked to subject matter experts:

1. What are the most common failure modes of electrical transformers, and how can they be detected using sensor data?
2. Which sensors are installed on the electrical transformer, and what type of data do they measure?
3. What is the sampling rate and resolution of the sensor data?
4.",1
"What are the potential consequences of not monitoring and maintaining electrical transformers regularly, and how can data scientists and reliability engineers help mitigate these risks?","Electrical transformers are critical assets in industrial and electrical infrastructure, responsible for converting and transmitting electrical energy. Failure to monitor and maintain these assets can lead to severe consequences, including:

1. Power outages: Electrical transformer failures can cause power outages, affecting businesses, communities, and public services. In some cases, extended outages can lead to significant financial losses and even pose safety risks.

2. Fire hazards: Transformers contain oil for insulation purposes, which can ignite and cause fires if not maintained properly. This can lead to extensive property damage and pose significant safety risks.

3. Environmental damage: Transformer failures can lead to oil spills, which can contaminate soil and water sources, causing environmental damage and potential health hazards.

4. Increased maintenance and replacement costs: Ignoring regular maintenance can lead to more frequent failures, resulting in higher maintenance and replacement costs.

Data scientists and reliability engineers can help mitigate these risks by:

1. Implementing predictive maintenance: By analyzing historical and real-time data, data scientists can develop predictive models that identify potential transformer failures before they occur. This enables reliability engineers to schedule maintenance proactively, reducing the likelihood of unplanned outages.

2. Anomaly detection: Real-time sensor data can be used to detect anomalies in transformer performance, signaling potential issues that require immediate attention. This can help prevent catastrophic failures and minimize the impact of power outages.

3. Root cause analysis: By analyzing historical data, data scientists can help reliability engineers identify the underlying causes of transformer failures, enabling them to implement targeted maintenance strategies and reduce the risk of future failures.

4. Optimizing maintenance schedules: Data-driven maintenance schedules can help ensure that transformers are serviced at the most optimal times, balancing the need for regular maintenance with the potential disruptions caused by maintenance activities.

5. Monitoring environmental factors: By analyzing environmental data, data scientists can help reliability engineers understand how external factors (e.g., temperature, humidity) impact transformer performance, enabling them to adjust maintenance schedules and operating conditions accordingly.

In summary, regular monitoring and maintenance of electrical transformers are crucial for ensuring their reliable and safe operation. Data scientists and reliability",1
"How can the monitoring and control system provide real-time alarms and notifications to operators when anomalies are detected, and what actions can operators take to prevent failures?","To build an anomaly detection model for electrical transformers in real-time monitoring and control systems, we need to consider the following components:

1. Understanding the electrical transformer: Electrical transformers are critical assets in the power system that convert electrical energy from one voltage level to another. They consist of a core, windings, and a tank, which contains insulating oil and other components.
2. Failure modes: Electrical transformers can fail due to various reasons, including insulation failure, overloading, overheating, and mechanical damage. Insulation failure is the most common cause of transformer failure, leading to short circuits and other electrical faults. Overloading and overheating can cause thermal damage to the transformer's windings and core, leading to reduced efficiency and eventual failure. Mechanical damage can occur due to external factors such as accidents, natural disasters, or aging.
3. Sensor data: Real-time monitoring of electrical transformers involves collecting data from various sensors, including temperature sensors, current sensors, voltage sensors, and dissolved gas analysis (DGA) sensors. Temperature sensors measure the temperature of the transformer's windings, core, and insulating oil. Current and voltage sensors measure the electrical parameters of the transformer. DGA sensors measure the levels of various gases in the insulating oil, which can indicate the presence of electrical faults.
4. Anomaly detection: Anomaly detection in electrical transformers involves identifying patterns in the sensor data that deviate from the normal operating conditions. This can be achieved using various techniques, including statistical process control, machine learning, and deep learning algorithms. The choice of technique depends on the nature of the data and the specific failure modes being monitored.
5. Real-time alarms and notifications: Once an anomaly is detected, the monitoring and control system should provide real-time alarms and notifications to the operators. The alarms should be prioritized based on the severity of the anomaly and the potential impact on the transformer's performance. The operators should be able to acknowledge the alarms and take appropriate actions to prevent failures.
6. Preventive actions: The operators can take various preventive actions to prevent transformer failures, including:
* Reducing the transformer's load to prevent overloading and overheating
*",1
"What are the potential consequences of not detecting and preventing anomalies in electrical transformers and interconnected systems, and how can the risks be quantified and mitigated?","An electrical transformer is a critical component of electrical power systems, responsible for converting electrical energy from one voltage level to another. Anomalies in electrical transformers and interconnected systems can have significant consequences, including:

1. **Equipment damage:** Anomalies such as overheating, voltage surges, or insulation failures can cause damage to the transformer or other connected equipment, leading to costly repairs or replacements.
2. **Power outages:** Anomalies can cause power outages, affecting businesses, public services, and homes, leading to significant financial and societal impacts.
3. **Safety risks:** Anomalies can create safety risks for personnel working near or operating the transformer, potentially leading to injuries or fatalities.
4. **Reduced system efficiency:** Anomalies can reduce the overall efficiency of the power system, leading to increased energy consumption and costs.

To quantify and mitigate these risks, it is essential to develop an anomaly detection model for electrical transformers and interconnected systems. This model should consider the following factors:

1. **Failure modes:** Understanding the common failure modes of electrical transformers, such as insulation degradation, overloading, or cooling system issues, can help identify the most relevant anomalies to detect.
2. **Sensor data:** Utilizing sensor data from the transformer and its surrounding systems can provide valuable insights into the operational health of the equipment. Sensors can monitor various parameters, such as temperature, voltage, current, and vibration, which can be used to detect anomalies.
3. **Data quality:** Ensuring the quality of the sensor data is crucial for accurate anomaly detection. Data preprocessing techniques, such as data cleaning, normalization, and feature engineering, can help improve the model's performance.
4. **Model selection:** Selecting an appropriate anomaly detection model based on the specific problem and data characteristics is essential. Various techniques, such as statistical process control, machine learning, or deep learning algorithms, can be employed depending on the context.
5. **Model evaluation:** Evaluating the performance of the anomaly detection model using appropriate metrics, such as precision, recall, or F1-score, can help ensure its effectiveness in detecting and preventing anomalies.

By addressing these factors, an",1
How can the criticality of the asset and the potential consequences of an anomaly be assessed to determine the most appropriate communication method for alerting the maintenance team?,"To assess the criticality of an electrical transformer and the potential consequences of an anomaly, we need to consider several factors. Electrical transformers are crucial assets in the power grid, and their failure can lead to power outages, safety hazards, and financial losses. Here are some aspects to evaluate:

1. **System dependency:** Understand how the transformer fits into the overall power grid system. Is it a critical node that, if it fails, would cause a significant disruption in power supply? Or is it part of a redundant system that allows for alternative power flow?

2. **Load capacity:** Assess the transformer's load capacity and the potential impact of an anomaly on the power grid. A significant overload or voltage fluctuation could lead to equipment damage, power outages, or even cascading failures in the grid.

3. **Location:** Consider the geographical location of the transformer. If it is located in a densely populated area, urban setting, or critical infrastructure, such as a hospital or data center, the consequences of an anomaly could be more severe due to the increased potential for collateral damage or service disruptions.

4. **Redundancy and maintenance history:** Investigate the availability of redundant assets or maintenance strategies that could mitigate the risk of an anomaly. Transformers with a poor maintenance history or lacking redundancy may be at a higher risk of failure and require more stringent monitoring and alerting procedures.

5. **Regulatory requirements:** Consider any specific regulatory requirements or industry standards that apply to the transformer and its monitoring. Compliance with these requirements may dictate specific communication methods or alert thresholds.

Based on these factors, you can determine the criticality of the asset and the potential consequences of an anomaly. This information will help you select the most appropriate communication method for alerting the maintenance team. For example, a critical transformer in a densely populated area might require real-time monitoring and instant alerts via mobile devices, email, or SMS, while a less critical transformer might only need periodic monitoring and less time-sensitive alerts.",1
"How is the severity of the failure modes determined based on the sensor data in electrical transformers, and what specific failure mechanisms are associated with each failure mode?","Electrical transformers are critical assets in the power grid, and their failure can lead to significant downtime and financial losses. Sensor data from electrical transformers can provide valuable insights into the health and performance of these assets, allowing for the detection and prediction of potential failures. The severity of failure modes in electrical transformers can be determined based on several factors, including the type of failure, the location of the failure, and the impact of the failure on the overall operation of the transformer.

Some common failure modes in electrical transformers include:

1. **Insulation failure:** This occurs when the insulation material surrounding the transformer's windings breaks down or degrades, leading to a short circuit or other electrical fault. Sensor data such as winding temperature, partial discharge, and insulation resistance can be used to detect and predict insulation failure. The severity of this failure mode can be determined based on the extent of the insulation damage and the potential for a catastrophic failure.
2. **Gas accumulation:** Gas accumulation in electrical transformers can be caused by several factors, including overheating, partial discharge, and moisture ingress. Sensor data such as gas levels, temperature, and humidity can be used to detect and predict gas accumulation. The severity of this failure mode can be determined based on the rate of gas accumulation and the potential for a catastrophic failure.
3. **Mechanical failure:** Mechanical failure in electrical transformers can be caused by several factors, including vibration, aging, and fatigue. Sensor data such as vibration levels, acoustic emissions, and mechanical stress can be used to detect and predict mechanical failure. The severity of this failure mode can be determined based on the extent of the mechanical damage and the potential for a catastrophic failure.
4. **Electrical overload:** Electrical overload occurs when the transformer is subjected to electrical stresses beyond its design limits. Sensor data such as current, voltage, and power can be used to detect and predict electrical overload. The severity of this failure mode can be determined based on the extent of the electrical stress and the potential for a catastrophic failure.

In summary, the severity of failure modes in electrical transformers can be determined based on several factors, including the type of failure,",1
"How can the data from different types of sensors (temperature, vibration, current, and voltage) be combined to improve the accuracy of anomaly detection in electrical transformers?","To build an effective anomaly detection model for electrical transformers using data from various sensors, we need to understand the importance of each sensor's data and how they can complement each other. Here's a background document to answer the given question:

1. Temperature sensor: Temperature is a critical parameter for electrical transformers, as excessive heat can cause insulation damage, leading to catastrophic failures. By monitoring temperature trends and spikes, the anomaly detection model can identify potential issues in the transformer's insulation system.

2. Vibration sensor: Vibration analysis is essential for detecting mechanical issues in transformers, such as loose connections, damaged fans, or winding problems. Analyzing vibration patterns and amplitudes can help identify early signs of mechanical failure.

3. Current sensor: Monitoring current flow through the transformer can help detect electrical faults, such as overloading, imbalanced loads, or internal faults. By tracking current values and trends, the anomaly detection model can identify potential electrical issues that may lead to failures.

4. Voltage sensor: Analyzing voltage patterns can help detect issues related to the power supply or internal voltage regulation problems. Monitoring voltage levels and fluctuations can contribute to identifying potential electrical anomalies.

Combining data from these different sensors can improve the accuracy of anomaly detection in electrical transformers by:

* Identifying patterns and correlations: By analyzing data from multiple sensors, the model can identify patterns and correlations that may not be apparent when examining each sensor's data independently. For example, a sudden increase in temperature accompanied by a spike in vibration may indicate a mechanical failure in progress.
* Detecting early signs of failure: Combining data from various sensors can help detect early signs of failure, allowing for timely maintenance and preventing catastrophic failures. For instance, subtle changes in temperature, vibration, current, or voltage may indicate an impending failure, which can be identified by analyzing the combined data.
* Improving confidence in anomaly detection: By using multiple sensors, the anomaly detection model can have multiple indicators of a potential issue, increasing confidence in the detection and reducing false positives or negatives.
* Differentiating between electrical and mechanical failures: By analyzing data from current and voltage sensors, the model can detect",1
"What are the potential limitations and drawbacks of using partial discharge detection methods, and how can these be mitigated to ensure the reliability and accuracy of the results?","
Electrical transformers are critical assets in the power grid, and their reliability is of utmost importance. One method used to monitor the condition of electrical transformers is partial discharge (PD) detection. PD refers to the leakage of electrical energy from a high voltage insulation system due to partial discharge activities within the transformer. This method is widely used as it can provide early warning of insulation degradation, allowing for timely maintenance and preventing catastrophic failures. However, there are potential limitations and drawbacks to using PD detection methods, which include:

1. Sensitivity to environmental factors: PD detection methods can be affected by environmental factors such as temperature, humidity, and vibration. These factors can cause false positives or false negatives, leading to incorrect assessments of the transformer's condition.
2. Limited spatial resolution: PD detection methods may not be able to accurately locate the source of the discharge within the transformer. This can make it difficult to determine the root cause of the problem and to plan appropriate maintenance actions.
3. Difficulty in detecting certain types of discharge: Some types of PD, such as corona discharge, can be difficult to detect using traditional methods. This can lead to an underestimation of the severity of the problem.
4. Interference from other electrical equipment: PD detection methods can be affected by interference from other electrical equipment in the vicinity. This can make it difficult to isolate the source of the discharge and to accurately assess the condition of the transformer.

To mitigate these limitations and drawbacks, the following measures can be taken:

1. Use of multiple PD detection methods: By using a combination of PD detection methods, such as acoustic, ultrasonic, and chemical methods, it is possible to improve the reliability and accuracy of the results.
2. Environmental compensation: By compensating for environmental factors such as temperature and humidity, it is possible to reduce the number of false positives and false negatives.
3. Use of advanced signal processing techniques: By using advanced signal processing techniques, it is possible to improve the spatial resolution of PD detection methods and to detect certain types of discharge that are difficult to detect using traditional methods.
4. Isolation of the transformer: By isolating the transformer from other electrical equipment, it is possible to",1
How can the maintenance team's preferences and needs be taken into account when selecting a communication method for alerting them about anomalies in industrial asset maintenance?,"When selecting a communication method for alerting the maintenance team about anomalies in electrical transformer assets, it is important to consider their preferences and needs to ensure efficient and effective communication. Here are some factors to consider:

1. Preferred communication channels: Understand the communication channels that the maintenance team prefers and utilizes the most. This could be through email, SMS, phone calls, or a dedicated maintenance management software.
2. On-the-go accessibility: Maintenance teams are often on the move, performing tasks in various locations. A communication method that provides on-the-go accessibility, such as a mobile app or a device-agnostic alerting system, would be ideal.
3. Customization and filtering: Maintenance teams handle multiple assets, and receiving alerts for all anomalies might lead to information overload. A system that allows customization and filtering of alerts based on asset type, severity, or location would help prioritize their work.
4. Integration with existing systems: To streamline the communication process, consider integrating the alerting system with existing maintenance management software, monitoring systems, or other relevant tools. This would minimize the need for the maintenance team to switch between different platforms.
5. Ease of use: The alerting system should be user-friendly and intuitive, with minimal training required for the maintenance team to start using it.
6. Real-time notifications: Rapid communication is essential in maintenance, as delaying response times can exacerbate issues. Ensure that the alerting system can deliver real-time notifications to the maintenance team.
7. Reporting and analytics: A communication method that provides historical data, reporting, and analytics can help the maintenance team track their performance, identify trends, and make data-driven decisions.
8. Cost-effectiveness: Consider the total cost of ownership, including implementation, maintenance, and training costs, when selecting a communication method. Opt for a solution that offers the best balance between functionality and affordability.

By taking these factors into account, you can select a communication method that aligns with the maintenance team's preferences and needs, ensuring efficient and effective anomaly communication for electrical transformer assets.",1
"What are the challenges in predicting and preventing transformer failures, and how can these be addressed through collaboration between data scientists and subject matter experts?","Title: Predicting and Preventing Transformer Failures: The Role of Data Scientists and Subject Matter Experts

Electrical transformers are critical assets in industrial and utility infrastructure, and their failure can lead to significant downtime, safety risks, and financial losses. Predictive maintenance through anomaly detection models can help address these challenges. Collaboration between data scientists and subject matter experts is essential to build an effective anomaly detection model for transformer failures. This background document outlines the challenges in predicting and preventing transformer failures and the role of data scientists and subject matter experts in addressing these challenges.

Challenges in predicting and preventing transformer failures:

1. Complexity of transformer failure modes: Transformers can fail due to various reasons, such as insulation breakdown, overheating, or mechanical damage. Each failure mode has unique characteristics, making it difficult to develop a single predictive model for all types of failures.
2. Limited availability of historical data: Transformer failures are relatively rare events, and obtaining a large dataset of historical failure data can be challenging. This scarcity of data can make it difficult to train robust predictive models.
3. Sensor data quality and coverage: The quality and coverage of sensor data can significantly impact the performance of anomaly detection models. In some cases, sensors may not be available to monitor critical transformer components, or the existing sensors may provide noisy or incomplete data.
4. Integration with existing maintenance practices: Anomaly detection models should be integrated with existing maintenance practices and workflows to ensure a smooth transition from reactive to predictive maintenance. This integration requires close collaboration between data scientists and subject matter experts.

Addressing challenges through collaboration between data scientists and subject matter experts:

1. Leveraging domain knowledge: Subject matter experts can provide valuable insights into the specific failure modes of transformers and the physical principles governing their operation. Data scientists can use this knowledge to design domain-specific features, tailor machine learning algorithms, and interpret model results in the context of the underlying physics.
2. Data augmentation and fusion: Subject matter experts can help data scientists identify alternative data sources, such as design specifications, maintenance records, or operational data, to augment the historical failure data. Data scientists can then apply data fusion techniques to combine these diverse data sources and create a more comprehensive dataset for model",1
"Can you explain how dissolved gas analysis (DGA) helps in detecting specific types of internal faults in electrical transformers, such as arcing, corona, or thermal degradation?","
Sure, I'd be happy to explain!

Dissolved Gas Analysis (DGA) is a well-established technique used for condition-based maintenance of electrical transformers. It involves the analysis of the gases dissolved in the insulating oil of transformers. When partial discharges or thermal degradation occur inside a transformer, they can cause the insulating oil to decompose, resulting in the production of gases. By measuring the amount of these gases, DGA can provide valuable insights into the condition of the transformer and help to detect specific types of internal faults.

Here's how DGA can help detect different types of internal faults in electrical transformers:

1. Arcing: Arcing is a type of fault that occurs when there is a high voltage discharge between two conductive parts. In a transformer, arcing can cause the oil to decompose, producing gases such as hydrogen, methane, and acetylene. DGA can detect these gases and alert maintenance personnel to the presence of arcing.
2. Corona: Corona is a type of fault that occurs when there is a low voltage discharge between two conductive parts. It can cause the oil to decompose, producing gases such as carbon monoxide, carbon dioxide, and nitrogen. DGA can detect these gases and alert maintenance personnel to the presence of corona.
3. Thermal degradation: Thermal degradation is a type of fault that occurs when the transformer oil breaks down due to high temperatures. It can cause the oil to decompose, producing gases such as hydrogen, methane, and ethane. DGA can detect these gases and alert maintenance personnel to the presence of thermal degradation.

In addition to detecting specific types of faults, DGA can also provide information on the severity of the fault and the rate of deterioration of the transformer. This can help maintenance personnel to plan their maintenance activities more effectively and prevent catastrophic failures.

Overall, DGA is a powerful tool for condition-based maintenance of electrical transformers. By detecting specific types of internal faults, it can help to prevent catastrophic failures, reduce downtime, and improve the reliability and safety of",1
"Can you explain how offline testing methods differ from online monitoring methods in partial discharge detection, and what are the advantages of each in different applications?","Background:

An electrical transformer is a critical asset in industrial and electrical systems. Partial Discharge (PD) detection is an essential aspect of monitoring the condition of these transformers, as it can indicate potential failures or issues with the insulation system. PD refers to the localized breakdown of insulation, which can lead to larger failures and costly downtime.

Offline testing methods for PD detection typically involve removing the transformer from service and using specialized equipment to measure PD levels. These methods can include:

1. Tan-delta measurement: This method measures the dielectric loss angle of the transformer oil, which can indicate the presence of PD.
2. PD measurement using cable-type sensors: These sensors are inserted into the transformer tank to measure PD levels.
3. PD measurement using capacitive sensors: These sensors are placed on the surface of the transformer tank to measure PD levels.

Online monitoring methods for PD detection, on the other hand, involve monitoring the transformer while it is still in service. These methods can include:

1. Online PD measurement using coupling capacitor sensors: These sensors are permanently installed on the transformer and measure PD levels continuously.
2. Online PD measurement using radio frequency (RF) sensors: These sensors monitor the RF emissions from the transformer to detect PD.
3. Online PD measurement using ultrasonic sensors: These sensors monitor the ultrasonic emissions from the transformer to detect PD.

The advantages of offline testing methods include:

1. High accuracy: Offline testing methods can provide highly accurate measurements of PD levels.
2. Comprehensive assessment: Offline testing methods can provide a comprehensive assessment of the transformer's condition.
3. Reduced risk of failure: Offline testing methods can identify potential issues before they lead to failure.

The advantages of online monitoring methods include:

1. Continuous monitoring: Online monitoring methods can provide continuous monitoring of the transformer's condition.
2. Early warning of potential failures: Online monitoring methods can provide early warning of potential failures, allowing for preventative maintenance.
3. Reduced downtime: Online monitoring methods can reduce the need for downtime for testing, as the transformer can be monitored while still in service.

In summary, offline testing methods for PD detection in electrical transformers are",1
"What are the regulatory and industry standards for monitoring and detecting anomalies in electrical transformers and interconnected systems, and how can compliance be ensured?","Electrical transformers are critical components of electrical power systems, and their proper monitoring and maintenance are essential for ensuring the reliability and safety of these systems. Regulatory and industry standards for monitoring and detecting anomalies in electrical transformers and interconnected systems have been established to provide guidelines for effective asset management and to minimize the risk of failures. Some of these standards include:

1. IEEE C57.100-2010: This standard provides guidelines for the maintenance, testing, and inspection of electrical transformers, including recommendations for oil analysis, moisture detection, and temperature monitoring.
2. IEEE C57.106-2019: This standard outlines the methods and procedures for the condition assessment of liquid-immersed power transformers, including the use of dissolved gas analysis, insulation resistance measurements, and frequency response analysis.
3. IEC 60076-1: This international standard specifies the requirements and testing methods for the design, construction, and performance of oil-immersed power transformers, including the monitoring of winding temperature and moisture content.
4. NERC PRC-005: This standard requires transmission owners to implement a protection system maintenance program that includes regular testing, inspection, and maintenance of electrical protective relay systems, including transformer protection.

Compliance with these standards can be ensured through a combination of regular inspections, testing, and maintenance programs. These programs should include:

1. Routine visual inspections to detect signs of damage, wear, or contamination.
2. Oil analysis to monitor the condition of the insulating oil and to detect the presence of contaminants or degradation products.
3. Moisture monitoring to ensure that the insulation system remains dry and free from moisture-induced failures.
4. Temperature monitoring to detect hot spots and to ensure that the transformer is operating within its design limits.
5. Frequency response analysis to detect winding faults and to assess the overall health of the transformer.
6. Protective relay testing to ensure that the protection system is functioning properly and is capable of detecting and isolating faults.

By implementing a comprehensive monitoring and maintenance program that complies with regulatory and industry standards, it is possible to detect anomalies in electrical transform",1
"Can you explain how understanding the typical operating conditions, failure modes, and degradation mechanisms for transformers can help in predicting and preventing failures?","Electrical transformers are critical assets in the power grid, and their failures can have significant impacts on the reliability and stability of the power system. Predicting and preventing transformer failures is crucial for maintaining a resilient and efficient power grid. Understanding the typical operating conditions, failure modes, and degradation mechanisms for transformers can significantly help in developing an effective predictive maintenance program and reducing the risk of unplanned outages.

Typical Operating Conditions:
Understanding the typical operating conditions of transformers involves gathering data on various factors, such as temperature, load, voltage, and current levels. This information can help in identifying the range of normal operating conditions and detecting any abnormalities that could indicate potential issues. For instance, prolonged exposure to high temperatures can accelerate the aging process of transformer insulation, increasing the risk of failure.

Failure Modes:
Transformer failures can occur due to various reasons, such as:

1. Insulation breakdown: This is one of the most common failure modes in transformers. Insulation degradation can occur due to aging, contamination, or overheating.
2. Mechanical failure: Mechanical failures can occur due to loose connections, vibration, or physical damage.
3. Electrical faults: Electrical faults can occur due to overloading, short-circuits, or insulation failure.
4. Cooling system failure: Transformers rely on cooling systems to maintain a safe operating temperature. Failure of the cooling system can lead to overheating and catastrophic failure.

Degradation Mechanisms:
Degradation mechanisms refer to the gradual deterioration of transformer components over time. Understanding these mechanisms can help in predicting and preventing failures. Some of the common degradation mechanisms in transformers include:

1. Thermal aging: Prolonged exposure to high temperatures can lead to the degradation of transformer insulation.
2. Moisture ingress: Moisture can enter the transformer through leaks or poor seals, leading to insulation breakdown.
3. Partial discharge: Partial discharge is a type of electrical discharge that can occur in transformers. Over time, this can lead to insulation breakdown and failure.
4. Overloading: Overloading a transform",1
Can you provide any case studies or examples of how predicting and preventing failures in transformer insulation materials has helped improve reliability and reduce downtime?,"Sure, I can provide a brief overview of the importance of predicting and preventing failures in electrical transformer insulation materials, and how it can help improve reliability and reduce downtime.

Electrical transformers are critical components of the power grid, and their failure can result in significant downtime and financial losses. One of the most common causes of transformer failure is the degradation of insulation materials. Over time, insulation materials can degrade due to factors such as heat, moisture, and electrical stress, leading to partial discharge and eventual failure.

Predictive maintenance using sensor data can help identify early signs of insulation degradation, allowing for proactive maintenance and preventing catastrophic failures. For example, a study published in the IEEE Transactions on Power Delivery analyzed the insulation aging data from a fleet of electrical transformers in a utility company. The study used a combination of time-domain reflectometry (TDR) and partial discharge (PD) measurements to monitor the insulation health. By analyzing the sensor data, the utility company was able to identify and replace transformers with early signs of insulation degradation, preventing catastrophic failures and reducing downtime.

Another example is a case study conducted by a manufacturer of electrical transformers. The study used a combination of dissolved gas analysis (DGA) and moisture measurements to monitor the insulation health of transformers. By analyzing the sensor data, the manufacturer was able to identify and address insulation issues early, preventing failures and reducing downtime.

These examples demonstrate the importance of predicting and preventing failures in electrical transformer insulation materials. By using sensor data to monitor insulation health, utility companies and transformer manufacturers can proactively maintain transformers, reducing downtime and financial losses.

In summary, the following points are noteworthy:

* Electrical transformers are critical components of the power grid, and their failure can result in significant downtime and financial losses.
* One of the most common causes of transformer failure is the degradation of insulation materials.
* Predictive maintenance using sensor data can help identify early signs of insulation degradation, allowing for proactive maintenance and preventing catastrophic failures.
* Examples of successful predictive maintenance in transformer insulation include the use of TDR, PD, D",1
Can you provide any case studies or examples of how predictive and preventive maintenance strategies have improved the long-term performance and reliability of transformers?,"Sure, I can provide a brief overview of the importance of predictive and preventive maintenance strategies for electrical transformers, including some case studies and examples.

Electrical transformers are critical assets in the power grid, and their failure can lead to significant downtime, safety risks, and financial losses. Predictive and preventive maintenance strategies can help identify potential issues before they become critical, reducing the risk of failure and increasing the long-term performance and reliability of transformers.

One example of the benefits of predictive maintenance for transformers comes from a study conducted by the Electric Power Research Institute (EPRI). The study found that the implementation of a condition-based maintenance program for transformers resulted in a 30% reduction in maintenance costs and a 50% reduction in forced outages. The study also found that the use of online monitoring and diagnostic tools, such as dissolved gas analysis (DGA) and partial discharge (PD) monitoring, can help detect potential issues early, allowing for proactive maintenance and reducing the risk of failure.

Another example comes from a utility company in the United States, which implemented a predictive maintenance program for its transformers using DGA and PD monitoring. The program resulted in a 75% reduction in transformer failures and a 50% reduction in maintenance costs. The utility company also reported improved power quality and reliability, as well as increased customer satisfaction.

In addition to these case studies, there are several examples of how predictive and preventive maintenance strategies have improved the long-term performance and reliability of transformers in various industries. For example, in the renewable energy sector, wind farm operators have implemented predictive maintenance programs for their transformers to reduce downtime and increase energy production. In the transportation industry, railways have implemented condition-based maintenance programs for their transformers to improve safety and reduce delays.

Overall, predictive and preventive maintenance strategies can help improve the long-term performance and reliability of electrical transformers, reducing the risk of failure and minimizing downtime, safety risks, and financial losses. By using online monitoring and diagnostic tools, such as DGA and PD monitoring, maintenance teams can detect potential issues early and take proactive measures to address them, leading to improved power quality, reliability, and customer satisfaction.",1
"How can partial discharge detection data be used to enhance the anomaly detection model's performance, and what specific features can be added to the model based on PD data?"," electrical transformers are crucial assets in industrial and electrical systems. Partial Discharge (PD) detection is an essential maintenance practice for transformers, as it helps to identify early signs of insulation degradation, which can lead to catastrophic failures if left unattended. PD detection data can significantly enhance the performance of an anomaly detection model in the following ways:

1. Improved anomaly identification: PD detection data can help the model identify incipient failures in electrical transformers more accurately. By incorporating PD data, the model can learn the patterns and trends associated with early-stage failure modes, enabling it to detect anomalies more effectively.

2. Better predictive accuracy: PD data can provide the model with a more comprehensive understanding of the transformer's health, allowing it to make more accurate predictions about potential failures. This can help maintenance teams address issues proactively, reducing the risk of unplanned downtime.

3. Root cause analysis: PD data can help pinpoint the specific components or processes responsible for the anomaly, making it easier to diagnose and address the underlying issue.

Based on the PD detection data, the following features can be added to the anomaly detection model:

1. PD magnitude: The magnitude of PD events can be a valuable indicator of the severity of insulation degradation. Incorporating this feature into the model can help it differentiate between normal and abnormal PD activity, improving its accuracy in detecting anomalies.

2. PD pulse count: The number of PD pulses over a given period can also be a useful feature. An increase in pulse count might suggest a worsening insulation condition, which could indicate a higher likelihood of failure.

3. PD frequency: The frequency of PD events can provide insights into the rate at which insulation degradation is progressing. By including this feature in the model, it can better predict the onset of failure and help maintenance teams prioritize their actions.

4. PD location: The location of PD events within the transformer can help identify specific components that may be experiencing issues. This information can be used to focus maintenance efforts on the most critical areas, improving overall efficiency.

5. PD trend analysis: Analyzing PD trends over time can help the model understand the progression of insulation degradation and predict the remaining",1
How can preventive maintenance actions be taken based on the sensor data and the specific failure mechanisms associated with each failure mode in electrical transformers?,"To build an anomaly detection model for electrical transformers, it is crucial to first understand the failure modes associated with these assets and how sensor data can help detect and prevent such failures. Here are some questions that can help gather the necessary information from subject matter experts:

1. What are the common failure modes associated with electrical transformers? Some examples include insulation failure, winding failure, core failure, and tap changer failure. Understanding the specific failure modes is essential to building a targeted anomaly detection model.
2. What are the causes of each failure mode? For instance, insulation failure can be caused by factors such as moisture, contamination, or overloading. Identifying the root causes can help in selecting the most relevant sensor data and developing an effective anomaly detection model.
3. What sensor data is available for each failure mode? Different sensors may be used to monitor different aspects of the transformer's performance, such as temperature, vibration, current, and voltage. It is essential to identify which sensors can provide data that is relevant to each failure mode.
4. How can the sensor data be used to detect anomalies associated with each failure mode? For example, temperature sensors can help detect insulation failure by identifying hotspots in the transformer. Similarly, vibration sensors can help detect winding failure by detecting changes in the vibration patterns.
5. What are the thresholds for each sensor that can indicate an anomaly? Setting appropriate thresholds is crucial to detecting anomalies accurately. These thresholds may vary depending on the specific transformer, its operating conditions, and the sensor used.
6. How can the sensor data be used to predict and prevent failures? Predictive maintenance strategies can be developed based on the sensor data to predict and prevent failures before they occur. For example, if the sensor data indicates a potential insulation failure, maintenance actions such as drying or re-impregnating the transformer can be taken to prevent the failure.
7. What are the limitations of using sensor data for anomaly detection and predictive maintenance? Some limitations include the availability and reliability of the sensor data, the accuracy of the thresholds set, and the potential for false positives or negatives.

By asking these questions, we can gain a better understanding of the specific failure modes associated with electrical transformers and how sensor data can be",1
How can the integration of preventive maintenance measures and an anomaly detection model help in reducing downtime and extending the overall lifespan of the transformer?,"An electrical transformer is a vital asset in industrial and utility organizations, responsible for converting and transferring electrical energy from one circuit to another. Unplanned downtime of transformers can lead to significant financial losses, safety risks, and operational inefficiencies. By integrating preventive maintenance measures and an anomaly detection model, organizations can enhance the reliability, extend the lifespan, and reduce downtime of electrical transformers. Here's how:

1. Predictive Maintenance: Predictive maintenance involves using data-driven techniques to estimate the remaining useful life of an asset and optimize maintenance schedules. By analyzing historical and real-time sensor data, organizations can identify patterns, trends, and anomalies that indicate potential failures. This enables proactive maintenance, reducing the likelihood of unplanned downtime and increasing the lifespan of the transformer.
2. Condition-Based Monitoring: Continuous monitoring of transformer health through sensors allows for real-time assessment of the transformer's condition. Sensors can measure various parameters, such as temperature, vibration, current, and voltage, which can be used to detect anomalies and assess the overall health of the transformer. By identifying issues early, organizations can take corrective actions before they escalate into significant failures.
3. Root Cause Analysis: Anomaly detection models can help identify the underlying causes of transformer failures. By analyzing sensor data and correlating it with historical maintenance records, organizations can pinpoint the specific factors contributing to the anomaly. This information can be used to optimize maintenance procedures, improve transformer design, and prevent similar issues in the future.
4. Early Warning System: Anomaly detection models can serve as an early warning system for potential transformer failures. By detecting anomalies in real-time, organizations can take swift action to address the issue, minimizing the impact on operations and reducing the risk of catastrophic failures.
5. Cost Savings: By implementing predictive maintenance and anomaly detection, organizations can reduce maintenance costs, minimize unplanned downtime, and extend the lifespan of transformers. This can lead to significant cost savings, improved operational efficiency, and enhanced overall equipment performance.

In summary, integrating preventive maintenance measures and an anomaly detection model can help organizations reduce downtime, extend the lifespan of",1
Can you discuss the importance of severity and detectability ratings in the context of sensor data analysis for predicting and preventing electrical transformer failures?,"Sure, I'd be happy to help explain the importance of severity and detectability ratings in the context of sensor data analysis for predicting and preventing electrical transformer failures.

Electrical transformers are critical components of the power grid, and their failure can have significant consequences, including power outages, financial losses, and even safety hazards. Therefore, it is essential to monitor the condition of electrical transformers continuously and identify any anomalies or abnormal behavior that could indicate potential failures.

Severity and detectability ratings are essential metrics used to assess the potential impact and likelihood of transformer failures. The severity rating indicates the magnitude of the consequences of a failure, while the detectability rating indicates how easy or difficult it is to detect the early signs of a failure.

In the context of sensor data analysis, severity and detectability ratings are crucial for building an effective anomaly detection model. By understanding the severity and detectability of different types of failures, data scientists can prioritize which anomalies to investigate further and determine the appropriate response.

For example, a sensor reading that indicates a significant deviation from the expected value could be a sign of a severe failure that requires immediate attention. In contrast, a minor deviation may indicate a less severe failure that can be addressed during routine maintenance.

Similarly, detectability ratings can help data scientists determine which sensors are more effective at detecting potential failures. Sensors that are highly correlated with specific types of failures or that provide early warning signs of a failure can be given higher priority in the anomaly detection model.

In summary, severity and detectability ratings are essential metrics for predicting and preventing electrical transformer failures. By incorporating these ratings into the sensor data analysis and anomaly detection model, data scientists can prioritize which anomalies to investigate further and determine the appropriate response, ultimately improving the reliability and safety of the power grid.",1
"What are the most common causes of partial discharge in electrical transformers, and how can the root cause of potential failures be identified using PD detection data?","Partial discharge (PD) is a common issue in electrical transformers, which can lead to significant damage and failure if not addressed promptly. PD is essentially the leakage of electrical energy from high voltage to low voltage, which occurs due to the presence of voids, gaps, or contamination within the insulation system of a transformer. Over time, this can result in the degradation of the insulation system, ultimately causing the transformer to fail.

There are several common causes of partial discharge in electrical transformers, including:

1. **Contamination:** The presence of moisture, dirt, or other contaminants in the transformer oil can lead to partial discharge. These contaminants can create conductive paths, allowing electrical energy to leak from one part of the transformer to another.
2. **Insulation defects:** Any defects in the insulation system, such as voids, gaps, or imperfections in the insulation material, can cause partial discharge. These defects can be caused by manufacturing defects, aging, or damage during installation or maintenance.
3. **Overloading:** Operating the transformer beyond its rated capacity can cause partial discharge due to the increased electrical stress on the insulation system.
4. **Voltage stress:** High voltage stress can cause partial discharge, especially in areas where the electrical field is concentrated, such as corners or sharp edges.

To identify the root cause of potential failures using PD detection data, it is important to first understand the relationship between PD activity and the various failure modes. By analyzing the PD data, it is possible to identify patterns or trends that may indicate specific failure modes. For example, PD activity in a particular location or under certain operating conditions may indicate a specific type of insulation defect. Similarly, changes in PD activity over time may indicate that the transformer is aging or degrading.

To build an anomaly model for PD detection in electrical transformers, it is important to consider several factors, including:

1. **Data quality:** The quality of the PD detection data is critical for building an accurate anomaly model. The data should be free from noise and other artifacts that may interfere with the analysis.
2. **Data frequency:** The frequency of the PD detection data is also important. High-frequency data may be more sensitive to small changes in PD activity",1
"How can the effectiveness of partial discharge detection methods be evaluated, and what are the key performance indicators that should be considered in this evaluation?","
To evaluate the effectiveness of partial discharge (PD) detection methods for electrical transformers, we need to consider several key performance indicators (KPIs). These KPIs will help us determine the reliability and accuracy of the PD detection methods, ensuring that they can effectively identify and locate PD activities within the transformer. Here are some KPIs and evaluation methods to consider:

1. Sensitivity: This KPI measures the ability of the PD detection method to identify PD events accurately. It can be evaluated by comparing the measured PD patterns with those obtained from a well-calibrated and trusted reference method. Sensitivity can be calculated as the ratio of correctly detected PD events to the total number of actual PD events.

2. Specificity: This KPI measures the ability of the PD detection method to identify non-PD events accurately. It can be evaluated by comparing the measured PD patterns with those obtained from a well-calibrated and trusted reference method. Specificity can be calculated as the ratio of correctly identified non-PD events to the total number of actual non-PD events.

3. Accuracy: This KPI measures the overall performance of the PD detection method by considering both sensitivity and specificity. It can be calculated as the ratio of correctly identified PD and non-PD events to the total number of events.

4. Precision: This KPI measures the proportion of correctly identified PD events out of all detected PD events. It can be calculated as the ratio of true PD events to the total number of detected PD events.

5. Stability: This KPI measures the ability of the PD detection method to provide consistent results over time. It can be evaluated by monitoring the PD patterns and their variations under different operating conditions and temperatures.

6. Robustness: This KPI measures the ability of the PD detection method to operate effectively in the presence of noise, interference, and other disturbances. It can be evaluated by intentionally introducing various disturbances and evaluating the performance of the PD detection method.

7. Spatial resolution: This KPI measures the ability of the PD detection method to locate the PD sources accurately within the transformer. It can be evaluated by comparing the PD maps obtained from the PD detection method with those obtained from a well-calibrated and trusted reference method.

8. Temporal resolution: This KPI measures",1
"How can the data from these monitoring methods be integrated with other data sources, such as SCADA systems, to provide a more comprehensive view of transformer health?","To understand how to integrate sensor data from electrical transformer monitoring methods with other data sources, such as SCADA (Supervisory Control and Data Acquisition) systems, we need to first understand the types of data that are available from these sources and their relevance to the health of the transformer.

Electrical transformers are critical assets in the power grid, and their health and performance are closely monitored using various techniques. One common method is to use sensors to measure different parameters, such as:

1. Temperature: Sensors can be used to measure the temperature of the transformer oil, which is an indicator of the overall health of the transformer.
2. Vibration: Vibration sensors can be used to detect any mechanical issues in the transformer, such as loose connections or damaged components.
3. Current and voltage: Sensors can be used to measure the current and voltage flowing through the transformer, which can help identify any issues with the power supply or load.
4. Partial Discharge (PD): PD sensors can be used to detect any electrical discharges within the transformer, which can indicate insulation issues.

These sensors generate a large amount of data that can be used to monitor the health of the transformer in real-time.

SCADA systems, on the other hand, are used to monitor and control industrial processes in real-time. They typically collect data from various sensors and devices in the system, including:

1. Temperature and humidity sensors
2. Pressure sensors
3. Flow sensors
4. Level sensors
5. Current and voltage sensors

By integrating the sensor data from the transformer monitoring methods with the data from the SCADA system, we can get a more comprehensive view of the transformer's health. For example, we can correlate the temperature data from the transformer with the temperature and humidity data from the SCADA system to identify any environmental factors that may be affecting the transformer's performance.

To integrate the data from these different sources, we can use various techniques, such as:

1. Data fusion: Data fusion techniques can be used to combine data from multiple sources to provide a more accurate and complete picture of the transformer's health.
2. Machine learning algorithms: Machine learning algorithms can be used to identify patterns and anom",1
"What are the regulatory and compliance considerations for monitoring and detecting anomalies in electrical transformers, and how can the model help ensure compliance?","Electrical transformers are critical components of electrical power systems, and their proper monitoring and maintenance are essential for ensuring the reliability and safety of the power grid. Regulatory and compliance considerations for monitoring and detecting anomalies in electrical transformers vary depending on the specific industry, location, and type of transformer. However, some general considerations include:

1. **Safety standards:** Electrical transformers can pose significant safety risks if not properly maintained, including the risk of fire, explosion, and electrical shock. Regulatory bodies such as the Occupational Safety and Health Administration (OSHA) in the United States and the Health and Safety Executive (HSE) in the UK enforce safety standards for electrical equipment, including transformers.
2. **Environmental regulations:** Electrical transformers can contain environmentally harmful materials such as PCBs, oil, and heavy metals. Regulatory bodies such as the Environmental Protection Agency (EPA) in the United States and the Environment Agency in the UK enforce regulations related to the handling, storage, and disposal of these materials.
3. **Performance standards:** Electrical transformers must meet certain performance standards to ensure the reliability of the power grid. Regulatory bodies such as the North American Electric Reliability Corporation (NERC) in the United States and the Office of Gas and Electricity Markets (OFGEM) in the UK set performance standards for electrical equipment, including transformers.

An anomaly detection model can help ensure compliance with these regulations and standards by providing real-time monitoring and alerts for potential issues. For example, the model can detect abnormal temperatures, oil levels, or vibrations that may indicate a safety hazard or environmental concern. The model can also provide early warning of potential performance issues, allowing for proactive maintenance and reducing the risk of power outages or other reliability issues.

In addition, the anomaly detection model can provide historical data and trend analysis, helping to identify patterns and correlations that may indicate potential regulatory or compliance issues. This information can be used to inform maintenance schedules, improve safety protocols, and optimize transformer performance.

Overall, an anomaly detection model can help ensure compliance with regulatory and compliance considerations for electrical transformers by providing real-time monitoring, early warning of potential issues, and historical data analysis.",1
How can a combination of communication methods be used effectively to ensure timely and effective communication between the maintenance team and the industrial asset?,"In the context of electrical transformers as industrial assets, effective communication between the maintenance team and the asset is crucial for timely identification and resolution of any issues. A combination of communication methods can be employed to ensure this:

1. **Scheduled maintenance reports:** Regular reports can be generated and shared with the maintenance team, outlining the transformer's current status, any identified issues, and recommended maintenance activities. These reports can be sent via email or shared on a cloud-based platform.

2. **Real-time monitoring systems:** IoT sensors can be installed on the transformer to monitor critical parameters such as temperature, vibration, and oil level. Any anomalies can be communicated in real-time via alerts to the maintenance team. This can be done through SMS, email, or via a dedicated app.

3. **Remote access and control:** Modern transformers often have remote access and control capabilities. This allows the maintenance team to monitor and control the transformer from a remote location. Any issues can be identified and resolved promptly, without the need for a physical visit to the site.

4. **Augmented Reality (AR) and Virtual Reality (VR):** These technologies can be used for training purposes, allowing the maintenance team to familiarize themselves with the transformer's components and operation. They can also be used for remote assistance, where an expert guides the maintenance team through a repair or maintenance procedure.

5. **Artificial Intelligence (AI) and Machine Learning (ML):** These technologies can be used to predict potential failures and schedule maintenance activities. They can analyze historical data and identify patterns that may indicate future failures. The results can be communicated to the maintenance team via reports, alerts, or directly through the monitoring system.

6. **Interactive Voice Response (IVR) systems:** These systems can be used to provide updates on the transformer's status and to report issues. They can be accessed via a phone call, making them a convenient option for personnel who may not have access to email or a smartphone.

7. **Two-way radios and walkie-talkies:** These can be used for real-time communication between the maintenance team and the control center. They are particularly useful in remote locations where other communication methods may not be reliable.

8. **Digital Twin technology:** This technology",1
What are the potential consequences of using an inappropriate communication method for alerting the maintenance team about an anomaly in industrial asset maintenance?,"Electrical transformers are critical assets in industrial and electrical systems, and their proper maintenance is essential for ensuring the stability and reliability of power supply. Anomaly detection in electrical transformers is crucial for identifying potential issues before they escalate into catastrophic failures. However, using an inappropriate communication method for alerting the maintenance team about an anomaly can have serious consequences.

Consequences of using an inappropriate communication method for alerting the maintenance team about an anomaly in electrical transformer maintenance:

1. Delayed response: An inappropriate communication method may result in a delayed response from the maintenance team, which can exacerbate the problem and increase the risk of equipment failure. Delayed maintenance can also result in increased downtime, which can be costly for the organization.
2. Lack of urgency: If the communication method is not effective in conveying the severity of the anomaly, the maintenance team may not prioritize the issue, leading to further delays in maintenance.
3. Miscommunication: Inappropriate communication methods can lead to miscommunication and misunderstandings between the maintenance team and other stakeholders, leading to incorrect decisions and actions.
4. Increased safety risks: Delayed or ineffective communication about anomalies in electrical transformers can increase the risk of safety incidents, such as electrical fires, explosions, or electrocution.
5. Increased maintenance costs: Delayed or ineffective communication about anomalies can result in more extensive and costly repairs, as issues that could have been addressed early on may escalate into more significant problems.

To mitigate these risks, it is essential to use an appropriate communication method for alerting the maintenance team about anomalies in electrical transformer maintenance. This may include real-time monitoring systems, automated alerts, and clear and concise communication protocols that prioritize urgency and accuracy. Effective communication can help ensure timely and appropriate maintenance actions, reducing the risk of equipment failure, improving safety, and reducing maintenance costs.",1
"How do SCADA systems provide alarms and alerts when temperature thresholds are exceeded, and how can these alerts be customized for specific transformer applications?","Supervisory Control and Data Acquisition (SCADA) systems are commonly used in industrial settings to monitor and control various assets, including electrical transformers. These systems provide alarms and alerts to alert operators of potential issues, such as when temperature thresholds are exceeded. This can help to prevent equipment failure and reduce downtime.

In the case of electrical transformers, temperature is an important factor to monitor as excessive heat can lead to insulation failure and other issues. SCADA systems typically monitor temperature through the use of sensors placed in appropriate locations, such as on the transformer's windings or in the oil. When the temperature readings from these sensors exceed a predetermined threshold, the SCADA system will trigger an alarm or alert.

The thresholds for these alarms and alerts can typically be customized in the SCADA system's settings. This allows for the creation of alerts that are specific to the needs of the particular transformer application. For example, a transformer that is used in a location with high ambient temperatures may have a higher temperature threshold for alarms than one that is used in a more moderate climate.

Additionally, SCADA systems can also be configured to send notifications via email, SMS, or other methods to alert personnel of the alarm, allowing them to take appropriate action. This can help to ensure that issues are addressed in a timely manner, reducing the risk of equipment failure and downtime.

In summary, SCADA systems provide alarms and alerts when temperature thresholds are exceeded in electrical transformers, and these alerts can be customized for specific transformer applications. This can help to prevent equipment failure and reduce downtime by alerting operators of potential issues in a timely manner.",1
Can you explain how overloading and underloading can affect the lifespan of electrical transformers and what specific sensor data can be used to detect these issues?,"Overloading and underloading are two common issues that can significantly affect the lifespan of electrical transformers. Overloading occurs when the transformer is subjected to a load greater than its rated capacity, while underloading occurs when the transformer operates at a load significantly below its rated capacity. Both scenarios can lead to premature failure of the transformer, resulting in costly repairs and downtime.

Overloading can cause several problems in electrical transformers. When a transformer is overloaded, it can cause the temperature of the transformer to rise, which can lead to the insulation oil breaking down and the formation of hot spots. Over time, this can result in insulation failure and ultimately lead to a catastrophic failure of the transformer. Additionally, overloading can cause the transformer's core to saturate, which can result in a decrease in the transformer's efficiency and an increase in its losses.

Underloading, on the other hand, can also have detrimental effects on the transformer's lifespan. When a transformer is underloaded, it can result in poor utilization of the transformer's capacity, leading to reduced efficiency and increased costs. Moreover, underloading can cause the transformer's core to become magnetically unstable, leading to increased noise and vibration, which can cause damage to the transformer's windings and insulation.

Several sensors can be used to detect overloading and underloading issues in electrical transformers. One such sensor is the current transformer (CT), which measures the current flowing through the transformer. By monitoring the current flowing through the transformer, it is possible to detect overloading or underloading conditions. For instance, if the current flowing through the transformer consistently exceeds its rated capacity, it may indicate an overloading condition. Similarly, if the current flowing through the transformer is consistently below its rated capacity, it may indicate an underloading condition.

Another sensor that can be used to detect overloading and underloading issues in electrical transformers is the temperature sensor. By monitoring the temperature of the transformer, it is possible to detect overloading conditions, as overloading can cause the transformer's temperature to rise. Additionally, temperature sensors can be used to detect underloading conditions, as underloading can cause the transformer's temperature to decrease, indicating that the transformer",1
"What are the key benefits of implementing a proactive maintenance approach, based on sensor data analysis, for electrical transformers in power grid infrastructure?","
Electrical transformers are critical components of the power grid infrastructure, responsible for converting electrical energy from one voltage level to another. Due to the critical nature of their role, ensuring their reliable and efficient operation is essential. Proactive maintenance, which involves the use of sensor data analysis to identify potential issues before they lead to failure, offers several benefits for electrical transformers in power grid infrastructure.

1. Increased asset lifespan: Proactive maintenance can help to identify and address potential issues with electrical transformers before they lead to failure, thereby increasing their lifespan and reducing the need for costly and time-consuming repairs or replacements.
2. Improved system reliability: By identifying and addressing potential issues with electrical transformers before they lead to failure, proactive maintenance can help to improve the overall reliability of the power grid, reducing the risk of power outages and other disruptions.
3. Cost savings: Proactive maintenance can help to identify and address potential issues with electrical transformers before they lead to failure, reducing the need for costly repairs or replacements and helping to avoid unplanned downtime.
4. Enhanced safety: Proactive maintenance can help to identify and address potential issues with electrical transformers before they lead to failure, reducing the risk of accidents and injuries for workers who are responsible for maintaining and operating the transformers.
5. Improved data-driven decision making: Proactive maintenance based on sensor data analysis can provide a wealth of information about the condition and performance of electrical transformers, enabling more informed decision making about maintenance, repair, and replacement.

Overall, proactive maintenance based on sensor data analysis can help to improve the performance, reliability, and safety of electrical transformers in power grid infrastructure, while also reducing costs and enabling more informed decision making.",1
Can you provide more details on the algorithms or techniques used for predicting the remaining useful life of a transformer based on partial discharge information?,"Sure, I'd be happy to provide some details about the algorithms and techniques used for predicting the remaining useful life (RUL) of an electrical transformer based on partial discharge (PD) information.

Partial discharge is a key indicator of the condition of electrical transformers, and it can provide valuable information for predicting the RUL of the transformer. PD is a localized electrical discharge that only partially bridges the insulation gap within a transformer. Over time, this can lead to the degradation of the insulation system and eventually to failure.

There are several algorithms and techniques that can be used to predict the RUL of a transformer based on PD information. Some of the most common include:

1. Time Series Analysis: This approach involves analyzing the historical PD data to identify trends and patterns that can be used to predict future behavior. Techniques such as autoregressive integrated moving average (ARIMA), state space models, and wavelet-based methods can be used for time series analysis.
2. Machine Learning: Machine learning algorithms, such as artificial neural networks (ANNs), support vector machines (SVMs), and random forests, can be used to analyze PD data and predict the RUL of a transformer. These algorithms can learn patterns in the data and use them to make predictions about future behavior.
3. Physics-Based Models: Physics-based models use the underlying physical principles of transformer operation to predict the RUL. These models can be based on the characteristics of the insulation system, such as the dielectric strength, and the rate of change of PD activity.
4. Hybrid Models: Hybrid models combine time series analysis, machine learning, and physics-based models to provide a more comprehensive prediction of the RUL. These models can take into account both the historical PD data and the underlying physical principles of transformer operation.

When building an anomaly model for predicting the RUL of a transformer based on PD information, it is important to consider several factors, including:

1. Data Quality: The quality of the PD data is critical for building an accurate RUL model. The data should be free from noise and other artifacts that can affect the accuracy of the predictions.
2. Data Quantity: The amount of PD data available is also important. The more data that is available",1
How can partial discharge detection and analysis be integrated with other condition monitoring techniques for a comprehensive transformer health monitoring system?,"Partial discharge (PD) detection and analysis is an essential component of a comprehensive condition monitoring system for electrical transformers. Partial disrange is a type of electrical discharge that occurs when the insulation between conductive parts in a transformer breaks down. By detecting and analyzing partial discharge, it is possible to identify potential issues before they escalate into catastrophic failures.

Partial discharge detection can be integrated with other condition monitoring techniques to provide a more holistic view of the transformer's health. For instance, temperature monitoring is another critical aspect of transformer health monitoring. By monitoring the temperature of the transformer, it is possible to detect hotspots that could indicate an issue with the insulation. Dissolved gas analysis (DGA) is another technique that can be used to detect and analyze the gases that are produced when insulation breaks down. By analyzing the composition of the gases, it is possible to identify the type of fault that has occurred.

Other condition monitoring techniques that can be used in conjunction with partial discharge detection include:

1. Current and voltage monitoring: By monitoring the current and voltage waveforms, it is possible to detect any abnormalities that could indicate a fault in the transformer.
2. Tan delta measurement: Tan delta measurement is a technique that is used to measure the dielectric loss angle of a transformer. By analyzing the dielectric loss angle, it is possible to identify any changes in the insulation that could indicate a fault.
3. Power quality monitoring: Power quality monitoring involves measuring the voltage, current, and frequency of the power supply. By analyzing the power quality, it is possible to identify any issues that could affect the performance of the transformer.
4. Ultrasonic testing: Ultrasonic testing is a technique that is used to detect any partial discharge activity that is occurring inside the transformer. By using ultrasonic testing, it is possible to identify any areas of the transformer that are at risk of failure.

By integrating partial discharge detection and analysis with other condition monitoring techniques, it is possible to create a comprehensive transformer health monitoring system. This system can provide early warning of any potential issues, allowing for preventative maintenance to be carried out before a catastrophic failure occurs.

When it comes to building an anomaly detection model for this",1
What are the specific factors that determine the choice of communication method for alerting the maintenance team about an anomaly in industrial asset maintenance?,"
When choosing a communication method for alerting the maintenance team about an anomaly in electrical transformer maintenance, there are several factors to consider. These factors include:

1. Criticality of the asset: Electrical transformers are critical assets in many industrial and electrical systems. As such, any anomaly that could potentially lead to failure of the transformer must be addressed immediately. This means that the communication method used to alert the maintenance team must be reliable and able to reach the team quickly.

2. Availability of team members: The communication method used should be able to reach the maintenance team members regardless of their location or the time of day. This is especially important for assets that operate continuously, as anomalies can occur at any time.

3. Ease of use: The communication method used should be easy for the maintenance team to understand and respond to. This means that alerts should be clear and concise, and should provide enough information for the team to take appropriate action.

4. Integration with existing systems: The communication method used should be able to integrate with existing maintenance and monitoring systems. This will help ensure that alerts are triggered automatically when anomalies are detected, and that the maintenance team has access to all relevant information about the asset and its condition.

5. Cost: The communication method used should be cost-effective, taking into account the cost of implementing and maintaining the system, as well as the potential cost of downtime or equipment failure.

6. Security: The communication method used should be secure, ensuring that sensitive information about the asset and its condition is protected from unauthorized access or tampering.

7. Scalability: The communication method used should be scalable, allowing for the addition of new assets or the expansion of existing systems as needed.

8. Reliability: The communication method used should be reliable, with a high degree of availability and uptime. This is especially important for critical assets like electrical transformers, where downtime can have significant consequences.

9. Compliance: The communication method used should be compliant with any relevant regulations or industry standards, such as those related to data privacy, security, or safety.

10. Failure modes: The communication method used should be able to effectively communicate different types of failures, such as mechanical, electrical, or thermal failures, as well as gradual degrad",1
How can the maintenance team's availability be factored in when choosing a communication method for alerting them about anomalies in industrial asset maintenance?,"In order to factor in the maintenance team's availability when choosing a communication method for alerting them about anomalies in electrical transformer maintenance, it is important to first understand the working hours and schedules of the maintenance team. This can be done by gathering information on the following:

1. What are the regular working hours of the maintenance team? Are they on a fixed schedule or do they work in shifts?
2. Are there any specific days or times when the maintenance team is not available, such as weekends or after business hours?
3. Are there any other responsibilities or tasks that the maintenance team is responsible for that may impact their availability to address anomalies in a timely manner?

Once this information has been gathered, there are several communication methods that can be used to alert the maintenance team about anomalies, while taking into account their availability:

1. Email or SMS notifications: These methods allow for asynchronous communication, meaning that the maintenance team can receive and respond to the alert at a time that is convenient for them. However, it is important to ensure that the notifications are sent to an email or phone number that is actively monitored by the maintenance team.
2. Mobile apps: Mobile apps can provide real-time notifications and alerts to the maintenance team, even when they are not actively using the app. This can be especially useful if the anomaly requires immediate attention.
3. Automated phone calls: Automated phone calls can be used to alert the maintenance team about an anomaly, even if they are not able to actively monitor their email or phone. This method can be useful for time-sensitive anomalies that require immediate attention.
4. Integration with maintenance scheduling software: If the maintenance team uses scheduling software to manage their work, the anomaly detection system can be integrated with this software to automatically create a task or work order for the maintenance team. This ensures that the anomaly is addressed in a timely manner, even if the maintenance team is not immediately available to receive the alert.

Overall, it is important to choose a communication method that is reliable, timely, and takes into account the availability of the maintenance team in order to ensure that anomalies are addressed in a timely and effective manner.",1
"How are the current sensors used to monitor the load current flowing through the transformer, and what kind of anomalies can be detected through this monitoring?","Electrical transformers are crucial assets in industrial and utility networks, used to convert and transmit electric power. Monitoring the load current flowing through a transformer is essential to ensure its optimal performance and to detect anomalies that may indicate potential failures. Current sensors play a critical role in this monitoring process.

Current sensors, also known as current transformers (CTs), are used to measure the load current flowing through an electrical transformer. These sensors are designed to produce a small current proportional to the measured current, allowing for easy and safe measurement. By monitoring the load current, the following anomalies can be detected:

1. Overloads: Excessive current levels can be caused by an overload or overcurrent situation, which may result from an overdemand of power or an internal fault within the transformer. Prolonged overloads can lead to thermal stress, insulation damage, and ultimately, catastrophic failure.
2. Overheating: Elevated temperatures can be caused by excessive current, poor ventilation, or insufficient cooling. Overheating can degrade the transformer's insulation and reduce its lifespan. Current sensors can help detect abnormal temperature rises by identifying overloads or insulation issues.
3. Underloads: Persistent low current levels can indicate an underutilization of the transformer, which may lead to reduced efficiency and increased costs. Monitoring current levels can help ensure the transformer is operating at its optimal load.
4. Harmonics: Non-linear loads, such as power electronics, can introduce harmonic currents into the transformer. Excessive harmonic distortion can lead to overheating, insulation damage, and reduced transformer lifespan. Current sensors can help detect abnormal harmonic content by monitoring the current waveform.
5. Energization and de-energization events: Rapid changes in current levels can indicate energization or de-energization events, which may be associated with power quality issues or abnormal operating conditions.
6. Ground faults: Current sensors can help detect ground faults by monitoring the current balance between phases. An imbalance may indicate a ground fault, which can lead to insulation damage and potential fire hazards.

In summary, current sensors are essential for monitoring the load current flowing through electrical transformers. By detecting anomal",1
How can a data scientist determine the optimal balance between the frequency of data collection and the latency of anomaly detection for electrical transformers?,"
In order to determine the optimal balance between the frequency of data collection and the latency of anomaly detection for electrical transformers, a data scientist must consider several factors related to the electrical transformer, the sensor technology used to collect data, and the specific needs and constraints of the system in which the anomaly detection model will be used. Here are some questions that a data scientist might ask to gather the necessary information:

1. What are the key performance indicators (KPIs) for the electrical transformer? For example, temperature, current, and voltage are important factors to monitor in order to detect anomalies in a transformer's operation.
2. What are the typical failure modes for electrical transformers, and how do they manifest in the sensor data? For example, a failure mode such as overheating might be detected by a sudden increase in temperature.
3. How sensitive and accurate are the sensors used to collect data from the transformer? The frequency of data collection and the latency of anomaly detection may need to be adjusted based on the precision and reliability of the sensors.
4. What is the desired level of granularity for anomaly detection? For example, is it important to detect anomalies on a second-by-second basis, or is it sufficient to detect them on a hourly or daily basis?
5. What are the trade-offs between the frequency of data collection and the latency of anomaly detection? For example, collecting data more frequently may provide more detailed information about the transformer's operation, but it may also increase the computational burden of the anomaly detection model and require more storage capacity.
6. Are there any regulatory or safety requirements that need to be considered when designing the anomaly detection system? For example, certain industries may have strict requirements for the timely detection and reporting of anomalies.
7. What are the potential consequences of false positives and false negatives in the anomaly detection system? For example, a false positive (flagging a normal operating condition as an anomaly) may result in unnecessary maintenance or downtime, while a false negative (failing to detect an actual anomaly) may lead to equipment failure or safety hazards.

By gathering this information, a data scientist can determine the optimal balance between the frequency of data collection and the latency of anomaly detection for electrical transformers, taking into",1
Can you provide more context on the factors that contribute to increased maintenance costs and decreased trust in the system due to a higher false positive rate?,"An electrical transformer is a critical asset in the power system network. It is responsible for converting electrical energy from one voltage level to another, allowing efficient transmission and distribution of power. Maintenance costs for electrical transformers can be significant, and a high false positive rate in an anomaly detection model can decrease trust in the system. Here are some factors that contribute to these issues:

1. Aging infrastructure: Transformers can have a long service life, but as they age, their risk of failure increases. This can lead to higher maintenance costs due to the need for more frequent inspections, repairs, or replacements.
2. Harsh operating conditions: Transformers in certain industries, such as oil and gas, mining, or manufacturing, may be exposed to harsh environmental conditions, such as extreme temperatures, humidity, or contamination. These factors can accelerate the aging process and increase the risk of failure.
3. Complexity of the system: Transformers can be part of a complex power system network, with multiple interconnected components. Identifying the root cause of a failure can be challenging, and the cost of maintenance can be high if multiple components need to be inspected or repaired.
4. Lack of real-time monitoring: Traditional maintenance practices for transformers rely on periodic inspections and manual data collection. This approach can be time-consuming, expensive, and prone to human error. Moreover, it may not provide real-time insights into the condition of the transformer, making it difficult to detect and address issues before they escalate.
5. High false positive rate: A high false positive rate in an anomaly detection model can lead to unnecessary maintenance activities, which can be costly and time-consuming. Moreover, it can decrease trust in the system, as operators may start to ignore or question the alerts generated by the model.

To address these challenges, it is essential to build an anomaly detection model that can accurately identify potential issues in real-time, minimize false positives, and provide actionable insights to maintenance personnel. The model should be designed to consider the factors that contribute to increased maintenance costs and decreased trust in the system, such as aging infrastructure, harsh operating conditions, complexity of the system, lack of real-time monitoring, and high false positive rate.",1
Can you provide examples of how predictive maintenance strategies have been implemented based on the analysis of mechanical degradation trends in transformers?,"
Sure, I'd be happy to help!

Predictive maintenance strategies have been widely implemented in various industries to improve the reliability and availability of electrical transformers. By analyzing mechanical degradation trends in transformers, maintenance teams can identify potential failures before they occur, reducing downtime and maintenance costs. Here are some examples of how predictive maintenance strategies have been implemented in transformer assets:

1. Oil Analysis: Transformer oil is a key indicator of the health of the transformer. By analyzing the oil's dielectric breakdown, dissolved gas analysis, and moisture content, maintenance teams can identify potential issues such as overheating, partial discharge, and moisture ingress. For example, a sudden increase in the moisture content of the oil may indicate a leak in the transformer, which can be addressed before it leads to a catastrophic failure.
2. Insulation Resistance Testing: Insulation resistance testing is a non-destructive testing method used to assess the condition of the transformer's insulation. By measuring the insulation resistance between the transformer's windings and the ground, maintenance teams can identify potential issues such as tracking, corona, and treeing. For example, a gradual decrease in insulation resistance may indicate that the transformer's insulation is degrading, which can be addressed by replacing the affected components.
3. Thermography: Thermography is a non-destructive testing method used to detect hotspots in the transformer. By measuring the temperature distribution in the transformer, maintenance teams can identify potential issues such as overloading, poor contact, and insulation degradation. For example, a hotspot in the transformer may indicate that the transformer is overloaded, which can be addressed by reducing the load or increasing the transformer's capacity.
4. Vibration Analysis: Vibration analysis is a non-destructive testing method used to detect mechanical issues in the transformer. By measuring the vibration of the transformer's components, maintenance teams can identify potential issues such as imbalance, misalignment, and looseness. For example, an increase in vibration may indicate that the transformer's bearings are worn out, which can be addressed by replacing the affected components.
5. Partial Discharge Analysis: Partial discharge analysis is a",1
How can the data from IoT/OT systems be integrated with other maintenance data to improve the prediction and prevention of failures in the transformer's core?,,1
What types of historical data should be collected and analyzed for the optimal integration of preventive maintenance measures and an anomaly detection model?,"To build an effective anomaly detection model for electrical transformers, it is essential to collect and analyze various types of historical data. This will help in understanding the normal behavior of the transformer, identifying patterns and trends, and detecting anomalies that could indicate potential failures. Some of the critical historical data to be collected and analyzed are:

1. Current and voltage measurements: Continuous monitoring of current and voltage readings is crucial for understanding the load and power consumption patterns of the transformer. Abnormal fluctuations in these readings could indicate potential issues such as overloading, internal faults, or external disturbances.

2. Temperature data: Transformers can generate significant heat during operation, and excessive temperature can lead to insulation failures. Temperature sensors placed at various locations within the transformer, such as the winding, tap changer, and conservator, can provide valuable data for anomaly detection.

3. Vibration data: Vibration analysis is an effective method for detecting mechanical issues in transformers, such as loose connections, damaged fans, or bearing failures. Accelerometers or vibration sensors placed on the transformer's exterior or internal components can help in identifying such anomalies.

4. Insulation resistance: Regular insulation resistance measurements can help in detecting early signs of insulation degradation, which could lead to short circuits or other failures. Measuring insulation resistance between different parts of the transformer, such as windings, leads, and the core, can provide valuable insights.

5. Oil quality and level: Transformer oil plays a crucial role in cooling and insulation. Regular analysis of oil quality (e.g., dielectric strength, acidity, and moisture content) and level can help in detecting potential issues, such as overheating, contamination, or leakages.

6. Gas levels: Monitoring the levels of gases generated within the transformer, such as dissolved gas analysis (DGA) of transformer oil, can help in detecting partial discharge, arcing, or overheating issues.

7. Event logs: Analyzing event logs, such as alarms, notifications, and maintenance records, can help in understanding the operational history of the transformer and identifying any patterns or trends that could be relevant for anomaly detection.

8. Ex",1
"What are the current methods used for detecting and acting on anomalies in electrical transformers, and how does the proposed model compare to these methods?","An electrical transformer is a critical component of the power system, and its failure can lead to significant downtime and financial losses. Currently, various methods are used for detecting and acting on anomalies in electrical transformers. These methods include:

1. **Insulation Resistance Testing:** This method measures the insulation resistance of the transformer to detect any insulation failure.
2. **Dissolved Gas Analysis (DGA):** This method analyzes the gas levels in the transformer oil to detect any abnormalities that may indicate a fault.
3. **Frequency Response Analysis (FRA):** This method measures the frequency response of the transformer to detect any changes in the transformer's characteristics that may indicate a fault.
4. **Temperature Monitoring:** This method monitors the temperature of the transformer to detect any abnormal temperature rise that may indicate a fault.
5. **Oil Analysis:** This method analyzes the oil in the transformer to detect any changes in the oil's properties that may indicate a fault.

The proposed model for detecting anomalies in electrical transformers using real-time time series sensor data is a complementary approach to the above methods. The proposed model can provide real-time monitoring of the transformer's condition, enabling early detection of anomalies and preventive maintenance. The proposed model can also provide a more comprehensive view of the transformer's condition by analyzing multiple sensor data streams simultaneously.

Compared to the existing methods, the proposed model has the following advantages:

1. **Real-time Monitoring:** The proposed model provides real-time monitoring of the transformer's condition, enabling early detection of anomalies and preventive maintenance.
2. **Multiple Sensor Data Streams:** The proposed model can analyze multiple sensor data streams simultaneously, providing a more comprehensive view of the transformer's condition.
3. **Adaptive Learning:** The proposed model can learn from new data, enabling it to adapt to changes in the transformer's condition over time.
4. **Scalability:** The proposed model can be scaled to monitor multiple transformers in a power system.

However, it is important to note that the proposed model should not replace the existing methods but rather complement them. The proposed model should be used in conjunction with the existing methods to provide a",1
"Can you provide examples of situations where email, SMS, and dashboard notifications would be the most appropriate methods for alerting the maintenance team?","Sure, I'd be happy to help.

Electrical transformers are critical assets in the electrical grid, and their failure or malfunction can have significant consequences. Therefore, it is important to have an anomaly detection model in place that can alert maintenance teams in a timely and effective manner. Here are some examples of situations where email, SMS, and dashboard notifications would be appropriate methods for alerting the maintenance team:

1. **Email notifications:** Emails can be used to provide detailed information about the anomaly, including its type, severity, and location. This makes them an appropriate method for alerting the maintenance team when the anomaly is not urgent, but still requires attention. For example, if the anomaly detection model detects a slow degradation in the performance of a transformer, an email notification can be sent to the maintenance team to schedule maintenance work during the next planned outage.
2. **SMS notifications:** SMS messages can be used to alert the maintenance team about critical anomalies that require immediate attention. This is because SMS messages are typically read within a few minutes, making them an ideal method for sending urgent notifications. For example, if the anomaly detection model detects a sudden and significant increase in the temperature of a transformer, an SMS notification can be sent to the maintenance team to investigate and address the issue as soon as possible.
3. **Dashboard notifications:** Dashboard notifications can be used to provide real-time visibility into the status and performance of electrical transformers. This makes them an appropriate method for alerting the maintenance team when there are multiple anomalies or when the anomalies are complex and require further investigation. For example, if the anomaly detection model detects multiple anomalies in different transformers, a dashboard notification can be used to provide a summary of the anomalies and their severity, allowing the maintenance team to prioritize their work and allocate resources accordingly.

In summary, the choice of notification method depends on the severity and complexity of the anomaly, as well as the availability and workload of the maintenance team. Email notifications are appropriate for non-urgent anomalies, SMS messages are ideal for urgent anomalies, and dashboard notifications are useful for providing real-time visibility into the status and performance of electrical transformers.",1
"What are the challenges in implementing non-destructive testing methods in detecting mechanical degradation in a transformer, and how can they be addressed?","An electrical transformer is a critical asset in industrial and electrical systems, and its proper maintenance and monitoring are essential to ensure its reliable and safe operation. Non-destructive testing (NDT) methods are widely used to detect mechanical degradation and other issues in transformers, as they do not require the transformer to be taken out of service or physically altered. However, there are some challenges in implementing NDT methods in detecting mechanical degradation in a transformer, including:

1. Limited access to sensors: Transformers are often located in challenging-to-reach locations, making it difficult to install and maintain sensors. This can lead to data gaps and reduced accuracy in the NDT measurements.
2. Sensor drift and failure: Over time, sensors can drift or fail, leading to inaccurate or missing data. This can make it difficult to detect and diagnose issues in the transformer.
3. Complexity of transformer design: Transformers are complex systems with many components, and it can be challenging to identify the specific location and cause of mechanical degradation.
4. Lack of standardization: There is no standard approach to NDT testing for transformers, and different methods and sensors may be used in different industries and organizations. This can make it difficult to compare and interpret data from different sources.

To address these challenges, it is important to carefully plan and implement the NDT testing program for transformers. This may include:

1. Selecting appropriate sensors and testing methods: Choosing sensors and testing methods that are well-suited to the specific transformer design and operating conditions can help to ensure accurate and reliable measurements.
2. Regular calibration and maintenance of sensors: Regular calibration and maintenance of sensors can help to ensure that they are providing accurate data and reduce the risk of data gaps or failures.
3. Implementing a standardized approach to NDT testing: Developing and implementing a standardized approach to NDT testing can help to ensure that data is collected and interpreted consistently, and can facilitate comparisons between different transformers and organizations.
4. Using advanced analytics and machine learning techniques: Advanced analytics and machine learning techniques can help to identify patterns and anomalies in the NDT data, and can provide insights into the location and cause of mechanical degradation in the transformer.

In summary, implementing NDT methods for detecting mechanical",1
How can communication policies impact the choice of communication method for alerting the maintenance team about anomalies in industrial asset maintenance?,"Before discussing the impact of communication policies on the choice of communication method for alerting the maintenance team about anomalies in electrical transformer maintenance, it is essential to understand the role of communication policies and their significance in the maintenance process.

Communication policies are a set of guidelines and protocols that define how information is shared and communicated within an organization. In the context of industrial asset maintenance, communication policies ensure that the right information is shared with the right people at the right time, enabling them to make informed decisions and take appropriate actions to maintain the assets efficiently.

When it comes to alerting the maintenance team about anomalies in electrical transformer maintenance, the choice of communication method depends on several factors, including the criticality of the transformer, the severity of the anomaly, the availability of the maintenance team, and the communication policies in place. Here are some ways communication policies can impact the choice of communication method:

1. Urgency of the alert: Communication policies can define the urgency of the alert based on the severity of the anomaly. For example, a critical anomaly that can cause a significant safety hazard or production loss may require an immediate alert, while a minor anomaly may allow for a scheduled maintenance intervention. The urgency of the alert can impact the choice of communication method, with more urgent alerts requiring real-time communication methods such as phone calls, SMS, or mobile apps.
2. Availability of the maintenance team: Communication policies can define the availability of the maintenance team and their response time to the alert. For example, a maintenance team that is available 24/7 may require real-time communication methods, while a maintenance team that works during specific hours may prefer scheduled communication methods such as emails or scheduled meetings.
3. Criticality of the transformer: Communication policies can define the criticality of the transformer based on its function, age, and condition. For example, a critical transformer that supports a critical production process may require real-time communication methods, while a non-critical transformer may allow for scheduled communication methods.
4. Accuracy and reliability of the sensor data: Communication policies can define the accuracy and reliability of the sensor data used to detect anomalies in the transformer. For example, a communication policy may require multiple sensors to confirm an anomaly before triggering an alert, or",1
How can the implementation and use of different communication methods for alerting the maintenance team be managed and coordinated within the organization?,"In order to implement and use different communication methods for alerting the maintenance team about potential issues with electrical transformers, a well-planned and organized approach must be taken. This involves several steps:

1. Identify the communication methods to be used: There are various communication methods that can be used for alerting the maintenance team, including email, SMS, phone calls, and push notifications. Each method has its own advantages and disadvantages, and the organization should choose the methods that are most appropriate for their needs.
2. Define the criteria for sending alerts: The organization should define the criteria for sending alerts, such as when sensor data indicates a potential issue with a transformer. This will help to ensure that alerts are only sent when necessary, and not unnecessarily.
3. Set up the alerting system: Once the communication methods and criteria have been defined, the organization can set up the alerting system. This may involve integrating the sensor data system with the chosen communication methods, and configuring the system to send alerts based on the defined criteria.
4. Test the alerting system: Before implementing the alerting system in a live environment, the organization should test it to ensure that it is working correctly. This may involve sending test alerts to the maintenance team and verifying that they receive them.
5. Monitor and adjust the alerting system: After the alerting system has been implemented, the organization should monitor its performance and make any necessary adjustments. This may involve fine-tuning the criteria for sending alerts, or adding or removing communication methods.
6. Communicate the alerting system to the maintenance team: It is important to communicate the alerting system to the maintenance team, so that they are aware of how it works and what to do when they receive an alert. This may involve providing training or documentation on the system.
7. Regularly review and update the alerting system: The organization should regularly review and update the alerting system to ensure that it remains effective and relevant. This may involve adding new communication methods or updating the criteria for sending alerts.

By following these steps, the organization can implement and use an effective alerting system for the maintenance team, using different communication methods to ensure that they are informed about potential issues with electrical transformers in a timely and efficient manner.",1
What are the best practices for testing and validating the anomaly detection model to ensure its accuracy and reliability in detecting potential failures?,"
**Background Document: Testing and Validating Anomaly Detection Model for Electrical Transformers**

To ensure the accuracy and reliability of an anomaly detection model for electrical transformers, we will follow the best practices for testing and validating the model. These best practices include:

1. **Data Preprocessing:** The first step in testing and validating the anomaly detection model is to preprocess the sensor data obtained from the IoT/OT system. This involves cleaning the data, handling missing values, and normalizing the data to ensure that the model can effectively learn from it.
2. **Feature Selection:** After preprocessing the data, the next step is to select the relevant features that can help detect potential failures in electrical transformers. This involves identifying the important components of the transformer, such as the winding, core, and insulation, and determining the sensors that can provide meaningful data to detect anomalies in these components.
3. **Model Training:** Once the relevant features have been identified, the next step is to train the anomaly detection model using historical sensor data. This involves splitting the data into training and testing sets, training the model on the training set, and evaluating its performance on the testing set.
4. **Model Evaluation:** To evaluate the performance of the anomaly detection model, we will use various metrics such as accuracy, precision, recall, and F1 score. We will also use visualization techniques such as scatter plots, histograms, and box plots to gain insights into the distribution of the data and the performance of the model.
5. **Model Validation:** After evaluating the performance of the model, the next step is to validate it using techniques such as cross-validation and bootstrapping. This involves testing the model on different subsets of the data to ensure that it can generalize well to new, unseen data.
6. **Model Testing:** Once the model has been validated, the final step is to test it in a real-world setting. This involves deploying the model in the IoT/OT system and monitoring its performance over time. We will also simulate various failure modes in the electrical transformer to evaluate the model's ability to detect potential failures.
7. **Continuous Monitoring and Improvement:** After deploying the anomaly detection model, it is essential to continuously monitor its",1
Are there any industry standards or regulations that dictate the acceptable levels of false positive and false negative rates for electrical transformers?,"
In order to answer the given question, I have provided a background document that discusses the industry standards and regulations related to false positives and false negatives in the context of electrical transformers.

Electrical transformers are critical assets in the power grid infrastructure, and their proper functioning is essential for the reliable delivery of electricity. Anomaly detection models can help identify potential issues in real-time sensor data obtained from IoT/OT systems, thereby improving the reliability and safety of electrical transformers. However, there are no specific industry standards or regulations that dictate the acceptable levels of false positive and false negative rates for electrical transformers.

Nevertheless, there are several guidelines and recommended practices that can be used to develop an effective anomaly detection model for electrical transformers. For instance, the International Electrotechnical Commission (IEC) has published several standards related to the design, operation, and maintenance of electrical transformers. These standards provide recommendations for the monitoring and diagnosis of electrical transformers, including the use of sensor data and condition monitoring techniques.

In addition, the North American Electric Reliability Corporation (NERC) has established a set of critical infrastructure protection (CIP) standards for the bulk power system. While these standards do not specifically address false positive and false negative rates for electrical transformers, they do require asset owners and operators to implement cybersecurity and physical security measures to protect critical infrastructure from potential threats.

Furthermore, the Institute of Electrical and Electronics Engineers (IEEE) has published several guidelines for the monitoring and diagnostics of electrical transformers. These guidelines recommend the use of sensor data and advanced analytics to detect potential issues and improve the reliability and safety of electrical transformers.

While there are no specific industry standards or regulations that dictate the acceptable levels of false positive and false negative rates for electrical transformers, these guidelines and recommended practices can be used to develop an effective anomaly detection model. In general, a false positive rate that is too high can lead to unnecessary maintenance and downtime, while a false negative rate that is too high can result in equipment failure and safety risks. Therefore, it is essential to strike a balance between false positives and false negatives when developing an anomaly detection model for electrical transformers.

In summary, while there are no specific industry standards or regulations that dictate the acceptable levels of false positive and false negative rates",1
"How can partial discharge detection data be used to predict maintenance schedules, and what are the key factors that should be considered in this process?","
**Background: Electrical Transformers and Partial Discharge Detection**

Electrical transformers are critical assets in industrial and electrical systems, responsible for converting and transmitting electrical energy. Due to their importance, monitoring and maintaining these assets is crucial to ensure their reliable and efficient operation. One key aspect of maintaining electrical transformers is detecting and managing partial discharge (PD) activity.

Partial discharge is a type of electrical discharge that occurs within the insulation of a transformer, often due to imperfections or damage in the insulation material. Over time, this activity can lead to significant damage and failure of the transformer. By detecting and monitoring partial discharge activity, it is possible to predict and plan maintenance schedules, reducing the risk of unexpected failures and costly downtime.

There are several key factors to consider when using partial discharge detection data to predict maintenance schedules for electrical transformers:

1. **Sensitivity and accuracy of PD detection:** The accuracy and sensitivity of the PD detection system is crucial for identifying and monitoring PD activity. Factors such as the type of sensor used, the location of the sensor, and the sampling rate can all impact the accuracy of PD detection.
2. **Type of PD activity:** There are several types of PD activity, including surface discharge, internal discharge, and corona discharge. Understanding the type of PD activity present in a transformer can help to predict the severity and potential impact of the activity.
3. **Frequency and duration of PD activity:** The frequency and duration of PD activity can also provide important insights into the severity and potential impact of the activity. For example, frequent or prolonged PD activity may indicate a more serious issue that requires immediate attention.
4. **Environmental factors:** Environmental factors, such as temperature, humidity, and vibration, can all impact the performance and reliability of electrical transformers. Understanding the impact of these factors on PD activity can help to predict and plan maintenance schedules.
5. **Historical data:** Historical data on PD activity and maintenance schedules can provide valuable insights into the performance and reliability of electrical transformers. By analyzing this data, it is possible to identify trends and patterns in PD activity and maintenance needs.

In summary, partial discharge detection data can be a valuable tool for predicting maintenance sched",1
What are the best practices for handling and processing large volumes of sensor data for electrical transformers in real-time or near-real-time settings?,"
Electrical transformers are critical assets in the power grid, and monitoring their health and performance in real-time or near-real-time is essential to ensure their reliability and efficiency. To build an anomaly detection model for electrical transformers using sensor data, it is crucial to follow best practices for handling and processing large volumes of sensor data in real-time. Here are some of the best practices for handling and processing large volumes of sensor data for electrical transformers in real-time or near-real-time settings:

1. Data Preprocessing: Data preprocessing is an essential step in handling large volumes of sensor data. It involves cleaning, filtering, and transforming the raw sensor data into a usable format. This step may include removing outliers, handling missing values, and normalizing the data.
2. Data Compression: Compressing the sensor data can help reduce the volume of data and improve the processing time. Data compression techniques such as wavelet transform, discrete cosine transform, and singular value decomposition can be used to compress the sensor data without losing important information.
3. Data Sampling: Sampling the sensor data can help reduce the volume of data and improve the processing time. However, it is essential to choose the right sampling rate to ensure that the critical information is not lost.
4. Data Streaming: Real-time or near-real-time processing of sensor data requires data streaming techniques. Data streaming techniques such as message queues, publish-subscribe models, and event-driven architectures can be used to process the sensor data in real-time.
5. Data Storage: Storing the sensor data in a scalable and distributed database system can help handle large volumes of sensor data. Distributed databases such as Apache Cassandra, MongoDB, and Hadoop HBase can be used to store and process the sensor data.
6. Data Security: Ensuring the security of the sensor data is essential in real-time or near-real-time settings. Data encryption, access control, and authentication mechanisms can be used to secure the sensor data.
7. Data Analytics: Anomaly detection models can be built using machine learning algorithms such as time-series analysis, statistical process control, and neural networks. These models can help detect anomalies in real-time and alert the maintenance team to take corrective action.

In summary, handling",1
Are there any interdependencies between the transformer and other assets in the IoT/OT system that can affect the anomaly detection model's performance?,"
In order to build an effective anomaly detection model for an electrical transformer within an IoT/OT system, it is essential to understand the interdependencies between the transformer and other assets in the system. These interdependencies can have a significant impact on the performance of the anomaly detection model.

Electrical transformers are critical components of the power grid, and they are interconnected with various other assets within the IoT/OT system. Some of these interdependencies include:

1. **Upstream and Downstream Assets:** Electrical transformers are typically connected to upstream generators and downstream distribution lines. Anomalies in any of these connected assets can affect the transformer's performance and vice versa. For example, a fault in a generator or distribution line can cause a voltage surge or drop, which can damage the transformer.
2. **Monitoring and Control Devices:** Transformers are often monitored and controlled using sensors, relays, and other devices within the IoT/OT system. These devices can provide critical data for anomaly detection, such as temperature, current, and voltage readings. However, if these devices fail or provide inaccurate data, the anomaly detection model's performance can be affected.
3. **Cooling Systems:** Electrical transformers can generate significant heat during operation, and they rely on cooling systems to maintain a safe operating temperature. Anomalies in the cooling system, such as low coolant levels or malfunctioning fans, can cause the transformer to overheat, leading to damage or failure.
4. **Protective Devices:** Transformers are equipped with various protective devices, such as circuit breakers and surge arresters, to prevent damage from electrical faults. Anomalies in these devices can cause them to fail to operate correctly, leading to transformer damage or failure.

Understanding these interdependencies is crucial for building an effective anomaly detection model for an electrical transformer. By identifying the potential sources of anomalies and their impact on the transformer, we can ensure that the model is designed to detect and alert on these critical events, minimizing the risk of transformer failure and reducing downtime.

To build an effective anomaly detection model, we need to gather data from various sources within the IoT/OT system, including sensors",1
How can data scientists and subject matter experts collaborate to develop more effective anomaly detection methods for transformer insulation materials?,"To develop effective anomaly detection methods for transformer insulation materials, data scientists and subject matter experts (SMEs) can collaborate in several ways. The SMEs can provide valuable domain knowledge, such as the types of failures that can occur in transformer insulation materials, the causes of such failures, and the relevant features in the sensor data that can indicate these failures. The data scientists, on the other hand, can use this information to build appropriate anomaly detection models that can identify these failures in real-time.

Here are some questions that a data scientist might ask the SMEs to gain a better understanding of the problem:

1. What are the most common types of failures in transformer insulation materials? For example, partial discharge, treeing, and thermal degradation are common failure modes in transformer insulation.
2. What are the causes of these failures? For example, partial disrange can be caused by contamination, moisture, or poor manufacturing processes.
3. What are the relevant features in the sensor data that can indicate these failures? For example, temperature, voltage, and current measurements can be used to detect partial discharge.
4. What is the normal operating range for these features? This information can be used to set thresholds for anomaly detection.
5. How frequently do these failures occur? This information can be used to determine the appropriate level of sensitivity for the anomaly detection model.
6. What are the consequences of these failures? This information can be used to prioritize the development of anomaly detection methods for different types of failures.
7. Are there any existing methods for detecting these failures? If so, what are their limitations? This information can be used to guide the development of new anomaly detection methods.
8. What are the relevant data quality issues that need to be considered? For example, missing data, noisy data, or data drifts can affect the performance of anomaly detection models.
9. Are there any regulatory or safety requirements that need to be considered? This information can be used to ensure that the anomaly detection methods meet the required standards.

By asking these questions, data scientists can gain a better understanding of the problem and work with SMEs to develop more effective anomaly detection methods for transformer insulation materials. The collaboration between data scientists and SMEs is essential for building accurate and reliable",1
"What are the specific factors that can cause an electrical transformer to fail, and how can anomalies in sensor data help in identifying these failures?","Electrical transformers are critical assets in the power grid, and their failure can lead to significant downtime and financial losses. Some of the specific factors that can cause an electrical transformer to fail include:

1. Overloading: Operating the transformer beyond its rated capacity can cause overheating and damage to the windings and insulation.
2. Overvoltage: Exposure to voltage levels higher than the rated capacity can cause insulation breakdown and failure of the transformer.
3. Undervoltage: Prolonged exposure to voltage levels lower than the rated capacity can result in reduced efficiency and increased wear and tear on the transformer.
4. Ageing: As transformers age, the insulation can degrade, and the windings can become weaker, leading to increased risk of failure.
5. Lightning strikes: Direct or nearby lightning strikes can cause voltage surges and transient overvoltage, leading to insulation failure and transformer damage.
6. Poor maintenance: Inadequate maintenance, such as failure to replace blown fuses or dirty oil, can lead to transformer failure.

Anomalies in sensor data can help identify these failure modes by providing early warning signs of potential issues. For example, temperature sensors can detect overheating, which can indicate overloading or poor cooling. Voltage sensors can detect overvoltage or undervoltage conditions, which can indicate voltage regulation problems or power quality issues. Current sensors can detect overcurrent conditions, which can indicate overloading or short-circuit faults. Oil level sensors can detect low oil levels, which can indicate leaks or inadequate maintenance. Vibration sensors can detect mechanical issues, such as loose connections or damaged fans.

By monitoring these sensor data in real-time, it is possible to detect anomalies that may indicate potential failures and take corrective action before the transformer fails. This can help prevent downtime, reduce maintenance costs, and improve the overall reliability and performance of the power grid.",1
What are the current challenges and future directions in partial discharge detection research and its applications in predictive maintenance strategies?,"
**Background: Electrical Transformers and Partial Discharge Detection**

Electrical transformers are critical assets in the power distribution grid, and their failure can lead to significant downtime and financial losses. Partial discharge (PD) detection in electrical transformers is an essential aspect of predictive maintenance strategies. PD refers to localized electrical discharges that occur within the insulation of the transformer, which can lead to significant damage and failure if left unchecked.

**Current Challenges in PD Detection Research**

1. **Sensitivity and Specificity:** Current PD detection techniques may not be sensitive enough to detect low-level PD activity, leading to false negatives. At the same time, these techniques may produce false positives, leading to unnecessary maintenance activities.
2. **Cost and Complexity:** PD detection techniques can be expensive and complex, requiring specialized equipment and expertise. This can limit their adoption in some industries or applications.
3. **Data Analysis and Interpretation:** PD detection techniques can generate large amounts of data, which can be challenging to analyze and interpret. This can lead to missed or incorrect diagnoses of PD activity.
4. **Real-Time Monitoring:** There is a need for real-time PD monitoring techniques that can provide early warning of potential failures, allowing for proactive maintenance and reducing downtime.

**Future Directions in PD Detection Research**

1. **Advanced Sensor Technology:** The development of advanced sensor technology, such as fiber optic sensors, can improve the sensitivity and specificity of PD detection. These sensors can provide high-resolution data, enabling early detection of PD activity.
2. **Machine Learning and AI:** Machine learning and artificial intelligence techniques can be used to analyze PD data, providing more accurate and reliable diagnoses of PD activity. These techniques can also enable real-time monitoring and early warning of potential failures.
3. **Integration with Predictive Maintenance Strategies:** PD detection techniques can be integrated with predictive maintenance strategies, enabling proactive maintenance and reducing downtime. This can include the development of decision support systems that use PD data to predict potential failures and optimize maintenance schedules.
4. **Standardization and Certification:** There is a need for standardization and certification of PD detection techniques, enabling their adoption in a wider range of industries and applications. This can include the",1
How can the data collected from non-destructive testing methods be analyzed and interpreted to ensure the safe and reliable operation of a transformer?,"To ensure the safe and reliable operation of an electrical transformer using data from non-destructive testing (NDT) methods, we need to analyze and interpret the data in a way that allows us to identify any anomalies or potential failures in the transformer's operation. The following steps outline a general approach to achieving this:

1. Data Collection: The first step is to collect data from various NDT methods, such as infrared thermography, voltage and current measurements, and dissolved gas analysis (DGA). These methods can provide valuable information about the transformer's condition, such as hotspots, partial discharge, and gas levels.
2. Data Preprocessing: Once the data is collected, it needs to be preprocessed to remove any noise, missing values, or outliers. This step is crucial to ensure that the data is accurate and reliable.
3. Feature Engineering: After preprocessing, we need to extract relevant features from the data that can be used to identify anomalies or potential failures. For example, we can extract the maximum temperature from the infrared thermography data or the rate of change of gas levels from the DGA data.
4. Anomaly Detection: With the preprocessed and engineered features, we can now apply anomaly detection algorithms to identify any unusual patterns or outliers in the data. Commonly used algorithms include statistical methods, machine learning algorithms, and deep learning algorithms.
5. Failure Mode Analysis: Once the anomalies are identified, we need to analyze the failure modes associated with each anomaly. This step is crucial to understand the root cause of the anomaly and determine the appropriate maintenance action.
6. Decision Making: Based on the failure mode analysis, we can make informed decisions about the transformer's maintenance, such as scheduling repairs, replacing components, or taking corrective actions.

In summary, analyzing and interpreting data from NDT methods is a critical step to ensure the safe and reliable operation of an electrical transformer. By following a systematic approach that includes data preprocessing, feature engineering, anomaly detection, failure mode analysis, and decision making, we can identify potential failures and take appropriate actions to prevent them.",1
"How does partial discharge detection and analysis differ for different types of transformers, such as power, distribution, or instrument transformers?","
To understand the differences in partial discharge (PD) detection and analysis for various types of electrical transformers, it is crucial to have a clear understanding of the function, design, and application of each transformer type. Here is a brief overview of the three types of transformers mentioned:

1. Power Transformers: These are large, high-power transformers designed to step up or down voltage levels in power transmission systems. They are typically located in substations and have a robust design to handle high voltage levels and currents.
2. Distribution Transformers: These transformers are smaller in size and are responsible for reducing the voltage level from the power transmission system to the distribution level, making the power suitable for consumer usage. They are widely used in urban and suburban areas.
3. Instrument Transformers: These transformers are specifically designed to provide a safe and accurate measurement of voltage and current levels in power systems. They are commonly used in metering, protection, and control applications.

Now, let's discuss partial discharge detection and analysis for these different types of transformers:

1. Power Transformers: PD detection in power transformers is crucial as it can lead to catastrophic failures. PD analysis in these transformers is performed using various techniques, such as:
* UV (ultraviolet) and/or ICT (Internal Capacitive) PD measurements
* VF (Voltage Factor) and/or TF (Temperature Rise Factor) methods
* Dissolved Gas Analysis (DGA) of insulating oil

The selection of PD detection techniques depends on the transformer's design, rating, and specific application.

2. Distribution Transformers: PD detection in distribution transformers is equally important, as undetected partial discharges can lead to insulation degradation and failure over time. PD detection techniques for distribution transformers include:
* UF (Capacitive) or FCTD (Frequency Conversion Transit-Time Displacement Current) methods
* DGA of insulating oil

The choice of PD detection technique depends on the distribution transformer's design, rating, and specific application.

3. Instrument Transformers: PD detection in instrument transformers is essential for maintaining the accuracy and reliability of measurement and protection systems. PD detection",1
"How are the maintenance team's current response times to alerts, and how can these be improved through the integration of the anomaly detection model?",,1
Can you provide examples of maintenance actions that can be taken based on the insights from the anomaly detection system for electrical transformers?,"
Electrical transformers are critical assets in the power grid, and their failure or malfunction can lead to significant downtime and financial losses. Anomaly detection systems can provide valuable insights into the condition of these assets, allowing for proactive maintenance that can prevent failures and reduce downtime. Here are some examples of maintenance actions that can be taken based on the insights from an anomaly detection system for electrical transformers:

1. Condition-based maintenance: Anomaly detection systems can provide real-time monitoring of the condition of electrical transformers, allowing for condition-based maintenance. This means that maintenance activities can be scheduled based on the actual condition of the asset, rather than on a predetermined schedule. This can help to reduce unnecessary maintenance activities and optimize the use of resources.
2. Predictive maintenance: Anomaly detection systems can identify patterns and trends in the data that may indicate potential failures or issues with the transformer. By analyzing this data, maintenance teams can predict when a failure is likely to occur and take proactive steps to prevent it. This can help to reduce downtime and minimize the impact of failures.
3. Sensor calibration: Anomaly detection systems rely on accurate and reliable sensor data to detect anomalies. If the sensor data is not accurate, the system may generate false positives or false negatives. Regular calibration of sensors can help to ensure that the data is accurate and reliable, improving the performance of the anomaly detection system.
4. Insulation resistance testing: Electrical transformers rely on insulation to prevent electrical current from flowing between parts that should not be in contact. Over time, this insulation can degrade, leading to a decrease in insulation resistance. Anomaly detection systems can identify trends in insulation resistance data, allowing maintenance teams to perform insulation resistance testing and identify potential issues before they lead to failure.
5. Oil sampling and analysis: Electrical transformers are filled with oil that acts as a coolant and insulator. Over time, this oil can degrade, leading to a decrease in transformer performance and an increased risk of failure. Anomaly detection systems can identify trends in oil quality data, allowing maintenance teams to perform oil sampling and analysis. This can help to identify potential issues with the transformer oil and take corrective action before a failure occurs.
6. Partial discharge measurement: Partial discharge is",1
Can you explain the process of predicting and preventing failures in a transformer based on the insights gained from non-destructive testing methods?,,1
How do the monitoring methods and techniques for mechanical degradation in transformers compare to those used in other types of electrical equipment?,"
In order to build an anomaly detection model for an electrical transformer in an IoT/OT system, it is important to understand the monitoring methods and techniques used for mechanical degradation in transformers as compared to other types of electrical equipment.

Electrical transformers are critical assets in the power grid, and their mechanical degradation can lead to significant downtime and financial losses. Traditional methods for monitoring transformer health include periodic offline testing, such as dissolved gas analysis (DGA) and insulation resistance testing. However, these methods are limited in their ability to detect anomalies in real-time.

In recent years, the use of sensor data and IoT/OT systems for monitoring transformer health has become more prevalent. Sensors can be used to measure various parameters, such as temperature, vibration, and current, which can provide early warning of mechanical degradation.

Compared to other types of electrical equipment, such as motors and generators, transformers have some unique characteristics that can make monitoring more challenging. For example, transformers are often located in hard-to-reach locations, which can make it difficult to install sensors. Additionally, transformers can have complex internal structures, which can make it challenging to interpret sensor data.

However, despite these challenges, sensor data from transformers can be used to detect a wide range of failure modes, including:

* Overheating: Temperature sensors can be used to detect abnormal temperature increases, which can indicate issues such as insulation breakdown or excessive loading.
* Vibration: Vibration sensors can be used to detect mechanical issues such as loose connections or damaged windings.
* Gas accumulation: Dissolved gas analysis (DGA) sensors can be used to detect the presence of gases such as hydrogen, carbon monoxide, and methane, which can indicate internal faults.
* Moisture: Humidity sensors can be used to detect the presence of moisture, which can lead to insulation breakdown and corrosion.

In summary, while there are some unique challenges associated with monitoring the mechanical degradation of electrical transformers, sensor data from IoT/OT systems can be used to detect a wide range of failure modes. By understanding the specific characteristics of transformers and the types of failure modes that can occur, an effective anomaly detection model can be",1
Are there any new technologies or methods being developed to better monitor and manage voltage and thermal stress levels in electrical transformers?,,1
Can you provide examples of proactive maintenance strategies that can be implemented to ensure the reliable and efficient operation of transformers?,,1
"How does the age of a transformer affect its normal operating temperature ranges, and how should data scientists account for this in their analysis?",,1
Are there any specific communication protocols or data formats used in the IoT/OT system that need to be considered in the anomaly detection model?,"
In the context of an electrical transformer in an IoT/OT system, there are several communication protocols and data formats that could be used to gather sensor data. It is important to consider these in the anomaly detection model to ensure accurate and reliable results. Here are some potential protocols and formats to look out for:

1. **Modbus**: This is a common protocol used in industrial automation and control systems, and is often used to communicate with sensors and other devices in an IoT/OT system. Modbus data is typically transmitted over serial communication channels, such as RS-232 or RS-485, or over Ethernet networks using the Modbus TCP/IP protocol.
2. **DNP3**: This is another common protocol used in electrical power systems, including transformers. DNP3 is a messaging protocol used between intelligent electronic devices (IEDs) and a master station or other IEDs. It is commonly used in substation automation, SCADA systems, and other industrial control applications.
3. **IEC 61850**: This is a standard for communication in electrical power systems, including transformers. It defines a set of communication protocols and data formats for use in substation automation, protection, and control systems. IEC 61850 is designed to support real-time communication and to ensure interoperability between devices from different vendors.
4. **OPC UA**: This is a vendor-neutral, service-oriented architecture (SOA) for industrial automation and data exchange. It is designed to provide secure, reliable, and cross-platform communication between devices and applications in an IoT/OT system. OPC UA supports a wide range of data types and communication protocols, including Modbus, DNP3, and IEC 61850.
5. **JSON or XML**: These are text-based data formats that are commonly used in IoT/OT systems to transmit data between devices and applications. JSON (JavaScript Object Notation) is a lightweight, easy-to-read format that is widely used in web applications and APIs. XML (eXtensible Markup Language) is a more verbose format that is commonly used in enterprise applications and data integration scenarios.

When building an anomaly detection model for an",1
"How is the data collected from temperature sensors, transformer oil analysis, and infrared thermography processed and analyzed to detect anomalies?","To gain a better understanding of how to build an anomaly detection model for electrical transformers using data from temperature sensors, transformer oil analysis, and infrared thermography, we need to consider the following aspects:

1. Temperature sensors: These sensors typically measure the temperature of the transformer's windings, tap changers, and other components. The data collected from these sensors can be used to detect anomalies by analyzing temperature trends, spikes, or unusual patterns. This information can help identify potential issues such as overloading, loose connections, or insulation faults.

2. Transformer oil analysis: This process involves examining the physical and chemical properties of the insulating oil used in transformers. By analyzing the oil's dielectric strength, dissolved gas analysis (DGA), and other parameters, it is possible to detect signs of partial discharge, moisture ingress, or overheating. These anomalies can indicate potential issues like insulation degradation, corona discharge, or internal faults.

3. Infrared thermography: This technique uses infrared cameras to detect heat signatures on the transformer's exterior. By analyzing the temperature distribution and identifying hotspots, it is possible to detect issues such as overheated components, poor electrical contacts, or internal faults.

To process and analyze the data from these sources, we can follow these steps:

1. Data preprocessing: Clean and preprocess the raw data to remove any noise, outliers, or missing values. This step may involve data normalization, interpolation, or imputation techniques.

2. Feature engineering: Extract relevant features from the data that can help in detecting anomalies. For example, temperature trends, temperature differences, or DGA ratios can be used as features for the anomaly detection model.

3. Anomaly detection: Apply appropriate anomaly detection algorithms to the preprocessed data. Some possible options include unsupervised learning techniques like clustering, autoencoders, or statistical methods like Grubbs' test or the MOSUM test.

4. Model evaluation: Evaluate the performance of the anomaly detection model using appropriate metrics such as precision, recall, or F1-score. It is essential to validate the model using cross-validation techniques",1
"What are the specific evaluation criteria for the anomaly detection model's performance, and how will the results be interpreted and communicated?","In the context of an electrical transformer in an IoT/OT system, the following evaluation criteria can be used to assess the performance of the anomaly detection model:

1. **Precision**: Precision measures the proportion of detected anomalies that are true positives, i.e., actual anomalies. A high precision indicates that the model is generating fewer false positives.
2. **Recall**: Recall measures the proportion of actual anomalies that are correctly detected by the model. A high recall indicates that the model is not missing many true anomalies.
3. **F1 Score**: F1 score is the harmonic mean of precision and recall, and provides a balanced assessment of the model's performance. A high F1 score indicates that the model has good precision and recall.
4. **Explainability**: The ability to explain the model's decisions and identify the specific features or patterns that contribute to the detection of an anomaly. This is important for understanding the underlying causes of the anomaly and for communicating the results to stakeholders.
5. **Generalizability**: The ability of the model to detect anomalies in new or unseen data, i.e., data that was not used in the training process. This is important for ensuring that the model can adapt to changing conditions and detect anomalies in real-time.
6. **Scalability**: The ability of the model to handle large volumes of data and operate in real-time. This is important for ensuring that the model can be deployed in an IoT/OT system with many sensors and devices.

The results of the anomaly detection model can be interpreted and communicated in several ways, including:

1. **Visualization**: Plotting the detected anomalies in a time series plot or heatmap can help to identify patterns and trends in the data.
2. **Quantification**: Providing numerical scores or metrics, such as precision, recall, and F1 score, can help to assess the model's performance and compare it to other models.
3. **Explanation**: Providing explanations or justifications for the model's decisions can help to build trust and confidence in the model's predictions.
4. **Recommendation**: Providing recommendations for action or further investigation can help to address the detected anomalies and prevent future failures",1
"What are the specific performance and reliability targets for the transformer, and how will the anomaly detection model contribute to these goals?",,1
How can advanced analytics and machine learning techniques be used to identify patterns and anomalies in sensor data from electrical transformers?,"
Electrical transformers are critical components of the power grid, and their failure can lead to significant downtime and financial losses. Monitoring the condition of electrical transformers using sensor data can help identify potential issues before they escalate into failures. Advanced analytics and machine learning techniques can be used to identify patterns and anomalies in sensor data from electrical transformers, enabling predictive maintenance and improving asset reliability.

Here are some steps to build an anomaly detection model for electrical transformers:

1. Data Collection: The first step is to collect sensor data from electrical transformers. Sensors can measure various parameters such as temperature, vibration, current, voltage, and oil quality. The data should be collected at regular intervals and stored in a centralized location for analysis.
2. Data Preprocessing: The collected data may contain missing values, outliers, and noise, which can affect the performance of the anomaly detection model. Preprocessing techniques such as imputation, normalization, and aggregation can be used to clean and transform the data.
3. Feature Engineering: Feature engineering involves selecting and transforming the relevant features from the preprocessed data. For electrical transformers, features such as temperature, vibration, current, and voltage can be used to detect anomalies.
4. Anomaly Detection: Anomaly detection techniques can be used to identify patterns and anomalies in the sensor data. Supervised learning techniques such as classification and regression can be used if labeled data is available. However, in most cases, unsupervised learning techniques such as clustering, autoencoders, and statistical methods are more suitable for anomaly detection.
5. Model Evaluation: The performance of the anomaly detection model can be evaluated using various metrics such as accuracy, precision, recall, and F1 score. The model can be further improved by tuning the hyperparameters and selecting different features or techniques.
6. Deployment: Once the anomaly detection model is trained and evaluated, it can be deployed in the operational environment to monitor the condition of the electrical transformers in real-time. The model can generate alerts when potential issues are detected, enabling predictive maintenance and reducing downtime.

In summary, advanced analytics and machine learning techniques can be used to identify patterns and anomalies in sensor data from electrical transformers. By monitoring the condition of the transformers",1
How can the model handle complex relationships between different components and potential failure modes while considering computational resources?,"To build an anomaly detection model for electrical transformers, it is important to understand the complex relationships between different components and potential failure modes. Electrical transformers are critical assets in the power grid and can experience a variety of failures, including winding failures, core losses, and insulation degradation. These failures can be caused by a variety of factors, including age, operating conditions, and maintenance practices.

In order to handle the complexity of the relationships between different components and potential failure modes, the anomaly detection model can be built using a combination of techniques, including:

1. Feature engineering: This involves identifying the most relevant variables that are indicative of potential failures. For electrical transformers, these variables might include temperature, current, voltage, and power factor. By carefully selecting and engineering these features, the model can focus on the most important aspects of the data, reducing the complexity of the problem.
2. Dimensionality reduction: This involves reducing the number of features in the model, while still preserving the most important information. Techniques such as principal component analysis (PCA) or t-distributed stochastic neighbor embedding (t-SNE) can be used to reduce the dimensionality of the data, making it easier to analyze and interpret.
3. Anomaly detection algorithms: There are a variety of algorithms that can be used for anomaly detection, including unsupervised learning algorithms such as clustering, autoencoders, and isolation forests. These algorithms can identify anomalies in the data without requiring labeled data, making them well-suited to complex systems like electrical transformers.
4. Computational resources: When building an anomaly detection model for electrical transformers, it is important to consider computational resources. Large-scale transformers can generate a large amount of data, which can be computationally intensive to analyze. To address this, the model can be designed to use distributed computing resources, such as cloud-based services, to enable real-time analysis of the data.

In summary, building an anomaly detection model for electrical transformers requires careful consideration of the complex relationships between different components and potential failure modes. By using feature engineering, dimensionality reduction, and anomaly detection algorithms, the model can handle this complexity while still being computationally efficient. Additionally, by leveraging distributed computing resources, the model can be used for real-time analysis of the data.",1
How do the data collection frequencies and latency requirements for electrical transformer sensors compare to other types of power grid equipment?,,1
"What are the thresholds that should be set for anomaly detection based on partial discharge detection, and how can these thresholds be determined?",,1
How can reliability engineers determine the severity of a failure and its potential impact on the safe and reliable operation of the transformer?,"
In order to determine the severity of a failure and its potential impact on the safe and reliable operation of an electrical transformer, reliability engineers can consider the following factors:

1. Transformer Type and Rating: The type and rating of the transformer can affect its reliability and the severity of a failure. For example, a high voltage transformer may have a more severe failure than a low voltage transformer.
2. Failure History: Reviewing the failure history of the transformer and similar transformers can provide insight into the severity of different types of failures. This can include analyzing the frequency and duration of past failures, as well as the root causes of those failures.
3. Sensor Data: The availability of real-time sensor data can be used to detect and diagnose transformer failures. This data can include measurements such as temperature, current, and voltage, which can be used to identify abnormal operating conditions that may indicate a failure.
4. Maintenance and Inspection History: Reviewing the maintenance and inspection history of the transformer can provide additional information on its current condition and the potential severity of a failure. This can include information on past repairs, maintenance activities, and inspections.
5. Consequences of Failure: The consequences of a transformer failure can vary depending on the specific application and location of the transformer. For example, a failure in a critical infrastructure application may have a more severe impact than a failure in a non-critical application.
6. Redundancy and Contingency Plans: The availability of redundant transformers or contingency plans can also affect the severity of a transformer failure. For example, if a failure occurs in a system with redundant transformers, the impact may be less severe than in a system without redundancy.

In summary, reliability engineers can determine the severity of a transformer failure and its potential impact on the safe and reliable operation of the transformer by considering factors such as the transformer type and rating, failure history, sensor data, maintenance and inspection history, consequences of failure, and redundancy and contingency plans. This information can be used to prioritize maintenance and repair activities, and to develop contingency plans to minimize the impact of transformer failures.",1
How can the performance of the anomaly detection system for electrical transformer sensor data be evaluated and continuously improved over time?,,1
"What are the specific insulation materials used in the transformer, and how do they affect the choice of sensors and anomaly detection methods?","
Electrical transformers are critical components of electrical power systems, and their proper functioning is essential for the safe and efficient transmission and distribution of electrical energy. One important aspect of transformer operation is the condition of the insulation materials used within the transformer. The choice of insulation materials and the design of sensors and anomaly detection methods can be closely interrelated.

Insulation materials used in transformers can include:

1. **Oil-impregnated paper (OIP):** This is a common insulation material used in transformers. The paper is soaked in oil, which acts as both an insulator and a coolant. The condition of the oil and paper can be monitored using various sensors, such as bushing current monitors, dissolved gas analysis (DGA), and furan analysis.
2. **Solid insulation materials:** These include materials like pressboard, plastic, and resin. They are often used in dry-type transformers, which do not use liquid insulation. Sensors used to monitor the condition of solid insulation materials can include temperature sensors, moisture sensors, and ultrasonic sensors.
3. **Liquid insulation materials:** These include oils like mineral oil, silicone oil, and ester-based fluids. They are used in liquid-immersed transformers. Sensors used to monitor the condition of liquid insulation materials can include dielectric response analysis, DGA, and moisture sensors.

The choice of sensors and anomaly detection methods depends on several factors, including:

1. **Type of insulation material:** Different insulation materials may require different sensors and anomaly detection methods. For example, DGA is commonly used to monitor the condition of oil-impregnated paper insulation, while moisture sensors may be used to monitor the condition of solid insulation materials.
2. **Failure modes:** Different insulation materials may be susceptible to different failure modes. For example, oil-impregnated paper insulation may be susceptible to aging, moisture, and thermal degradation, while solid insulation materials may be susceptible to mechanical stress, moisture, and thermal degradation.
3. **Sensitivity and specificity:** Sensors and anomaly detection methods should be chosen to provide sufficient sensitivity and specificity for the specific application. For example,",1
"How will the model's predictions and recommendations be communicated to the relevant stakeholders, such as maintenance personnel and operators?","
To provide an answer to this question, I will first outline the important components to consider when building an anomaly detection model for electrical transformers using real-time time series sensor data. This will help to ensure that the model's predictions and recommendations are relevant and useful to the stakeholders.

1. Identify relevant sensor data: The first step is to identify the most relevant sensors in an electrical transformer that can provide data to detect anomalies. This could include sensors that measure temperature, current, voltage, power, oil level, and gas level, among others.
2. Understand the failure modes: It is important to understand the common failure modes of electrical transformers, such as insulation failure, winding failure, and cooling system failure. This will help to ensure that the anomaly detection model is designed to detect these specific failures.
3. Assess the sensor data's ability to detect failures: Once the relevant sensors and failure modes have been identified, the next step is to assess the sensor data's ability to detect these failures. This may involve analyzing the historical data to identify patterns and trends that are indicative of specific failures.
4. Develop the anomaly detection model: Based on the above analysis, an anomaly detection model can be developed using machine learning algorithms and statistical techniques. The model should be designed to detect anomalies in real-time and provide alerts to the relevant stakeholders.

Regarding the communication of the model's predictions and recommendations, the following steps can be taken:

1. Provide clear and concise alerts: The alerts generated by the anomaly detection model should be clear and concise, highlighting the specific anomaly and its potential impact on the electrical transformer.
2. Use visual aids: Visual aids such as graphs and charts can be used to help maintenance personnel and operators understand the data and the anomaly.
3. Provide recommendations for action: The anomaly detection model should provide recommendations for action based on the specific anomaly detected. For example, if the model detects an anomaly related to insulation failure, it may recommend immediate shutdown and maintenance.
4. Ensure accessibility: The alerts and recommendations should be easily accessible to maintenance personnel and operators, such as through a user-friendly dashboard or mobile app.
5. Provide training: Maintenance personnel and operators should be trained",1
"How can tap changer faults be detected and monitored using sensor data, and what are the potential consequences of not addressing these faults?","Electrical transformers are critical assets in the power grid, and their proper functioning is essential for the reliable delivery of electricity. One important component of a transformer is the tap changer, which is used to regulate the voltage of the transformer. Faults in the tap changer can lead to serious consequences, such as decreased efficiency, increased energy losses, and even catastrophic failures.

Tap changer faults can be detected and monitored using sensor data in several ways. For example, current and voltage sensors can be used to monitor the electrical signals passing through the transformer. Changes in these signals can indicate a fault in the tap changer. Additionally, temperature sensors can be used to monitor the temperature of the transformer, as tap changer faults can cause the transformer to overheat. Vibration sensors can also be used to detect mechanical issues in the tap changer.

The consequences of not addressing tap changer faults can be severe. For example, a faulty tap changer can cause the transformer to operate in an inefficient manner, leading to increased energy losses. This can result in higher operating costs and decreased profitability. Additionally, tap changer faults can cause the transformer to overheat, which can lead to damage to the transformer's insulation and, ultimately, catastrophic failure. This can result in prolonged power outages and significant repair costs.

In summary, tap changer faults in electrical transformers can be detected and monitored using sensor data, and it is important to address these faults in a timely manner to prevent decreased efficiency, increased energy losses, and catastrophic failures.",1
"What are the common causes of anomalies in each of the interconnected systems, such as aging equipment, environmental factors, or human error?",,1
"How are the current preventive maintenance measures currently evaluated for effectiveness, and what metrics are used to measure their success?",,1
"What are the current data processing and analysis methods for the sensor data, and how can these be optimized for the anomaly detection model?",,1
"How can the model's performance be evaluated over time, and what metrics should be used to adjust the false positive and false negative rates?",,1
Can you provide any case studies or examples of successful non-destructive testing implementation in transformer maintenance and reliability?,"
Certainly! Electrical transformers are critical assets in the power grid, and their maintenance and reliability are of utmost importance. Non-destructive testing (NDT) techniques have been widely used for the condition monitoring and assessment of transformers. Here are some case studies and examples of successful NDT implementation in transformer maintenance:

1. Dissolved Gas Analysis (DGA): DGA is a well-established NDT technique for the condition monitoring of transformers. It involves the analysis of insulating oil for various gases, such as hydrogen, methane, ethane, and acetylene, which can indicate different types of internal faults. A case study by CIGRE (International Council on Large Electric Systems) demonstrated the successful application of DGA in monitoring the condition of a 150 MVA transformer in a power transmission network. The DGA results helped identify and locate incipient faults, enabling timely maintenance and preventing catastrophic failures.
2. Furan Analysis: Furan analysis is another NDT technique used for transformer maintenance. It involves the analysis of furan compounds in the insulating oil, which can indicate the degradation of paper insulation due to ageing or overheating. A study by the IEEE (Institute of Electrical and Electronics Engineers) showed the successful implementation of furan analysis in monitoring the condition of transformers in a utility company. The results helped predict the remaining useful life of the transformers and plan for their timely replacement.
3. Thermography: Thermography is a non-contact NDT technique that can be used for the condition monitoring of transformers. It involves the use of thermal imaging cameras to detect hotspots in the transformer winding, which can indicate overheating or electrical faults. A case study by the American Society for Nondestructive Testing (ASNT) demonstrated the successful application of thermography in detecting and locating hotspots in a 10 MVA transformer, enabling timely maintenance and preventing catastrophic failures.
4. Ultrasonic Testing (UT): UT is an NDT technique that can be used for the detection of partial discharge (PD) in transformers. PD is an early indication of insulation failure, and UT can detect PD",1
"What are the most common failure modes for the transformer, and how can these be detected and prevented through the anomaly detection model?","
Electrical transformers are critical assets in industrial and utility infrastructure, and their failure can lead to significant downtime, safety risks, and financial losses. Some of the most common failure modes for electrical transformers include:

1. **Insulation failure:** This is one of the most common failure modes in transformers, caused by the degradation of the insulation material due to aging, thermal stress, or contamination. This can lead to short circuits, arcing, and other forms of electrical faults.
2. **Overheating:** Transformers can generate significant amounts of heat during operation, which can lead to thermal stress and damage to the winding, core, and insulation. Overheating can be caused by overloading, poor ventilation, or insulation failure.
3. **Gas accumulation:** Transformers contain oil and gas as insulation and cooling medium, and the accumulation of gas bubbles in the oil can indicate internal faults, such as arcing or partial discharge.
4. **Moisture ingress:** The presence of moisture in transformers can lead to corrosion, insulation failure, and other forms of damage. Moisture can enter the transformer through leaks, condensation, or poor sealing.
5. **Mechanical failure:** Transformers can also fail due to mechanical stress, such as vibration, shock, or fatigue. Mechanical failure can cause damage to the core, windings, and other components.

To detect and prevent these failure modes through an anomaly detection model, we can use real-time sensor data obtained from the transformer's monitoring system. The sensor data can include measurements of current, voltage, temperature, pressure, gas levels, moisture, and other parameters. The anomaly detection model can then analyze the sensor data to identify patterns, trends, and anomalies that may indicate a potential failure.

For example, the model can detect insulation failure by identifying abnormal current or voltage waveforms, high leakage current, or low dielectric strength. The model can detect overheating by monitoring the temperature and current levels and identifying any deviations from the normal operating range. The model can detect gas accumulation by tracking the gas levels and identifying any sudden increases or fluctuations. The model can detect moisture ingress by monitoring the humidity and temperature levels and",1
Can you provide examples of specific oil quality parameters and power quality parameters that are useful in predicting transformer failures?,"
Sure, I'd be happy to help! In the case of electrical transformers, there are several key oil quality parameters and power quality parameters that can be used to predict transformer failures. Here are some examples:

Oil Quality Parameters:

1. **Dielectric Breakdown Voltage (BDV):** This is a measure of the insulating properties of the oil. A decrease in BDV indicates that the oil is losing its insulating properties and may be prone to failure.
2. **Acid Number (AN):** This measures the amount of acid in the oil, which can be an indicator of oxidation or decomposition of the oil. An increase in AN can indicate that the oil is degrading and may need to be replaced.
3. **Interfacial Tension (IFT):** This measures the force required to separate two immiscible liquids. A decrease in IFT can indicate that the oil is breaking down and may not be able to effectively cool the transformer.
4. **Dissolved Gas Analysis (DGA):** This involves measuring the levels of various gases in the oil, such as hydrogen, carbon monoxide, and methane. Abnormal levels of these gases can indicate a variety of issues, such as overheating, arcing, or partial discharge.

Power Quality Parameters:

1. **Current Unbalance:** This measures the imbalance in the current flowing through the transformer's windings. A high level of current unbalance can indicate a problem with the transformer's winding or connections.
2. **Voltage Unbalance:** This measures the imbalance in the voltage applied to the transformer. A high level of voltage unbalance can indicate a problem with the transformer's winding or connections, or an issue with the power supply.
3. **Frequency Deviation:** This measures any deviation in the frequency of the power supply. A high level of frequency deviation can indicate a problem with the power supply or the grid.
4. **Harmonic Distortion:** This measures the level of distortion in the power supply caused by non-linear loads. A high level of harmonic distortion can indicate a problem with the power supply or the load.

These parameters can be used to build an anomaly detection model for transformer failures",1
Are there any legal or ethical considerations related to the use of sensor data and anomaly detection in the electrical transformer system?,"
Background Document:

Title: Legal and Ethical Considerations for Sensor Data and Anomaly Detection in Electrical Transformer Systems

1. Introduction:
Anomaly detection in electrical transformer systems using real-time sensor data is a valuable approach for predictive maintenance and system optimization. However, the implementation of such a system should be carried out with careful consideration of legal and ethical implications. This background document aims to provide a general overview of the legal and ethical considerations related to the use of sensor data and anomaly detection in electrical transformer systems.

2. Legal Considerations:

* Data Privacy: The sensor data collected from electrical transformer systems may contain sensitive information about the users, customers, or the organization. It is essential to ensure that the data is collected, stored, and processed in compliance with relevant data protection regulations, such as the General Data Protection Regulation (GDPR) or the California Consumer Privacy Act (CCPA).
* Intellectual Property: The use of sensor data and anomaly detection algorithms may involve the use of proprietary technologies or algorithms. It is essential to ensure that the necessary licenses or permissions are obtained to use these technologies or algorithms.
* Liability: The implementation of anomaly detection systems may involve the use of automated decision-making processes. It is essential to ensure that the system is designed to minimize the risk of errors or failures, and that the necessary liability insurance is in place.

3. Ethical Considerations:

* Transparency: The use of sensor data and anomaly detection algorithms should be transparent and easily understandable to the stakeholders. The organization should provide clear communication about the data collection, storage, and processing practices.
* Fairness: The anomaly detection system should be designed to minimize bias and ensure fairness in the decision-making process. The system should not discriminate against any particular group or individual based on their demographic characteristics.
* Accountability: The organization should be accountable for the decisions made by the anomaly detection system. The system should be designed to provide clear explanations for the decisions made, and the organization should have a process in place to address any potential issues or concerns.

4. Conclusion:

The use of sensor data and anomaly detection in electrical transformer systems offers significant benefits for predictive maintenance and system optimization. However, it is essential to ensure that the implementation of",1
"How is the transformer's partial discharge data currently being analyzed, and what are the key features used to identify abnormal patterns?",,1
Can you provide more details on the specific electrical transformer components that the anomaly detection model will monitor for anomalies?,"
Sure, I'd be happy to provide more details on the specific components of an electrical transformer that the anomaly detection model should monitor for anomalies.

Electrical transformers are critical components of the power grid, and their failure can lead to power outages, safety hazards, and financial losses. Transformers consist of several key components that can be monitored using sensor data to detect anomalies, including:

1. Winding Temperature: The temperature of the transformer windings is a critical parameter to monitor, as excessive temperature can lead to insulation failure and ultimately transformer failure. Sensors such as resistance temperature detectors (RTDs) or thermocouples can be used to measure the winding temperature.
2. Oil Level: Transformers are filled with insulating oil, which also acts as a coolant. A low oil level can lead to overheating and failure of the transformer. Sensors can be used to monitor the oil level and trigger an alarm if it falls below a critical level.
3. Oil Condition: The insulating oil can degrade over time due to moisture, oxidation, or contamination. Sensors can be used to monitor the condition of the oil by measuring its dielectric strength, dissolved gas analysis, or moisture content.
4. Current and Voltage: The current and voltage levels of the transformer can be monitored to detect any abnormalities that may indicate a fault or failure. For example, a sudden increase in current or voltage can indicate a short circuit or overload.
5. Vibration: Transformers can produce vibrations due to mechanical stress or imbalance. Sensors can be used to monitor the vibration levels and detect any anomalies that may indicate a mechanical failure.
6. Moisture Ingress: Moisture ingress can lead to corrosion and failure of the transformer. Sensors can be used to monitor the moisture levels in the transformer and trigger an alarm if it exceeds a critical level.
7. Partial Discharge: Partial discharge is an electrical discharge that occurs within the insulation of the transformer. It can indicate a weakened insulation and potential failure. Sensors can be used to monitor the partial discharge levels and detect any anomalies.

By monitoring these components using sensor data",1
What are the common types of winding faults in electrical transformers and what sensor data can be used to detect and monitor these faults?,"
Electrical transformers are crucial assets in the power industry, and their proper functioning is essential for the reliable delivery of electricity. Transformer windings are a common location for electrical faults due to the high electrical stresses and temperatures they experience during operation. Some common types of winding faults in electrical transformers include:

1. **Inter-turn faults:** These occur when one or more turns of the winding come into electrical contact with each other, resulting in a short circuit. This can cause increased heating, insulation damage, and even catastrophic failure.
2. **Partial discharge (PD) activity:** PD is a localized electrical discharge that occurs when the insulation between turns or between a turn and the ground becomes weakened or damaged. PD activity can lead to the formation of gas bubbles, which can eventually cause insulation failure.
3. **Turn-to-turn insulation breakdown:** This type of fault occurs when the insulation between adjacent turns of the winding breaks down, leading to electrical discharge and potential short circuits.
4. **Core-form faults:** These faults occur when the insulation between the winding and the transformer core becomes damaged, leading to electrical discharge and potential short circuits.

Sensors play a critical role in detecting and monitoring winding faults in electrical transformers. Some commonly used sensors for this purpose include:

1. **Current sensors:** These sensors measure the current flowing through the transformer windings and can detect inter-turn faults by monitoring for sudden changes in current.
2. **Voltage sensors:** These sensors measure the voltage across the transformer windings and can detect inter-turn faults by monitoring for voltage unbalance or abnormal waveforms.
3. **Temperature sensors:** These sensors measure the temperature of the transformer windings and can detect overheating due to winding faults.
4. **Dissolved Gas Analysis (DGA) sensors:** These sensors monitor the levels of various gases in the transformer oil, which can indicate the presence of PD activity or other winding faults.
5. **Ultrasonic sensors:** These sensors can detect PD activity by measuring the high-frequency acoustic signals generated by the discharge.

By monitoring these sensors in real-time, it is possible to detect and diagn",1
How can data scientist use the data collected from voltage and thermal stress tests to improve the design and engineering of transformers?,,1
Can you provide examples of low severity/high detectability and high severity/low detectability failure modes in electrical transformers?," Sure, I'd be happy to help.

Electrical transformers are critical assets in the power grid, and their failure can have significant consequences. The ability to detect and predict failures is crucial to ensure the reliability and availability of the power grid. In this context, I will provide examples of low severity/high detectability and high severity/low detectability failure modes in electrical transformers.

Low severity/high detectability failure modes:

1. Dissolved Gas Analysis (DGA) anomalies: DGA is a technique used to analyze the gases trapped in the transformer oil. An increase in the concentration of certain gases can indicate the presence of a fault, such as arcing or overheating. These faults are typically of low severity, but they can be easily detected through regular DGA testing.
2. Moisture ingress: Moisture can enter the transformer through leaks or poor sealing, leading to the degradation of the insulation. Moisture ingress can be detected through regular maintenance checks and moisture sensors.

High severity/low detectability failure modes:

1. Core-ground faults: Core-ground faults occur when a live conductor comes into contact with the grounded core of the transformer. These faults can cause significant damage to the transformer and can be difficult to detect, as they may not produce any visible signs of damage or abnormal readings in the sensors.
2. Insulation degradation: Over time, the insulation in the transformer can degrade due to factors such as moisture, heat, and voltage stress. This degradation can lead to a failure of the transformer, but it can be difficult to detect, as it may not produce any visible signs of damage or abnormal readings in the sensors.

In summary, while some failure modes in electrical transformers are easily detectable through regular maintenance and sensor readings, others can be difficult to detect and may require more advanced diagnostic techniques. Understanding the specific failure modes and their detectability is crucial to building an effective anomaly detection model for electrical transformers.",1
Can you provide any case studies or examples of successful implementation of partial discharge detection methods in real-world scenarios?,"Sure, I'd be happy to help!

Partial discharge (PD) detection in electrical transformers is an important aspect of condition-based monitoring and predictive maintenance. It can help to identify potential failures before they occur, thereby preventing downtime and reducing maintenance costs. Here are some examples of successful implementation of partial discharge detection methods in real-world scenarios:

1. Case Study: PD Detection in Power Transformers using Ultrasonic Sensors
A utility company in the United States implemented a PD detection system using ultrasonic sensors to monitor the insulation condition of power transformers in their substations. The system was able to detect PD activity at an early stage, allowing the utility company to take corrective action before a failure occurred. This resulted in a significant reduction in maintenance costs and downtime.

2. Example: PD Detection in Distribution Transformers using Current and Voltage Measurements
A manufacturer of electrical distribution transformers implemented a PD detection system using current and voltage measurements to monitor the insulation condition of the transformers. The system was able to detect PD activity at an early stage, allowing the manufacturer to take corrective action before a failure occurred. This resulted in a significant reduction in warranty claims and improved customer satisfaction.

3. Research Paper: PD Detection in Power Transformers using Acoustic Emission Sensors
A research paper published by the IEEE Transactions on Power Delivery described a PD detection system using acoustic emission sensors to monitor the insulation condition of power transformers. The system was able to detect PD activity at an early stage, allowing the utility company to take corrective action before a failure occurred. This resulted in a significant reduction in maintenance costs and downtime.

These examples and case studies demonstrate the successful implementation of partial discharge detection methods in real-world scenarios. By detecting PD activity at an early stage, utility companies and manufacturers can take corrective action before a failure occurs, thereby reducing maintenance costs and downtime.",1
How can a coherent narrative be constructed from sensor data analysis to effectively predict and prevent electrical transformer failures?,"To build a coherent narrative from sensor data analysis for predicting and preventing electrical transformer failures, we need to focus on several important components. Here are some questions that can help us gather the necessary information from subject matter experts:

1. What are the common modes of failure for electrical transformers? For example, are failures more likely to occur due to electrical or mechanical issues? Are there any environmental factors that can contribute to transformer failure?
2. What sensors are currently installed on the transformers, and what data do they measure? For example, sensors might measure temperature, current, voltage, or oil quality. It is important to understand which sensors are available and how their data can be used to detect potential failures.
3. How accurate and reliable are the sensors? Have there been any issues with sensor drift, noise, or failure in the past? Understanding the limitations of the sensor data is crucial for building an accurate anomaly detection model.
4. What is the normal operating range for each sensor? Are there any known patterns or trends in the sensor data that can indicate an impending failure? For example, is there a specific temperature range that is associated with a higher risk of failure?
5. How is the sensor data currently used for monitoring and maintenance of the transformers? Are there any existing analytics or alerts that are based on the sensor data? Understanding the current monitoring practices can help us identify any gaps or limitations in the data that need to be addressed.
6. What are the consequences of a transformer failure? Are there any safety or environmental risks associated with a failure? Understanding the impact of a failure can help prioritize the development of an anomaly detection model.

By answering these questions, we can gain a better understanding of the electrical transformer asset class and the specific challenges associated with predicting and preventing failures. We can then use this information to build a coherent narrative from the sensor data analysis, which can help identify potential failures before they occur and prevent catastrophic failures.

To build an anomaly model using real-time time series sensor data, we can follow these general steps:

1. Preprocess and clean the sensor data to remove any noise, outliers, or missing values.
2. Visualize the sensor data to identify any patterns, trends, or anomalies that are visible to the naked eye.
3. Use statistical or machine learning techniques",1
"What are the potential consequences of failing to detect an anomaly in a timely manner, and how can the model help mitigate these risks?","
Electrical transformers are critical assets in the power grid, and their failure can have significant consequences. Some of the potential consequences of failing to detect an anomaly in a timely manner include:

1. Power outages: Electrical transformer failures can cause power outages, which can affect homes, businesses, and public services. In some cases, power outages can also have a domino effect, causing other assets in the power grid to fail.
2. Safety risks: Electrical transformer failures can cause safety risks to personnel and the public. For example, an electrical fire can cause physical harm to people nearby.
3. Financial losses: Electrical transformer failures can result in financial losses due to equipment damage, repair costs, and lost revenue. In some cases, the costs can be significant.

An anomaly detection model can help mitigate these risks by identifying potential issues before they become critical failures. The model can analyze real-time time series sensor data obtained from IoT/OT systems to detect anomalies, such as:

1. Temperature changes: Electrical transformers can generate heat, and temperature changes can indicate potential issues. The model can detect abnormal temperature changes and alert personnel to take corrective action.
2. Voltage fluctuations: Voltage fluctuations can indicate potential issues with the electrical transformer or the power grid. The model can detect abnormal voltage fluctuations and alert personnel to take corrective action.
3. Vibration changes: Electrical transformers can generate vibrations, and changes in vibration patterns can indicate potential issues. The model can detect abnormal vibration changes and alert personnel to take corrective action.

By detecting these and other anomalies in real-time, the model can help prevent electrical transformer failures, reduce safety risks, and minimize financial losses. The model can also provide valuable insights into the health and performance of electrical transformers, enabling personnel to optimize maintenance schedules and extend the lifespan of these critical assets.",1
How can the model be designed to prioritize critical components and provide actionable insights for predicting and preventing failures?,,1
How can the data collected from partial discharge detection be visualized and interpreted for effective decision-making in maintenance?,,1
Can you provide examples of maintenance actions that can be taken when the alarms are triggered due to exceeding predefined thresholds?,,1
Can you provide some examples of seasonality or periodic patterns that may be present in the sensor data from electrical transformers?,,1
How can the data collected from the sensors be used to predict and prevent insulation resistance failures in electrical transformers?,,1
"Can you provide examples of common anomalies in temperature, vibration, current, and voltage sensor data for electrical transformers?","
Certainly! In the context of electrical transformers, here are some common examples of anomalies in temperature, vibration, current, and voltage sensor data:

**Temperature sensor anomalies:**

* High temperature: Elevated temperatures in the transformer winding, tap changer, or conservator may indicate issues such as overloading, poor cooling, or insulation degradation.
* Low temperature: Abnormally low temperatures may suggest that the cooling system is not functioning correctly or that the transformer is not being used to its full capacity.

**Vibration sensor anomalies:**

* High vibration: Excessive vibration in the transformer's core, coil, or tank may indicate internal faults, loose connections, or mechanical wear and tear.
* Low vibration: Reduced vibration levels could be a sign of insufficient cooling, low oil levels, or a malfunctioning fan or pump.

**Current sensor anomalies:**

* High current: An unusually high current draw may point to overloading, short-circuits, or internal faults in the transformer.
* Low current: A sudden drop in current may suggest an open circuit, a loose connection, or a problem with the load.

**Voltage sensor anomalies:**

* High voltage: Abnormally high voltage levels can lead to insulation breakdown, arcing, or even fires.
* Low voltage: Low voltage may indicate an issue with the power supply, a problem with the transformer's turns ratio, or a high load on the transformer.

These examples are not exhaustive, and other factors can also contribute to anomalies in sensor data. However, they provide a good starting point for understanding the types of issues that can arise in electrical transformers and the importance of monitoring sensor data to detect and address these anomalies.",1
How can the maintenance team be trained to effectively interpret and respond to the alerts generated by the anomaly detection model?,"To effectively train the maintenance team to interpret and respond to alerts generated by the anomaly detection model for electrical transformers, it is essential to consider the following aspects:

1. **Understanding the Anomaly Detection Model**: The maintenance team should have a clear understanding of the anomaly detection model's working principles, its components, and the types of anomalies it can detect. This foundational knowledge will help them appreciate the significance of the alerts and respond appropriately.
2. **Data Interpretation**: Training the team in data interpretation is crucial for effective utilization of the model. This includes understanding the sensor data, the thresholds set for anomaly detection, and the trends and patterns in the data that might indicate potential issues.
3. **Alert Classification and Prioritization**: To ensure an efficient response, the maintenance team should be trained in classifying and prioritizing alerts based on their criticality, potential impact on the transformer's health, and the urgency of required intervention.
4. **Root Cause Analysis (RCA)**: Equipping the team with RCA skills will help them identify the underlying causes of the detected anomalies, enabling them to address the root issues rather than just treating the symptoms.
5. **Decision-making and Problem-solving**: The maintenance team should be trained in decision-making and problem-solving techniques to help them make informed decisions based on the alerts and historical data, and to develop effective strategies for addressing the identified issues.
6. **Communication and Collaboration**: Effective communication and collaboration among team members, as well as with other stakeholders, are essential for ensuring a timely and appropriate response to alerts. The team should be trained in reporting and documentation practices to maintain a clear and organized record of the detected anomalies, responses, and outcomes.
7. **Continuous Learning and Improvement**: To ensure the long-term success of the anomaly detection model, the maintenance team should engage in continuous learning and improvement. This includes staying updated on the latest advancements in sensor technology, data analysis, and anomaly detection methods, as well as regularly reviewing and refining the model and the team's response strategies based on the feedback and performance data.

By focusing on these areas, the maintenance team can be effectively trained to interpret and respond to alerts generated by the",1
"What are the specific safety risks associated with electrical transformer failures, and how can the model help mitigate these risks?","
Electrical transformers are critical assets in the power grid, and their failure can have severe consequences, including safety risks, operational downtime, and financial losses. Some of the specific safety risks associated with electrical transformer failures are:

1. Fire hazards: Transformers contain oil that can ignite due to overheating or electrical arcing, leading to a fire that can spread to other equipment and facilities.
2. Electrical shock: Transformers carry high voltage and current, which can cause electrical shock and injury to personnel who come into contact with them.
3. Explosions: Transformers can explode due to internal faults or external factors, such as lightning strikes, causing damage to nearby equipment and personnel.
4. Environmental hazards: Transformers can leak oil and other chemicals, which can contaminate soil, groundwater, and air, posing a risk to human health and the environment.

An anomaly detection model can help mitigate these safety risks by identifying potential transformer failures before they occur. The model can analyze real-time time series sensor data obtained from IoT/OT systems to detect anomalies that may indicate a developing fault or failure. For example, the model can detect abnormal temperature readings, pressure changes, or oil leakages, which can be early warning signs of a transformer failure.

By detecting these anomalies, the model can alert maintenance personnel to take preventive or corrective actions, such as inspecting the transformer, adjusting the operating conditions, or repairing the fault. This can prevent or minimize the safety risks associated with transformer failures, such as fires, electrical shocks, explosions, and environmental hazards.

To build an effective anomaly detection model for electrical transformers, it is essential to consider the following factors:

1. Relevant sensor data: The model should use sensor data that is relevant to the safety risks associated with transformer failures, such as temperature, pressure, oil level, and current.
2. Failure modes: The model should be able to detect the common failure modes of transformers, such as overheating, leakage, arcing, and insulation failure.
3. Sensor accuracy: The model should consider the accuracy and reliability of the sensor data, as well as the potential sources of noise, drift, and bias.
4.",1
Are there any specific challenges or limitations in achieving a low false negative rate while maintaining a low false positive rate?,"
Electrical transformers are critical assets in the power grid, and detecting anomalies in a timely and accurate manner is essential to ensure their reliable operation and prevent catastrophic failures. However, building an anomaly detection model for electrical transformers comes with several challenges and limitations that can impact the ability to achieve a low false negative rate while maintaining a low false positive rate.

1. Complexity of transformer operation: Electrical transformers are complex systems that consist of various components, such as coils, core, cooling systems, and insulation. Each component can have different modes of failure, and the interactions between components can lead to complex failure patterns. This complexity can make it challenging to identify the root cause of an anomaly and increase the risk of false negatives or false positives.
2. Limited availability of sensor data: Electrical transformers can have a limited number of sensors installed, and the sensors may not be able to capture all the relevant information needed to detect anomalies. For example, sensors may not be available to measure the temperature distribution inside the transformer or the moisture level in the insulation. This lack of data can limit the accuracy of the anomaly detection model and increase the risk of false negatives or false positives.
3. Sensor drift and failure: Sensor drift and failure can also impact the accuracy of the anomaly detection model. Sensor drift can occur due to factors such as aging, contamination, or degradation of the sensor components. Sensor failure can occur due to hardware or software issues, leading to missing or inaccurate data. Both sensor drift and failure can increase the risk of false negatives or false positives.
4. Environmental factors: Environmental factors, such as temperature, humidity, and vibration, can also impact the operation of electrical transformers and lead to anomalies. However, these factors can be challenging to measure and control, increasing the risk of false negatives or false positives.
5. Lack of labeled data: Anomaly detection models typically require labeled data to train and validate the model. However, in the case of electrical transformers, labeled data may not be available, or the labels may be noisy or incomplete. This lack of labeled data can make it challenging to build an accurate anomaly detection model and increase the risk of false negatives or false positives.

To address these challenges",1
"What are the financial implications of transformer failures, and how can proactive maintenance strategies help minimize these costs?","
Electrical transformers are critical assets in the power grid, and their failure can have significant financial implications. These implications can be broadly categorized into direct and indirect costs. Direct costs include the expense of repairing or replacing the transformer, as well as the labor and material costs associated with the repair or replacement. Indirect costs, on the other hand, can be more difficult to quantify and may include lost revenue due to power outages, increased maintenance and operational costs, and damage to a company's reputation.

Proactive maintenance strategies, such as predictive maintenance, can help minimize these costs by identifying potential issues before they become critical failures. Predictive maintenance uses data from sensors and other monitoring systems to detect anomalies and predict when a transformer may fail. This allows maintenance teams to take action before a failure occurs, reducing the likelihood of unplanned downtime and the associated costs.

In addition, proactive maintenance can also help extend the lifespan of transformers, reducing the need for frequent replacements and the associated capital expenses. Furthermore, it can help to improve the overall efficiency of the transformer, reducing energy losses and lowering operational costs.

In summary, proactive maintenance strategies, such as predictive maintenance, can help minimize the financial implications of transformer failures by identifying potential issues before they become critical, reducing the likelihood of unplanned downtime, extending the lifespan of transformers, and improving overall efficiency.

In order to build an anomaly model for the transformer, the following questions can be asked to the subject matter experts:

* What are the most common failure modes for electrical transformers?
* What type of sensors and data are available for monitoring the condition of electrical transformers?
* How accurate and reliable are these sensors in detecting the early signs of failure?
* What are the critical parameters that need to be monitored for electrical transformers?
* Are there any specific data patterns that indicate a failure mode?
* Are there any specific conditions (temperature, humidity, etc.) that can affect the performance of the transformer?
* Are there any specific regulations or standards that need to be considered while building the anomaly model?
* Are there any historical data available for the transformer that can be used for training the model?
* What is the desired level of sensitivity and specificity for the anom",1
How does this approach help in reducing the risk of transformer failures and improving reliability and safety of electrical systems?,"
Electrical transformers are critical components of electrical systems, and their failure can lead to power outages, safety hazards, and financial losses. Anomaly detection models can help reduce the risk of transformer failures and improve the reliability and safety of electrical systems by identifying unusual patterns or outliers in real-time sensor data. This can enable timely maintenance, reduce downtime, and prevent catastrophic failures.

The electrical transformer anomaly detection model would focus on identifying important components and failure modes specific to transformers, such as:

1. Overheating: Transformers can overheat due to excessive load, poor cooling, or insulation failure. Sensor data such as temperature, oil level, and winding temperature can be used to detect anomalies related to overheating.
2. Insulation failure: Insulation degradation can lead to short circuits and other failures. Sensor data such as partial discharge, capacitance, and tan delta can be used to detect insulation issues.
3. Gas accumulation: Gas accumulation in transformer oil can indicate internal faults. Sensor data such as gas concentration and type can be used to detect gas-related anomalies.
4. Moisture ingress: Moisture can cause insulation failure and corrosion. Sensor data such as relative humidity, dew point, and oil conductivity can be used to detect moisture-related anomalies.

By monitoring these critical parameters, the anomaly detection model can identify potential issues before they escalate into failures, allowing for proactive maintenance and reducing the risk of unplanned downtime. This can lead to improved reliability and safety of electrical systems, reduced maintenance costs, and increased customer satisfaction.

In summary, an electrical transformer anomaly detection model can help reduce the risk of transformer failures and improve the reliability and safety of electrical systems by identifying unusual patterns in real-time sensor data, enabling timely maintenance, and preventing catastrophic failures.",1
"Are there any potential impacts of the anomaly detection model on the electrical transformer's performance, reliability, or safety?","
Electrical transformers are critical assets in the power grid, and their performance, reliability, and safety are of utmost importance. Anomaly detection models can significantly improve the monitoring and maintenance of these assets by identifying unusual patterns or outliers in the sensor data that could indicate potential issues. Here are some potential impacts of an anomaly detection model on the electrical transformer's performance, reliability, and safety:

1. Improved Performance: Anomaly detection models can help ensure that the transformer is operating at its optimal level by identifying and addressing any issues that may be affecting its performance. For example, the model may detect a gradual increase in temperature that could indicate an issue with the cooling system, allowing maintenance personnel to address the problem before it leads to a significant decrease in performance.
2. Increased Reliability: By identifying potential issues early, anomaly detection models can help increase the reliability of the transformer. This is because small issues can be addressed before they escalate into significant problems that could cause the transformer to fail. Additionally, the model can help prevent unplanned downtime by identifying potential issues before they cause a failure.
3. Enhanced Safety: Anomaly detection models can help enhance the safety of the transformer by identifying potential hazards before they become a safety risk. For example, the model may detect a sudden increase in vibration that could indicate a mechanical failure, allowing maintenance personnel to address the issue before it causes a catastrophic failure that could result in injury or damage to the surrounding area.
4. Predictive Maintenance: Anomaly detection models can help enable predictive maintenance by identifying potential issues before they become significant problems. This allows maintenance personnel to schedule maintenance activities at a time that is convenient and cost-effective, rather than waiting for a failure to occur.
5. Cost Savings: By identifying potential issues early, anomaly detection models can help reduce maintenance costs by preventing catastrophic failures that can be expensive to repair. Additionally, the model can help reduce downtime by identifying potential issues before they cause a failure, resulting in cost savings.

In summary, an anomaly detection model can have a significant impact on the performance, reliability, and safety of an electrical transformer. By identifying potential issues early, the model can help prevent unplanned downtime, reduce maintenance costs, and enhance safety.",1
How can the availability of historical sensor data impact the predictability and prevention of failures in electrical transformers?,"The availability of historical sensor data plays a significant role in predicting and preventing failures in electrical transformers. Here's why:

1. Trend Analysis: With historical sensor data, it is possible to identify trends and patterns that may indicate potential issues with the transformer. This can include changes in temperature, vibration, or other key performance indicators (KPIs) that could signal an impending failure.

2. Predictive Maintenance: By analyzing historical sensor data, machine learning algorithms can predict when maintenance should be performed, reducing the likelihood of unexpected failures. This is because the data can reveal subtle signs of wear and tear or degradation that might not be apparent through visual inspections alone.

3. Anomaly Detection: With a large enough dataset, machine learning models can be trained to recognize anomalies or outliers in the sensor data. These anomalies could indicate a potential failure mode, allowing for proactive maintenance and reducing downtime.

4. Root Cause Analysis: In the event of a failure, historical sensor data can be used to perform a root cause analysis. This can help identify the specific factors that led to the failure, which can then be addressed to prevent similar issues in the future.

5. Improved Asset Lifecycle Management: By using historical sensor data to predict and prevent failures, organizations can extend the lifespan of their transformers and improve their overall asset lifecycle management. This can lead to cost savings and increased efficiency over time.

In summary, the availability of historical sensor data is crucial for predicting and preventing failures in electrical transformers. It allows for trend analysis, predictive maintenance, anomaly detection, root cause analysis, and improved asset lifecycle management.",1
How can the effectiveness of different communication methods for alerting the maintenance team be measured and evaluated over time?,"In order to measure and evaluate the effectiveness of different communication methods for alerting the maintenance team about electrical transformer anomalies, we can consider the following steps:

1. **Define the objectives**: Clearly outline the goals of the communication methods, such as reducing downtime, minimizing damage, or improving maintenance efficiency.

2. **Identify communication methods**: Identify and document the various communication channels used for alerting the maintenance team, such as email, SMS, phone calls, or automated systems.

3. **Establish a baseline**: Collect historical data on maintenance response times, equipment downtime, and other relevant metrics before implementing the new communication methods. This baseline data will help measure the improvements brought about by the new communication strategies.

4. **Implement the communication methods**: Roll out the new communication methods and ensure that the maintenance team is trained and familiar with the new system.

5. **Monitor and collect data**: Continuously monitor and gather data on maintenance response times, equipment downtime, and other relevant metrics after implementing the new communication methods.

6. **Analyze and compare**: Analyze the data collected from both the baseline and post-implementation periods. Compare the metrics to evaluate the effectiveness of the different communication methods.

7. **Calculate key performance indicators (KPIs)**: Determine the KPIs that best represent the effectiveness of the communication methods, such as average response time, reduction in downtime, or improvement in maintenance efficiency.

8. **Evaluate and refine**: Based on the analysis, refine the communication methods if necessary, and continue monitoring the KPIs over time to ensure sustained improvement.

9. **Feedback loop**: Establish a feedback loop with the maintenance team to gather their insights and suggestions for improving the communication methods.

10. **Document and report**: Document the findings, lessons learned, and recommendations for future improvements. Share the results with stakeholders to demonstrate the value of the new communication methods.

By following these steps, you can effectively measure and evaluate the effectiveness of different communication methods for alerting the maintenance team about electrical transformer anomalies.",1
"How is the data collected from the sensors, and what preprocessing steps are required before using the data for anomaly detection?","
Electrical transformers are crucial assets in industrial and utility networks, and their proper functioning is essential for the reliable delivery of power. To monitor the condition of these transformers, various sensors are used to collect data that can be analyzed for anomalies and potential failures.

Data Collection:

The data collection process for transformer sensors typically involves the use of specialized equipment such as current transformers, voltage transformers, temperature sensors, and dissolved gas analysis (DGA) sensors. These sensors continuously monitor various parameters such as current, voltage, temperature, and gas levels within the transformer. The data is collected in real-time and transmitted to a centralized system for storage and analysis.

Preprocessing Steps:

Before using the collected data for anomaly detection, several preprocessing steps are required to ensure data quality and accuracy. These steps include:

1. Data cleaning: This involves removing any outliers, missing values, or erroneous data points that may affect the accuracy of the anomaly detection model.
2. Data normalization: This step involves scaling the data to a common range to ensure that all the features have equal importance in the model.
3. Feature selection: This involves selecting the most relevant features that are indicative of potential failures in the transformer. For example, temperature and gas levels are known to be good indicators of transformer health.
4. Data transformation: This step involves converting the data into a suitable format for the anomaly detection model. For example, time-series data may need to be transformed into a sliding window or a batch format.
5. Data splitting: This involves splitting the data into training and testing sets to evaluate the performance of the anomaly detection model.

In summary, to build an anomaly detection model for transformer sensors, it is essential to collect high-quality data and perform appropriate preprocessing steps. This includes data cleaning, normalization, feature selection, transformation, and splitting. By following these steps, it is possible to build an accurate and reliable anomaly detection model that can help prevent potential failures in electrical transformers.",1
"How is the transformer's vibration being monitored, and what methods are used to detect abnormal vibration patterns or amplitudes?","
Electrical transformers are critical assets in industrial and electrical systems. Monitoring their vibration is important to detect potential failures and ensure their reliable operation. Vibration analysis is a widely used technique for condition monitoring and detecting abnormalities in rotating machinery such as transformers. Here's a brief overview of how vibration monitoring is carried out and the methods used to detect abnormal vibration patterns or amplitudes in transformers:

1. Sensor selection and placement: Accelerometers or velocity sensors are typically used to measure vibration in transformers. These sensors are attached to the transformer casing or other accessible parts to capture vibration data. The selection of sensors and their placement is crucial to ensure accurate and reliable measurements.
2. Data acquisition: Vibration data is collected using data acquisition systems, which can be standalone devices or integrated with other monitoring systems. The data acquisition process involves setting up sampling rates, filtering settings, and measurement durations.
3. Time-domain analysis: Time-domain analysis is the most basic method for analyzing vibration data. It involves visualizing the raw vibration signal over time and calculating statistical measures such as mean, peak, and root mean square (RMS) values. Time-domain analysis can help identify sudden changes in vibration amplitudes or patterns that may indicate a developing fault.
4. Frequency-domain analysis: Frequency-domain analysis is used to identify specific frequencies or frequency ranges associated with different failure modes in transformers. This method involves transforming the time-domain signal into the frequency domain using techniques such as the Fast Fourier Transform (FFT). Commonly used frequency-domain measures include peak frequency, frequency of maximum amplitude, and spectral entropy.
5. Time-frequency analysis: Time-frequency analysis methods, such as Short-Time Fourier Transform (STFT) or Continuous Wavelet Transform (CWT), are used to analyze non-stationary signals and detect transient events. These methods can help identify intermittent vibration patterns or changes in frequency content over time.
6. Feature extraction: Feature extraction involves extracting relevant features from the vibration data, such as crest factor, kurtosis, or skewness. These features can be used to train machine learning models for anomaly detection or fault diagnosis.
7. Anomaly detection: Anomaly detection",1
How can machine learning algorithms and data-driven approaches be used to improve the maintenance and performance of transformers?,"Electrical transformers are critical assets in the power grid, and their failure can lead to significant downtime and financial losses. Traditional maintenance approaches for transformers rely on time-based or calendar-based methods, which can be inefficient and may not accurately predict failures. Machine learning (ML) algorithms and data-driven approaches can provide a more accurate and proactive method for maintaining and improving the performance of transformers.

Background:

Transformers are subject to various types of failures, including insulation degradation, winding failures, and cooling system issues. These failures can be caused by various factors, including aging, overloading, and environmental conditions. To detect and predict these failures, ML algorithms can analyze historical and real-time data from various sensors installed in the transformer.

Sensors used in transformers can include temperature sensors, current sensors, voltage sensors, and dissolved gas analysis (DGA) sensors. These sensors can provide a wealth of data that can be used to detect anomalies and predict failures. For example, temperature sensors can detect hotspots in the transformer, which can indicate insulation degradation. Current and voltage sensors can detect overloading, which can lead to winding failures. DGA sensors can detect the presence of certain gases, which can indicate partial discharge, arcing, or other types of faults.

ML algorithms can analyze this data to detect anomalies and predict failures. For example, time series analysis algorithms can be used to analyze historical data and identify patterns and trends that indicate potential failures. Supervised learning algorithms can be trained on labeled data to predict specific types of failures. Unsupervised learning algorithms can be used to detect anomalies in real-time data, which can indicate potential failures.

To build an effective ML model for transformer maintenance and performance, it is essential to understand the critical components of the transformer and the types of failures that can occur. The following questions can be used to gather information from subject matter experts:

1. What are the critical components of the transformer that are subject to failure?
2. What types of failures can occur in the transformer, and what are the causes of these failures?
3. What sensors are installed in the transformer, and what data do these sensors provide?
4. How accurate are the sensors in detecting failures, and are there any limitations or biases",1
Are there any specific failure modes or reasons that the anomaly detection model should prioritize in its identification process?,"Electrical transformers are critical assets in the power grid and any failure can lead to significant downtime and financial losses. Some of the common failure modes in electrical transformers that an anomaly detection model should prioritize are:

1. Overheating: Transformers can overheat due to excessive load, poor cooling, or insulation failure. Overheating can lead to reduced lifespan and catastrophic failures.

2. Insulation failure: Insulation degradation is a common cause of transformer failure. Moisture, heat, and age can cause insulation to break down, leading to short circuits and other failures.

3. Gas accumulation: Transformers contain oil for insulation and cooling purposes. If the oil becomes contaminated with moisture or other impurities, gas can accumulate and cause the transformer to fail.

4. Overloading: Overloading a transformer can cause it to overheat and fail. Anomaly detection models should be able to detect if a transformer is being overloaded and alert maintenance personnel.

5. Faulty components: Transformers contain many components, such as capacitors, coils, and bushings, that can fail over time. Anomaly detection models should be able to identify the early signs of component failure.

6. Lightning strikes: Lightning strikes can cause significant damage to transformers, leading to costly repairs and downtime. Anomaly detection models should be able to detect the effects of lightning strikes and alert maintenance personnel.

7. Vibration issues: Transformers can experience vibration issues due to loose connections, unbalanced loads, or mechanical damage. Anomaly detection models should be able to detect abnormal vibrations and alert maintenance personnel.

8. Moisture ingress: Moisture ingress can cause insulation failure and corrosion in transformers. Anomaly detection models should be able to detect the early signs of moisture ingress and alert maintenance personnel.

9. Voltage fluctuations: Voltage fluctuations can cause transformer failures due to overheating or insulation failure. Anomaly detection models should be able to detect voltage fluctuations and alert maintenance personnel.

10. Age-related degradation: Transformers can experience age-related degradation due to the natural",1
What are the key insights that can be derived from the predictive maintenance data to prevent failures in the transformer's core?,"
Electrical transformers are critical assets in industrial and electrical systems, and their failure can lead to significant downtime and financial losses. Predictive maintenance through data analysis can help identify potential issues in a transformer's core, enabling organizations to address them proactively and prevent failures. Here are some key insights that can be derived from predictive maintenance data for transformer cores:

1. Temperature trends: Transformer cores can heat up due to excessive current or poor ventilation, leading to damage and failure. Analyzing temperature trends can help identify abnormal temperature increases, which may indicate potential issues with the core.
2. Vibration patterns: Vibration analysis can provide insights into the physical condition of the transformer core. Changes in vibration patterns can indicate mechanical issues, such as loose connections or damaged components.
3. Current and voltage measurements: Analyzing current and voltage measurements can help identify electrical issues in the transformer core. For example, an imbalance in phase currents can indicate a winding fault, while a decrease in voltage can indicate an issue with the core.
4. Moisture levels: Moisture can cause damage to the transformer core, leading to failure. Analyzing moisture levels can help identify potential issues and prevent failures.
5. Gas levels: Analyzing gas levels in the transformer oil can provide insights into the condition of the transformer core. For example, an increase in gas levels can indicate overheating or arcing, which can lead to core failure.
6. Partial Discharge (PD) analysis: PD analysis can help identify early signs of insulation failure in the transformer core. By detecting and analyzing PD patterns, organizations can address potential issues before they lead to failure.
7. Trend analysis: Analyzing historical data trends can help identify patterns and anomalies that may indicate potential issues with the transformer core. For example, a sudden increase in temperature or vibration may indicate a pending failure.

By analyzing these key insights, organizations can proactively address potential issues in the transformer core, preventing failures and reducing downtime. It is essential to work closely with subject matter experts to ensure that the data is analyzed correctly and that any potential issues are addressed promptly.",1
"What kind of data is available for training the anomaly detection model, and what are the key variables that should be included?","
In order to build an anomaly detection model for an electrical transformer, we need to first understand the type of data that is available for training the model. Electrical transformers typically have a variety of sensors that monitor different aspects of their performance and condition. Some of the common types of data that may be available for an electrical transformer include:

1. Current and voltage measurements: These measurements can provide insights into the electrical behavior of the transformer and can help detect anomalies related to overloading, short circuits, or other electrical faults.
2. Temperature measurements: Transformers can generate significant amounts of heat, and temperature measurements can help detect anomalies related to overheating, cooling system failures, or other thermal issues.
3. Vibration measurements: Vibration sensors can help detect mechanical issues such as loose connections, damaged components, or bearing failures.
4. Moisture measurements: Moisture intrusion can be a major issue for electrical transformers, and moisture sensors can help detect anomalies related to leaks or other sources of moisture intrusion.
5. Pressure measurements: Pressure sensors can help monitor the internal pressure of the transformer and detect anomalies related to gas buildup, fluid leaks, or other pressure-related issues.

When building an anomaly detection model for an electrical transformer, some of the key variables that should be included in the model are:

1. Current and voltage measurements: These measurements can provide important insights into the electrical behavior of the transformer and can help detect anomalies related to overloading, short circuits, or other electrical faults.
2. Temperature measurements: Transformers can generate significant amounts of heat, and temperature measurements can help detect anomalies related to overheating, cooling system failures, or other thermal issues.
3. Age of the transformer: The age of the transformer can be an important factor in detecting anomalies, as older transformers may be more prone to failure.
4. Maintenance history: The maintenance history of the transformer can provide important context for detecting anomalies, as transformers that have not been properly maintained may be more prone to failure.
5. Operating conditions: The operating conditions of the transformer, such as load levels, temperature, and humidity, can all impact its performance and can",1
How do the monitoring and detection of anomalies in transformer insulation materials contribute to safe and efficient operation?,"Electrical transformers are critical assets in the power grid, and their efficient and safe operation is essential for the reliability of the power system. Transformer insulation materials play a crucial role in the operation of electrical transformers, as they protect the transformer's conductors from short circuits and ensure the required electrical insulation. Therefore, monitoring and detecting anomalies in transformer insulation materials are essential for safe and efficient transformer operation.

Anomalies in transformer insulation materials can lead to significant problems, such as insulation breakdown, partial discharge, and ultimately, transformer failure. These failures can result in power outages, safety hazards, and high maintenance and replacement costs. Therefore, monitoring and detecting anomalies in transformer insulation materials can help prevent transformer failures, reduce maintenance costs, and improve the overall reliability and safety of the power system.

Monitoring and detecting anomalies in transformer insulation materials can be achieved through various techniques, such as:

1. Dissolved Gas Analysis (DGA): DGA is a technique used to analyze the gases dissolved in the transformer's insulating oil. The presence of certain gases, such as hydrogen, methane, and acetylene, can indicate anomalies in the transformer's insulation materials.
2. Furan Analysis: Furan analysis is a technique used to measure the amount of furan compounds in the transformer's insulating oil. Furan compounds are produced when the transformer's insulation materials break down, and their presence can indicate an impending failure.
3. Partial Discharge (PD) Measurement: PD measurement is a technique used to detect and locate partial discharges in the transformer's insulation materials. Partial discharges are small electrical discharges that occur when the insulation material is subjected to high electrical stresses, and they can indicate an impending failure.
4. Thermography: Thermography is a technique used to detect hot spots in the transformer's insulation materials. Hot spots can indicate an impending failure, and they can be caused by various factors, such as poor insulation, loose connections, or overloading.

By monitoring and detecting anomalies in transformer insulation materials, it is possible to",1
"What are the potential safety risks, equipment damage, or financial losses associated with not detecting or acting on anomalies?","
Electrical transformers are critical assets in the power distribution grid, and their failure or malfunction can lead to significant safety risks, equipment damage, and financial losses. Anomalies in the operation of electrical transformers, if not detected and acted upon promptly, can result in:

1. Safety risks: Transformer failures can lead to fires, explosions, and the release of hazardous substances, posing severe safety risks to personnel and nearby communities.
2. Equipment damage: An undetected anomaly in a transformer can cause damage to the equipment itself, leading to costly repairs or replacements. In some cases, the damage can extend to other connected equipment, causing a cascading failure that affects a more extensive area of the power grid.
3. Financial losses: Untreated transformer anomalies can lead to power outages, resulting in significant financial losses for the utility company and its customers. Moreover, the costs associated with equipment repairs, replacements, and environmental remediation can quickly add up, leading to substantial financial consequences.
4. Reduced lifespan: Anomalies, if not detected and corrected, can reduce the overall lifespan of the transformer, leading to more frequent replacements and higher maintenance costs.
5. Reduced efficiency: Anomalies can also lead to reduced efficiency in the transformer's operation, resulting in increased energy consumption, higher operating costs, and a more significant environmental impact.

In summary, not detecting or acting on anomalies in electrical transformers can have severe consequences, including safety risks, equipment damage, financial losses, reduced lifespan, and decreased efficiency. Building an anomaly detection model using real-time time series sensor data is crucial to ensure the safe, reliable, and efficient operation of electrical transformers and the power grid as a whole.",1
How does overexcitation impact electrical transformers and what sensor data can be used to monitor and detect this failure mode?,"
Electrical transformers are critical assets in the power grid, and their failure can lead to significant downtime and financial losses. Overexcitation is a failure mode that can occur in electrical transformers, leading to their degradation and eventual failure. Overexcitation can be caused by various factors, such as abnormal operating conditions, grid faults, or voltage surges. It can result in the transformer's core temperature rising, leading to thermal damage and reduced lifespan.

To monitor and detect overexcitation in electrical transformers, several sensors can be used to collect real-time time series data. The following are some of the sensors that can be used for this purpose:

1. Current Transformers (CTs): CTs are used to measure the current flowing through the transformer. By monitoring the current waveform, it is possible to detect any abnormalities that may indicate overexcitation. For example, a sudden increase in the current level can be a sign of overexcitation.
2. Voltage Transformers (VTs): VTs are used to measure the voltage across the transformer. By monitoring the voltage waveform, it is possible to detect any voltage fluctuations that may indicate overexcitation. For example, a sudden increase in the voltage level can be a sign of overexcitation.
3. Dissolved Gas Analysis (DGA) sensors: DGA sensors are used to monitor the gas levels in the transformer's insulating oil. Overexcitation can result in the production of gases such as hydrogen, methane, and acetylene. By monitoring the gas levels, it is possible to detect any abnormalities that may indicate overexcitation.
4. Temperature sensors: Temperature sensors can be used to monitor the temperature of the transformer's core and windings. Overexcitation can result in a significant increase in the transformer's temperature. By monitoring the temperature, it is possible to detect any abnormalities that may indicate overexcitation.
5. Winding deformation sensors: Winding deformation sensors can be used to monitor the deformation of the transformer's windings. Overexcitation can result in the windings becoming deformed, leading to mechanical stress and eventual failure. By monitoring the deformation, it is possible to detect any abnormalities that may indicate",1
Can the model be customized to meet specific needs and requirements of different electrical transformer types and applications?,"Anomaly detection models for electrical transformers must be customizable to meet the specific needs and requirements of different transformer types and applications. This is due to the following reasons:

1. Varied transformer types: Electrical transformers can be categorized into different types based on their usage, such as power transformers, distribution transformers, and instrument transformers. Each type has unique characteristics, such as rated power, voltage levels, and cooling methods, which can influence the type and frequency of anomalies.
2. Diverse applications: Electrical transformers can be used in various applications, such as power generation, transmission, and distribution. The operating conditions, environmental factors, and maintenance practices can differ significantly across these applications, leading to varying anomaly patterns.
3. Customized maintenance strategies: Electrical transformers may follow different maintenance strategies, such as time-based maintenance, condition-based maintenance, or a combination of both. Anomaly detection models should be customizable to support these maintenance strategies and provide relevant information for decision-making.
4. Varying failure modes: Electrical transformers can experience numerous failure modes, such as winding faults, core losses, insulation degradation, and cooling system issues. The severity, frequency, and detectability of these failure modes can differ based on the transformer type and application.
5. Sensor availability and quality: The type and quality of sensors installed in electrical transformers can vary. Some transformers may have advanced sensors for temperature, vibration, and partial discharge, while others may have limited or no sensor data. Customizable anomaly detection models can accommodate these variations in sensor data.

In summary, customizing the anomaly detection model for various electrical transformer types and applications is crucial to ensure accurate and relevant anomaly detection. This customization can be achieved by considering factors such as transformer type, application, maintenance strategy, failure modes, and sensor availability.",1
"What are the challenges in establishing a baseline for normal temperature ranges in transformers, and how can they be overcome?","
Establishing a baseline for normal temperature ranges in electrical transformers is a crucial step in building an anomaly detection model for IoT/OT system data. This process can be challenging due to several factors, including:

1. Temperature fluctuations: Electrical transformers can experience temperature fluctuations due to changes in load, ambient conditions, and other factors. These fluctuations can make it difficult to establish a clear baseline for normal temperature ranges.
2. Aging and degradation: Over time, electrical transformers can degrade and experience performance issues, which can impact their temperature profiles. This can make it challenging to distinguish between normal and abnormal temperature behavior.
3. Measurement accuracy: Temperature sensors used to measure transformer temperatures may not be accurately calibrated, leading to inconsistencies in temperature data.

To overcome these challenges, it is important to consider the following:

1. Collect comprehensive data: To establish a robust baseline for normal temperature ranges, it is important to collect comprehensive data on transformer temperatures under a variety of operating conditions. This may include data on transformer load, ambient temperature, and other relevant factors.
2. Use advanced analytics: Advanced analytics techniques, such as machine learning algorithms, can help to identify patterns and trends in transformer temperature data, making it easier to establish a baseline for normal temperature ranges.
3. Ensure accurate measurement: Ensuring that temperature sensors are accurately calibrated is essential for collecting reliable temperature data. Regular maintenance and calibration of sensors can help to ensure accurate measurement.
4. Consider other factors: Other factors, such as transformer age and degradation, should also be taken into account when establishing a baseline for normal temperature ranges. This may involve collecting data on transformer maintenance and performance, as well as temperature data.

By considering these factors and taking a comprehensive approach to data collection and analysis, it is possible to establish a robust baseline for normal temperature ranges in electrical transformers, which can help to improve the accuracy and effectiveness of an anomaly detection model.",1
Are there any specific data quality issues or missing data patterns that need to be addressed in the anomaly detection model?,"
Electrical transformers are critical assets in the power grid, and their failure can lead to significant downtime and financial losses. Anomaly detection models can help identify potential issues with these transformers by analyzing real-time sensor data. However, there are some data quality issues and missing data patterns that need to be addressed to ensure the accuracy and effectiveness of the model.

1. Sensor calibration: Sensor data may be inaccurate if the sensors are not calibrated correctly. Regular calibration is necessary to ensure that the sensor data is reliable and accurate.
2. Sensor drift: Over time, sensors may drift, leading to inaccurate readings. Regular drift analysis and correction are necessary to ensure the accuracy of the sensor data.
3. Sensor failure: Sensors can fail, leading to missing or inaccurate data. Regular monitoring of sensor health is necessary to identify and address sensor failures promptly.
4. Data transmission issues: Data transmission issues can cause missing or delayed data. It is necessary to have redundant communication channels and robust data transmission protocols to ensure the timely and accurate transmission of sensor data.
5. Time synchronization: Time synchronization is critical for analyzing sensor data from multiple sources. Any time synchronization issues can cause inaccuracies in the analysis.
6. Data preprocessing: Data preprocessing steps such as outlier detection, missing value imputation, and noise reduction are necessary to ensure the quality of the sensor data.
7. Data sampling rate: The sampling rate of the sensor data can affect the accuracy of the anomaly detection model. A sampling rate that is too low may miss critical events, while a sampling rate that is too high may lead to excessive computational requirements.
8. Data normalization: Data normalization is necessary to ensure that the sensor data is on a comparable scale. This is especially important when combining data from different sensors or sources.
9. Data labeling: Accurate labeling of the sensor data is necessary to train the anomaly detection model. Mislabeled data can lead to inaccurate model predictions.
10. Data privacy and security: Data privacy and security are critical concerns when handling sensor data. Appropriate data access controls, encryption, and anonymization techniques should be used to protect the data.

In summary, there are several data quality issues and missing data patterns",1
How will the model handle the variability in operating conditions and data patterns across different electrical transformers?,"To build an anomaly detection model for electrical transformers, it is crucial to understand the variability in operating conditions and data patterns across different transformers. This is because electrical transformers can have diverse specifications, such as voltage ratings, power capacities, and physical characteristics, leading to variations in their operational and data patterns. Here are some key factors to consider while building the anomaly detection model:

1. Asset-specific characteristics: Electrical transformers can have different voltage ratings, power capacities, and physical dimensions. These factors can influence the operating conditions and data patterns. The model should be able to account for these differences to ensure accurate anomaly detection.
2. Operational conditions: Electrical transformers can operate under various conditions, such as varying load levels, temperature ranges, and environmental factors. The model should be able to handle these variations and identify anomalies accurately.
3. Data patterns: Data patterns from electrical transformers can vary based on factors like sampling rates, data granularity, and data quality. The model should be robust enough to handle these variations and identify anomalies accurately.
4. Failure modes: Electrical transformers can experience various failure modes, such as insulation degradation, winding faults, or cooling system issues. The model should be capable of detecting these failure modes using the available sensor data.
5. Sensor data quality: The quality of sensor data can vary across different electrical transformers. Some transformers might have more comprehensive sensor coverage, while others might have limited sensor data. The model should be able to handle these variations and still provide accurate anomaly detection.

In order to address these factors, the anomaly detection model should be designed with sufficient flexibility and robustness to account for the variability in operating conditions and data patterns across different electrical transformers. This can be achieved by:

* Using domain knowledge to identify the most relevant features and sensors for anomaly detection in electrical transformers.
* Implementing data preprocessing techniques to normalize, transform, and clean the sensor data, making it suitable for the anomaly detection model.
* Training the model using a diverse dataset, including data from various electrical transformers with different characteristics, operational conditions, and data patterns.
* Validating the model using cross-validation techniques and testing it on unseen data from different transformers to ensure its generalizability.
* Continuously",1
How will the anomaly detection model's alerts and notifications be configured and communicated to the relevant stakeholders?,"In order to provide an answer to this question, I would first like to clarify some details about the nature of the alerts and notifications that the anomaly detection model will generate. To do this, I would like to ask the following questions to the relevant subject matter experts:

1. What is the desired level of granularity for the alerts and notifications? In other words, should the model generate alerts for every anomalous data point, or should it aggregate the data and generate alerts only when certain conditions are met?
2. What is the preferred method of communication for the alerts and notifications? For example, should the model send emails, text messages, or push notifications to the relevant stakeholders?
3. What is the desired frequency of the alerts and notifications? Should the model send alerts in real-time, or should it batch the data and send daily or weekly summaries?
4. Who are the relevant stakeholders who should receive the alerts and notifications? For example, should the model send alerts to maintenance personnel, operations managers, or other individuals?
5. What actions should be taken in response to the alerts and notifications? For example, should the relevant stakeholders investigate the anomaly, take corrective action, or simply monitor the situation?

Once we have a clear understanding of the requirements for the alerts and notifications, we can design the anomaly detection model to meet these needs. For example, if the desired level of granularity is high, the model could generate alerts for every anomalous data point and send them in real-time via email to the relevant maintenance personnel. On the other hand, if the desired level of granularity is low, the model could aggregate the data and send daily summaries to the operations managers.

In terms of the actual implementation of the anomaly detection model, there are many approaches that could be taken. One possible approach is to use a machine learning algorithm, such as a neural network or a decision tree, to analyze the time series sensor data and identify patterns that indicate an anomaly. The model could then generate alerts based on these patterns and send them to the relevant stakeholders using the desired method of communication.

Overall, the key to configuring and communicating the alerts and notifications for the anomaly detection model is to understand the requirements and preferences of the",1
What are the challenges in implementing real-time or near-real-time anomaly detection in electrical transformer sensor data?,"
Electrical transformers are critical assets in the power grid, and their failure can lead to significant downtime and financial losses. Therefore, implementing real-time or near-real-time anomaly detection in electrical transformer sensor data is crucial to ensure their reliable and efficient operation. However, there are several challenges associated with implementing anomaly detection in transformer sensor data:

1. Large volumes of data: Transformers generate a large volume of data, including temperature, current, voltage, and other critical parameters. Analyzing such large volumes of data in real-time can be challenging and requires significant computational resources.
2. Complexity of transformer operation: Transformers are complex systems with many interacting components, making it difficult to identify the root cause of an anomaly. For example, a temperature anomaly could be due to a malfunctioning cooling system, a load increase, or a combination of factors.
3. Sensor accuracy and reliability: The accuracy and reliability of sensors used to monitor transformer operation can vary. Sensor drift, noise, and failure can lead to false positives or negatives in anomaly detection.
4. Data quality: Transformer sensor data can be affected by various factors, including communication errors, data corruption, and missing values. These issues can affect the accuracy and reliability of anomaly detection.
5. Failure modes: Electrical transformers can fail in various ways, including thermal, electrical, and mechanical failures. Identifying the specific failure mode is essential to determine the appropriate anomaly detection approach.
6. Time-series data analysis: Transformer sensor data is typically time-series data, which can be challenging to analyze in real-time. Time-series data analysis requires specialized techniques, including time-domain and frequency-domain analysis, to identify anomalies.
7. Real-time processing: Real-time processing of transformer sensor data requires low-latency and high-throughput data processing techniques. Traditional data processing techniques may not be suitable for real-time processing, and specialized techniques, such as stream processing, may be required.

To address these challenges, a domain understanding of the electrical transformer system is necessary to identify the critical parameters to monitor, the typical failure modes, and the appropriate anomaly detection techniques. Additionally, selecting appropriate sensors, ensuring data quality, and using real-time processing techniques are essential to implement",1
What are the benefits of integrating preventive maintenance measures with an anomaly detection model for transformer health?,"
Electrical transformers are critical assets in industrial and utility organizations, and their failure can lead to significant downtime, safety risks, and financial losses. Implementing preventive maintenance measures and an anomaly detection model for transformer health can provide the following benefits:

1. **Early fault detection:** Anomaly detection models can identify subtle changes in the transformer's condition and provide early warnings of potential issues, allowing maintenance teams to address problems before they escalate into failures.
2. **Reduced downtime:** By detecting and addressing issues early, organizations can minimize the need for unplanned downtime and reduce the overall maintenance window required for repairing or replacing transformers.
3. **Increased safety:** Early detection of potential transformer failures can help prevent catastrophic accidents, reducing the risk of harm to personnel and equipment.
4. **Cost savings:** Implementing preventive maintenance measures and an anomaly detection model can help organizations save on maintenance and replacement costs by extending the lifespan of transformers and minimizing the need for unplanned repairs.
5. **Optimized maintenance schedules:** By leveraging historical and real-time data, organizations can optimize their maintenance schedules and allocate resources more efficiently, ensuring that maintenance activities are performed only when necessary.
6. **Data-driven decision-making:** Anomaly detection models can provide organizations with valuable insights into transformer health and performance, enabling data-driven decision-making and strategic planning.
7. **Regulatory compliance:** Implementing preventive maintenance measures and an anomaly detection model can help organizations comply with regulatory requirements and industry standards related to asset management and safety.

In summary, integrating preventive maintenance measures with an anomaly detection model for transformer health can provide numerous benefits, including early fault detection, reduced downtime, increased safety, cost savings, optimized maintenance schedules, data-driven decision-making, and regulatory compliance.",1
Can you provide examples of how acoustic emission monitoring has been used to detect mechanical degradation in transformers?,"
Certainly! In the context of electrical transformers, acoustic emission (AE) monitoring has been used to detect and evaluate mechanical degradation, such as partial discharge (PD) activity, arising from various internal faults. PD is a localized dielectric breakdown in a transformer's insulation system, which can lead to significant damage and failure if left unchecked. AE monitoring is a non-destructive testing technique that can detect and locate PD activity by analyzing the high-frequency acoustic signals generated during the discharge process.

Some examples of how AE monitoring has been used to detect mechanical degradation in transformers include:

1. PD source localization: By analyzing the time of arrival differences of AE signals at multiple sensors placed around the transformer, it is possible to accurately locate the PD source within the transformer. This information can be used to identify the specific components experiencing degradation, such as the windings, insulation, or bushings, and to assess the severity of the damage.
2. PD trend monitoring: By monitoring AE signals over time, it is possible to detect trends in PD activity that may indicate an increasing rate of degradation. This information can be used to plan maintenance activities, such as inspections or repairs, before a catastrophic failure occurs.
3. Online monitoring: AE monitoring can be performed online, allowing for real-time detection and evaluation of PD activity in transformers. This is particularly useful in applications where continuous monitoring is required, such as in power generation or transmission systems.
4. Condition-based maintenance: AE monitoring can be used as part of a condition-based maintenance strategy, where maintenance activities are scheduled based on the actual condition of the transformer, rather than on a predetermined schedule. This approach can help to reduce maintenance costs and improve the reliability of the transformer.

In summary, AE monitoring has been used as an effective tool for detecting and evaluating mechanical degradation in electrical transformers. By analyzing the high-frequency acoustic signals generated during PD activity, it is possible to accurately locate the source of the degradation, monitor trends in PD activity, perform online monitoring, and implement condition-based maintenance strategies.",1
"What data is available for monitoring the condition of electrical transformers, and how can it be used to detect anomalies?","
To build an anomaly detection model for electrical transformers, it is crucial to understand the types of data that are available for monitoring their condition and how this data can be used to detect anomalies. Electrical transformers are critical assets in the power grid, and their failure can have significant consequences. Therefore, monitoring their condition and detecting anomalies in real-time is essential to ensure their reliable and safe operation.

The following is a list of data that are typically available for monitoring the condition of electrical transformers:

1. Current and voltage measurements: Transformers are designed to transform electrical energy from one voltage level to another. Therefore, monitoring the current and voltage levels at the input and output of the transformer can provide valuable insights into its operating condition. For example, abnormally high current levels can indicate an overload condition, while low voltage levels can indicate an undervoltage condition.
2. Temperature measurements: Transformers generate heat during operation, and excessive heat can lead to insulation failure and other issues. Therefore, monitoring the temperature of the transformer's windings, oil, and other components is essential. Temperature sensors such as thermocouples and resistance temperature detectors (RTDs) can be used to measure the temperature of the transformer.
3. Oil analysis: Transformers are filled with oil, which serves as both a coolant and an insulator. Regular oil analysis can provide valuable information about the transformer's condition. For example, the presence of moisture, gas, or other contaminants in the oil can indicate a problem with the transformer.
4. Vibration analysis: Transformers have moving parts, such as fans and pumps, that can generate vibrations. Analyzing these vibrations can provide insights into the transformer's condition. For example, excessive vibration can indicate a mechanical issue, such as a loose connection or a damaged bearing.
5. Dissolved Gas Analysis (DGA): DGA is a technique used to analyze the gases dissolved in the insulating oil of transformers. The gases are generated due to the electrical discharge and thermal decomposition of the insulating materials. The analysis of these gases can provide information about the type and severity of the fault in the transformer.

The data obtained from these sensors can be used to detect anomalies in",1
How can real-time sensor data from IoT/OT systems be used to monitor the transformer's core and detect anomalies or issues?,"
Electrical transformers are critical assets in industrial and utility infrastructure, and their proper functioning is essential for the reliable delivery of power. Real-time sensor data from IoT/OT systems can be used to monitor the transformer's core and detect anomalies or issues, thereby enabling predictive maintenance and preventing costly downtime. Here are some key components and considerations for building an anomaly detection model for electrical transformers:

1. Sensor Selection: The first step in building an anomaly detection model is to identify the relevant sensors that can provide meaningful data about the transformer's core. Some of the commonly used sensors for transformer monitoring include:
* Temperature sensors: These sensors can measure the temperature of the transformer's winding, oil, and surrounding environment. Abnormal temperature readings can indicate issues such as overloading, poor cooling, or insulation failure.
* Vibration sensors: These sensors can detect mechanical vibrations in the transformer, which can indicate issues such as loose connections, arcing, or mechanical damage.
* Gas sensors: These sensors can detect the presence of gases such as oil decomposition products, which can indicate internal faults or overheating.
* Current and voltage sensors: These sensors can measure the current and voltage flowing through the transformer, which can indicate issues such as overloading, short-circuits, or voltage imbalances.
1. Failure Modes: Understanding the common failure modes of electrical transformers is crucial for building an effective anomaly detection model. Some of the common failure modes in transformers include:
* Insulation failure: This can occur due to aging, contamination, or overheating, and can lead to short-circuits or breakdowns.
* Mechanical failure: This can occur due to loose connections, arcing, or mechanical damage, and can lead to overheating or fire hazards.
* Electrical failure: This can occur due to overloading, voltage imbalances, or insulation failure, and can lead to power outages or damage to connected equipment.
1. Sensor Data Quality: The quality of the sensor data is critical for building an accurate anomaly detection model. Factors that can affect the quality of the sensor data include:
* Sensor accuracy and precision: The accuracy and precision of the sensors should be validated and calibr",1
How can severity and detectability ratings be assigned to different components and failure modes of the transformer's core?,"
To assign severity and detectability ratings to different components and failure modes of an electrical transformer's core, we need to consider the following factors:

1. Component Criticality: The first step is to identify the critical components of the transformer's core. These components are essential for the proper functioning of the transformer. For example, the core windings, core clamping structure, and core laminations are critical components of a transformer's core.
2. Failure Modes: Once the critical components are identified, we need to identify the possible failure modes for each component. Failure modes refer to the ways in which a component can fail. For example, the possible failure modes for the core windings can be short-circuit, open-circuit, or turn-to-turn faults.
3. Severity of Failure: After identifying the failure modes, we need to assign a severity rating to each failure mode. The severity rating depends on the impact of the failure on the transformer's performance and the cost of repair or replacement. For example, a short-circuit failure in the core windings can be more severe than a turn-to-turn fault.
4. Detectability of Failure: The detectability rating depends on the ability of the available sensors to detect the failure. For example, a short-circuit failure in the core windings can be easily detected by monitoring the winding temperature, current, and voltage. However, a turn-to-turn fault may not be easily detectable by these sensors.
5. Sensor Data Quality: The quality of the sensor data is crucial in determining the detectability of the failure. The sensors should be calibrated correctly, and the data should be free from noise and errors. The sensors should be placed in strategic locations to ensure maximum coverage and sensitivity.
6. Historical Data: The historical data of the transformer's performance and maintenance records can provide valuable insights into the common failure modes and their severity. This information can be used to assign appropriate severity and detectability ratings to each failure mode.
7. Expert Judgment: Expert judgment from maintenance engineers, transformer designers, and other subject matter experts can provide valuable insights into the criticality, failure modes, severity, and detectability of the transformer's components.

Based on the above",1
Can you explain the significance of collecting data at regular intervals versus continuous high-frequency data collection?,"
When it comes to collecting data for an anomaly detection model, particularly in the context of electrical transformers, the choice between regular interval-based data collection and continuous, high-frequency data collection can have significant implications. Here, we will discuss the importance of both approaches and the significance of each in the context of an anomaly detection model for electrical transformers.

**Regular Interval-based Data Collection:**

Collecting data at regular intervals, such as every minute, hour, or day, can provide a structured and organized view of the transformer's performance over time. This approach is particularly useful for identifying trends, cycles, and patterns in the data, which can be indicative of the transformer's health and performance.

Regular interval-based data collection has several advantages:

1. **Reduced Noise:** By collecting data at regular intervals, the impact of short-term fluctuations and measurement errors can be reduced, leading to a clearer picture of the transformer's performance.
2. **Computational Efficiency:** Regular interval-based data collection can be less computationally intensive, as it generates less data compared to continuous, high-frequency data collection.
3. **Simplicity:** Regular interval-based data collection is often easier to implement and manage, as it requires fewer resources and less complex data processing techniques.

**Continuous, High-Frequency Data Collection:**

On the other hand, collecting data continuously and at high frequencies, such as every second or millisecond, can provide a more detailed and nuanced view of the transformer's performance. This approach is particularly useful for identifying transient events, such as voltage spikes or dips, that may be indicative of an anomaly or failure.

Continuous, high-frequency data collection has several advantages:

1. **Greater Precision:** By collecting data at a high frequency, it is possible to capture short-term fluctuations and transient events that may be missed with regular interval-based data collection.
2. **Real-time Monitoring:** Continuous, high-frequency data collection enables real-time monitoring of the transformer's performance, allowing for immediate detection and response to anomalies or failures.
3. **Improved Anomaly Detection:** Continuous, high-frequency data collection can improve the accuracy and reliability of anomaly",1
How can the data collected from the sensors be used to predict and prevent catastrophic events in electrical transformers?,,1
How can the data collected from the sensors be used to predict and prevent gradual degradation in electrical transformers?,"
Electrical transformers are critical assets in the power grid, and their gradual degradation can lead to significant operational and financial consequences. To predict and prevent such degradation, data collected from sensors can be used to build an anomaly detection model. This model can identify unusual patterns or anomalies in the sensor data, which can indicate early signs of gradual degradation.

To build an effective anomaly detection model for electrical transformers, it is essential to understand the following components:

1. Sensor types and locations: Understanding the types of sensors installed on the transformer and their locations is crucial. Temperature, current, voltage, and power factor sensors are commonly used to monitor the condition of electrical transformers. These sensors can provide valuable data to detect gradual degradation.
2. Failure modes: Electrical transformers can experience various failure modes, such as insulation degradation, winding deformation, and core damage. Understanding these failure modes is essential to identify the relevant sensor data that can detect them.
3. Sensor data quality: The quality of the sensor data is critical to building an accurate anomaly detection model. Ensuring that the data is free from noise, drift, and outliers is essential to avoid false positives or negatives.
4. Data preprocessing: Preprocessing the sensor data is necessary to extract relevant features and transform them into a suitable format for the anomaly detection model. This step can include feature engineering, normalization, and aggregation.
5. Model selection: Selecting an appropriate anomaly detection model is essential to detect gradual degradation in electrical transformers. Commonly used models include statistical models, machine learning models, and deep learning models.

To summarize, the data collected from sensors in electrical transformers can be used to predict and prevent gradual degradation by building an anomaly detection model. Understanding the sensor types and locations, failure modes, sensor data quality, data preprocessing, and model selection is crucial to build an effective model. By detecting gradual degradation early, it is possible to prevent catastrophic failures and minimize operational and financial consequences.",1
How can the data collected from these monitoring methods be analyzed to detect mechanical degradation trends and patterns?,"
Electrical transformers are critical assets in the power grid, and monitoring their condition is essential to ensure their proper functioning and prevent failures. Various monitoring methods can be used to collect data on the condition of electrical transformers, including temperature sensors, vibration sensors, oil analysis, and partial discharge detection. This background document will discuss how the data collected from these monitoring methods can be analyzed to detect mechanical degradation trends and patterns in electrical transformers.

Temperature sensors can provide valuable data on the temperature distribution within the transformer, which can indicate hotspots that may indicate mechanical degradation. By analyzing temperature trends over time, it is possible to identify abnormal temperature increases that may indicate the onset of mechanical failure. For example, a sudden increase in winding temperature may indicate insulation degradation, while a gradual increase in temperature over time may indicate overloading or age-related degradation.

Vibration sensors can be used to detect mechanical vibrations in the transformer, which can indicate issues such as loose components, bearing wear, or rotor imbalance. By analyzing vibration patterns over time, it is possible to identify changes that may indicate the onset of mechanical failure. For example, an increase in vibration amplitude or frequency may indicate a loose component, while a change in vibration frequency may indicate bearing wear.

Oil analysis can provide valuable data on the condition of the transformer's insulating oil, which can indicate the presence of contaminants or degradation products that may indicate mechanical degradation. By analyzing oil samples over time, it is possible to identify changes in the oil's chemical composition that may indicate the onset of mechanical failure. For example, an increase in the level of dissolved gas in the oil may indicate partial discharge, which can indicate insulation degradation.

Partial discharge detection can be used to detect small electrical discharges within the transformer, which can indicate insulation degradation. By analyzing partial discharge patterns over time, it is possible to identify changes that may indicate the onset of mechanical failure. For example, an increase in partial discharge frequency or amplitude may indicate the onset of insulation degradation.

In summary, data collected from various monitoring methods can be analyzed to detect mechanical degradation trends and patterns in electrical transformers. By analyzing temperature trends",1
What specific diagnostic techniques can be used to detect disbonding or delamination if visual indicators are not present?,"
Electrical transformers are critical assets in the power grid infrastructure. Detecting insulation-related issues, such as disbonding or delamination, in a timely manner is essential to ensure the reliable operation of these assets. Since visual indicators may not always be present or accessible, it is important to consider other diagnostic techniques. Some of these techniques include:

1. **Frequency Response Analysis (FRA):** FRA is a non-intrusive, diagnostic technique that measures the frequency response of a transformer's windings to assess the condition of the insulation system. By comparing the measured frequency response to a baseline or a synthetic model, it is possible to detect disbonding or delamination in the insulation system.
2. **Partial Discharge (PD) Measurements:** PD measurements can detect and locate insulation defects, such as disbonding or delamination, by analyzing the electrical discharge patterns within the transformer. PD sensors can be installed externally or internally to monitor the transformer's condition continuously.
3. **Tan Delta (Tan δ) or Dissipation Factor Measurements:** Tan δ measurements evaluate the dielectric properties of the insulation system. High Tan δ values can indicate moisture ingress, ageing, or insulation degradation due to disbonding or delamination.
4. **Insulation Resistance (IR) Measurements:** IR measurements can be used to assess the condition of the insulation system by measuring the resistance between the transformer's windings and ground. Low IR values can indicate insulation degradation due to disbonding or delamination.
5. **Thermal Imaging:** Thermal imaging can detect hotspots in the transformer, which can be indicative of insulation issues. By comparing thermal images over time, it is possible to detect disbonding or delamination in the insulation system.
6. **Current and Voltage Transformers (CVTs) and Potential Transformers (POTs):** By monitoring the current and voltage signals in the transformer, it is possible to detect abnormalities that may indicate insulation issues. For example, increased current or voltage fluctuations can be indicative of disbonding or delamination.
7. **Man",1
How will the model distinguish between normal and abnormal behavior in the electrical transformer's operating parameters?,"
In order to distinguish between normal and abnormal behavior in an electrical transformer's operating parameters, we will need to develop an anomaly detection model using the available real-time time series sensor data. The following questions will help us gather the necessary domain understanding to build an effective model:

1. What are the key operating parameters that the model should monitor for the electrical transformer? This will help us identify the most important variables to include in the model.
2. What are the typical ranges for these operating parameters under normal conditions? This will allow us to establish a baseline for what constitutes normal behavior.
3. Are there any specific patterns or trends in the data that indicate abnormal behavior? For example, sudden spikes or drops in temperature or pressure may indicate a problem with the transformer.
4. How sensitive are the sensors that collect the data? It is important to understand the level of precision and accuracy of the sensor data to ensure that the model can reliably detect anomalies.
5. Are there any known failure modes or common issues that affect electrical transformers? Understanding these failure modes can help us identify specific patterns or indicators of abnormal behavior in the sensor data.
6. How often does the sensor data need to be collected and analyzed? Real-time analysis may require more frequent data collection, while batch analysis may be sufficient for less time-sensitive applications.
7. Are there any external factors that may impact the electrical transformer's operating parameters, such as weather conditions or changes in usage patterns? Understanding these factors can help us account for potential confounding variables in the model.
8. What is the desired level of sensitivity and specificity for the anomaly detection model? A more sensitive model may detect more anomalies, but may also generate more false positives, while a less sensitive model may miss some anomalies but generate fewer false positives.
9. How will the model's performance be evaluated and validated? Establishing clear performance metrics and validation procedures can help ensure that the model is effective and reliable.
10. Finally, what are the potential consequences of false negatives or false positives in the anomaly detection model? Understanding the potential impact of model errors can help inform decisions about model sensitivity and specificity.",1
How can the organization's risk tolerance be considered when setting the desired false positive and false negative rates?,"
In the context of building an anomaly detection model for electrical transformers in an IoT/OT system, the organization's risk tolerance plays a crucial role in setting the desired false positive and false negative rates. 

First, let's define false positives and false negatives:

* False Positive (Type I error): The model incorrectly identifies a normal event as an anomaly.
* False Negative (Type II error): The model fails to detect an actual anomaly.

Risk Tolerance:
Risk tolerance is the degree of variability in investment returns that an investor is willing to withstand. In the context of an anomaly detection model, risk tolerance reflects how much variation or ""risk"" the organization is willing to accept in the model's performance.

Applying Risk Tolerance to Anomaly Detection:

1. High risk tolerance: If the organization is willing to accept a higher number of false positives and false negatives, it implies a higher risk tolerance. This could be suitable for systems where early detection of severe failures is more critical than minimizing false alarms. For example, if a transformer failure could lead to a significant safety hazard or production stoppage, the organization might prioritize early detection of severe failures over minimizing false alarms.

2. Low risk tolerance: If the organization wants to minimize false positives and false negatives, it implies a lower risk tolerance. This could be suitable for systems where false alarms could lead to unnecessary maintenance, increased costs, or operational disruptions. For example, if frequent false alarms lead to unnecessary shutdowns of transformers, it could result in increased maintenance costs and production losses.

Balancing False Positives and False Negatives:

The organization's risk tolerance will help determine the desired balance between false positives and false negatives. A common approach is to use a Receiver Operating Characteristic (ROC) curve to visualize the trade-off between the two. The ROC curve plots the True Positive Rate (TPR) against the False Positive Rate (FPR) at various threshold settings. By adjusting the threshold, the organization can find the optimal balance that aligns with their risk tolerance.

In conclusion, understanding the organization's risk tolerance is essential when building an anomaly detection",1
What are the challenges in monitoring and detecting mechanical degradation in transformers and how can they be addressed?,"
Electrical transformers are critical assets in the power grid, and their mechanical degradation can lead to significant operational and financial impacts. Mechanical degradation in transformers can be caused by various factors, including overheating, vibration, and age-related wear and tear. Monitoring and detecting mechanical degradation in transformers is challenging due to several reasons:

1. **Lack of real-time monitoring:** Traditional monitoring methods for transformers are often manual and performed at infrequent intervals, making it difficult to detect mechanical degradation in real-time.
2. **Limited sensor data:** Transformers may not have sufficient sensors to monitor all relevant parameters, such as temperature, vibration, and oil quality, making it challenging to detect mechanical degradation accurately.
3. **Complexity of transformer design:** Transformers are complex systems with multiple components, and mechanical degradation can occur in any of these components. This complexity makes it challenging to identify the root cause of mechanical degradation.
4. **Ageing of transformers:** Transformers can have long lifetimes, and their ageing can lead to mechanical degradation. However, ageing is a slow process, and detecting mechanical degradation in ageing transformers is challenging.

To address these challenges, a real-time anomaly detection model can be developed using sensor data from transformers. The following questions can be used to gather information from subject matter experts to build an effective anomaly detection model:

1. What are the critical components of a transformer that are prone to mechanical degradation?
2. What are the typical failure modes of these components, and how can they be detected using sensor data?
3. What type of sensor data is available for monitoring transformers, and what is the frequency of data collection?
4. What are the normal operating conditions of a transformer, and what are the thresholds for abnormal conditions?
5. What are the historical data and past incidents related to mechanical degradation in transformers?
6. What are the regulatory requirements and industry standards for monitoring and maintaining transformers?

By answering these questions, subject matter experts can provide the necessary information to build an anomaly detection model that accurately detects mechanical degradation in transformers. The model can then be used to monitor",1
"How can the model be used to predict and prevent transformer failures, rather than just detecting them after they occur?","In order to build an anomaly detection model for electrical transformers that can predict and prevent transformers failures, we need to first understand the critical components and failure modes of transformers. Electrical transformers are critical assets in the power grid and are responsible for converting and transmitting electrical energy. Some common failure modes in transformers include:

1. Insulation failure: This is one of the most common failure modes in transformers. The insulation material in the transformer can degrade over time due to factors such as temperature, humidity, and electrical stress.
2. Overloading: Transformers can be subjected to overloading, which can cause the transformer to overheat and eventually fail.
3. Moisture ingress: Moisture can enter the transformer and cause damage to the insulation and other components.
4. Faulty or damaged components: Components such as bushings, tap changers, and cooling systems can fail, leading to transformer failure.

To build an anomaly detection model that can predict and prevent transformer failures, we need to collect and analyze sensor data from the transformer. This data can include measurements such as temperature, humidity, electrical current, and voltage. By analyzing this data, we can identify patterns and anomalies that may indicate a potential failure mode.

For example, if we notice that the temperature of the transformer is consistently increasing over time, this may indicate an insulation failure or overloading. By detecting this anomaly early, we can take corrective action, such as reducing the load on the transformer or repairing the insulation, to prevent a failure from occurring.

Similarly, if we notice that the humidity levels in the transformer are consistently high, this may indicate a risk of moisture ingress. By detecting this anomaly early, we can take preventative measures, such as installing a dehumidifier, to prevent moisture from entering the transformer.

In addition to detecting anomalies, the anomaly detection model can also be used to predict potential failure modes. For example, if we notice that the temperature of the transformer is consistently increasing, and this trend is projected to continue, we can predict that a failure is likely to occur in the near future. This allows us to take proactive action to prevent the failure from occurring.

To build",1
Are there any specific data privacy or security requirements that need to be considered in the anomaly detection model?,"
When building an anomaly detection model for electrical transformers in an IoT/OT system, there are indeed specific data privacy and security requirements that must be taken into consideration. Electrical transformers are critical components of the power grid, and any cybersecurity breaches or data leaks could result in severe consequences, including power outages, equipment damage, and safety risks.

To ensure data privacy and security, the following considerations should be made:

1. Data Encryption: All data transmitted and stored should be encrypted using industry-standard encryption protocols, such as AES or RSA. This ensures that even if the data is intercepted, it cannot be read or deciphered without the encryption key.
2. Access Control: Access to the data and the anomaly detection model should be restricted to authorized personnel only. Access control mechanisms, such as role-based access control (RBAC) or attribute-based access control (ABAC), can be used to ensure that only authorized users have access to the data and the model.
3. Data Anonymization: To protect the privacy of individuals or organizations associated with the data, data anonymization techniques, such as masking or pseudonymization, can be used to remove or obfuscate sensitive information.
4. Secure Communication: Communication between the sensors, IoT/OT system, and the anomaly detection model should be secured using industry-standard communication protocols, such as HTTPS or MQTT over TLS.
5. Regular Security Audits: Regular security audits should be conducted to ensure that the data and the anomaly detection model are secure from potential threats and vulnerabilities.
6. Compliance with Regulations: The anomaly detection model should comply with relevant data privacy and security regulations, such as GDPR, HIPAA, or NERC CIP.

By taking these considerations into account, the anomaly detection model can be designed to ensure data privacy and security while detecting anomalies in the electrical transformer system.",1
Can you provide some examples of specific anomalies in electrical transformers that the model should be able to detect?,"
Sure, I'd be happy to help! When building an anomaly detection model for electrical transformers, it's important to identify specific anomalies that the model should be able to detect. Here are some examples of anomalies in electrical transformers that the model should be capable of identifying:

1. Overheating: Electrical transformers can overheat due to excessive current, poor ventilation, or insulation failure. Overheating can cause damage to the transformer's windings and reduce its lifespan.
2. Overloading: Overloading occurs when the transformer is required to handle a load greater than its rated capacity. This can cause the transformer to overheat and potentially fail.
3. Oil Leaks: Electrical transformers are filled with insulating oil, which can leak due to damage to the transformer tank or gaskets. Oil leaks can lead to a decrease in the transformer's insulation resistance and increase the risk of fire.
4. Partial Discharge: Partial discharge is an electrical discharge that occurs when the insulation between conductors breaks down. This can cause damage to the transformer's windings and lead to failure.
5. Gas Generation: Gas generation in electrical transformers can be caused by overheating, overloading, or insulation failure. The presence of gas in the transformer can indicate an impending failure.
6. Moisture Ingress: Moisture ingress can occur due to leaks or condensation, leading to a decrease in the transformer's insulation resistance and increasing the risk of failure.
7. Vibration: Excessive vibration can be caused by loose components or mechanical failure, leading to damage to the transformer's windings and other components.

By identifying these specific anomalies, the anomaly detection model can be designed to detect and alert maintenance personnel to potential issues before they lead to failure. It's also important to consider the specific sensor data available for the electrical transformers, as not all sensors may be able to detect all of these anomalies. Therefore, it's essential to work closely with subject matter experts to ensure that the model is designed to detect the most relevant and critical anomalies for the specific application.",1
"How can the failure modes, their causes, and the degradation mechanisms be used to improve the design of transformers?","
Electrical transformers are critical assets in the power system infrastructure, and their failure can lead to significant downtime, safety risks, and financial losses. To design more reliable and efficient transformers, it is essential to understand the common failure modes, their causes, and the degradation mechanisms. This information can be used to develop proactive maintenance strategies, improve the design and manufacturing processes, and enhance the anomaly detection capabilities of the monitoring systems.

Failure Modes and Causes:

1. Insulation failure: The insulation system in a transformer can degrade over time due to aging, thermal stress, and electrical stress. The degradation can lead to insulation breakdown, resulting in short circuits, arcing, and other forms of electrical failure. The most common causes of insulation failure include poor design, improper installation, contamination, and moisture ingress.
2. Mechanical failure: Mechanical failure can occur due to the aging of the transformer components, overloading, or external factors such as vibration, shock, or exposure to harsh environmental conditions. Common mechanical failure modes include winding deformation, core joint failure, and tank deformation.
3. Cooling system failure: The cooling system is essential for maintaining the transformer's temperature within the safe operating limits. The most common causes of cooling system failure include poor maintenance, clogged coolers, and low fluid levels.
4. Gas leakage: Gas leakage can occur due to the failure of the gaskets, seals, or breather valves. The leaking gas can lead to the degradation of the insulation system, arcing, and other forms of electrical failure.
5. Moisture ingress: Moisture ingress can occur due to the failure of the seals, gaskets, or breather valves. The ingress of moisture can lead to the degradation of the insulation system, arcing, and other forms of electrical failure.

Degradation Mechanisms:

1. Thermal degradation: Thermal degradation can occur due to the overloading of the transformer, poor ventilation, or exposure to high ambient temperatures. The degradation can lead to the breakdown of the insulation system, winding deformation, and other forms of mechanical failure.
2. Electrical degrad",1
What are the key performance indicators that can be used to evaluate the effectiveness of the anomaly detection model?,"
In order to evaluate the effectiveness of an anomaly detection model for electrical transformers, it is important to identify the key performance indicators (KPIs) that are relevant to this specific type of asset. Electrical transformers are critical components of the power grid, and their failure or malfunction can lead to significant downtime and financial losses. Some of the key performance indicators that can be used to evaluate the effectiveness of an anomaly detection model for electrical transformers include:

1. Transformer Temperature: Overheating is a common failure mode in electrical transformers, and can lead to damage of the transformer's insulation and ultimately to failure. Monitoring the temperature of the transformer and detecting anomalies in this parameter can help to prevent such failures.
2. Transformer Oil Analysis: The oil used in electrical transformers serves as both a coolant and an insulator. Regular analysis of the transformer oil can provide valuable information about the condition of the transformer, including the presence of contaminants, moisture, or degradation of the insulation.
3. Vibration Analysis: Vibration analysis can be used to detect mechanical issues in the transformer, such as loose connections or damaged fans. By monitoring the vibration patterns of the transformer, it is possible to detect anomalies and prevent failures.
4. Current and Voltage Monitoring: Monitoring the current and voltage levels in the transformer can help to detect any abnormalities that may indicate a potential failure. For example, a sudden increase in current or voltage can indicate a short circuit or other electrical fault.
5. Partial Discharge Monitoring: Partial discharge is a type of electrical discharge that can occur within the insulation of a transformer. If left unchecked, this can lead to failure of the insulation and ultimately to transformer failure. Monitoring for partial discharge can help to detect potential issues before they become critical.
6. Gas Analysis: The insulating oil in a transformer can produce gases as a result of internal faults. By monitoring the types and quantities of gases present in the oil, it is possible to detect potential issues and prevent failures.

By monitoring these key performance indicators, it is possible to detect anomalies in the behavior of electrical transformers and prevent failures. An effective anomaly detection model should be able to accurately identify anom",1
How can the maintenance team ensure that the anomaly detection model is continuously learning and improving over time?,"To ensure that the anomaly detection model for electrical transformers is continuously learning and improving over time, we need to consider the following aspects:

1. Data Collection: The maintenance team should ensure that the sensor data being collected is accurate, relevant, and up-to-date. This includes monitoring the health of the sensors themselves, as well as ensuring that they are properly calibrated and functioning as intended. Additionally, the team should consider collecting data from multiple sources, such as different sensors or data streams, to gain a more comprehensive view of the transformer's health.
2. Feature Engineering: As the sensor data is collected over time, the maintenance team should look for opportunities to extract new features or variables that may be useful in detecting anomalies. This may include calculating statistical measures, such as mean or standard deviation, or deriving more complex features, such as spectral analysis or wavelet transforms. By continuously updating the feature set, the model can learn to detect new types of anomalies that may not have been present in the initial data.
3. Model Updating: The anomaly detection model should be updated periodically to reflect changes in the transformer's behavior or operating conditions. This may involve retraining the model on new data, adjusting the model's hyperparameters, or incorporating new features or variables. The maintenance team should also consider using techniques such as online learning or active learning to enable the model to adapt to changing conditions in real-time.
4. Model Evaluation: To ensure that the anomaly detection model is continuously improving, the maintenance team should establish a set of evaluation metrics or performance measures that can be used to assess the model's accuracy and effectiveness. This may include metrics such as precision, recall, or F1 score, as well as more domain-specific measures such as transformer life expectancy or failure rate. By regularly evaluating the model's performance, the maintenance team can identify areas for improvement and make data-driven decisions about how to update or modify the model.
5. Collaboration with Subject Matter Experts: Finally, the maintenance team should work closely with subject matter experts, such as electrical engineers or transformer specialists, to gain a deeper understanding of the underlying physics and engineering principles that govern transformer behavior. By leveraging this domain knowledge, the team can develop more accurate and effective anomaly detection models that are tailored to the specific",1
What strategies can be employed to ensure the anomaly detection model's effectiveness in preventing critical failures?,"When building an anomaly detection model for electrical transformers in industrial settings, there are several strategies that can be employed to ensure the model's effectiveness in preventing critical failures. These strategies involve identifying the important components of the transformer, understanding the common failure modes, and assessing the ability of sensor data to detect these failures. Here are some questions that can help gather the necessary information:

1. What are the critical components of an electrical transformer that are prone to failure?
	* This question will help identify the components that the anomaly detection model should focus on. Examples of critical components include the transformer's winding, core, tap changer, and cooling system.
2. What are the common failure modes of these components?
	* Understanding the common failure modes is essential in building an effective anomaly detection model. Examples of common failure modes include insulation degradation, core damage, and cooler malfunction.
3. What type of sensor data is available to monitor the condition of these components?
	* The type of sensor data available will determine the features that can be used to build the anomaly detection model. Examples of sensor data include current, voltage, temperature, and vibration.
4. How accurate and reliable is the sensor data?
	* The accuracy and reliability of the sensor data are critical in building an effective anomaly detection model. It is essential to ensure that the sensor data is free from noise and errors and that it accurately reflects the condition of the transformer's components.
5. What is the sampling rate of the sensor data?
	* The sampling rate of the sensor data will determine the frequency at which the anomaly detection model can detect anomalies. A higher sampling rate will provide more data points, allowing for more accurate anomaly detection.
6. What is the historical data available for these transformers?
	* Historical data can be used to train the anomaly detection model and improve its accuracy. It is essential to collect data on the transformer's past failures, maintenance activities, and operating conditions.
7. What are the operating conditions of the transformer?
	* Understanding the operating conditions of the transformer is crucial in building an effective anomaly detection model. Factors such as temperature, humidity, and voltage can affect the transformer's performance and lead to failures.
8. What are the",1
What current preventive maintenance measures are in place and how can they be optimized for better transformer health?,"
Electrical transformers are critical assets in industrial and utility operations, and their health and performance are essential for ensuring a reliable power supply. To maintain transformer health, several preventive maintenance measures are typically in place, including:

1. Oil sampling and analysis: Oil sampling is a common preventive maintenance measure that involves collecting oil samples from the transformer and analyzing them for signs of degradation, contamination, or other issues. This can help identify potential problems before they become serious and allow for timely maintenance or repairs.
2. Insulation resistance testing: Insulation resistance testing is another common preventive maintenance measure that involves measuring the resistance of the transformer's insulation to electrical current. This can help identify potential issues with the insulation, such as moisture or contamination, which can lead to insulation failure and transformer failure.
3. Dissolved gas analysis: Dissolved gas analysis involves measuring the levels of various gases in the transformer oil, such as hydrogen, methane, and acetylene. These gases can indicate the presence of electrical arcs, overheating, or other issues that can lead to transformer failure.
4. Visual inspection: Visual inspection of the transformer and its components can help identify potential issues, such as leaks, corrosion, or other signs of wear and tear.

To optimize these preventive maintenance measures for better transformer health, several strategies can be employed, such as:

1. Implementing a predictive maintenance program: A predictive maintenance program uses data and analytics to predict when maintenance is needed, rather than relying on a fixed schedule. This can help reduce downtime, lower maintenance costs, and improve transformer health.
2. Using advanced sensors and monitoring systems: Advanced sensors and monitoring systems can provide real-time data on transformer health and performance, allowing for more proactive and targeted maintenance.
3. Implementing a condition-based maintenance program: A condition-based maintenance program uses data from sensors and monitoring systems to determine when maintenance is needed, based on the actual condition of the transformer, rather than a fixed schedule.
4. Using machine learning and artificial intelligence: Machine learning and artificial intelligence can be used to analyze data from sensors and monitoring systems, and predict potential issues before they become serious. This can help optimize maintenance schedules, reduce downtime, and improve transform",1
"What are the challenges in detecting sudden failures, such as a short circuit, in advance in electrical transformers?","
Electrical transformers are critical assets in the power grid, and their sudden failure due to events like short circuits can have significant consequences. However, detecting such failures in advance is challenging due to several reasons:

1. **Complexity of transformers:** Electrical transformers are complex systems with multiple components, such as coils, core, and cooling systems. Each component can fail in different ways, and identifying the specific failure mode can be challenging.
2. **Non-linear behavior:** Transformers exhibit non-linear behavior, which can make it difficult to model their operation and detect anomalies. For example, the relationship between current and voltage in a transformer is non-linear, and this non-linearity can change with temperature, load, and other factors.
3. **Limited sensor data:** While transformers can be equipped with a variety of sensors, such as temperature, pressure, and vibration sensors, the amount of data that can be collected is limited compared to other types of equipment. This limited data can make it challenging to detect anomalies and predict failures.
4. **Lack of historical data:** Transformers can have long lifetimes, and historical data on their operation and failure modes may not be available. This lack of data can make it challenging to build accurate models of transformer behavior and predict failures.
5. **Rare events:** Sudden failures in transformers, such as short circuits, are rare events. This rarity can make it challenging to collect enough data to build accurate models of these events and predict them with confidence.
6. **Environmental factors:** Transformers operate in a variety of environments, including outdoors and in harsh industrial settings. These environments can introduce additional variability and noise into sensor data, making it more challenging to detect anomalies and predict failures.

Overall, detecting sudden failures in electrical transformers is challenging due to their complexity, non-linear behavior, limited sensor data, lack of historical data, rarity of failure events, and environmental factors. These challenges highlight the need for careful data collection, feature engineering, and model selection when building an anomaly detection model for transformers.",1
How do transformer oil analysis and infrared thermography complement the temperature data collected by SCADA systems?,"
Electrical transformers are critical assets in the power grid, and monitoring their health is essential to ensure their reliable and safe operation. While temperature data collected by Supervisory Control and Data Acquisition (SCADA) systems can provide valuable information about the transformer's condition, other methods such as transformer oil analysis and infrared thermography can complement this data to provide a more comprehensive view of the transformer's health.

Transformer oil analysis involves examining the physical and chemical properties of the insulating oil used in transformers. This analysis can provide insights into the presence of contaminants, moisture, and degradation products, which can indicate potential issues with the transformer's insulation system. For example, the presence of dissolved gas in the oil can indicate partial discharge activity, which can lead to insulation failure. Similarly, the presence of moisture in the oil can accelerate the aging of the insulation, leading to a higher risk of failure.

Infrared thermography, on the other hand, involves using thermal imaging cameras to detect hotspots in the transformer's windings. These hotspots can indicate areas of high resistance, which can lead to overheating and eventual failure. By detecting these hotspots, maintenance personnel can take proactive measures to address the issue before it leads to a failure.

When used in conjunction with SCADA temperature data, transformer oil analysis and infrared thermography can provide a more complete picture of the transformer's health. For example, the SCADA temperature data can provide real-time monitoring of the transformer's operating temperature, while the transformer oil analysis can provide insights into the long-term degradation of the insulation system. Similarly, infrared thermography can provide information about the location and severity of hotspots in the transformer's windings, which can be used to prioritize maintenance activities.

In summary, transformer oil analysis and infrared thermography complement the temperature data collected by SCADA systems by providing additional insights into the transformer's health. By using these methods in conjunction with SCADA temperature data, maintenance personnel can take a more proactive and informed approach to transformer maintenance, leading to improved reliability and safety.",1
"How often should the anomaly detection model be updated or retrained, and what data should be used for this purpose?","
To determine how often an anomaly detection model for electrical transformers should be updated or retrained, and what data should be used for this purpose, we need to consider several factors.

1. **Rate of change in the system**: If the electrical transformer system is subject to frequent changes, such as updates, modifications, or upgrades, the anomaly detection model may need to be updated more frequently to account for these changes. In this case, retraining the model every few weeks or months may be necessary.

2. **Nature of anomalies**: The frequency of model updates may also depend on the nature of anomalies in the system. If the anomalies are rare and unpredictable, the model may not need to be updated as frequently. However, if the anomalies are common and predictable, the model may need to be updated more frequently to ensure accurate detection.

3. **Data availability**: The frequency of model updates may also depend on the availability and quality of data. If there is a sufficient amount of high-quality, relevant data available, the model can be updated more frequently. However, if data is scarce or of poor quality, the model may need to be updated less frequently.

4. **Performance of the model**: The performance of the anomaly detection model should be monitored regularly to ensure that it is accurately detecting anomalies. If the model's performance starts to decline, it may need to be updated or retrained.

To determine what data should be used for updating or retraining the anomaly detection model, we need to consider the following:

1. **Relevant data**: The data used for updating or retraining the model should be relevant to the electrical transformer system and the anomalies being detected. This may include data on temperature, current, voltage, power factor, and other relevant parameters.

2. **Quality data**: The data used for updating or retraining the model should be of high quality, with minimal noise or errors. This may involve cleaning and preprocessing the data before using it for model training.

3. **Representative data**: The data used for updating or retraining the model should be representative of the normal and abnormal operating conditions of the electrical transformer system. This may involve using data from a variety of operating conditions, such as different loads, temperatures",1
Are there any specific industry standards or best practices for anomaly detection in electrical transformer systems?,"
In order to provide an answer to the question regarding the industry standards and best practices for anomaly detection in electrical transformer systems, it is important to first understand the significance of electrical transformers in the industry. Electrical transformers are critical assets in the power system infrastructure, used to step up or step down voltage levels in power transmission and distribution systems. Anomalies in transformer behavior can lead to failures, resulting in power outages, financial losses, and even safety risks. Therefore, early detection of anomalies in transformer behavior is of great importance.

When it comes to industry standards and best practices for anomaly detection in electrical transformer systems, there are several guidelines and recommendations provided by organizations and institutions specializing in power systems and electrical engineering. Some of these sources include:

1. IEEE Std 1379-1994 - IEEE Standard for Diagnostic Engineering for Electrical Apparatus Used in Power Systems: This standard provides guidelines for diagnostic engineering of electrical apparatus used in power systems, including transformers. It includes recommendations for data collection, analysis, and interpretation, as well as the establishment of diagnostic programs.

2. IEEE C57.100-1998 - IEEE Guide for Field Testing and Evaluation of Power Transformers: This guide focuses on the field testing and evaluation of power transformers, including the detection and diagnosis of transformer anomalies. It provides recommendations for test methods, data analysis, and interpretation.

3. IEEE C57.104-1991 - IEEE Guide for the Interpretation of Gaseous Emissions from Transformers: This guide focuses on the interpretation of gaseous emissions from transformers as a means of detecting and diagnosing anomalies. It provides recommendations for the use of dissolved gas analysis (DGA) in the detection and diagnosis of transformer faults.

4. IEC 60076-1:2011 - Power transformers - Part 1: General - This international standard provides guidelines for the design, construction, and performance of power transformers, including the detection and diagnosis of anomalies. It includes recommendations for the use of dissolved gas analysis (DGA), as well as other diagnostic techniques.

5. IEC 60255-7",1
What measures will be taken to ensure the security and privacy of the electrical transformer data used in the model?,"
To ensure the security and privacy of the electrical transformer data used in the anomaly detection model, we will follow a set of best practices and guidelines. These measures will help protect the data from unauthorized access, use, disclosure, disruption, modification, or destruction.

1. Data encryption: All data at rest and in transit will be encrypted using industry-standard encryption protocols, such as Advanced Encryption Standard (AES) and Transport Layer Security (TLS). This will ensure that even if the data is intercepted or accessed by unauthorized parties, they will not be able to read or modify it without the encryption keys.

2. Access control: We will implement strict access control policies and procedures, such as role-based access control (RBAC), to ensure that only authorized personnel can access the data. We will also use multi-factor authentication (MFA) to verify the identity of users before granting them access.

3. Data anonymization: We will remove or obfuscate any personally identifiable information (PII) or sensitive data from the electrical transformer data before using it in the model. This will help protect the privacy of individuals and organizations associated with the data.

4. Secure storage: We will store the electrical transformer data in a secure and redundant data center or cloud environment, with appropriate physical and logical security measures, such as biometric authentication, surveillance cameras, and intrusion detection systems.

5. Regular audits and monitoring: We will perform regular security audits and monitoring of the electrical transformer data and the anomaly detection model to detect and respond to any potential security threats or breaches.

6. Incident response plan: We will develop and implement an incident response plan to address any security incidents or data breaches that may occur. The plan will include procedures for containing, investigating, and mitigating the impact of the incident, as well as notifying affected parties and relevant authorities.

7. Compliance with regulations: We will ensure that the electrical transformer data and the anomaly detection model comply with all applicable laws, regulations, and industry standards, such as the General Data Protection Regulation (GDPR) and the North American Electric Reliability Corporation (NERC) Critical Infrastructure Protection (CIP) standards.

By following these measures, we can help ensure the security",1
Can you explain the relationship between transformer failure and the ambient temperature and ventilation conditions?,"Sure, I'd be happy to help explain the relationship between electrical transformer failure and the ambient temperature and ventilation conditions.

Electrical transformers are critical components of the power grid, used to step up or down the voltage of electrical power. They consist of a magnetic core and coils of wire, which can generate significant heat during operation. This heat must be dissipated in order to prevent the transformer from overheating and failing.

The ambient temperature and ventilation conditions can have a significant impact on the temperature rise within a transformer. As the temperature outside the transformer increases, the temperature of the oil inside the transformer also rises. This can lead to a decrease in the insulating properties of the oil, which can cause the transformer to operate less efficiently and generate more heat.

Inadequate ventilation can also contribute to transformer failure. Transformers require a steady flow of air to help dissipate heat. If the transformer is located in a poorly ventilated area, such as a cramped electrical room, the heat generated by the transformer may not be able to dissipate effectively. This can cause the transformer to overheat and fail.

In addition, transformer failure can be caused by other factors such as:

* Overloading: Operating the transformer beyond its rated capacity can cause it to overheat and fail.
* Moisture: Water or moisture in the transformer oil can cause corrosion and insulation failure.
* Faulty components: Faulty or damaged components, such as capacitors or coils, can cause the transformer to overheat and fail.
* Dissolved Gas Analysis (DGA) : Analyzing the gases dissolved in the transformer oil can provide valuable information about the condition of the transformer and help predict potential failures.

In summary, the ambient temperature and ventilation conditions play a critical role in the health and longevity of electrical transformers. By monitoring these conditions and other factors such as load, moisture, and component health, it is possible to detect potential failures before they occur and take corrective action to prevent transformer failure.",1
How can the model be trained and validated using historical data on electrical transformer performance and failures?,"To build an anomaly detection model for electrical transformer performance and failures, we need to first gather historical data on transformer performance and failures. This data may include sensor measurements such as current, voltage, temperature, and other relevant variables, as well as records of any past failures or maintenance activities.

Once we have this historical data, we can begin to preprocess and clean it to prepare it for use in the anomaly detection model. This may involve tasks such as handling missing or invalid data points, dealing with outliers, and normalizing the data so that all of the variables are on a similar scale.

After preprocessing the data, we can use it to train the anomaly detection model. This may involve splitting the data into training and validation sets, and using the training set to fit the model while using the validation set to evaluate its performance.

There are several types of anomaly detection models that we could use for this task, including statistical models, machine learning algorithms, and deep learning approaches. Some possible options might include:

* Statistical models: These models use statistical techniques to identify data points that are significantly different from the rest of the data. For example, we might use a statistical process control (SPC) chart to identify data points that fall outside of a certain range.
* Machine learning algorithms: These models use algorithms such as decision trees, random forests, or support vector machines (SVMs) to learn patterns in the data and identify anomalies.
* Deep learning approaches: These models use neural networks to learn patterns in the data and identify anomalies. They can be particularly effective for large, complex datasets, but may require more data and computational resources to train.

Once we have trained the anomaly detection model, we can use it to predict anomalies in real-time sensor data from electrical transformers. We can also continue to retrain and validate the model using new historical data as it becomes available, to ensure that it remains accurate and up-to-date.",1
"What are the predefined thresholds for temperature, humidity, and pressure differences, and how are they determined?","
In order to build an anomaly detection model for an electrical transformer in an IoT/OT system, it is important to first understand the predefined thresholds for temperature, humidity, and pressure differences. These thresholds are determined based on the following factors:

1. Manufacturer specifications: Electrical transformer manufacturers provide recommended operating conditions for their products, including temperature, humidity, and pressure limits. These specifications are based on the design and materials used in the transformer, as well as the operating conditions it is expected to encounter.
2. Industry standards: Industry standards, such as those set by organizations like the Institute of Electrical and Electronics Engineers (IEEE), provide guidelines for the safe operation of electrical transformers. These standards may include recommended thresholds for temperature, humidity, and pressure differences.
3. Historical data: Analyzing historical data from the specific electrical transformer in question can help determine appropriate thresholds. This data can be used to identify patterns and trends in temperature, humidity, and pressure differences, as well as any correlations between these factors and equipment failures.
4. Expert judgment: Expert judgment from subject matter experts, such as maintenance engineers and data scientists, can also be used to determine appropriate thresholds. These experts can use their knowledge of the specific transformer and its operating conditions to set thresholds that are tailored to the unique needs of the system.

Predefined thresholds for temperature, humidity, and pressure differences for electrical transformers are typically determined based on a combination of these factors. These thresholds are used to detect anomalies in real-time sensor data, which can indicate potential equipment failures and allow for proactive maintenance.",1
Are there any known trends or patterns in the sensor data that can be used to predict future anomalies or failures?,"
In order to build an anomaly detection model for electrical transformers, it is important to understand the relevant sensors, their measurements, and any known trends or patterns that could indicate future anomalies or failures. Electrical transformers are critical components in the power system, and their failure can lead to power outages, safety hazards, and financial losses. Sensor data from electrical transformers can provide valuable insights into the health and performance of the transformer, helping to identify and predict potential issues before they become critical.

Some common sensors in electrical transformers include:

1. Temperature sensors: These sensors monitor the winding and oil temperature in the transformer. An increase in temperature can indicate overloading, poor cooling, or internal faults.
2. Current sensors: These sensors measure the current flowing through the transformer. Abnormal current levels can indicate internal faults or overloading.
3. Voltage sensors: These sensors measure the voltage across the transformer. Voltage deviations can indicate issues with the power supply or internal faults.
4. Oil level sensors: These sensors monitor the oil level in the transformer. Low oil levels can lead to insufficient cooling and increased risk of faults.
5. Gas sensors: These sensors detect the presence of gases, such as oil decomposition products, in the transformer. An increase in gas levels can indicate internal faults or degradation.

When analyzing sensor data from electrical transformers, the following trends and patterns can be used to predict future anomalies or failures:

1. Temperature trends: An increasing temperature trend can indicate an impending failure due to overloading, poor cooling, or internal faults.
2. Current and voltage deviations: Abnormal current or voltage levels can indicate internal faults or issues with the power supply.
3. Gas accumulation: The accumulation of gases, such as oil decomposition products, can indicate internal faults or degradation.
4. Oil level fluctuations: Fluctuations in the oil level can indicate issues with the cooling system or internal faults.
5. Diagnostic indicator trends: Some transformers have built-in diagnostic indicators, such as bushing currents or partial discharge measurements. An increasing trend in these indicators can signal an impending failure.

By understanding these trends and patterns in the sensor data",1
What are the challenges in implementing partial discharge detection methods in existing transformer infrastructure?,"
Electrical transformers are critical assets in the power grid infrastructure, and their proper functioning is essential for the reliable delivery of electricity. One important aspect of monitoring the health of transformers is detecting partial discharge (PD) activity, which can indicate potential insulation breakdown and lead to equipment failure. However, implementing partial discharge detection methods in existing transformer infrastructure presents several challenges:

1. Accessibility: Transformers are often located in challenging environments, such as underground or in confined spaces, making it difficult to access the necessary sensors or cabling.
2. Cost: Installing and maintaining PD sensors can be expensive, especially for large-scale transformer fleets. Additionally, the cost of data processing, storage, and analysis can add up over time.
3. Interference: Electrical noise and interference can affect the accuracy of PD measurements, making it difficult to distinguish between actual PD activity and false positives.
4. Aging infrastructure: Transformers can be in service for several decades, and their insulation systems can degrade over time due to various factors, such as thermal stress, moisture, or contamination. This can make it challenging to detect PD activity accurately, as the insulation system's condition may not be uniform.
5. Sensor compatibility: Existing transformer infrastructure may not be compatible with modern PD sensors, requiring retrofitting or upgrades, which can add to the cost and complexity of the implementation.
6. Data analysis: PD sensors can generate large volumes of data, which can be challenging to analyze and interpret, especially for organizations with limited resources or expertise in data analysis.
7. False negatives: PD detection methods may fail to detect certain types of PD activity, leading to false negatives and potential equipment failures.
8. Calibration: PD sensors may require regular calibration to ensure accurate measurements, which can be time-consuming and costly.

In summary, implementing partial discharge detection methods in existing transformer infrastructure presents several challenges, including accessibility, cost, interference, aging infrastructure, sensor compatibility, data analysis, false negatives, and calibration. Addressing these challenges requires careful planning, expertise, and resources to ensure accurate and reliable PD detection.",1
How can the subject matter expert assist in validating the accuracy and reliability of the anomaly detection model?,"
To build an effective anomaly detection model for electrical transformers using real-time time series sensor data, the subject matter expert can assist in several ways to ensure the accuracy and reliability of the model. Here are some questions to ask the expert:

1. Can you provide a detailed understanding of the electrical transformer's components, functions, and operational limits? This information will help in identifying the important variables and thresholds for the anomaly detection model.
2. What are the common failure modes and causes of electrical transformers? Understanding the failure modes will help in identifying the specific anomalies to detect and the relevant sensors to monitor.
3. How accurate and reliable are the available sensors for monitoring the electrical transformer's condition? The expert can provide insights into the quality of the sensor data and any limitations or biases that need to be considered in the model.
4. What are the data patterns and trends for normal and abnormal operations of the electrical transformer? The expert can provide historical data and context to help in setting the baseline for the anomaly detection model.
5. Can you provide any additional information about the operating conditions, maintenance practices, and environmental factors that may affect the electrical transformer's performance and degradation? This information will help in accounting for any confounding variables that may affect the anomaly detection model's accuracy.
6. How can the subject matter expert validate the anomaly detection model's performance and accuracy? The expert can suggest appropriate evaluation metrics, testing scenarios, and validation techniques to ensure that the model is robust and reliable.
7. What are the potential consequences of false positives and false negatives in the anomaly detection model? Understanding the impact of the model's performance on the overall system and operations will help in setting the appropriate level of sensitivity and specificity for the model.
8. Can the subject matter expert recommend any best practices or guidelines for implementing and maintaining the anomaly detection model in the real-time IoT/OT system? The expert can provide practical advice and recommendations for integrating the model into the system, monitoring its performance, and updating it as needed.

By asking these questions, the data scientist can gather the necessary domain knowledge and requirements to build an accurate and reliable anomaly detection model for electrical transformers using real-time time series sensor data.",1
Can you provide examples of potential issues in electrical transformers that can be detected through this approach?,"Sure, I'd be happy to help! In the context of electrical transformers, there are several types of issues that can be detected using a real-time time series anomaly detection model. Here are some examples:

1. Overheating: Electrical transformers can overheat due to excessive load or poor cooling. Overheating can lead to damage to the transformer's insulation and ultimately cause a failure. Sensor data such as temperature, oil temperature, and oil level can be used to detect anomalies that may indicate overheating.
2. Partial discharge: Partial discharge is a type of electrical discharge that occurs within the insulation of a transformer. Over time, partial discharge can lead to the breakdown of the insulation and cause a failure. Sensor data such as current, voltage, and temperature can be used to detect anomalies that may indicate partial discharge.
3. Moisture ingress: Moisture can enter a transformer through leaks in the casing or through the air intake system. Once inside, moisture can cause corrosion and damage to the transformer's insulation. Sensor data such as humidity, temperature, and dew point can be used to detect anomalies that may indicate moisture ingress.
4. Gas accumulation: Gas can accumulate in a transformer due to the breakdown of the insulation or other internal faults. Accumulation of gas can lead to the failure of the transformer. Sensor data such as gas levels, pressure, and temperature can be used to detect anomalies that may indicate gas accumulation.
5. Vibration issues: Electrical transformers can experience vibration issues due to mechanical failure or misalignment. Vibration issues can lead to damage to the transformer's components and ultimately cause a failure. Sensor data such as vibration levels, frequency, and direction can be used to detect anomalies that may indicate vibration issues.

These are just a few examples of the types of issues that can be detected in electrical transformers using a real-time time series anomaly detection model. By analyzing sensor data and identifying anomalies, it is possible to detect potential issues before they cause a failure, allowing for proactive maintenance and reducing the risk of downtime.",1
How can maintenance records and incident reports be used to enhance the development of an anomaly detection model?,"In order to understand how maintenance records and incident reports can be used to enhance the development of an anomaly detection model for electrical transformers, it is important to first understand the role of these documents in the maintenance and monitoring of such assets.

Electrical transformers are critical components of the power grid, responsible for converting and transmitting electrical energy. As such, their proper maintenance and monitoring is essential to ensure their reliability and prevent power outages or other disruptions. Maintenance records and incident reports can provide valuable insights into the performance and condition of these assets, as well as any potential issues or failure modes that may need to be addressed in the development of an anomaly detection model.

Here are some ways in which maintenance records and incident reports can be used to enhance the development of an anomaly detection model for electrical transformers:

1. Identifying common failure modes: Maintenance records and incident reports can provide information on the common failure modes of electrical transformers, such as insulation breakdown, winding faults, or cooling system issues. By understanding these failure modes, the anomaly detection model can be designed to specifically detect and alert on these types of issues.
2. Establishing baseline performance: Maintenance records can provide information on the historical performance of electrical transformers, including their operating conditions and any maintenance or repairs that have been performed. This information can be used to establish a baseline performance model for the transformer, which can then be used to detect any deviations or anomalies that may indicate a potential issue.
3. Identifying sensor data relevance: Incident reports can provide information on the specific sensors or data points that are most relevant to detecting and diagnosing issues with electrical transformers. For example, temperature sensors may be particularly important for detecting overheating issues, while current sensors may be useful for detecting winding faults.
4. Validating model performance: Maintenance records and incident reports can also be used to validate the performance of the anomaly detection model. By comparing the model's predictions to historical maintenance and incident data, the accuracy and effectiveness of the model can be evaluated and refined as needed.

In summary, maintenance records and incident reports can provide valuable insights into the performance and condition of electrical transformers, as well as any potential issues or failure modes that may need to be addressed in the development of an anomaly detection model. By lever",1
How can the analysis of historical sensor data help to ensure the safe and efficient operation of the transformer?,"An electrical transformer is a critical asset in the industrial system, and its safe and efficient operation is of utmost importance. Analyzing historical sensor data from electrical transformers can help in several ways:

1. Predictive Maintenance: By analyzing historical sensor data, it is possible to identify patterns and trends that indicate potential failures before they occur. This allows for predictive maintenance, where repairs can be scheduled at the most convenient and cost-effective time, rather than waiting for a failure to occur.
2. Fault Detection: Anomalies in sensor data can indicate a fault in the transformer. By analyzing the historical data, it is possible to identify these anomalies and detect faults at an early stage. This can help to prevent catastrophic failures and reduce downtime.
3. Efficiency Optimization: Historical sensor data can be used to optimize the operation of the transformer for maximum efficiency. This can help to reduce energy consumption and operating costs.
4. Root Cause Analysis: In the event of a failure, historical sensor data can be used to perform a root cause analysis. This can help to identify the underlying cause of the failure and prevent it from happening again in the future.
5. Compliance and Reporting: Historical sensor data can be used to demonstrate compliance with regulatory requirements and to generate reports for stakeholders. This can help to ensure that the transformer is operating within the required parameters and to provide transparency into its operation.

In summary, analyzing historical sensor data from electrical transformers can help to ensure their safe and efficient operation by enabling predictive maintenance, fault detection, efficiency optimization, root cause analysis, and compliance reporting. This can help to prevent failures, reduce downtime, and optimize the operation of the transformer.",1
What measures can be taken to ensure the model remains effective as the transformer's operating conditions change?,"
To ensure that an anomaly detection model remains effective for electrical transformers as operating conditions change, several measures can be taken. These measures are aimed at maintaining the model's performance by accommodating changes in the transformer's operational and environmental conditions.

1. Regular data collection and model retraining:
As the operating conditions of the electrical transformer change, the distribution of data may shift over time, leading to a decline in the model's performance. To address this, it is essential to regularly collect new data and retrain the anomaly detection model. This will help the model adapt to the changing conditions and maintain its accuracy in detecting anomalies.

2. Implementing incremental learning:
Incremental learning is a technique that allows the model to learn from new data without forgetting the knowledge it has already gained. By implementing incremental learning, the anomaly detection model can adapt to slow changes in the transformer's operating conditions, ensuring that it remains effective in detecting anomalies.

3. Feature engineering and selection:
Operating conditions may change the importance of specific features in detecting anomalies. Regularly updating the feature engineering and selection process can help maintain the model's performance. This includes identifying new features that may become relevant as operating conditions change and discarding features that are no longer useful.

4. Monitoring model performance and model drift:
It is crucial to continuously monitor the model's performance and detect any model drift. Model drift occurs when the model's performance deteriorates over time due to changes in the data distribution. By monitoring model performance and detecting model drift, you can take corrective actions, such as retraining the model or updating the feature engineering process.

5. Incorporating domain knowledge:
Collaborating with subject matter experts can help ensure that the anomaly detection model remains effective as the transformer's operating conditions change. Incorporating domain knowledge into the model can help account for specific failure modes, changes in environmental conditions, and other factors that may affect the transformer's performance.

6. Changepoint detection:
Changepoint detection is a technique used to identify significant changes in the data distribution. By implementing changepoint detection, you can identify shifts in the transformer's operating conditions and update the anomaly detection model accordingly.

7. Robustness to outliers",1
How are maintenance teams currently alerted for anomalies and what improvements can be made to the current system?,"Electrical transformers are critical assets in industrial and utility organizations, and their proper maintenance is essential to ensure power grid reliability and efficiency. Currently, maintenance teams are often alerted for anomalies in electrical transformers through a combination of scheduled maintenance, routine inspections, and reactive maintenance.

1. Scheduled Maintenance: Maintenance teams follow a predetermined schedule for inspecting and servicing electrical transformers, which may include visual inspections, oil sampling, and other tests. This approach can help identify potential issues before they escalate into major failures, but it may not be efficient in detecting real-time issues or reducing downtime.
2. Routine Inspections: In addition to scheduled maintenance, maintenance teams may conduct routine inspections of electrical transformers based on operational data, such as temperature, vibration, and sound levels. These inspections can help identify anomalies that may not be apparent during routine maintenance, but they can be time-consuming and labor-intensive.
3. Reactive Maintenance: In some cases, maintenance teams may only become aware of an anomaly in an electrical transformer when it fails, leading to unplanned downtime and costly repairs. This reactive approach can be disruptive to operations and result in higher maintenance costs.

To improve the current system for alerting maintenance teams for anomalies in electrical transformers, the following improvements can be made:

1. Implement Real-Time Monitoring: Real-time monitoring of electrical transformers using IoT sensors can provide continuous data on critical parameters such as temperature, vibration, and sound levels. This data can be used to develop an anomaly detection model that can alert maintenance teams of potential issues in real-time, allowing for proactive maintenance and reducing downtime.
2. Leverage Machine Learning: Machine learning algorithms can be used to develop an anomaly detection model that can learn from historical data and identify patterns and anomalies in real-time. This approach can help maintenance teams identify potential issues before they escalate into major failures, reducing downtime and maintenance costs.
3. Implement Predictive Maintenance: Predictive maintenance uses machine learning algorithms to predict when an electrical transformer is likely to fail, allowing maintenance teams to schedule maintenance activities proactively. This approach can help reduce downtime, increase equipment availability, and lower maintenance costs.",1
How can partial discharge be detected and how can this information be used to improve the anomaly detection model?,"
Partial discharge (PD) is a key failure mode in electrical transformers, and it can lead to significant downtime and maintenance costs if not detected and addressed early. PD is the result of electrical discharges that occur within the insulation system of a transformer, and it can be caused by a variety of factors, including contamination, moisture, and aging.

Detecting PD in real-time can help to improve the accuracy and effectiveness of an anomaly detection model for electrical transformers. This is because PD can be an early indicator of insulation degradation, which can ultimately lead to more serious failures if left unchecked. By detecting PD, maintenance teams can take proactive steps to address the underlying issues and prevent more extensive damage.

There are several methods for detecting PD in electrical transformers, including:

1. **Ultraviolet (UV) detection:** UV detection involves using sensors to detect the light that is emitted when PD occurs. This method is particularly effective for detecting surface discharges, which occur on the exterior of the transformer.
2. **Acoustic detection:** Acoustic detection involves using sensors to detect the sound waves that are generated when PD occurs. This method is particularly effective for detecting internal discharges, which occur within the transformer's insulation system.
3. **Capacitive discharge:** Capacitive discharge involves measuring the capacitance of the transformer's insulation system. Changes in capacitance can indicate the presence of PD.
4. **Inductive discharge:** Inductive discharge involves measuring the inductance of the transformer's windings. Changes in inductance can indicate the presence of PD.

By using a combination of these methods, it is possible to detect PD with a high degree of accuracy. This information can then be used to improve the anomaly detection model for electrical transformers by incorporating PD data as a key feature. For example, a machine learning model could be trained to identify patterns in the PD data that are indicative of specific failure modes, such as insulation degradation or contamination. This would enable the model to predict failures before they occur, allowing maintenance teams to take proactive steps to address the underlying issues.

In summary, detecting partial discharge in electrical transformers is a critical component of an effective anom",1
How will the anomaly detection model be deployed and integrated with the existing monitoring and control systems?,"
In order to build an anomaly detection model for electrical transformers in the industrial setting, we need to first gather an understanding of the critical components of a transformer, the important failure modes, and the ability of sensor data to detect these failures.

To deploy and integrate the anomaly detection model with existing monitoring and control systems, we need to consider the following aspects:

1. Data Collection: The first step is to collect historical and real-time data from various sensors installed in the transformer. The data can include measurements such as current, voltage, temperature, pressure, and vibration. The sensors must be calibrated and functioning correctly to ensure accurate data collection.
2. Data Preprocessing: The collected data must be preprocessed to remove any noise, missing values, and outliers. The data should be normalized and transformed into a suitable format for model training.
3. Feature Selection: The relevant features that can indicate potential failures in the transformer must be identified. These features can include changes in temperature, pressure, or vibration patterns. The selected features should be validated with subject matter experts (SMEs) to ensure their relevance.
4. Model Training: A suitable anomaly detection model can be trained using the preprocessed data and selected features. The model can be based on statistical, machine learning, or deep learning techniques. The model should be trained to detect anomalies that indicate potential failures in the transformer.
5. Model Validation: The trained model should be validated using a separate dataset to ensure its accuracy and robustness. The model's performance can be evaluated using metrics such as precision, recall, and F1 score.
6. Model Deployment: The validated model can be deployed in the existing monitoring and control systems to detect potential failures in real-time. The model can be integrated with the existing systems using APIs or other integration techniques.
7. Model Monitoring: The deployed model should be continuously monitored to ensure its accuracy and performance. The model's output should be validated with SMEs to ensure that the detected anomalies are relevant and actionable.
8. Model Maintenance: The model should be periodically updated with new data to ensure its accuracy and relevance. The model's performance should be evaluated regularly to identify any potential issues or biases.

In summary, deploying and integrating an",1
Are there any specific risks or uncertainties related to the anomaly detection model's performance or deployment?,"
When building an anomaly detection model for electrical transformers in an IoT/OT system, there are several risks and uncertainties related to the model's performance and deployment. Understanding these risks and uncertainties is crucial to ensure the model's effectiveness and reliability in detecting anomalies and identifying potential failures.

1. Sensor data quality and coverage: Electrical transformers can have multiple sensors measuring various parameters such as temperature, current, voltage, and oil quality. The quality and coverage of these sensor readings can significantly impact the anomaly detection model's performance. Incomplete, noisy, or low-quality data can lead to false positives or negatives, affecting the model's overall reliability.

2. Sensor drift and failure: Over time, sensors can drift from their calibrated values or fail, leading to inaccurate readings. This can result in the anomaly detection model generating false alarms or failing to detect actual issues. Regular maintenance and calibration of sensors are essential to minimize these risks.

3. Ambient conditions and external factors: Electrical transformers can be exposed to various environmental factors, such as temperature, humidity, and vibrations, which can impact their performance. The anomaly detection model should be able to differentiate between normal and abnormal conditions while accounting for these external factors.

4. Multiple failure modes: Electrical transformers can experience various failure modes, such as insulation degradation, winding faults, or cooler malfunctions. The anomaly detection model should be designed to identify and classify these different failure modes accurately.

5. Model interpretability and explainability: In a real-world scenario, it is crucial to have a model that is interpretable and explainable. This allows subject matter experts to understand the reasoning behind the model's predictions and make informed decisions regarding maintenance and repairs.

6. Scalability and adaptability: The anomaly detection model should be scalable and adaptable to handle new data sources, sensors, and transformer types. This ensures that the model remains effective as the system grows and evolves.

7. Data privacy and security: In an IoT/OT system, data privacy and security are paramount. Ensuring that the anomaly detection model handles sensitive data securely and respects privacy regulations is essential for successful deployment",1
What are the recommended minimum duration and frequency of data collection for accurate and reliable predictions?,"
To build an anomaly detection model for electrical transformers, it is important to first understand the behavior and failure modes of this type of asset. Electrical transformers are critical components in the power system, and their failure can lead to significant downtime and financial losses. Therefore, it is crucial to collect sufficient and reliable data for accurate and reliable predictions.

The minimum duration and frequency of data collection for electrical transformers depend on several factors, such as the type and size of the transformer, the operating conditions, and the specific failure modes of interest. However, some general guidelines can be provided based on industry best practices and published research.

First, the duration of data collection should be long enough to capture the normal and abnormal behavior of the transformer under various operating conditions. For example, a study by IEEE Transactions on Power Delivery recommended a minimum data collection period of 6 months to 1 year for transformers with a rating of 5 MVA or higher (Gomez et al., 2008). This duration allows for the identification of seasonal and cyclical patterns, as well as the effects of weather and load variations.

Second, the frequency of data collection depends on the sampling rate and resolution of the sensors used to measure the transformer's operating parameters. For example, temperature sensors should have a high enough sampling rate (e.g., every few seconds) to capture rapid temperature changes, while current and voltage sensors may have a lower sampling rate (e.g., every few minutes) depending on the application. The frequency should also be high enough to capture any transient events or disturbances that may indicate an anomaly or failure.

Third, the data collection should include both normal and abnormal operating conditions to train the anomaly detection model effectively. This may involve collecting data during start-up, shutdown, and transient events, as well as under steady-state conditions. It is also essential to collect data from all relevant sensors that can provide information about the transformer's health and performance, such as temperature, current, voltage, oil quality, and gas levels.

In summary, the recommended minimum duration and frequency of data collection for accurate and reliable predictions for electrical transformers are:

* Duration: 6 months to 1 year or longer, depending on the transformer's size and type.
* Frequency: High enough to",1
How can data be collected and analyzed to monitor the temperature of a transformer and detect potential failures?,"
To build an anomaly detection model for monitoring the temperature of an electrical transformer and detecting potential failures, we need to understand the following components:

1. Relevant sensor data: The first step is to identify the sensors that are currently installed in the transformer to monitor temperature. We need to ensure that the data collected from these sensors is accurate, reliable, and relevant to the problem at hand.
2. Failure modes: We need to understand the different ways in which a transformer can fail, particularly those that can be detected through temperature data. Examples of such failure modes include overloading, overheating, and insulation failure.
3. Data quality: We need to ensure that the data collected from the sensors is of high quality and free from noise or errors. This may involve cleaning the data, removing outliers, and dealing with missing or incomplete data.
4. Data preprocessing: We need to preprocess the data to make it suitable for analysis. This may involve normalizing the data, aggregating it over time, and extracting relevant features.
5. Anomaly detection algorithms: We need to choose appropriate anomaly detection algorithms that can identify unusual patterns or outliers in the temperature data. Examples of such algorithms include threshold-based methods, statistical methods, and machine learning algorithms.
6. Model validation: We need to validate the anomaly detection model to ensure that it is accurate and reliable. This may involve testing the model on historical data, evaluating its performance using metrics such as precision and recall, and fine-tuning the model parameters to improve its accuracy.

To gather more information about the problem, we can ask the following questions to the subject matter experts:

1. What are the sensors currently installed in the transformer to monitor temperature?
2. What is the typical temperature range for a healthy transformer, and what are the thresholds for overheating or overloading?
3. What are the common failure modes of a transformer that can be detected through temperature data?
4. How often is the temperature data collected, and what is the sampling rate?
5. Is there any historical data available for the transformer, and if so, what is the duration and frequency of the data?
6. What are the requirements for the anomaly detection model in terms of accuracy, reliability, and response time?
7. Are there",1
How is mechanical degradation being monitored and what methods are used to detect vibration or mechanical stress?,"
Electrical transformers are critical assets in industrial and utility systems, and their proper maintenance and monitoring are essential for ensuring grid stability and safety. Mechanical degradation is one of the significant failure modes in electrical transformers, which can lead to catastrophic failures if not detected and addressed promptly. In this context, monitoring mechanical degradation in electrical transformers typically involves tracking various parameters, such as vibration, temperature, and sound, using specialized sensors and techniques.

Vibration and mechanical stress are common indicators of mechanical degradation in electrical transformers. Vibration can be caused by various factors, such as loose components, imbalanced loads, or mechanical wear and tear. Mechanical stress, on the other hand, can result from overloading, aging, or other forms of mechanical degradation. To monitor these parameters, industrial engineers and data scientists use a variety of methods and techniques, including:

1. Vibration analysis: Vibration analysis is a widely used technique for monitoring the health and performance of electrical transformers. Vibration sensors, such as accelerometers or velocity transducers, are attached to the transformer to measure vibration levels in different frequency ranges. By analyzing the vibration patterns and comparing them to historical data, maintenance engineers can identify trends and anomalies that may indicate mechanical degradation or other issues.
2. Acoustic emission testing: Acoustic emission testing is a non-destructive testing method that involves detecting and analyzing the high-frequency acoustic signals generated by a material or structure under stress. In the context of electrical transformers, acoustic emission testing can be used to detect partial discharges, arcing, and other forms of electrical stress that can lead to mechanical degradation.
3. Temperature monitoring: Temperature is a critical parameter in electrical transformer operation, as excessive heat can accelerate mechanical degradation and lead to failure. Temperature sensors, such as thermocouples or resistance temperature detectors (RTDs), are used to monitor the temperature of various transformer components, such as the windings, core, and insulation. By tracking temperature trends and identifying hot spots, maintenance engineers can take corrective action to prevent mechanical degradation.
4. Strain gauges: Strain gauges are used to measure the deformation or strain of a material or structure under stress.",1
What are the most common sensors used to collect data for an anomaly detection model in electrical transformers?,"
Electrical transformers are critical components of electrical power systems, and their proper functioning is essential for the reliable delivery of electricity. To ensure the safe and efficient operation of electrical transformers, it is important to monitor their condition and detect any anomalies as early as possible. One way to do this is to use sensors to collect data from the transformer and build an anomaly detection model.

There are several types of sensors that are commonly used to collect data from electrical transformers. These include:

1. Current sensors: These sensors are used to measure the current flowing through the transformer. They can be used to detect anomalies such as overcurrents, which can indicate a problem with the transformer's winding or a short circuit.
2. Voltage sensors: These sensors are used to measure the voltage of the transformer. They can be used to detect anomalies such as overvoltage or undervoltage, which can indicate a problem with the transformer's insulation or a problem with the power supply.
3. Temperature sensors: These sensors are used to measure the temperature of the transformer. They can be used to detect anomalies such as overheating, which can indicate a problem with the transformer's cooling system or a problem with the load on the transformer.
4. Vibration sensors: These sensors are used to measure the vibration of the transformer. They can be used to detect anomalies such as mechanical damage or loose connections, which can indicate a problem with the transformer's mechanical components.
5. Moisture sensors: These sensors are used to measure the moisture level in the transformer's insulation. They can be used to detect anomalies such as moisture ingress, which can indicate a problem with the transformer's insulation or a problem with the transformer's seals.

By collecting data from these sensors and building an anomaly detection model, it is possible to monitor the condition of electrical transformers and detect any anomalies that may indicate a problem with the transformer. This can help to ensure the safe and efficient operation of the transformer and prevent costly and potentially dangerous failures.",1
What specific operating conditions of a transformer could impact the performance of the anomaly detection model?,"
In order to build an effective anomaly detection model for an electrical transformer, it is important to understand the specific operating conditions that could impact the performance of the model. Electrical transformers are critical assets in the power grid, and their failure or malfunction can lead to power outages, safety hazards, and financial losses. The following is a list of specific operating conditions that should be considered when developing an anomaly detection model for electrical transformers:

1. **Temperature:** Transformers can generate significant heat during operation, and excessive temperature can lead to insulation failure and reduced lifespan. Temperature sensors can provide valuable data for anomaly detection, but it is important to consider the transformer's thermal model and the ambient temperature conditions.
2. **Current and voltage:** The current and voltage levels in a transformer can provide important insights into its operating condition. Abnormal current or voltage levels can indicate internal faults, load imbalances, or external issues such as harmonics or voltage fluctuations. Sensor data from current and voltage transformers can be used to detect anomalies in these parameters.
3. **Winding deformation:** Transformer windings can deform or sag over time due to mechanical stress, thermal effects, or aging. This can lead to partial discharge, inter-turn faults, or winding failures. Displacement sensors, strain gauges, or other measurement techniques can be used to detect winding deformation and potential anomalies.
4. **Moisture:** Moisture ingress in transformers can lead to corrosion, insulation failure, and other problems. Sensor data from humidity sensors, temperature sensors, or other moisture-sensitive devices can be used to detect anomalies related to moisture.
5. **Vibration:** Transformers can generate vibrations due to mechanical stress, imbalances, or other factors. Excessive vibration can indicate internal faults, loose connections, or other issues. Accelerometers or other vibration sensors can be used to detect anomalies in transformer vibration patterns.
6. **Gas levels:** Transformers can produce gases due to partial discharge, arcing, or other faults. Gas sensors can provide valuable data for anomaly detection, but it is important to consider the transformer's gas evacuation system and the ambient",1
How can the balance between minimizing false positives and negatives be achieved in the anomaly detection model?,"
To build an effective anomaly detection model for electrical transformers, it is crucial to understand the context and the specific requirements for minimizing false positives and false negatives. Here are some questions to ask the domain experts to gather more information:

1. Can you provide a detailed description of the electrical transformer and its components? This will help us understand the different parts of the transformer that can fail and the impact of each failure.
2. What are the most common failure modes for electrical transformers? Understanding the common failure modes will help us identify the types of anomalies that we should detect and prioritize.
3. What are the critical parameters that indicate the health of the transformer? Identifying the critical parameters will help us determine which sensors to use and which data to collect.
4. What is the normal operating range for each critical parameter? Knowing the normal operating range will help us define the thresholds for anomalies and minimize false positives.
5. What is the acceptable level of false positives and false negatives for the anomaly detection model? This will help us balance the trade-off between detecting all anomalies and avoiding false alarms.
6. How often does the transformer undergo maintenance or inspection? Understanding the maintenance schedule will help us determine the frequency of data collection and the appropriate time frame for anomaly detection.
7. What are the consequences of a failure in the transformer? Knowing the impact of a failure will help us prioritize the anomalies and determine the severity level.
8. What are the regulatory or safety requirements for the transformer? Compliance with regulations and safety standards is essential for the safe and reliable operation of the transformer.

Based on the information provided by the domain experts, we can design an anomaly detection model that balances the trade-off between false positives and false negatives. Here are some strategies that we can use:

1. Define the anomaly threshold based on the normal operating range of the critical parameters. We can use statistical methods, such as mean and standard deviation, to determine the threshold values.
2. Use a multi-stage anomaly detection approach that includes both unsupervised and supervised learning techniques. This approach can help us detect both known and unknown anomalies and reduce false positives.
3. Implement a feedback mechanism that allows the",1
What are the potential challenges or limitations of using sensors to monitor transformer ventilation conditions?,"
Electrical transformers are critical assets in the power grid, and monitoring their ventilation conditions is essential to ensure their proper functioning and prevent failures. Sensors can provide valuable data about the transformer's environment, such as temperature, humidity, and air pressure. However, there are some potential challenges and limitations to using sensors for monitoring transformer ventilation conditions:

1. Sensor accuracy and reliability: The accuracy and reliability of sensors can be affected by factors such as aging, environmental conditions, and calibration issues. This can lead to incorrect or missing data, which can impact the performance of the anomaly detection model.
2. Sensor placement: The placement of sensors can significantly impact their ability to accurately measure transformer ventilation conditions. For example, sensors placed in areas with poor airflow or shielded by obstacles may not provide accurate readings.
3. Data quality: The quality of the data collected by sensors can be affected by factors such as noise, interference, and missing or corrupted data. This can make it challenging to detect anomalies and identify potential issues.
4. Data interpretation: Interpreting the data collected by sensors can be challenging, particularly when dealing with complex systems such as transformers. It is essential to have a deep understanding of the transformer's operation and the physical principles governing its ventilation to accurately interpret the data.
5. Failure modes: Electrical transformers can fail in various ways, and not all failures are detectable through sensors monitoring ventilation conditions. For example, internal faults such as insulation breakdown may not be detectable through ventilation sensors.
6. Cost: The cost of installing and maintaining sensors can be a significant barrier to implementing a sensor-based monitoring system. This includes the cost of the sensors themselves, as well as the cost of data storage, processing, and analysis.

To address these challenges and limitations, it is essential to carefully design the sensor-based monitoring system and ensure that the sensors are accurately calibrated, placed in optimal locations, and regularly maintained. Additionally, it is important to use a multifaceted approach to monitoring, incorporating data from multiple sensors and sources to provide a comprehensive view of the transformer's condition. Finally, it is essential to have a deep understanding of the transformer's operation and potential failure modes to accurately interpret the data and detect anomalies.",1
"How is the transformer's load being monitored, and what methods are used to detect overloading or undervoltage?","
Electrical transformers are crucial assets in industrial and utility networks, and their proper monitoring and maintenance are essential for ensuring their optimal performance and preventing failures. One critical aspect of transformer monitoring is load management, which involves keeping track of the transformer's electrical load to prevent overloading or undervoltage situations. Overloading can lead to increased temperature, excessive energy consumption, and even catastrophic failures, while undervoltage might result in inefficient operation and reduced lifespan.

There are various methods to monitor transformer load and detect overloading or undervoltage conditions. These methods can be broadly classified into two categories: hardware-based and software-based techniques.

1. Hardware-based techniques:

a. Current Transformers (CTs) and Voltage Transformers (VTs): These devices are used to measure the current and voltage levels in the transformer, respectively. By analyzing the ratio of these measurements, one can determine the transformer's loading conditions.

b. Protection Relays: These are specialized devices designed to monitor and protect electrical assets from various abnormal conditions, including overloading and undervoltage. They can be configured to trigger alarms or take corrective actions when predefined thresholds are exceeded.

c. Temperature Sensors: Overheating is a common issue in overloaded transformers. Temperature sensors, such as thermocouples or resistance temperature detectors (RTDs), can be used to monitor the transformer's temperature and detect potential overloading conditions.

2. Software-based techniques:

a. SCADA Systems: Supervisory Control and Data Acquisition (SCADA) systems are commonly used for monitoring and controlling industrial processes. They can collect real-time data from various sensors installed in the transformer and provide alarms or visual indicators when loading conditions exceed predefined thresholds.

b. Advanced Analytics and Machine Learning: Data-driven methods, such as time-series analysis, anomaly detection, and machine learning algorithms, can be applied to historical and real-time transformer data to identify patterns, trends, and anomalies associated with overloading or undervoltage conditions.

In summary, transformer load can be monitored using hardware-based techniques such as current and voltage transform",1
"How is the anomaly detection model implemented, and what algorithms or techniques are used to detect anomalies?","
Anomaly detection in electrical transformers is crucial to ensure their reliable and efficient operation, as well as to prevent catastrophic failures. The following questions can be used to gather the necessary information for building an anomaly detection model for this specific application:

1. What are the key performance indicators (KPIs) for electrical transformers? Which of these KPIs can be measured using sensors? Examples include:
	* Temperature
	* Current
	* Voltage
	* Power factor
	* Oil level
	* Oil temperature
	* Gas levels (e.g., dissolved gas analysis)
2. What are the typical failure modes in electrical transformers? Examples include:
	* Overheating
	* Overloading
	* Under- or over-excitation
	* Insulation failure
	* Partial discharge
	* Moisture ingress
	* Gas accumulation
3. How do these failure modes manifest in the measured sensor data? For example:
	* Overheating may result in increased temperature readings
	* Insulation failure may cause increased leakage currents
	* Partial discharge may lead to abnormal high-frequency voltage or current fluctuations
4. What are the data characteristics of the available sensor data? Examples include:
	* Data frequency (e.g., continuous, hourly, daily)
	* Data quality (e.g., noise, missing values)
	* Data granularity (e.g., point values, aggregated values)
5. Are there any historical failure records or maintenance data available for the transformers? This information can help in establishing baseline behavior and identifying anomalies.
6. What are the desired outcomes of the anomaly detection model? Examples include:
	* Early warning of potential failures
	* Reduced maintenance costs
	* Increased transformer lifespan
	* Improved power system reliability

Based on the information gathered, the following algorithms or techniques can be used to implement the anomaly detection model:

1. Statistical methods:
	* Univariate or multivariate statistical process control (SPC) techniques, such as Shewhart, CUSUM, or EWMA charts
	* Generalized likelihood ratio test (GLRT)
	* Non-param",1
"What are the limitations or constraints of partial discharge detection methods, and how can they be addressed?","
Partial discharge (PD) detection is a critical task in the maintenance of electrical transformers, as it allows for the early identification of potential failures, thereby enabling proactive maintenance and reducing the risk of catastrophic failures. However, PD detection methods do have certain limitations and constraints, which can be addressed through a combination of appropriate data analysis techniques and domain expertise.

Limitations and Constraints of PD Detection Methods:

1. Sensitivity and Resolution: PD detection methods, such as conventional PD measurements and acoustic emissions, can be limited in their sensitivity and resolution. This means that they may not be able to detect small or low-intensity PD activities, or may provide ambiguous results when multiple PD sources are present.
2. Accessibility: Some PD detection methods, such as internal PD measurements, require access to the interior of the transformer. This can be challenging in operational transformers, where access may be limited due to safety concerns or logistical issues.
3. Environmental Interference: External factors, such as temperature, humidity, and electromagnetic interference, can affect the accuracy and reliability of PD measurements. This can lead to false positives or false negatives, making it difficult to accurately identify and locate PD sources.
4. Data Interpretation: PD measurements can generate large amounts of data, which can be challenging to interpret and analyze. This is particularly true when dealing with complex or dynamic systems, where multiple factors can influence PD activity.

Addressing Limitations and Constraints:

1. Sensitivity and Resolution: To improve the sensitivity and resolution of PD detection methods, advanced signal processing techniques can be employed. For example, wavelet transforms can be used to analyze PD signals at different frequency scales, allowing for the identification of low-intensity PD activities. Similarly, time-frequency analysis can be used to track the evolution of PD signals over time, providing insights into the dynamics of PD processes.
2. Accessibility: To address the challenge of accessing the interior of operational transformers, non-invasive PD detection methods can be used. These methods, such as acoustic emissions and surface measurements, can provide valuable information about PD activity without requiring access to the transformer's interior.
3. Environmental Interference: To minimize the impact of environmental interference on PD measurements, appropriate data preprocessing techniques can be applied. For",1
Can you provide more details on how sensor data is collected and preprocessed for the anomaly detection model?,"Sure, I'd be happy to provide some background on the collection and preprocessing of sensor data for an anomaly detection model in the context of electrical transformers.

Electrical transformers are critical assets in the power grid, and monitoring their health is essential to ensure their reliable operation. Sensor data can provide valuable insights into the condition of the transformer and help to detect anomalies that may indicate potential failures.

Sensors used in electrical transformers can measure a variety of parameters, including:

* Temperature: Sensors can be used to measure the temperature of the transformer oil, windings, and other components.
* Vibration: Vibration sensors can be used to detect mechanical issues in the transformer, such as loose connections or damaged components.
* Current and voltage: Current and voltage sensors can be used to monitor the electrical behavior of the transformer and detect any abnormalities.
* Acoustic: Acoustic sensors can be used to detect partial discharge, which is a common failure mode in transformers.

The sensor data is typically collected through a network of wired or wireless sensors and transmitted to a centralized system for analysis. The data may be preprocessed to remove noise, outliers, and other artifacts that can interfere with the anomaly detection model.

Preprocessing steps may include:

* Data cleaning: Removing missing or invalid data points, such as those caused by sensor malfunctions or communication errors.
* Data normalization: Scaling the data to a common range to ensure that all features have equal weight in the anomaly detection model.
* Feature engineering: Extracting relevant features from the raw sensor data, such as statistical measures or time-domain characteristics.
* Data transformation: Transforming the data into a suitable format for the anomaly detection model, such as a time series or a feature vector.

Once the data is preprocessed, it can be used to train an anomaly detection model. The model can then be deployed to monitor the electrical transformer in real-time and alert operators to any potential issues.

It's important to note that the specific details of the sensor data collection and preprocessing may vary depending on the specific application and the type of sensors used. Collaborating with subject matter experts in the domain of electrical transformers will be crucial to ensure that the sensor data",1
What are the potential issues that can be identified and addressed through the use of historical sensor data?,"
Electrical transformers are critical assets in the power grid, and their failure or malfunction can lead to significant downtime and financial losses. Anomaly detection models can be used to identify potential issues in electrical transformers by analyzing historical sensor data. Some of the potential issues that can be identified and addressed through the use of historical sensor data include:

1. Overloading: Overloading can occur when the transformer is subjected to currents and voltages beyond its rated capacity. This can lead to overheating, which can cause damage to the transformer's insulation and windings. Historical sensor data can be used to identify patterns of overloading and trigger alerts to prevent further damage.
2. Overheating: Overheating can occur due to various reasons, such as overloading, poor ventilation, or insulation failure. Sensor data, such as temperature and oil temperature, can be used to detect abnormal temperature increases and trigger alerts for maintenance.
3. Moisture Intrusion: Moisture intrusion can occur due to leaks in the transformer tank or gaskets. This can lead to the formation of corrosive compounds, which can damage the transformer's insulation and windings. Sensor data, such as humidity and oil quality, can be used to detect moisture intrusion and trigger alerts for maintenance.
4. Insulation Failure: Insulation failure can occur due to aging, overloading, or overheating. This can lead to short circuits and other electrical faults. Sensor data, such as partial discharge and tan delta, can be used to detect insulation failure and trigger alerts for maintenance.
5. Gas Generation: Gas generation can occur due to partial discharge, overheating, or insulation failure. This can lead to the formation of gas pockets, which can cause explosions or fires. Sensor data, such as gas levels and temperature, can be used to detect gas generation and trigger alerts for maintenance.

By analyzing historical sensor data, anomaly detection models can help identify these potential issues early on, enabling preventive maintenance and reducing the risk of downtime and financial losses. The models can also help optimize the maintenance schedule, ensuring that the transformer is maintained only when necessary, rather than on a fixed schedule. This can help reduce maintenance costs and extend the transform",1
How can regular maintenance and testing help in detecting and preventing failures in electrical transformers?,"
Electrical transformers are critical assets in the power grid, and their failure can lead to significant downtime and financial losses. Regular maintenance and testing are essential for detecting and preventing failures in electrical transformers. Here's why:

1. Condition monitoring: Regular maintenance and testing of electrical transformers can help monitor their condition and detect any potential issues before they become major problems. This includes checking for signs of wear and tear, corrosion, or damage to the transformer's insulation system.
2. Insulation resistance testing: Insulation resistance testing is a critical aspect of electrical transformer maintenance. This test measures the resistance between the transformer's windings and the ground. A low insulation resistance value can indicate that the transformer's insulation system is failing, which can lead to a catastrophic failure.
3. Dissolved gas analysis: Dissolved gas analysis (DGA) is a technique used to detect and measure the levels of various gases in the transformer's insulating oil. Changes in the levels of these gases can indicate potential issues with the transformer, such as overheating, arcing, or partial discharge.
4. Moisture testing: Moisture testing is another critical aspect of electrical transformer maintenance. Moisture can cause the transformer's insulation system to fail, leading to a catastrophic failure. Regular moisture testing can help detect any issues early and prevent failures.
5. Visual inspection: Regular visual inspections of the transformer's exterior and interior can help detect any physical damage or signs of wear and tear. This includes checking for leaks, corrosion, or damage to the transformer's cooling system.
6. Load testing: Load testing can help ensure that the transformer is operating within its design limits. Overloading a transformer can cause it to overheat, which can lead to a catastrophic failure.

By performing regular maintenance and testing on electrical transformers, utility companies can detect and prevent failures, ensuring the reliability and stability of the power grid. These tests and inspections can help identify potential issues early, allowing for proactive maintenance and repair, rather than reactive replacement.

In summary, regular maintenance and testing are critical for detecting and preventing failures in electrical transformers. By monitoring the transformer's condition,",1
What are the best practices for developing predictive and preventive maintenance strategies for transformers?,"
When developing predictive and preventive maintenance strategies for electrical transformers, it is important to consider best practices that can help ensure the reliable and efficient operation of this critical industrial asset. Here are some key best practices to consider:

1. Data Collection: The first step in developing a predictive maintenance strategy is to collect accurate and reliable data on the transformer's performance and condition. This may include data on temperature, current, voltage, power factor, and other key performance indicators (KPIs). Sensors can be used to collect this data in real-time, providing a continuous stream of information that can be used to identify trends and anomalies.

2. Feature Engineering: Once data has been collected, it is important to engineer features that can be used to train machine learning models. This may include statistical features, such as mean, median, and standard deviation, as well as more complex features, such as waveform shape, frequency, and harmonic distortion. The choice of features will depend on the specific failure modes that are being monitored.

3. Anomaly Detection: Anomaly detection algorithms can be used to identify unusual patterns or outliers in the sensor data. This can help to identify potential failures before they occur, allowing for preventive maintenance to be scheduled. There are a variety of anomaly detection algorithms that can be used, including time series analysis, machine learning, and statistical methods.

4. Failure Mode Analysis: It is important to understand the specific failure modes that are common in electrical transformers. This can include issues such as insulation breakdown, overheating, and mechanical failure. By understanding the specific failure modes, it is possible to develop predictive models that are tailored to the specific needs of the transformer.

5. Predictive Maintenance: Predictive maintenance can be used to schedule maintenance activities based on the predicted likelihood of failure. This can help to reduce downtime and maintenance costs, while ensuring that the transformer is operating at peak performance. Predictive maintenance models can be developed using machine learning algorithms, such as regression, decision trees, and neural networks.

6. Root Cause Analysis: When failures do occur, it is important to conduct a root cause analysis to identify the underlying causes of the failure. This can help to prevent similar failures from occurring in the future, and can also provide insights into ways",1
How can the anomaly detection model be adapted and learn from the new data generated by the maintenance team?,"To build an effective anomaly detection model for electrical transformers, it is crucial to first understand the critical components of a transformer and the types of failures that can occur. This will help in identifying the relevant features from the sensor data and in determining the appropriate machine learning techniques to be used.

Electrical transformers are critical assets in the power grid and are responsible for converting electrical energy from one voltage level to another. Some of the key components of a transformer include the core, coils, tap changer, and cooling system. Failures in these components can lead to significant downtime and repair costs. Some common failure modes in transformers include insulation breakdown, winding faults, core faults, and cooling system issues.

In order to build an anomaly detection model that can adapt and learn from new data generated by the maintenance team, we can consider the following approaches:

1. **Data Collection**: The first step is to collect and preprocess the sensor data from the transformer. This may include data on current, voltage, temperature, pressure, and other relevant parameters. It is important to ensure that the data is cleaned and preprocessed to remove any noise or outliers.
2. **Feature Engineering**: Based on the domain understanding of the electrical transformer, we can identify the relevant features that can indicate potential failures. For example, a sudden increase in temperature or a decrease in pressure may indicate a problem with the cooling system.
3. **Model Selection**: There are several machine learning techniques that can be used for anomaly detection in transformers, including unsupervised learning techniques such as clustering and autoencoders, as well as supervised learning techniques such as classification and regression. The choice of model will depend on the nature of the data and the specific failure modes that need to be detected.
4. **Model Training**: Once the model has been selected, it can be trained on the sensor data collected from the transformer. It is important to ensure that the model is trained on a diverse set of data, including both normal and abnormal operating conditions.
5. **Model Evaluation**: After the model has been trained, it should be evaluated on a separate test dataset to ensure that it can accurately detect anomalies. The performance of the model can be evaluated using metrics such as precision, recall, and F1 score.
6. **Model Adaptation",1
Can the maintenance history of a transformer be used to improve the accuracy of the anomaly detection model?,"Yes, the maintenance history of a transformalyzer can be used to improve the accuracy of the anomaly detection model for electrical transformers. Maintenance history often includes information about past failures, repairs, and replacements, which can provide valuable insights into the typical failure modes and signatures of the specific transformer asset class. This information can be used to guide the development of the anomaly detection model, such as identifying which variables or patterns in the sensor data are most closely associated with specific types of failures or degradation.

For example, if the maintenance history shows a pattern of arcing or overheating events leading up to a failure, the anomaly detection model can be trained to identify similar patterns in the sensor data and flag them as potential anomalies. Similarly, if certain sensor readings consistently deviate from their expected ranges prior to a failure, the model can learn to associate those deviations with an increased risk of failure.

In addition, maintenance history can help to identify any periodic or cyclical patterns in the transformer's behavior, such as variations in load or temperature that occur with seasonal or diurnal patterns. This information can be used to refine the anomaly detection model's sensitivity to different types of anomalies, and to reduce the risk of false positives or false negatives.

Overall, incorporating maintenance history into the anomaly detection model development process can help to improve the model's accuracy, specificity, and sensitivity, and ultimately lead to more effective and efficient maintenance strategies for electrical transformers.",1
How do the sensors and anomaly detection methods differ for new and aging transformer insulation materials?,"
When it comes to electrical transformers, there are several types of insulation materials used, and the type of material can impact the selection of sensors and anomaly detection methods. In particular, there are differences between new and aging transformer insulation materials.

New Transformer Insulation Materials:
New transformer insulation materials are typically designed to have consistent properties and low failure rates. The most common type of insulation material used in new transformers is solid insulation, such as paper or plastic film. These materials are chosen for their excellent dielectric strength, electrical resistance, and thermal stability.

To monitor the condition of new transformer insulation materials, a variety of sensors can be used. These include:

1. Dissolved Gas Analysis (DGA) sensors: These sensors measure the levels of gases that are produced when insulation materials break down. By monitoring the levels of these gases, it is possible to detect early signs of insulation failure.
2. Moisture sensors: Moisture can have a significant impact on the performance of transformer insulation materials. By monitoring moisture levels, it is possible to detect potential issues before they become serious.
3. Temperature sensors: Transformers generate heat during operation, and excessive heat can lead to insulation failure. By monitoring temperature levels, it is possible to detect potential issues before they become serious.

Aging Transformer Insulation Materials:
Over time, transformer insulation materials can degrade due to factors such as moisture, heat, and electrical stress. This can lead to a higher risk of insulation failure.

To monitor the condition of aging transformer insulation materials, a variety of sensors can be used. These include:

1. Furan analysis sensors: These sensors measure the levels of furan compounds, which are produced when paper-based insulation materials break down. By monitoring the levels of these compounds, it is possible to detect early signs of insulation failure.
2. Tan-delta sensors: These sensors measure the dielectric properties of insulation materials. By monitoring changes in these properties, it is possible to detect potential issues before they become serious.
3. Partial discharge sensors: These sensors detect the small electrical discharges that can occur when insulation materials break down. By monitoring these discharges, it is possible to detect potential issues before they",1
Can you explain the importance of identifying and addressing potential issues before they become critical?,"
Sure, I'd be happy to help explain the importance of identifying and addressing potential issues before they become critical, particularly in the context of electrical transformers.

Electrical transformers are critical components of electrical power systems, used to convert electrical energy from one voltage level to another. They are widely used in the power distribution grid, as well as in industrial and commercial facilities. Transformers are designed to operate reliably for many years, but like any other mechanical system, they can experience issues and failures that can lead to significant downtime, safety risks, and financial losses.

Identifying and addressing potential issues before they become critical is essential to ensure the reliable and safe operation of electrical transformers. This can help prevent unplanned outages, reduce maintenance costs, and extend the lifespan of the transformer. Some of the key benefits of proactive maintenance and anomaly detection include:

1. Increased reliability: By identifying and addressing potential issues before they become critical, it is possible to prevent unplanned outages and reduce the risk of equipment failure. This can help ensure a more reliable and stable power supply, which is essential for many industrial and commercial applications.
2. Reduced maintenance costs: Proactive maintenance can help reduce the overall cost of maintaining electrical transformers by identifying issues early and addressing them before they become more significant problems. This can help avoid costly repairs or replacements and reduce the need for emergency maintenance.
3. Improved safety: Electrical transformers can pose significant safety risks if they are not maintained properly. Identifying and addressing potential issues before they become critical can help reduce the risk of electrical shock, fire, or other safety hazards.
4. Extended lifespan: Proactive maintenance and anomaly detection can help extend the lifespan of electrical transformers by identifying and addressing issues before they cause significant damage. This can help ensure that transformers last for many years, reducing the need for costly replacements.

In summary, identifying and addressing potential issues before they become critical is essential for ensuring the reliable, safe, and cost-effective operation of electrical transformers. By leveraging proactive maintenance and anomaly detection techniques, it is possible to identify issues early, reduce maintenance costs, improve safety, and extend the lifespan of this critical equipment.",1
"How will the model's performance be evaluated, and what metrics will be used to assess its effectiveness?","
To evaluate the performance and assess the effectiveness of the anomaly detection model for electrical transformers, we will use a combination of metrics that measure the model's ability to accurately identify anomalies while minimizing false positives and false negatives. The following metrics will be used:

1. **Precision**: Precision is the ratio of true positive predictions (correctly identified anomalies) to the total predicted anomalies. A high precision indicates that the model has a low false positive rate, reducing the chances of unnecessary maintenance or alerts.

2. **Recall (Sensitivity)**: Recall is the ratio of true positive predictions to the total actual anomalies in the data. High recall indicates that the model is effectively identifying most of the anomalies, minimizing false negatives.

3. **F1-score**: F1-score is the harmonic mean of precision and recall, and it provides a balanced assessment of the model's performance. F1-score ranges from 0 to 1, with 1 indicating a perfect model.

4. **Specificity**: Specificity is the ratio of true negative predictions (correctly identified non-anomalies) to the total actual non-anomalies. High specificity indicates that the model has a low false positive rate.

5. **Area Under the Receiver Operating Characteristic Curve (AUROC)**: AUROC measures the model's ability to distinguish between anomalies and non-anomalies. A higher AUROC indicates a better performing model, with a maximum value of 1.

6. ** Cohen's Kappa**: Cohen's Kappa measures the agreement between the predicted anomalies and the actual anomalies, accounting for chance. A higher Cohen's Kappa indicates better agreement, ranging from -1 (complete disagreement) to 1 (perfect agreement).

7. **Excessive Alarm Ratio (EAR)**: EAR measures the percentage of time the model generates false positive alarms, which can lead to alarm fatigue. A lower EAR indicates better model performance.

These metrics will help us evaluate the model's ability to detect anomalies accurately and effectively in real-time sensor data from electrical transformers. Additionally, domain-specific expertise will be used to",1
How can the model be integrated with existing monitoring and control systems for electrical transformers?,"
To build an anomaly detection model for electrical transformers, it is important to first understand the key components of a transformer and the types of failures that can occur. Transformers are critical assets in the electrical grid, and their failure can lead to power outages and significant financial losses. Therefore, it is important to monitor their condition closely and detect any anomalies as early as possible.

In order to integrate the anomaly detection model with existing monitoring and control systems for electrical transformers, we need to consider the following questions:

1. What types of sensors and data are currently being used to monitor the transformers?
2. What are the key performance indicators (KPIs) or metrics that are currently being monitored for the transformers?
3. What are the communication protocols used by the existing monitoring and control systems?
4. Are there any existing data storage and analysis platforms that can be used to integrate the anomaly detection model?
5. What are the specific failure modes that the anomaly detection model should be able to detect for transformers?
6. How can the anomaly detection model be integrated with existing alarm and alerting systems?

Based on the answers to these questions, we can develop a strategy for integrating the anomaly detection model with the existing monitoring and control systems. This may involve:

1. Using existing sensors and data sources to collect and preprocess the data for the anomaly detection model.
2. Defining KPIs or metrics that are relevant to the failure modes of transformers and using these to train the anomaly detection model.
3. Ensuring that the anomaly detection model can communicate with the existing monitoring and control systems using the appropriate communication protocols.
4. Integrating the anomaly detection model with existing data storage and analysis platforms, such as historians or time-series databases.
5. Defining specific thresholds or rules for triggering alarms or alerts based on the anomaly detection model's output.
6. Testing and validating the anomaly detection model in a controlled environment before deploying it in a live production setting.

By integrating the anomaly detection model with existing monitoring and control systems for electrical transformers, we can improve the overall reliability and availability of the electrical grid, reduce maintenance costs, and minimize the impact of transformer failures on end-",1
How can the maintenance team ensure the best possible results from the integration of these two systems?,"
In order to ensure the best possible results from the integration of a predictive anomaly detection model and an electrical transformer system, it is essential to first understand the critical components of a transformer and the types of failures that can occur. Transformers are crucial assets in the electrical grid, and their failure can lead to power outages, safety hazards, and financial losses. Therefore, it is important to develop a robust anomaly detection model that can accurately identify potential failures in real-time sensor data.

To build such a model, the maintenance team should consider the following questions:

1. What are the critical components of an electrical transformer that can fail and lead to significant consequences?
	* The critical components of a transformer include the winding, core, tap changer, bushings, and cooling system. Failure in any of these components can lead to significant downtime, safety risks, and financial losses.
2. What types of failures can occur in these components, and what are their symptoms?
	* In the winding, common failures include turn-to-turn and inter-turn faults, which can lead to increased heating and reduced insulation life. Symptoms include increased winding temperature, vibration, and noise.
	* In the core, common failures include saturation and core faults, which can lead to increased heating and reduced efficiency. Symptoms include increased core temperature, voltage unbalance, and harmonic distortion.
	* In the tap changer, common failures include mechanical wear, contact erosion, and insulation failure, which can lead to reduced performance and increased maintenance. Symptoms include increased tap changer noise, vibration, and temperature.
	* In the bushings, common failures include insulation failure, tracking, and flashover, which can lead to catastrophic failure. Symptoms include increased leakage current, partial discharge, and arcing.
	* In the cooling system, common failures include blockage, leakage, and insulation failure, which can lead to overheating and reduced transformer life. Symptoms include increased oil temperature, pressure, and flow.
3. How can sensor data be used to detect these failures in real-time?
	* Sensor data can be used to monitor the critical components and detect anomalies that may indicate a potential failure. For example",1
Can you provide examples of specific failure modes in transformers and how they manifest in sensor data?,"Sure, I'd be happy to help! In order to build an anomaly detection model for electrical transformers, it's important to first understand some common failure modes and how they can manifest in sensor data. Here are a few examples:

1. **Overheating:** Transformers can experience overheating due to excessive electrical loading, poor ventilation, or insulation failure. This can lead to a decrease in the transformer's efficiency and lifespan, and can ultimately result in catastrophic failure. Sensor data that can be used to detect overheating includes temperature readings from thermocouples or other temperature sensors, as well as current and voltage readings that can be used to calculate power consumption and dissipation.
2. **Insulation failure:** Insulation failure can occur due to aging, contamination, or mechanical stress. This can lead to short circuits and other electrical faults that can cause the transformer to fail. Sensor data that can be used to detect insulation failure includes dielectric dissipation factor (DDF) readings, which measure the amount of energy lost as heat due to insulation breakdown.
3. **Gas accumulation:** Transformers can accumulate gas due to internal faults or overloading. This can lead to the formation of bubbles or pockets of gas within the transformer oil, which can cause arcing and other electrical faults. Sensor data that can be used to detect gas accumulation includes oil level and temperature readings, as well as gas analysis readings that can detect the presence of hydrogen, acetylene, or other gases that are indicative of internal faults.
4. **Mechanical failure:** Transformers can experience mechanical failure due to vibration, shock, or other external stresses. This can lead to damage to the transformer's core or windings, which can result in a decrease in efficiency or complete failure. Sensor data that can be used to detect mechanical failure includes vibration readings, current and voltage readings that can be used to detect imbalances or other abnormalities, and oil analysis readings that can detect the presence of metal particles or other contaminants.

In order to build an effective anomaly detection model for transformers, it's important to consider these and other failure modes, as well as the sensor",1
"What are the desired performance metrics for the anomaly detection model, and how can these be achieved?","
Anomaly detection models for electrical transformers, as part of an IoT/OT system, should be designed with the specific goal of identifying unusual or abnormal behavior that deviates from the normal operation of the transformer. The choice of performance metrics for evaluating the effectiveness of the anomaly detection model should reflect this goal. Here are some desired performance metrics and ways to achieve them:

1. **Low False Negative Rate**: A false negative occurs when the model fails to detect an actual anomaly. This is particularly important for electrical transformers, as undetected anomalies can lead to catastrophic failures, including fires and explosions. To achieve a low false negative rate, the model should be trained on a diverse and representative dataset that includes various types of anomalies. Additionally, the model should be designed to capture both common and rare anomalies, using techniques such as one-class classification or density-based methods.
2. **Low False Positive Rate**: A false positive occurs when the model incorrectly identifies normal behavior as an anomaly. While false positives are less critical than false negatives, they can still lead to unnecessary maintenance and downtime. To achieve a low false positive rate, the model should be trained on a dataset that includes the natural variability of the system, such as transient disturbances and measurement noise. Additionally, the model should be designed to distinguish between normal and abnormal behavior based on well-defined criteria, such as statistical thresholds or pattern recognition techniques.
3. **Explainability**: Anomaly detection models for electrical transformers should be interpretable and explainable, allowing operators to understand the reasoning behind the model's decisions. This is important for building trust in the model and for diagnosing and resolving anomalies. To achieve explainability, the model should be designed using transparent techniques, such as rule-based systems or decision trees, rather than black-box methods like deep learning. Additionally, the model should provide clear and actionable insights, such as the location and type of the anomaly, as well as recommendations for corrective action.
4. **Real-time Performance**: Anomaly detection models for electrical transformers should be able to process and analyze data in real-time, allowing operators to respond quickly to emerging anomalies. To achieve real-time performance, the model should be designed to handle high-",1
What are the potential consequences of not addressing potential issues identified through this approach?,"
Electrical transformers are critical assets in the electricity grid, and their failure can have significant consequences. Transformers can fail due to various reasons, including aging, overloading, moisture ingress, and insulation degradation. Identifying and addressing potential issues in a timely manner is crucial to prevent transformer failure and the resulting power outages, financial losses, and safety risks.

The consequences of not addressing potential issues in electrical transformers can be severe:

1. Power outages: Transformer failure can cause power outages, affecting homes, businesses, and critical infrastructure such as hospitals, emergency services, and transportation systems. Power outages can result in significant economic losses, inconvenience, and disruption of daily life.
2. Safety risks: Transformer failure can cause safety risks, such as fire hazards, explosions, and electrical shock. These risks can result in injury or death to personnel and damage to equipment and facilities.
3. Financial losses: Transformer failure can result in significant financial losses due to equipment damage, repair costs, and lost revenue. In addition, the cost of replacing a failed transformer can be substantial, ranging from tens of thousands to millions of dollars, depending on the size and complexity of the transformer.
4. Environmental damage: Transformer failure can cause environmental damage, such as oil spills and soil contamination. These incidents can result in regulatory fines, legal liability, and reputational damage.

Therefore, it is essential to identify and address potential issues in electrical transformers using an anomaly detection model. By detecting anomalies in real-time sensor data, operators can take timely action to prevent transformer failure, minimize the consequences, and ensure the reliability and safety of the electricity grid.",1
Are there any specific OSHA regulations that apply to electrical transformer performance and anomalies?,"
Before constructing an anomaly detection model for an electrical transformer in an industrial setting, it is important to understand any relevant regulations that apply to the performance and anomalies of this type of asset. The Occupational Safety and Health Administration (OSHA) is a primary organization that sets safety and health regulations for the U.S. The following regulations are applicable to electrical transformers:

1. OSHA Standard 1910.302 - General: This standard covers electrical safety requirements for employee workplaces. It includes provisions for safe installation, maintenance, and use of electrical equipment, including transformers.

2. OSHA Standard 1910.303 - Wiring methods, design and protection: This standard outlines requirements for wiring methods, including the use of ground fault circuit interrupters (GFCIs) and arc-fault circuit interrupters (AFCIs) to protect against electrical faults and anomalies.

3. OSHA Standard 1910.304 - Overcurrent protection: This standard requires that electrical circuits be protected against overcurrents, which can cause damage to electrical equipment and lead to anomalies.

4. OSHA Standard 1910.305 - Use and identification of electrical equipment: This standard requires that electrical equipment be used in accordance with its rating and instructions, and that it be identified for its proper use.

5. OSHA Standard 1910.307 - Hazardous (classified) locations: This standard applies to electrical equipment used in hazardous locations, such as areas where flammable gases or vapors are present.

6. OSHA Standard 1910.308 - Motor and motor circuits: This standard applies to the installation and maintenance of motors, including transformers, and their circuits.

7. NFPA 70E - Standard for Electrical Safety in the Workplace: This standard, published by the National Fire Protection Association (NFPA), provides guidelines for electrical safety in the workplace. It includes requirements for electrical equipment maintenance, testing, and safe work practices.

In summary, OSHA regulations and industry standards provide guidelines for the safe installation, maintenance, and use of electrical transformers. Understanding these regulations is essential for developing an effective",1
How can the lifespan of electrical transformers be extended through regular monitoring and maintenance?,"
Electrical transformers are critical assets in the power grid, and their longevity plays a crucial role in maintaining a reliable and efficient electrical system. Regular monitoring and maintenance can significantly extend the lifespan of electrical transformers. Here's a background document to answer the given question:

1. Importance of Electrical Transformers:
Electrical transformers are responsible for transforming voltage levels in the power grid. They step up or step down voltage to ensure efficient and safe power transmission and distribution. The lifespan of a transformer is typically between 30 to 50 years, depending on various factors, such as maintenance, operating conditions, and design.

2. Factors Affecting Transformer Lifespan:
- Overloading: Operating transformers beyond their rated capacity can lead to overheating and accelerated aging.
- Age: As transformers age, their insulation systems deteriorate, leading to increased risk of failure.
- Moisture: Water or moisture ingress can cause severe damage to transformer insulation systems.
- Dissolved Gas Analysis (DGA): The accumulation of gases in transformer oil can indicate internal issues, such as arcing, overheating, or insulation breakdown.
- Vibration: Excessive vibration can damage transformer components, leading to reduced lifespan.

3. Extending Transformer Lifespan through Monitoring and Maintenance:
- Regular inspections: Schedule routine inspections to identify potential issues early and address them promptly.
- Load management: Monitor and control transformer loading to avoid overloading and overheating.
- Moisture detection: Implement moisture detection and removal techniques to prevent moisture-related issues.
- DGA monitoring: Regularly analyze dissolved gases in transformer oil to detect internal faults.
- Vibration monitoring: Monitor transformer vibration to detect potential mechanical issues.
- Maintenance: Perform regular maintenance tasks, such as cleaning, lubrication, and replacement of worn-out components.

4. Real-time Monitoring and Anomaly Detection:
Real-time monitoring of electrical transformers using IoT/OT systems can provide valuable data for predictive maintenance and anomaly detection. By collecting and analyzing sensor data, such as temperature, vibr",1
How can the model differentiate between normal variations in transformer behavior and actual anomalies?,"
In order to develop an anomaly detection model for electrical transformers, it is important to understand the key performance indicators (KPIs) and the environmental factors that can affect the behavior of these transformers. By identifying and analyzing these factors, we can differentiate between normal variations in transformer behavior and actual anomalies.

Some of the key KPIs for electrical transformers include:

1. Current and voltage levels: The current and voltage levels in a transformer can fluctuate based on changes in load and other factors. However, significant deviations from expected levels can indicate an anomaly.
2. Temperature: Transformers can generate significant heat during operation, and temperature is a key factor in their performance and longevity. Abnormal temperature fluctuations or sustained high temperatures can indicate an issue with the transformer.
3. Vibration: Transformers can also generate vibrations, and these can be affected by factors such as load, age, and maintenance history. Significant changes in vibration patterns can indicate an anomaly.

In addition to these KPIs, there are several environmental factors that can affect transformer behavior, including:

1. Ambient temperature: The temperature of the surrounding environment can impact the temperature of the transformer and its performance.
2. Humidity: High humidity levels can cause condensation on the transformer, which can lead to corrosion and other issues.
3. Load: The load on the transformer can fluctuate over time, and this can affect its behavior and performance.

To develop an anomaly detection model for electrical transformers, we would need to collect and analyze data on these KPIs and environmental factors. This could involve using sensors to measure current, voltage, temperature, and vibration levels, as well as collecting data on ambient temperature and humidity.

Once we have collected this data, we can use machine learning techniques to develop a model that can differentiate between normal variations in transformer behavior and actual anomalies. This could involve using time series analysis to identify trends and patterns in the data, as well as using clustering algorithms to group similar data points together. We could also use supervised learning techniques, such as classification algorithms, to identify anomalies based on labeled data.

Overall, developing an anomaly detection model for electrical transformers requires",1
How can the anomaly detection model provide clear and actionable information for the maintenance team?,"To build an effective anomaly detection model for electrical transformers in the Industrial IoT/OT system, it is crucial to first gather a thorough understanding of the problem domain. This includes identifying the essential components of the model, the important failure modes, and the ability of sensor data to detect these failures. Here are some questions that can be used to gather this information from subject matter experts:

1. What are the critical components of an electrical transformer that should be monitored for anomalies?
	* This question will help identify the most important variables to include in the anomaly detection model.
2. What are the most common failure modes of electrical transformers?
	* Understanding the common failure modes will help ensure that the anomaly detection model is designed to detect the most significant and relevant issues.
3. What type of sensor data is available for each critical component?
	* Knowing the type and quality of sensor data available will help determine the feasibility of detecting each failure mode.
4. How accurate and reliable is the sensor data?
	* The accuracy and reliability of the sensor data will impact the performance of the anomaly detection model.
5. What is the desired level of sensitivity and specificity for the anomaly detection model?
	* Understanding the desired balance between sensitivity and specificity will help determine the appropriate threshold for flagging anomalies.
6. What are the potential consequences of false positives and false negatives?
	* Knowing the potential consequences will help determine the appropriate level of risk tolerance for the anomaly detection model.
7. How should the anomaly detection model prioritize and communicate alerts to the maintenance team?
	* Understanding the maintenance team's workflow and communication preferences will help ensure that the anomaly detection model provides clear and actionable information.

By asking these questions, we can gather the necessary information to build an anomaly detection model that provides clear and actionable information for the maintenance team. The model should be designed to detect the most common and significant failure modes of electrical transformers, using the available sensor data to provide timely and accurate alerts. The model should also be customized to the desired level of sensitivity and specificity, taking into account the potential consequences of false positives and false negatives. Finally, the model should be designed to integrate seamlessly into the maintenance team's workflow,",1
Can you explain the relationship between severity and detectability of issues in the transformer core?,"
Sure, I'd be happy to help explain the relationship between the severity and detectability of issues in a transformer core.

Transformer cores are critical components of electrical transformers, responsible for the majority of the energy conversion in the transformer. Issues in the transformer core can have significant consequences, including decreased efficiency, reduced lifespan, and even catastrophic failure. However, the detectability of these issues can vary widely depending on the specific type and severity of the problem.

One common issue in transformer cores is the presence of hotspots, or areas of high temperature within the core. Hotspots can be caused by a variety of factors, including poor core design, manufacturing defects, or overloading of the transformer. While hotspots can be detected using temperature sensors or thermal imaging, the severity of the issue may not always be directly proportional to its detectability. For example, a small hotspot may be easily detectable, while a larger hotspot in a more difficult-to-reach area may go unnoticed.

Another issue that can occur in transformer cores is the presence of contaminants, such as moisture or dirt. These contaminants can lead to the formation of partial discharges, which can cause damage to the insulation and eventually lead to failure. While partial discharges can be detected using partial discharge sensors, the severity of the issue may not always be directly proportional to its detectability. For example, a small amount of contamination may be easily detectable, while a larger amount in a more difficult-to-reach area may go unnoticed.

In addition to hotspots and contaminants, transformer cores can also be affected by issues such as mechanical vibration, overheating, and electrical stress. These issues can be more difficult to detect, as they may not produce obvious signs or symptoms until they have reached a more advanced stage. However, the use of advanced monitoring and analytics techniques, such as machine learning and artificial intelligence, can help to identify these issues at an earlier stage, allowing for more effective maintenance and repair.

Overall, the relationship between the severity and detectability of issues in a transformer core is complex and multifaceted. While some issues may be easily detectable, others may require more advanced monitoring and analytics",1
How can the performance of the anomaly detection model be compared with other models in the industry?,"To compare the performance of an anomaly detection model for electrical transformers with other models in the industry, we need to establish a set of standard evaluation metrics and benchmark datasets. This will allow for a consistent and unbiased comparison of different models.

One way to do this is to use publicly available datasets of electrical transformer sensor data, such as those provided by organizations like the Center for Advanced Life Cycle Engineering (CALCE) at the University of Maryland. These datasets can be used to train and test different anomaly detection models, and the results can be compared in terms of metrics such as accuracy, precision, recall, and F1 score.

Additionally, it may be useful to consider the following factors when comparing the performance of different anomaly detection models for electrical transformers:

* **Data preprocessing:** The quality and consistency of the data preprocessing steps, such as data cleaning, normalization, and feature engineering, can have a significant impact on the performance of the anomaly detection model.
* **Model complexity:** The complexity of the anomaly detection model can also affect its performance. More complex models may be able to capture more subtle patterns in the data, but they may also be more prone to overfitting and may require more computational resources to train and deploy.
* **Interpretability:** The ability to explain and interpret the results of the anomaly detection model can be important for gaining trust and acceptance from stakeholders.
* **Scalability:** The ability of the anomaly detection model to handle large volumes of data and to scale to multiple assets or locations can be important for industrial applications.
* **Real-time performance:** The ability of the anomaly detection model to provide real-time or near-real-time results can be important for identifying and responding to issues as they occur.

By considering these factors and using standard evaluation metrics and benchmark datasets, it will be possible to compare the performance of different anomaly detection models for electrical transformers in a fair and unbiased manner.",1
How can the assessment of anomaly severity be used to prioritize maintenance and preventive actions?,"
An electrical transformer is a critical asset in the power system infrastructure. Its failure or malfunction can lead to power outages, damage to other equipment, and even safety hazards. Therefore, it is essential to monitor the condition of electrical transformers continuously and identify any anomalies or abnormal behaviors that may indicate potential failures. The assessment of anomaly severity can help prioritize maintenance and preventive actions, reducing the risk of failure and minimizing the impact of any disruptions.

Anomaly severity assessment involves determining the level of risk associated with each anomaly detected in the electrical transformer's sensor data. The severity assessment can be based on various factors, such as the magnitude and duration of the anomaly, the location and extent of the affected components, and the potential consequences of the anomaly.

The assessment of anomaly severity can help prioritize maintenance and preventive actions in several ways. For example, if a severe anomaly is detected in the transformer's winding temperature, it may indicate an increased risk of insulation failure. In this case, immediate maintenance actions, such as cleaning or replacing the affected components, may be necessary to prevent further damage and ensure the transformer's safe and reliable operation.

Similarly, if a moderate anomaly is detected in the transformer's vibration level, it may indicate a potential mechanical issue, such as loose bolts or bearing wear. In this case, preventive actions, such as tightening the bolts or replacing the bearings, may be taken during the next scheduled maintenance interval to prevent the anomaly from escalating and causing a failure.

Moreover, the assessment of anomaly severity can help optimize the maintenance and inspection schedules of electrical transformers. By focusing on the most critical anomalies, maintenance and inspection resources can be allocated more efficiently, reducing the overall maintenance costs and minimizing the downtime of the transformer.

In summary, the assessment of anomaly severity is crucial for prioritizing maintenance and preventive actions for electrical transformers. By determining the level of risk associated with each anomaly, maintenance and inspection resources can be allocated more efficiently, reducing the risk of failure and minimizing the impact of any disruptions.",1
How can the data collected from the sensors be used to predict failures in electrical transformers?,"
To build an anomaly detection model for electrical transformers using sensor data, we need to first understand the important components of a transformer and the types of failures that can occur. This will help us identify which sensor data to focus on and how to use it to detect potential failures.

Electrical transformers are critical components of the power grid, used to step up or step down voltage levels. They consist of a core, windings, and various types of insulating materials. The core is made of iron or steel laminations, and the windings are coils of copper or aluminum wire. The insulating materials are used to separate the windings and protect them from moisture and contaminants.

There are several types of failures that can occur in electrical transformers, including:

1. Insulation failure: This can be caused by moisture, contaminants, or aging of the insulating materials. Sensor data that can be used to detect insulation failure includes moisture levels, partial discharge measurements, and insulation resistance measurements.
2. Winding failure: This can be caused by overloading, overheating, or mechanical stress. Sensor data that can be used to detect winding failure includes winding temperature, current and voltage measurements, and power quality measurements.
3. Core failure: This can be caused by mechanical stress, contamination, or overheating. Sensor data that can be used to detect core failure includes core temperature, vibration measurements, and magnetic flux measurements.

In addition to these sensor data, other factors that can be used to predict failures in electrical transformers include:

1. Operating conditions: The operating conditions of the transformer, such as temperature, humidity, and load, can affect its performance and lifespan.
2. Maintenance history: The maintenance history of the transformer, including past failures, repairs, and replacements, can provide insight into its current condition.
3. Age: The age of the transformer can also be a factor in predicting failures, as older transformers are more likely to experience degradation and failure.

To build an anomaly detection model for electrical transformers using sensor data, we would need to first collect and preprocess the data from the sensors. This would involve cleaning the data, handling missing values, and normalizing the data. Next, we would need to select",1
How do we define and measure the severity of a failure in the context of electrical transformers?,"
In the context of electrical transformers, failures can have a significant impact on the performance and safety of the power grid. Therefore, it is crucial to define and measure the severity of a failure appropriately.

An electrical transformer is a static electrical device that converts electrical energy from one voltage level to another for the purpose of voltage transformation, voltage distribution, or voltage regulation. Transformers are critical components in the power grid, and their failure can lead to power outages, safety hazards, and financial losses.

The severity of a transformer failure can be defined and measured based on several factors, including:

1. Impact on power grid: The severity of a transformer failure can be measured by its impact on the power grid. For example, a failure that causes a major power outage or voltage collapse would be considered more severe than a failure that results in a minor voltage fluctuation.
2. Cost of repair or replacement: The severity of a transformer failure can also be measured by the cost of repairing or replacing the transformer. A failure that requires a complete replacement of the transformer would be considered more severe than a failure that can be repaired with minimal downtime.
3. Safety implications: The severity of a transformer failure can be measured by its safety implications. For example, a failure that results in an electrical shock or fire would be considered more severe than a failure that does not pose a safety hazard.
4. Downtime: The severity of a transformer failure can be measured by the amount of downtime it causes. A failure that results in extended downtime would be considered more severe than a failure that can be quickly resolved.
5. Risk of cascading failures: The severity of a transformer failure can be measured by the risk of cascading failures. A failure that increases the risk of additional failures in the power grid would be considered more severe than a failure that is contained to a single transformer.

In summary, the severity of a transformer failure can be measured by its impact on the power grid, cost of repair or replacement, safety implications, downtime, and risk of cascading failures. These factors can help subject matter experts determine the appropriate response to a transformer failure and prioritize maintenance and repair efforts.",1
Can you provide examples of early-stage failure symptoms that the model should be able to detect?,"Sure, I'd be happy to help! In the context of electrical transformers, there are several types of early-stage failure symptoms that we may want to detect using an anomaly detection model. Here are a few examples:

1. **Increased temperature:** Electrical transformers can generate a significant amount of heat during operation. However, if the temperature of the transformer starts to rise unexpectedly, this could be a sign of an emerging fault. For example, increased coil or winding temperature can indicate insulation degradation, which can lead to eventual failure.
2. **Voltage unbalance:** In a three-phase transformer, an unbalance in the voltage levels between the phases can indicate an emerging fault. This can be caused by a variety of factors, such as loose connections, tap changer issues, or winding faults.
3. **Current imbalance:** Similar to voltage unbalance, a current imbalance between the phases can also indicate an emerging fault. This can be caused by issues such as load imbalances, winding faults, or tap changer problems.
4. **Increased noise:** Electrical transformers can generate noise during operation, but an increase in noise level can be a sign of an emerging fault. This can be caused by issues such as arcing, corona discharge, or mechanical vibrations.
5. **Leakage current:** Leakage current is the current that flows through the insulation of a transformer. An increase in leakage current can indicate an emerging fault, such as insulation degradation or winding faults.

These are just a few examples of early-stage failure symptoms that we may want to detect in electrical transformers. By building an anomaly detection model that can identify these symptoms in real-time sensor data, we can potentially prevent catastrophic failures and extend the lifespan of the transformer.",1
What are the potential challenges in integrating these two systems and how can they be addressed?,"
Electrical transformers are critical assets in industrial and electrical systems, and monitoring their health and performance is essential for preventing failures and reducing downtime. Real-time sensor data from IoT/OT systems can provide valuable insights into the condition of these assets, enabling data scientists to build predictive and anomaly detection models. However, integrating these two systems can present several challenges, including:

1. Data quality and compatibility: Sensor data from IoT/OT systems may come in different formats, resolutions, and levels of accuracy, making it challenging to integrate and analyze. Additionally, the data may contain missing or erroneous values, which can affect the performance of the anomaly detection model. To address these challenges, data preprocessing techniques such as data cleaning, normalization, and feature engineering can be applied to ensure data quality and compatibility.
2. Sensor selection and placement: The selection and placement of sensors in the electrical transformer system can significantly impact the accuracy and effectiveness of the anomaly detection model. Factors such as the type and location of the sensors, as well as the sampling rate and resolution, should be carefully considered to ensure that the sensor data can accurately reflect the condition of the transformer. Collaboration with subject matter experts, such as electrical engineers and maintenance technicians, can help identify the most critical components and locations for sensor placement.
3. Failure modes and detection: Electrical transformers can experience various failure modes, such as insulation degradation, winding faults, and cooling system issues. Understanding the specific failure modes and their impact on the sensor data is crucial for building an effective anomaly detection model. For example, insulation degradation may result in increased leakage current, which can be detected by sensors measuring current or voltage. Collaborating with subject matter experts can help identify the most relevant failure modes and the corresponding sensor data features that can be used for anomaly detection.
4. Model selection and validation: There are various modeling techniques for anomaly detection, such as statistical methods, machine learning algorithms, and deep learning models. Selecting the appropriate model for the specific application and dataset is essential for achieving high accuracy and robustness. Model validation techniques, such as cross-validation and hyperparameter tuning, can be used to optimize the model performance and prevent overfitting. Collaborating with domain experts can help select the most appropriate model and validate its performance",1
What are the key performance indicators for measuring the effectiveness of the integrated system?,"
Electrical transformers are crucial assets in industrial and utility systems, and their performance is vital to the overall effectiveness of the integrated system. Here are some key performance indicators (KPIs) that can be used to measure the performance of electrical transformers:

1. Efficiency: Transformer efficiency is a measure of how well the transformer converts electrical energy from one voltage level to another. It is usually expressed as the ratio of output power to input power. High efficiency is desirable as it reduces energy losses and increases the overall efficiency of the system.
2. Capacity: Transformer capacity is a measure of the maximum power that a transformer can handle without overheating or failing. It is usually expressed in terms of the transformer's voltage and current ratings. High capacity is desirable as it allows the transformer to handle higher loads and reduce the risk of failure.
3. Load Factor: Load factor is a measure of how heavily a transformer is loaded relative to its capacity. It is usually expressed as the ratio of average power to peak power. A low load factor indicates that the transformer is not being used efficiently, while a high load factor indicates that the transformer is being used close to its capacity.
4. Temperature: Transformer temperature is a critical KPI as excessive heat can lead to insulation failure and shortened transformer life. Temperature can be monitored using sensors placed on the transformer windings or oil.
5. Vibration: Transformer vibration can be an indicator of internal issues such as loose components or electrical faults. Vibration can be monitored using accelerometers placed on the transformer tank.
6. Moisture: Transformer moisture content is a critical KPI as it can lead to insulation failure and shortened transformer life. Moisture can be monitored using sensors placed in the transformer oil.
7. Gas Levels: Transformer gas levels can indicate internal faults such as arcing or overheating. Gas levels can be monitored using sensors placed in the transformer oil.
8. Leakage: Transformer leakage can indicate issues with the transformer tank or seals. Leakage can be monitored using visual inspections or sensors placed on the transformer tank.

These KPIs can be used to monitor the performance of",1
"How often are the sensors data collected and analyzed, and what is the process for data analysis?","
In the context of electrical transformers, sensors can be used to monitor various parameters such as temperature, vibration, oil level, current, and voltage. The data collected from these sensors can be analyzed to detect anomalies and potential failures in the transformer.

Typically, sensors data for electrical transformers can be collected and analyzed at different intervals, depending on the specific application and the criticality of the transformer. For example, temperature sensors may be set up to collect data every few seconds, while vibration sensors may collect data at a slower rate. The data can be transmitted to a central system for analysis, either continuously or at regular intervals.

The process for data analysis can vary, but it typically involves the following steps:

1. Data cleaning and preprocessing: This step involves cleaning the data to remove any errors, outliers, or missing values. It also involves normalizing the data and converting it into a format that can be used for analysis.
2. Feature engineering: This step involves extracting relevant features from the data that can be used to detect anomalies. For example, for temperature data, the mean, median, and standard deviation may be used as features.
3. Anomaly detection: This step involves using machine learning algorithms to detect anomalies in the data. There are various algorithms that can be used for this purpose, such as the Isolation Forest, One-Class SVM, and Local Outlier Factor.
4. Failure mode analysis: This step involves identifying the specific failure modes that are associated with the detected anomalies. This can be done by analyzing the data and identifying patterns that are indicative of specific failure modes.
5. Root cause analysis: This step involves identifying the root cause of the detected anomalies and failure modes. This can be done by analyzing the data and identifying the specific factors that are contributing to the anomalies.

Overall, the process for data analysis for electrical transformers involves a combination of data preprocessing, feature engineering, anomaly detection, failure mode analysis, and root cause analysis. By using this process, it is possible to detect anomalies and potential failures in electrical transformers, which can help to prevent catastrophic failures and reduce downtime.",1
Can you explain the process of implementing predictive maintenance algorithms for this use case?,"Sure, I'd be happy to help explain the process of implementing predictive maintenance algorithms for electrical transformers.

First, let's start with some background information about electrical transformers. Transformers are critical pieces of equipment in the electricity transmission and distribution system. They are used to change the voltage of electrical power, allowing it to be transmitted over long distances and then reduced for safe and effective use in homes and businesses. Due to their importance, it is crucial to perform regular maintenance on electrical transformers to ensure they are operating efficiently and to prevent failures that could result in power outages or safety hazards.

Predictive maintenance is a proactive approach to maintenance that uses data and analytics to identify potential issues with equipment before they become major problems. This can help organizations save time and money by reducing the need for unplanned downtime and costly repairs.

Here are the general steps involved in implementing predictive maintenance algorithms for electrical transformers:

1. Data collection: The first step in implementing a predictive maintenance algorithm is to collect data on the electrical transformers. This may include data from sensors that measure temperature, vibration, current, and other relevant parameters. It is important to ensure that the data is of high quality and that it is collected at regular intervals to enable accurate analysis.
2. Data preprocessing: Once the data has been collected, it must be preprocessed to clean and transform it into a format that can be used for analysis. This may include removing outliers, handling missing values, and normalizing the data.
3. Feature engineering: After the data has been preprocessed, features must be engineered to extract relevant information from the data. This may include calculating statistical measures, such as mean and standard deviation, or creating new features based on domain knowledge, such as the ratio of current to voltage.
4. Model selection and training: Once the features have been engineered, a predictive maintenance model can be selected and trained on the data. There are many different types of models that can be used for predictive maintenance, including regression models, decision trees, and neural networks. The choice of model will depend on the specific use case and the characteristics of the data.
5. Model evaluation and optimization: After the model has been trained, it must be evaluated to ensure that it is accurate and reliable. This may involve using techniques such as cross-validation",1
What are the key considerations for continuously monitoring and improving the integrated system?,"
To build an effective anomaly detection model for electrical transformers in an IoT/OT system, it is crucial to have a clear understanding of the system and its critical components. Here are some key considerations for continuously monitoring and improving the integrated system:

1. Understanding the transformer's components and functions: Electrical transformers are critical assets in the power system, designed to step up or step down voltage levels. They consist of a core, windings, and a tank, which contains insulating oil and other components. Each component plays a vital role in the transformer's operation, and understanding their functions and interdependencies is essential for monitoring and detecting anomalies.

2. Failure modes and effects: Common electrical transformer failure modes include insulation degradation, core and winding faults, and mechanical damage. These failures can lead to various consequences, such as reduced efficiency, increased heating, and complete failure. Identifying and understanding these failure modes will help determine the most relevant features for anomaly detection.

3. Sensor selection and placement: Selecting appropriate sensors and placing them strategically is crucial for monitoring the transformer's health. Sensors can measure various parameters, such as temperature, vibration, current, and voltage. Temperature sensors, for example, can help detect insulation degradation, while vibration sensors can identify mechanical issues. Ensuring the sensors' accuracy, reliability, and robustness is essential for successful monitoring.

4. Data quality and preprocessing: High-quality data is essential for building an accurate anomaly detection model. Ensuring data integrity involves addressing missing or corrupted data, outliers, and noise. Preprocessing techniques, such as normalization, interpolation, and aggregation, can help improve data quality and facilitate model training.

5. Feature engineering and selection: Transformer data can contain a wide range of features, such as electrical parameters, environmental conditions, and operational data. Identifying the most relevant features for anomaly detection is crucial to ensure model accuracy and efficiency. Feature engineering techniques, such as statistical measures, Fourier transforms, and wavelet transforms, can help extract meaningful information from the raw data.

6. Baseline modeling and anomaly definition: Establishing a baseline model for normal transformer operation is essential for defining anomalies. This can be achieved through",1
What specific sensor data is used to detect and monitor the health of electrical transformers?,"
To build an anomaly detection model for electrical transformers, it is crucial to identify and utilize the most relevant sensor data that can provide insights into the health and performance of these assets. Electrical transformers are critical components of electrical power systems, and their failure or malfunction can lead to significant downtime and financial losses. Therefore, monitoring their health in real-time using sensor data is essential for predictive maintenance and anomaly detection.

Some of the critical sensor data used to detect and monitor the health of electrical transformers include:

1. Temperature: Temperature sensors are used to measure the winding temperature of the transformer. An increase in winding temperature can indicate an overload or internal fault, which can lead to insulation failure and catastrophic transformer failure.
2. Current: Current sensors are used to measure the current flowing through the transformer. Abnormal current readings can indicate internal faults, such as short circuits or turn-to-turn faults, which can cause significant damage to the transformer.
3. Voltage: Voltage sensors are used to measure the voltage across the transformer. Abnormal voltage readings can indicate issues with the power supply or internal faults within the transformer.
4. Oil level: Transformers are filled with insulating oil, which helps to cool the windings and prevent insulation failure. Oil level sensors are used to monitor the oil level in the transformer and ensure that it is at an optimal level to prevent overheating.
5. Oil temperature: Oil temperature sensors are used to measure the temperature of the insulating oil. An increase in oil temperature can indicate an overload or internal fault, which can lead to insulation failure and catastrophic transformer failure.
6. Gas level: Transformers contain a small amount of gas, which is released as a result of internal faults. Gas sensors are used to monitor the gas level in the transformer and detect any abnormal increases, which can indicate an internal fault.
7. Vibration: Vibration sensors are used to monitor the vibration of the transformer. Abnormal vibration patterns can indicate mechanical issues, such as loose connections or damaged components, which can lead to failure.

By monitoring these sensor data in real-time, it is possible to detect anomalies and predict potential failures in electrical transformers.",1
What are the potential consequences of a Buchholz relay failure in an electrical transformer?,"
An electrical transformer is a critical component in electrical systems, responsible for converting and transmitting electrical energy. The Buchholz relay is a safety device installed in oil-filled transformers to protect against certain types of internal faults. A failure of the Buchholz relay in an electrical transformer can have several potential consequences:

1. Lack of protection: The primary function of the Buchholz relay is to detect and respond to internal faults within the transformer. If the relay fails, the transformer becomes vulnerable to damage from these faults, which can lead to more serious consequences.

2. Increased risk of fire: Transformer faults can cause overheating, which can lead to oil fires. The Buchholz relay is designed to detect these faults and trigger a gas blast to extinguish the fire. A failure of the relay could prevent this critical safety measure from functioning properly.

3. Increased downtime: If a Buchholz relay fails, the transformer may need to be taken offline for maintenance or repair. This can lead to increased downtime and lost productivity.

4. Reduced system reliability: A Buchholz relay failure can reduce the overall reliability of the electrical system, as the transformer becomes more susceptible to damage from internal faults.

5. Increased maintenance costs: If a Buchholz relay fails, it may require replacement or repair, which can increase maintenance costs. Additionally, if the transformer is damaged due to a fault that the relay should have detected, the cost of repairing or replacing the transformer can be significant.

In summary, a Buchholz relay failure in an electrical transformer can have serious consequences, including increased risk of fire, decreased system reliability, increased downtime, and increased maintenance costs. It is therefore essential to ensure that the Buchholz relay is functioning properly and is well-maintained to prevent these potential consequences.",1
What are the specific temperature threshold values that indicate an anomaly in a transformer?,"
In order to provide an answer to the specific temperature threshold values that indicate an anomaly in an electrical transformer, it's important to first understand the different components of a transformer and their typical operating temperatures.

An electrical transformer is a static electrical device that converts electrical energy from one voltage level to another for the purpose of transmitting or distributing electricity. It consists of a core, coils, and a cooling system. The core is made of iron or steel and is used to concentrate the magnetic field. The coils, also known as windings, are made of copper or aluminum and are used to transfer electrical energy from one circuit to another. The cooling system can be air or oil-based and is used to dissipate the heat generated during the operation of the transformer.

The temperature of a transformer is an important factor in determining its health and efficiency. The insulating oil used in transformers has a specific temperature range for optimal performance. The temperature of the transformer should not exceed the maximum recommended temperature, as it can lead to the breakdown of the insulating oil and the formation of hot spots, which can cause partial discharge and ultimately lead to failure.

The specific temperature threshold values that indicate an anomaly in a transformer can vary depending on the type and size of the transformer, as well as the operating conditions. However, some general guidelines for temperature threshold values are as follows:

* The temperature of the transformer's winding should not exceed 90°C for a prolonged period of time.
* The temperature of the transformer's insulating oil should not exceed 105°C for a prolonged period of time.
* A rapid increase in temperature, such as an increase of 10°C or more in a short period of time, can also indicate an anomaly in the transformer.

It's important to note that these are general guidelines and that the specific temperature threshold values for a particular transformer should be determined by the transformer's manufacturer or a qualified professional. Additionally, other factors such as the transformer's load, age, and maintenance history should also be taken into consideration when determining temperature threshold values for an anomaly in a transformer.",1
How can expert knowledge be incorporated into the development of an anomaly detection model?,"
In order to develop an effective anomaly detection model for electrical transformers, it is crucial to incorporate expert knowledge in the following areas:

1. Understanding the electrical transformer: Electrical transformers are static electrical devices that transfer energy between two or more circuits through electromagnetic induction. They are essential components in the power system, and their failure can lead to power outages, safety hazards, and financial losses. Transformers consist of a core, windings, and various other components such as tap changers, bushings, and conservators. Each of these components can fail in different ways, and understanding these failure modes is essential for building an effective anomaly detection model.
2. Failure modes and effects: Electrical transformers can fail due to various reasons, such as insulation failure, winding failure, core failure, and mechanical failure. Insulation failure can occur due to aging, contamination, or overheating. Winding failure can be caused by electrical or mechanical stress, while core failure can be due to mechanical or thermal stress. Mechanical failure can occur due to loose connections, vibration, or aging. Each of these failure modes can have different effects on the transformer's performance, and understanding these effects is essential for building an effective anomaly detection model.
3. Sensor data and its relevance: Transformers are equipped with various sensors that monitor different parameters such as temperature, current, voltage, and vibration. These sensors can provide valuable data for building an anomaly detection model. However, not all sensors are equally important, and some sensors may be more relevant than others for detecting specific failure modes. For example, temperature sensors may be more relevant for detecting insulation failure, while vibration sensors may be more relevant for detecting mechanical failure. Understanding the relevance of each sensor for detecting specific failure modes is essential for building an effective anomaly detection model.
4. Expert knowledge in electrical engineering: Building an anomaly detection model for electrical transformers requires a deep understanding of electrical engineering principles. Expert knowledge in electrical engineering can help in understanding the physical and electrical behavior of transformers, the impact of different failure modes on transformer performance, and the relevance of different sensors for detecting specific failure modes. This knowledge can be used to develop a more accurate and effective anomaly detection model.
5. Data preprocessing and feature engineering: Trans",1
How does the age of a transformer influence the development and identification of anomalies?,"
The age of a transformer can significantly influence the development and identification of anomalies in several ways. As transformers age, they become more prone to failure due to the degradation of insulation and other aging mechanisms. This degradation can lead to the development of anomalies, such as incipient faults, which if not identified and addressed in a timely manner, can result in more severe failures and potentially cause significant downtime and safety issues.

Some of the aging mechanisms that can lead to the development of anomalies in electrical transformers include:

1. **Insulation degradation**: Over time, the insulation in a transformer can degrade due to factors such as thermal stress, electrical stress, and the presence of moisture and contaminants. This can lead to the development of electrical trees, which are tree-like structures that form within the insulation as a result of electrical discharges. Electrical trees can eventually lead to the failure of the insulation and the development of short circuits.

2. **Mechanical stress**: Transformers are subject to various mechanical stresses, such as those caused by thermal expansion and contraction, wind, and seismic activity. Over time, these stresses can cause fatigue and damage to the transformer's components, leading to the development of anomalies.

3. **Corrosion**: The presence of moisture and contaminants in a transformer can lead to corrosion of its components, particularly those made of metal. This can weaken the components and lead to the development of anomalies.

4. **Overloading**: Transformers that are consistently operated at or near their rated capacity are more likely to develop anomalies due to the increased stress on their components.

In order to identify anomalies in a timely manner, it is important to monitor the condition of a transformer using a variety of sensors and other diagnostic tools. Sensor data from a transformer can provide valuable insights into its condition and the presence of anomalies. For example, temperature sensors can be used to monitor the temperature of the transformer's windings and coolers, which can indicate the presence of overloading or insulation degradation. Similarly, moisture sensors can be used to detect the presence of moisture in the transformer, which can lead to corrosion",1
How often should temperature data be collected and analyzed for effective anomaly detection?,"
In order to provide an informed answer to the question of how often temperature data should be collected and analyzed for effective anomaly detection in electrical transformers, it is important to first understand some background information about transformers and the factors that can affect their temperature.

Transformers are important pieces of electrical infrastructure that are used to increase or decrease the voltage of electrical current. They consist of a core and coils of copper wire, which are surrounded by an insulating liquid (such as oil) and a tank. The temperature of a transformer can be affected by a variety of factors, including:

* The load on the transformer: A transformer that is carrying a high load will generate more heat and have a higher temperature than one that is carrying a lower load.
* The ambient temperature: The temperature of the surrounding air can also affect the temperature of the transformer.
* The efficiency of the transformer: A transformer that is less efficient will generate more heat and have a higher temperature than one that is more efficient.
* The design of the transformer: The size, shape, and materials used in the transformer can all affect its temperature.

In order to detect anomalies in the temperature data of a transformer, it is important to collect and analyze the data at a frequency that is sufficient to capture any changes or trends in the temperature. This frequency will depend on a number of factors, including:

* The expected rate of change in the temperature: If the transformer is expected to experience rapid changes in temperature (for example, due to changes in load), then the data should be collected and analyzed more frequently.
* The sensitivity of the anomaly detection model: If the anomaly detection model is highly sensitive to small changes in temperature, then the data should be collected and analyzed more frequently.
* The availability of resources: The frequency of data collection and analysis may be limited by the availability of resources, such as the capacity of the data storage system or the processing power of the anomaly detection algorithm.

In general, it is recommended to collect and analyze temperature data from electrical transformers at a frequency of at least once per minute. This will allow the anomaly detection model to capture any rapid changes in temperature, as well as any longer-term trends or patterns. However, the optimal frequency may vary depending on the specific characteristics of the transformer and the requirements of the anomaly detection model",1
How often is sensor data collected and what is the ideal frequency for detecting anomalies?,"
In order to determine the ideal frequency for detecting anomalies in sensor data for an electrical transformer asset class, it is important to first understand the nature of transformer operations and the types of anomalies that can occur.

Electrical transformers are critical components in the power grid, used to step up or step down voltage levels. They are designed to operate continuously for long periods of time, with some operating for decades without failure. However, transformer failures can have significant consequences, including power outages, safety hazards, and environmental damage. Therefore, it is essential to monitor transformer health and detect anomalies as soon as they occur.

Transformer sensors can measure a variety of parameters, including current, voltage, temperature, and vibration. The frequency of sensor data collection depends on several factors, such as the specific application, the type of sensor, and the communication protocol used. In general, sensor data can be collected at intervals ranging from milliseconds to hours or even days.

To determine the ideal frequency for detecting anomalies, it is important to consider the nature of the anomalies that are being monitored. For example, some anomalies, such as sudden temperature spikes, may require high-frequency data collection to detect quickly. Other anomalies, such as gradual degradation of insulation, may require lower-frequency data collection over longer periods of time.

In addition, the frequency of sensor data collection should be balanced against other factors, such as communication bandwidth, storage capacity, and processing power. Collecting data too frequently can result in large volumes of data that are difficult to process and store, while collecting data too infrequently may result in missing critical anomalies.

Based on these considerations, a frequency of collecting sensor data every few minutes to an hour may be appropriate for detecting anomalies in electrical transformers. This frequency can provide sufficient data to detect anomalies while minimizing the burden on communication channels and storage systems. However, the specific frequency may vary depending on the application and the specific anomalies being monitored. It is recommended to consult with domain experts and perform data analysis to determine the optimal frequency for a specific use case.",1
How can the false positive rate and false negative rate of the model be further minimized?,"
To build an effective anomaly detection model for electrical transformers, it is crucial to understand the critical components, potential failure modes, and the ability of sensor data to detect these failures. This will help in selecting the appropriate features, techniques, and parameters for the model, thereby minimizing the false positive and false negative rates.

1. Understanding the electrical transformer and its components:

An electrical transformer is a static electrical device that transfers electrical energy between two or more circuits through electromagnetic induction. It is a key component in the power system, and its failure can lead to power outages, financial losses, and safety risks. The main components of a transformer are:

* Core: Consists of thin laminations of silicon steel, which provides a low-loss path for magnetic flux.
* Windings: The primary and secondary coils are made of copper or aluminum wire, which carries the electrical current.
* Tank: The transformer's body, usually made of steel, provides structural support and electrical insulation.
* Cooling system: Oil-filled transformers rely on natural or forced air circulation or oil pumps to dissipate heat.
* Conservator (in some cases): A container for holding and monitoring the insulating oil level.

2. Identifying potential failure modes:

Some common electrical transformer failure modes include:

* Insulation failure: Due to aging, moisture, or contamination, the insulation between windings or between windings and the core can break down, leading to short circuits or ground faults.
* Winding faults: Turn-to-turn or inter-layer faults can occur due to insulation failure, resulting in increased heating and reduced transformer life.
* Core faults: The core can suffer from lamination degradation, resulting in increased core losses and reduced efficiency.
* Mechanical failures: These include tank deformation, leakage, or rupture due to overheating, overpressure, or external forces.
* Cooling system issues: Poor heat transfer due to insufficient cooling oil flow or low oil levels can cause overheating and failure.

3. Sensor data and its relevance to detecting failures:

Sensors in a transformer monitoring system can include temperature, pressure, vibration, current, and",1
How can regular inspections and condition monitoring help prevent transformer failures?,"
Electrical transformers are critical assets in industrial and electrical systems, and their failure can cause significant downtime, safety risks, and financial losses. Regular inspections and condition monitoring are essential strategies to prevent transformer failures and ensure their reliable and efficient operation. Here are some ways in which inspections and monitoring can help:

1. Identify potential issues early: Regular insulations can help identify potential issues before they escalate into major failures. For example, inspectors can look for signs of overheating, leaks, or damage to the transformer's insulation, which can indicate underlying problems such as loose connections, overloading, or contamination.
2. Assess the transformer's health: Condition monitoring involves measuring and analyzing the transformer's operating parameters, such as temperature, current, voltage, and oil quality. These measurements can provide insights into the transformer's health and performance, such as detecting abnormalities, diagnosing faults, and predicting failures.
3. Optimize maintenance: Based on the inspection and monitoring results, maintenance activities can be planned and prioritized to prevent unnecessary downtime and reduce maintenance costs. For example, routine maintenance tasks such as cleaning, drying, and replacing filters can be scheduled to ensure the transformer's optimal performance and longevity.
4. Ensure compliance: Regular inspections and condition monitoring can help ensure compliance with industry standards and regulations, such as those related to safety, environmental protection, and quality. This can help prevent legal liabilities, fines, and reputational damage.
5. Improve system reliability: By preventing transformer failures, regular inspections and condition monitoring can contribute to the overall reliability and resilience of the electrical system. This can lead to cost savings, increased productivity, and improved customer satisfaction.

In summary, regular inspections and condition monitoring are critical strategies to prevent transformer failures, ensure their reliable and efficient operation, optimize maintenance, ensure compliance, and improve system reliability. By leveraging advanced technologies such as sensors, data analytics, and machine learning, these strategies can provide valuable insights and actionable recommendations to stakeholders, enabling them to make informed decisions and take timely actions.",1
How does thermography help in identifying potential issues in electrical transformers?,"
Electrical transformers are critical assets in the power grid and are responsible for converting electrical energy from one voltage level to another. The thermal behavior of electrical transformers is an essential aspect of their operation, and any anomalies in temperature distribution can indicate potential issues. Thermography, also known as thermal imaging, is a non-destructive testing technique that can be used to detect and visualize thermal anomalies in electrical transformers.

Thermography works by detecting the infrared radiation emitted by an object's surface and converting it into a thermal image. The resulting image displays the temperature distribution of the object's surface, with hotter areas appearing brighter and cooler areas appearing darker. In the context of electrical transformers, thermography can be used to identify hotspots, which are areas of higher temperature that can indicate potential issues such as:

1. Overloading: Overloading occurs when the transformer is subjected to a higher current than its rated capacity. This can cause the transformer to heat up, leading to the formation of hotspots.
2. Poor electrical contact: Poor electrical contact can occur due to loose connections, dirty contacts, or corroded surfaces. This can result in increased resistance, leading to heat generation and hotspots.
3. Overheating: Overheating can occur due to various reasons, such as poor ventilation, high ambient temperature, or insufficient cooling. Overheating can cause the transformer's insulation to degrade, leading to failure.
4. Internal faults: Internal faults, such as short circuits or turn-to-turn faults, can cause localized heating, leading to hotspots.

Thermography can help identify these potential issues by detecting hotspots in real-time, allowing maintenance personnel to take corrective action before the transformer fails. Additionally, thermography can be used to monitor the transformer's thermal behavior over time, enabling the identification of trends and patterns that may indicate potential issues.

In summary, thermography is a valuable tool for identifying potential issues in electrical transformers. By detecting hotspots, thermography can help identify overloading, poor electrical contact, overheating, and internal faults, allowing maintenance personnel to take corrective action before the transformer fails.",1
What proactive measures can be taken to prevent failures in electrical transformers?,"
Electrical transformers are critical assets in the power grid, and their failure can lead to power outages, safety hazards, and financial losses. To prevent failures in electrical transformers, the following proactive measures can be taken:

1. Condition-based monitoring: Regularly monitor the condition of the transformer's parameters, such as temperature, current, voltage, and oil level, using sensors and IoT/OT systems. This can help identify any anomalies or abnormal behavior in the transformer's performance, allowing for timely maintenance and repair.
2. Preventive maintenance: Schedule regular maintenance activities, such as inspections, cleaning, and lubrication, to ensure that the transformer is operating at its optimal level. This can help prevent wear and tear, corrosion, and other forms of degradation that can lead to failure.
3. Predictive maintenance: Use data analytics and machine learning algorithms to predict potential failures in the transformer based on historical and real-time data. This can help identify trends, patterns, and correlations that can indicate impending failures, allowing for proactive maintenance and repair.
4. Spare parts management: Maintain a stock of spare parts and components that are critical to the transformer's operation. This can help minimize downtime and repair time in case of a failure.
5. Training and awareness: Provide regular training and awareness programs for the personnel involved in the operation, maintenance, and repair of the transformer. This can help ensure that they are up-to-date with the latest technologies, practices, and regulations related to transformer maintenance and safety.
6. Risk assessment and management: Conduct regular risk assessments and develop a risk management plan to identify and mitigate potential hazards and threats to the transformer's operation. This can help prevent accidents, incidents, and failures that can result from external factors, such as weather, natural disasters, and human errors.
7. Quality assurance and control: Implement quality assurance and control measures to ensure that the transformer is designed, manufactured, installed, and operated according to the relevant standards, specifications, and regulations. This can help prevent defects, errors, and failures that can result from poor quality or non-compliance.

By implementing these proactive measures, it is possible to prevent failures in electrical transformers",1
How can the integration of these two systems help in preventing unexpected failures?,"An electrical transformer is a critical asset in industrial and power systems, and its failure can lead to significant downtime, safety risks, and financial losses. Anomaly detection models can help in preventing unexpected failures by identifying unusual patterns or outliers in the sensor data obtained from the transformer's IoT/OT system. By analyzing the data in real-time, the anomaly detection model can alert maintenance personnel to potential issues before they escalate into failures.

The integration of an anomaly detection model with an electrical transformer's IoT/OT system can provide the following benefits:

1. Early detection of anomalies: The anomaly detection model can identify subtle changes in the sensor data that may indicate potential issues with the transformer. By detecting these anomalies early, maintenance personnel can take corrective action before the issue becomes a failure.
2. Improved maintenance planning: The anomaly detection model can provide insights into the overall health and performance of the transformer, allowing maintenance personnel to plan and prioritize their activities more effectively. This can help to reduce downtime, increase productivity, and lower maintenance costs.
3. Increased safety: The anomaly detection model can help to identify potential safety issues with the transformer, such as overheating or electrical faults. By detecting these issues early, maintenance personnel can take corrective action to prevent accidents and ensure a safe working environment.
4. Enhanced system reliability: The anomaly detection model can help to improve the reliability and resilience of the transformer by identifying and addressing potential issues before they become failures. This can help to ensure a stable and uninterrupted power supply, which is critical for many industrial and commercial applications.

In summary, the integration of an anomaly detection model with an electrical transformer's IoT/OT system can provide significant benefits in terms of early detection of anomalies, improved maintenance planning, increased safety, and enhanced system reliability. By leveraging the sensor data obtained from the transformer, the anomaly detection model can help to prevent unexpected failures and minimize downtime, leading to improved performance and productivity.

To build an effective anomaly detection model for an electrical transformer, it is essential to have a deep understanding of the transformer's operation, failure modes, and sensor data. This can be achieved through collaboration with subject matter experts who have a thorough",1
How does the anomaly detection model identify potential issues in the transformer?,"
In order to build an effective anomaly detection model for electrical transformers, it is important to first understand the key performance indicators (KPIs) and failure modes associated with these assets. Electrical transformers are critical components of the power grid, and their failure can result in significant downtime and financial losses. Some common issues that can occur in electrical transformers include:

1. Overheating: Transformers can overheat due to excessive load, poor cooling, or insulation failure. This can lead to reduced efficiency and, if left unchecked, can cause catastrophic failure.
2. Insulation failure: The insulation in a transformer can degrade over time due to factors such as age, moisture, or thermal stress. This can lead to short circuits and other electrical faults.
3. Gas accumulation: In oil-immersed transformers, the accumulation of gas in the insulating oil can indicate the presence of a fault, such as arcing or overheating.
4. Leaks: Transformers can develop leaks due to factors such as age, overpressure, or mechanical damage. Leaks can result in the loss of insulating oil and the ingress of moisture, which can lead to failure.

To identify potential issues in electrical transformers, an anomaly detection model can be built using real-time sensor data obtained from the transformer's monitoring system. This data may include measurements such as:

1. Temperature: The temperature of the transformer's windings, core, and insulating oil can be used to detect overheating and insulation failure.
2. Current: The current flowing through the transformer can be used to detect overloading and overheating.
3. Voltage: The voltage applied to the transformer can be used to detect undervoltage and overvoltage conditions, which can lead to insulation failure.
4. Gas levels: The level of gas in the insulating oil can be used to detect the presence of faults such as arcing or overheating.
5. Leak detection: The level of insulating oil in the transformer can be used to detect leaks.

To build the anomaly detection model, it will be necessary to first preprocess and clean the sensor data to remove any noise or outliers. This",1
What data sources will be used to train and test the anomaly detection model?,"In order to build an anomaly detection model for an electrical transformer, we need to identify the relevant data sources that can provide useful information about the transformer's condition and behavior. Here are some potential data sources that can be used to train and test the anomaly detection model:

1. Sensor data: Electrical transformers are typically equipped with various sensors that monitor different aspects of their performance, such as temperature, voltage, current, and oil level. These sensors generate time series data that can be used to train the anomaly detection model.
2. SCADA data: Supervisory Control and Data Acquisition (SCADA) systems are commonly used in industrial settings to monitor and control equipment like electrical transformers. SCADA systems can provide historical data on the transformer's operating conditions, such as power output, load levels, and faults.
3. Maintenance records: Maintenance records can provide valuable information about the transformer's past performance and any maintenance or repair work that has been performed. This information can help identify patterns or trends that may indicate potential issues.
4. Manufacturer's specifications: Electrical transformers come with manufacturer's specifications that outline the recommended operating conditions and maintenance requirements. This information can be used to establish baseline performance metrics and identify any deviations from the recommended operating conditions.
5. Environmental data: Environmental factors, such as temperature and humidity, can affect the performance of electrical transformers. Collecting data on these factors can help identify any correlations between environmental conditions and anomalies in the transformer's performance.

Overall, a combination of sensor data, SCADA data, maintenance records, manufacturer's specifications, and environmental data can provide a comprehensive dataset for training and testing the anomaly detection model. The specific data sources used will depend on the availability and quality of the data, as well as the specific requirements of the anomaly detection model.",1
How is the monitoring and reporting process integrated with the FMEA process?,"
To understand the relationship between the monitoring and reporting process and the FMEA (Failure Modes and Effects Analysis) process for electrical transformers, it is important to first define each process.

The monitoring and reporting process for electrical transformers involves continuously collecting and analyzing data from various sensors and other sources to detect anomalies and potential failures. This process can include a variety of techniques, such as statistical analysis, machine learning, and pattern recognition, to identify deviations from normal operating conditions. The results of this analysis are then reported to relevant stakeholders, such as maintenance personnel, operations managers, and engineering teams, who can take appropriate action to address the identified issues.

FMEA, on the other hand, is a systematic approach to identifying and preventing potential failures in a system or process. It involves identifying the possible ways that a system can fail, analyzing the effects of those failures, and developing strategies to prevent or mitigate them. FMEA is often used in the design and development phase of a system, but it can also be applied to existing systems as part of a continuous improvement process.

The integration of the monitoring and reporting process with the FMEA process for electrical transformers can help to improve the overall reliability and availability of the transformer. By continuously monitoring the transformer and reporting any anomalies or potential failures, maintenance and engineering teams can take proactive steps to address issues before they lead to more significant problems. This can help to reduce the likelihood of unplanned downtime and minimize the impact of any failures that do occur.

At the same time, the FMEA process can help to ensure that the monitoring and reporting system is designed to detect and report on the most critical failure modes for the transformer. By identifying the most likely and most significant failure modes, the FMEA process can help to prioritize the development of monitoring and reporting capabilities that are most important for ensuring the reliability and availability of the transformer.

For example, the FMEA process might identify that a particular type of fault in the transformer's winding insulation is a critical failure mode that could lead to significant downtime and repair costs. In response, the monitoring and reporting system could be designed to detect early warning signs of this type of fault, such as changes in the transformer's impedance or temperature. By detecting these early warning signs, maintenance and engineering teams",1
How can real-time monitoring be effectively implemented for a transformer?,"
To build an effective anomaly detection model for real-time monitoring of electrical transformers using IoT/OT system data, we need to consider several factors related to the electrical transformer asset class. Here are some questions to ask subject matter experts to gather the necessary information:

1. What are the key performance indicators (KPIs) for electrical transformers? Which KPIs are critical for monitoring the health and performance of transformers?
	* Examples of KPIs for transformers include temperature, current, voltage, power factor, load, and insulation resistance.
2. What are the typical failure modes for electrical transformers? Which of these failure modes can be detected using sensor data?
	* Examples of failure modes for transformers include insulation failure, overloading, overheating, cooling system failure, and partial discharge. Sensor data can be used to detect overloading, overheating, and cooling system failure.
3. What types of sensors are typically used to monitor electrical transformers? What are the measurement ranges and accuracy requirements for these sensors?
	* Examples of sensors used for transformer monitoring include temperature sensors, current sensors, voltage sensors, and power sensors. The measurement ranges and accuracy requirements for these sensors depend on the specific application and the size and type of transformer.
4. What are the data quality requirements for the sensor data? How can we ensure the accuracy and completeness of the sensor data?
	* Data quality requirements for transformer monitoring include accuracy, completeness, and timeliness. To ensure data quality, we can implement data validation and cleaning procedures, as well as data redundancy and backup mechanisms.
5. What are the data processing and analysis requirements for the sensor data? What tools and techniques can be used for transformer anomaly detection?
	* Data processing and analysis requirements for transformer monitoring include data preprocessing, feature engineering, and anomaly detection. Commonly used tools and techniques for transformer anomaly detection include statistical process control, machine learning, and artificial intelligence algorithms.
6. What are the system integration and interoperability requirements for the real-time monitoring system? How can we ensure seamless integration with existing systems and devices?
	* System integration and interoperability requirements for transformer monitoring include data communication protocols, data formats, and system interfaces. To ensure seamless integration, we can use standard",1
How can electrical stress be monitored and controlled in the transformer?,"
Electrical transformers are critical assets in industrial and electrical systems, and their proper maintenance and monitoring are essential for ensuring their safe and efficient operation. One important aspect of transformer maintenance is monitoring and controlling electrical stress, which can lead to insulation failure, short circuits, and other serious issues if left unchecked.

Electrical stress in transformers can be caused by a variety of factors, including voltage imbalances, overvoltage, undervoltage, and electrical overload. These stressors can lead to the breakdown of the transformer's insulation, which can result in short circuits, equipment failure, and even fires.

To monitor and control electrical stress in transformers, there are several key strategies that can be employed:

1. **Voltage monitoring:** Monitoring the voltage levels in the transformer can help to detect voltage imbalances, overvoltage, and undervoltage. This can be done using voltage sensors that measure the voltage levels at various points in the transformer.
2. **Current monitoring:** Monitoring the current levels in the transformer can help to detect electrical overload and other issues that can lead to electrical stress. Current sensors can be used to measure the current flowing through the transformer and alert operators to any anomalies.
3. **Temperature monitoring:** Monitoring the temperature of the transformer is also important, as high temperatures can increase the risk of electrical stress and insulation failure. Temperature sensors can be used to monitor the temperature of the transformer oil, windings, and other critical components.
4. **Trend analysis:** Analyzing trends in the transformer's electrical stress levels over time can help to identify patterns and predict potential issues before they become serious. This can be done using data analytics tools and machine learning algorithms that can identify anomalies and predict future failures.
5. **Preventive maintenance:** Regular maintenance and inspections can help to identify potential issues before they become serious. This can include visual inspections, oil analysis, and other tests that can identify signs of electrical stress and insulation failure.

By monitoring and controlling electrical stress in transformers, operators can help to ensure their safe and efficient operation, reduce the risk of equipment failure and downtime, and minimize the risk of safety hazards and other risks.

In summary, monitoring and controlling electrical stress in",1
How can maintenance tasks be prioritized effectively in this scenario?,"
Electrical transformers are critical assets in industrial and utility operations, and their failure or malfunction can lead to significant downtime, safety risks, and financial losses. To ensure the reliable and efficient operation of electrical transformers, it is essential to prioritize maintenance tasks effectively based on a data-driven approach. This document outlines the key components and considerations for building an anomaly detection model using real-time time series sensor data from electrical transformers. The model can help identify potential failure modes, assess the severity and urgency of maintenance needs, and optimize maintenance schedules and resources.

1. Understanding the Electrical Transformer System:
Electrical transformers are static devices that convert electrical energy from one voltage level to another for transmission and distribution. The main components of a transformer include the core, coils, tap changers, cooling system, and insulation. Each component can be a potential source of failure or degradation, leading to reduced performance, increased energy consumption, and safety risks.

2. Important Failure Modes:
Some common failure modes in electrical transformers include insulation degradation, core and coil faults, tap changer issues, and cooling system problems. These failure modes can result from various factors, such as aging, overloading, moisture, contamination, and mechanical stress.
3. Sensor Data and Anomaly Detection:
Real-time sensor data from electrical transformers can provide valuable insights into the health and performance of the system. Sensors can measure various parameters, such as voltage, current, temperature, pressure, flow rate, and vibration. By analyzing the sensor data using anomaly detection techniques, it is possible to identify unusual patterns, trends, and outliers that may indicate potential failures or degradation.
4. Domain Understanding:
To build an effective anomaly detection model for electrical transformers, it is essential to have a deep understanding of the system's components, failure modes, and sensor data. Some critical questions to ask the subject matter experts include:
* What are the most common failure modes in electrical transformers, and how can they be detected using sensor data?
* What are the critical sensor parameters that can indicate potential failures or degradation in electrical transformers?
* What are the normal operating ranges and thresholds for each sensor parameter, and how can they be",1
How can the overall health of a transformer be defined and measured?,"
An electrical transformer is a vital asset in industrial and electrical infrastructure, and its health is crucial to ensuring the reliable delivery of power. The overall health of a transformer can be defined as its ability to perform its intended function effectively and efficiently, while minimizing the risk of failure or degradation. Measuring the health of a transformer typically involves monitoring various physical and electrical parameters that can provide insights into its condition. Here are some key aspects to consider when defining and measuring the overall health of a transformer:

1. Insulation resistance: The insulation resistance of a transformer is a critical parameter that indicates the health of its insulation system. A decrease in insulation resistance can indicate moisture ingress, contamination, or other insulation faults. Regular insulation resistance tests can help detect potential issues before they escalate into major faults.
2. Winding temperature: The winding temperature of a transformer is another important parameter that can indicate its health. Overheating of the windings can lead to insulation degradation, reduced transformer life, and even catastrophic failure. Monitoring the winding temperature can help detect potential overloading or overheating issues.
3. Oil condition: The insulating oil in a transformer plays a critical role in cooling, insulation, and preservation of the transformer's internal parts. Regular testing of the oil can help detect moisture, gas, or other contaminants that can affect the transformer's health.
4. Load profile: Monitoring the load profile of a transformer can help identify any abnormalities or trends that may indicate potential issues. For example, a sudden increase in load or a fluctuating load pattern can indicate an internal fault or overloading.
5. Vibration analysis: Vibration analysis can help detect any mechanical issues in the transformer, such as loose connections, unbalanced loads, or mechanical wear and tear.
6. Moisture analysis: Moisture ingress into a transformer can lead to insulation failure, corrosion, and other issues. Regular moisture analysis can help detect any potential moisture intrusion.
7. Dissolved gas analysis: Dissolved gas analysis can help detect any internal faults or issues within the transformer, such as arcing, overheating, or partial discharge.

By monitoring these parameters, it is possible to",1
How can overloading or overvolting of the transformer be prevented?,"
Electrical transformers are critical assets in the power distribution system. Overloading or overvolting of a transformer can lead to catastrophic failures, resulting in power outages, safety hazards, and costly repairs. To prevent overloading or overvolting, it is essential to understand the factors that contribute to these issues and implement appropriate monitoring and protection measures.

**Overloading:** Overloading occurs when the transformer is required to handle more current than its rating permits. This can be caused by:

1. Excessive connected load: When the total load connected to the transformer exceeds its rated capacity.
2. Simultaneous operation of multiple heavy loads: Simultaneous operation of multiple heavy loads, such as air conditioning units, manufacturing equipment, or electric vehicles, can cause the transformer to be overloaded.
3. Poor power factor: A low power factor, often caused by induction motors, can result in higher currents flowing through the transformer, leading to overloading.

**Overvolting:** Overvolting occurs when the transformer is subjected to a higher voltage than its rating permits. This can be caused by:

1. Voltage fluctuations in the power distribution network: Voltage fluctuations can occur due to various reasons, such as sudden changes in load, faults in the power distribution network, or switching operations.
2. Incorrect transformer tap settings: Incorrect transformer tap settings can result in the transformer being subjected to a higher voltage than its rating permits.

To prevent overloading or overvolting, the following measures can be implemented:

1. Monitoring the transformer load: Continuous monitoring of the transformer load is essential to detect overloading. This can be achieved using current sensors installed on the primary or secondary windings of the transformer.
2. Implementing load shedding or load balancing: Load shedding or load balancing can be implemented to prevent overloading of the transformer. Load shedding involves disconnecting some loads when the transformer is approaching its rated capacity. Load balancing involves distributing the load evenly among multiple transformers.
3. Implementing voltage regulation: Voltage regulation can be implemented to prevent overvolting of the transformer. This can be achieved using voltage regulators or voltage stabilizers installed",1
How does the FMEA process differ between industries and locations?,"
The Failure Modes and Effects Analysis (FMEA) process can differ between industries and locations due to various factors such as operational context, environmental conditions, regulatory requirements, and specific design features of electrical transformers. Here are some aspects to consider when applying the FMEA process to electrical transformers in different industries and locations:

1. Industry regulations and standards:
Different industries have their own set of regulations and standards for electrical transformers. For example, the power generation, transmission, and distribution industries have stringent requirements for electrical transformers compared to the commercial or industrial sectors. These regulations may influence the FMEA process by adding specific failure modes and effects relevant to the industry.

2. Environmental conditions:
The operating environment of electrical transformers can significantly impact the FMEA process. Transformers in coastal or offshore locations may be exposed to salt mist, humidity, or extreme temperatures, leading to specific failure modes related to corrosion, insulation degradation, or mechanical stress. On the other hand, transformers in arid or polluted areas may face different challenges, such as dust accumulation, abrasion, or overheating.

3. Operational context:
The operational context of electrical transformers can vary between industries and locations. For instance, transformers in power generation plants may experience higher loading and cyclic loading conditions than transformers in distribution networks. This difference can lead to distinct failure modes, such as thermal stress or fatigue-related issues. Similarly, transformers in industrial facilities may be subject to unique operational conditions, such as harmonic distortion or voltage transients, which can cause specific failure modes.

4. Transformer design and components:
The design and components of electrical transformers can differ between industries and locations. For example, transformers used in renewable energy systems, such as wind or solar farms, may have unique features, such as power electronics interfaces or specialized cooling systems, leading to specific failure modes. Similarly, transformers in high-voltage direct current (HVDC) applications may have different components and designs compared to traditional alternating current (AC) transformers.

5. Failure data availability:
The availability and quality of historical failure data can impact the FMEA process. Industries or locations with extensive failure data can perform more accurate and data-driven FMEA analyses. However",1
How can the severity of a transformer failure be assessed?,"
To build an anomaly detection model for an electrical transformer, it is crucial to first understand the various ways in which a transformer can fail and how the severity of such failures can be assessed. Here are some questions that can help gather the necessary information from subject matter experts:

1. What are the common failure modes of electrical transformers? For example, transformer failures can be caused by issues such as insulation breakdown, overheating, or mechanical damage.
2. How can each failure mode be detected using sensor data? For instance, temperature sensors can be used to detect overheating, while vibration sensors can be used to detect mechanical damage.
3. What are the typical ranges of sensor values for a healthy transformer? This information can be used to establish a baseline for normal operation and detect anomalies.
4. How can the severity of a transformer failure be determined? For example, a failure that causes a transformer to completely shut down would be considered more severe than a failure that results in reduced performance.
5. Are there any industry standards or regulations that govern the monitoring and maintenance of electrical transformers? Understanding these standards can help ensure that the anomaly detection model meets all necessary requirements.
6. What is the typical lifespan of an electrical transformer, and how does this vary depending on the specific application and operating conditions? This information can be used to establish appropriate thresholds for the anomaly detection model.
7. How is maintenance typically performed on electrical transformers, and how can this be integrated with the anomaly detection model? For example, regular inspections and maintenance activities can be scheduled based on the results of the anomaly detection model.
8. How will the anomaly detection model be deployed and integrated with the existing IoT/OT system? It is important to ensure that the model is compatible with the existing infrastructure and can be easily integrated into the workflow of the system.
9. How will the performance of the anomaly detection model be monitored and evaluated over time? It is important to establish metrics for success and regularly evaluate the model to ensure that it is accurately detecting anomalies and providing valuable insights.
10. What are the potential consequences of a transformer failure, and how can these be mitigated through the use of an anomaly detection model? Understanding the potential impact of a transformer failure can",1
How is the effectiveness of the FMEA process measured?,"
In the context of electrical transformers, the Failure Modes and Effects Analysis (FMEA) process is typically used to identify and prevent potential failures that could lead to unplanned downtime, safety issues, or decreased performance. The effectiveness of the FMEA process for electrical transformers can be measured in several ways:

1. Reduction in failure rate: One of the primary goals of FMEA is to identify and address potential failure modes before they occur, thereby reducing the overall failure rate of the transformer. By tracking the failure rate of the transformer before and after the FMEA process, it is possible to measure the effectiveness of the process in reducing the likelihood of failure.
2. Increased system availability: By identifying and addressing potential failure modes, the FMEA process can help to increase the overall availability of the transformer. This can be measured by tracking the percentage of time that the transformer is operational and available for use.
3. Improved safety: The FMEA process can also help to identify and address potential safety hazards associated with the transformer. This can be measured by tracking the number of safety incidents or accidents related to the transformer before and after the FMEA process.
4. Cost savings: By identifying and addressing potential failure modes early on, the FMEA process can help to prevent costly repairs or replacements down the line. This can be measured by tracking the cost of maintenance and repairs before and after the FMEA process.
5. Compliance: FMEA process is also used to comply with industry standards and regulations. Compliance can be measured by tracking the number of audits passed and the number of non-compliance issues identified.

It is important to note that the effectiveness of the FMEA process should be evaluated on an ongoing basis, as new failure modes may emerge over time. Additionally, the FMEA process should be viewed as a continuous improvement effort, rather than a one-time event.

In summary, the effectiveness of the FMEA process for electrical transformers can be measured by tracking the reduction in failure rate, increased system availability, improved safety, cost savings, and compliance. These metrics can help to evaluate the success of the FMEA process and identify areas for improvement.",1
How can the anomaly detection model be,"specific to the electrical transformer domain?

To build an effective anomaly detection model for electrical transformers, it is crucial to understand the specific characteristics, failure modes, and the behavior of the sensor data in this domain. Here are some questions that can help gather the necessary information from the subject matter experts:

1. What are the common failure modes in electrical transformers? Examples include:
	* Faults in the winding (such as turn-to-turn, inter-turn, or phase-to-phase faults)
	* Issues in the insulation (such as tracking, treeing, or air voids)
	* Overheating due to excessive load, poor ventilation, or insulation degradation
	* Gas accumulation in transformer oil due to partial discharge, arcing, or internal arcing
	* Mechanical damage from external factors, such as moisture, rodents, or aging infrastructure
2. What are the key performance indicators (KPIs) for electrical transformers? Examples include:
	* Current, voltage, and power measurements
	* Temperature readings from various locations, such as winding, oil, and ambient temperatures
	* Oil quality parameters, such as dielectric dissipation factor, tan delta, or oil aging indicators
	",1
