questions,round
"How can the anomaly detection model account for the potential impact of temperature on the performance of other components in the wind turbine system, such as the generator or the rotor blades?",2
Can you explain the impact of wind turbine gearbox failures on the overall performance and efficiency of the wind turbine?,1
Are there any specific types of sensors or data sources that would be most relevant to monitor for early detection of wind turbine gearbox anomalies?,2
How often should regular inspections and monitoring of the gearbox's operating conditions be performed?,2
"Can you explain the methods used for preprocessing the data, such as removing outliers and handling missing values?",2
How can model selection impact the performance of an anomaly detection model for wind turbine gearboxes?,2
"How does the anomaly model determine the severity of the identified anomalies, and what thresholds are used to classify them as critical or non-critical?",2
Are there any emerging technologies or advancements in sensor technology that could significantly improve monitoring and predictive maintenance for both onshore and offshore wind turbines?,2
How can proper training and expertise in data interpretation be effectively provided to those working with wind turbine sensor data?,2
How can the anomaly detection model be validated using historical data and expert knowledge?,2
"How can insufficient lubrication be detected and prevented in wind turbine gearboxes, and what are the common causes of this issue?",2
What data privacy regulations might be applicable when collecting and analyzing data for the anomaly detection model?,2
"How are anomalies detected in the vibration data, and what techniques are used for fault diagnosis?",2
"What are the most common sources of lubricant contamination in wind turbine gearboxes, and how can they be minimized?",2
Can you provide more details on how the normal behavior of the wind turbine system is learned in data-driven and learning-based approaches?,2
What are the current trends and future developments in condition monitoring techniques for wind turbine gearboxes?,2
What role does standardization play in enhancing the performance of wind turbine gearbox anomaly detection models?,2
Are there any environmental factors that can affect the sensors' performance and data accuracy?,2
How can sensor selection impact the performance of an anomaly detection model for wind turbine gearboxes?,2
How do you approach the root cause analysis of gearbox failures?,2
How can the data from different sensors be combined to improve the performance of the anomaly detection model?,2
"How is the model adapted to changing conditions, and what strategies are used to ensure its accuracy over time?",2
How does the wind turbine gearbox anomaly model support the maintenance strategy?,2
What are the recommended techniques for updating and adapting the anomaly detection model as the fleet evolves?,2
"What type of sensor data is collected from the wind turbine gearbox, such as temperature, vibration, or sound?",0
"How can the data on failure modes, reasons, and codes be used to improve the design and manufacturing processes of wind turbine gearboxes?",1
Can you provide more details on the differences in failure modes between wind turbine gearboxes in onshore and offshore installations?,2
How can we effectively handle missing values in the sensor data for wind turbine gearboxes?,2
How often should the machine learning model be updated and retrained to adapt to changes in the wind turbine gearbox system and operating conditions?,2
How do the sensors' data help in identifying the root cause of the gearbox degradation?,2
What are the common potential issues that can be identified through regular monitoring and analysis of sensor data for wind turbine gearboxes?,2
What are the challenges in integrating data analysis insights into predictive maintenance strategies for wind turbine gearboxes?,2
"What are the most common failure modes in wind turbine gearboxes, and how do predictive models help identify them?",1
How can the impact of the age of the wind turbine fleet on the anomaly detection model's performance be quantified?,2
Can you explain the process of identifying the most relevant features in sensor data that indicate potential failures in wind turbine gearboxes?,2
What are the challenges in building anomaly detection models for wind turbine gearboxes and how can they be addressed?,2
How can the experience of maintenance personnel be incorporated into the anomaly detection model for wind turbine gearboxes?,2
How does the organization balance the need for data accessibility with the need for data security and privacy in wind turbine gearbox sensor data?,2
Can you provide any specific examples of how a CMS has helped in preventing failures in wind turbine gearboxes?,2
"How frequently should temperature, noise, and load be monitored for optimal wind turbine gearbox performance?",2
"What are the potential consequences of not detecting early-stage failures in wind turbine gearboxes, and how can they be mitigated?",2
Are there any industry standards or guidelines for wind turbine gearbox sensor data analysis and anomaly detection?,1
How does the contamination of lubricant lead to erosion or corrosion in wind turbine gearboxes?,2
How can we address the challenge of maintaining a cloud-based deployment for a wind turbine gearbox anomaly detection model?,1
"Can external factors, such as weather conditions, have an impact on the wind turbine gearbox and how can this be monitored using sensor data?",2
What specific sensors are used to monitor the wind turbine gearbox and what data do they provide?,2
"What are the ethical and legal considerations when implementing wind turbine gearbox failure prediction algorithms, such as data privacy and security, and how can these be addressed?",2
What are the consequences of not following best practices for wind turbine gearbox lubrication management?,2
How does the environment (humidity and temperature) impact the choice of sensors and monitoring systems for wind turbine gearboxes?,2
How is the communication between the reliability engineer and the subject matter expert carried out during the preprocessing and anomaly detection process?,2
Are there any specific design considerations for wind turbine gearbox systems to minimize the effects of noise or interference on sensors?,2
How can the implementation of an anomaly detection model impact the overall cost of operation and maintenance for wind turbines?,2
Can you explain the relationship between water contamination and the risk of microbial growth in wind turbine gearboxes?,2
How can predictive maintenance models for wind turbine gearboxes be integrated with existing maintenance practices and workflows?,2
"How can the efficiency of a wind turbine gearbox be affected by the common signs of failure, and how is this measured?",2
How does FMEA help in identifying and addressing potential failure modes that could lead to accidents or injuries in wind turbine operations?,2
"How can we best address non-stationarity in wind turbine gearbox sensor data, and what relative change-based metrics would you recommend for this purpose?",2
Can you explain the role of a breather valve in regulating pressure and temperature changes within the wind turbine gearbox and how it helps prevent contamination of the lubricating oil?,2
"How does insufficient lubrication contribute to wind turbine gearbox failures, and what measures can be taken to prevent it?",2
What specific issues can be detected through regular oil analysis in wind turbine gearboxes?,2
"What are the limitations of using only precision, recall, and F1 score as performance metrics for the wind turbine gearbox failure prediction model?",2
"How is wear and tear typically detected in wind turbine gearboxes, and what role does sensor data play in this process?",2
"What regulatory requirements are related to the sensor data and anomaly detection model, and how can we ensure compliance with them?",2
How can feature engineering select and transform relevant features from the raw sensor data to improve the accuracy and robustness of the anomaly detection model?,2
Can you explain the process of regular oil analysis in monitoring the condition of the lubricant?,2
"What are the challenges in implementing real-time sensor data-based anomaly models for wind turbine gearboxes, and how can they be addressed?",2
"How do lightning strikes damage the wind turbine gearbox, and what protective measures can be implemented to prevent such damage?",2
Can you explain the importance of accurate failure mode identification and diagnosis in predicting and preventing failures in wind turbine gearboxes?,2
What regulatory requirements must be considered during the evaluation process?,2
Can you provide any case studies or examples of how data visualization techniques have improved the reliability and performance of the wind turbine gearbox?,2
"What are the potential challenges in implementing anomaly detection models in wind turbine gearboxes, and how can they be addressed?",2
"What are the current challenges and future research directions in the use of sensors and predictive models for wind turbine gearbox maintenance, and what opportunities do these present?",2
Can you explain the primary reasons for lubrication problems being more common in onshore wind turbine gearboxes?,2
How does the material and design of the gear teeth impact the likelihood of pitting and spalling?,2
Can temperature sensors identify the location of the problem within the wind turbine gearbox?,2
Are there any specific machine learning algorithms that are commonly used for wind turbine gearbox anomaly detection?,1
How do we validate the effectiveness of the normalization technique used in the anomaly detection model?,2
Are there any regulations or industry standards that must be followed in the sensor data analysis and management process?,2
"How do the failure reasons such as wear and tear, fatigue, corrosion, contamination, and vibration lead to the degradation mechanisms such as abrasion, adhesion, surface fatigue, corrosion, erosion, and cavitation in wind turbine gearboxes?",2
What are the common causes of gear tooth damage in wind turbine gearboxes?,2
How does infrared thermography help in detecting potential failures in wind turbine gearboxes?,2
"Are there specific sensors or monitoring systems that are more critical for offshore wind turbines compared to onshore turbines, and why?",2
"How is the health of the wind turbine gearbox typically assessed, and what role does sensor data play in this assessment?",2
"How is the impact of a wind turbine gearbox failure on the environment assessed, and what measures are taken to minimize this impact?",2
How can collaboration with subject matter experts improve the success of the anomaly detection model in wind turbine gearbox applications?,2
How can data analysis and machine learning algorithms further enhance the anomaly detection and predictive maintenance process for wind turbine gearboxes?,2
"What are the challenges in detecting and mitigating corrosion in wind turbine gearboxes, particularly in offshore turbines?",2
"Can you provide more details on the types of regular maintenance and inspection procedures that are recommended for wind turbine gearboxes, and how often they should be performed?",2
"How can the use of predictive maintenance strategies, such as machine learning algorithms, improve the reliability and availability of the wind turbine gearbox?",2
"What are the best practices for lubrication, cleaning, and inspections in a regular maintenance program for wind turbine gearboxes?",2
How does operating behavior impact the lifespan of wind turbine gearboxes?,2
How do the failure codes help in prioritizing the maintenance and inspection activities for wind turbine gearboxes?,2
How can the model support domain experts in understanding the root causes of failures and taking appropriate actions in wind turbine gearboxes?,2
What are the specific safety regulations that need to be considered when developing an anomaly detection model for a wind turbine gearbox in different regions?,2
How do the on-premises systems used for wind turbine gearbox anomaly detection differ in terms of capabilities and limitations?,2
What are the specific sensor data points that are being monitored for wind turbine gearboxes?,2
"What are the most common failure modes for wind turbine gearboxes, and how can they be prevented or minimized?",2
"How is the sensor data analyzed to detect changes in temperature, vibration, and noise patterns?",1
How does residual analysis help in identifying any inaccuracies in the wind turbine gearbox anomaly detection model?,2
"Are there any other factors, besides temperature, contamination, and oxidation, that can affect the lubricant's properties and sensor data?",2
"How do operational issues impact the lifespan of wind turbine gearboxes, and can you provide some examples?",2
"What are the potential consequences of not addressing sensor data anomalies in wind turbine gearboxes, including lost revenue and decreased profitability?",2
"How can we continuously monitor the performance of the predictive maintenance strategy, and what kind of metrics should we use to evaluate its success?",2
"How can wind farm operators measure the effectiveness of their maintenance practices, and what metrics are commonly used for this purpose?",2
How does effective collaboration between the maintenance team and domain experts contribute to the success of the anomaly detection model?,2
How do current sensors monitor overloading in wind turbine gearboxes caused by external factors such as high wind speeds or grid faults?,2
How can SMEs assist in identifying and monitoring the condition of critical components in wind turbine gearboxes?,2
What are the recommended maintenance practices to ensure the longevity of wind turbine gearboxes in both onshore and offshore environments?,2
How can wind turbine gearbox performance be optimized to ensure longevity?,2
How does this approach compare to traditional maintenance strategies in terms of cost-effectiveness and reliability?,1
What specific preventive maintenance measures are most effective in preventing wind turbine gearbox failures?,2
"Can you explain how increased vibration, temperature, or noise can indicate specific failure modes in wind turbine gearboxes?",2
"What are the common causes of wind turbine gearbox failures, and how can they be detected using sensor data?",2
Can you provide examples of how sensor-based monitoring systems have been successfully integrated into wind turbine infrastructure in the past?,2
How do you envision the future of predictive and preventive maintenance practices in the wind energy industry with the advancements in fault detection and diagnosis techniques?,2
Can you provide examples of specific failure modes identified in the FMEA and the corresponding failure codes used in DIN 40100 and ISO 13727 standards?,2
What are the specific temperature ranges that indicate proper lubrication and loading conditions in a wind turbine gearbox?,2
How can domain expertise be used to support the detection and quantification of anomalies in wind turbine gearbox sensor data?,2
Are there any regulations or standards for implementing sensor-based predictive maintenance in wind energy systems?,2
"What are the most common causes of imbalance, misalignment, bearing faults, and gear faults in wind turbine gearboxes?",2
How can the insights from wind turbine gearbox sensor data analysis and anomaly detection be used to extend the lifespan of the equipment?,2
How can data loss during transmission be addressed to ensure the completeness of the data used in the anomaly detection model?,2
How can we optimize the maintenance and inspection strategies for wind turbine gearboxes based on their operating conditions and usage patterns?,2
Could you please provide more information about the specific regulatory frameworks and compliance requirements that apply to wind turbine gearbox anomaly detection models in IoT/OT systems?,2
"What are the most common types of catastrophic failures in wind turbine gearboxes, and how does sensor data analysis help prevent them?",2
"Can you provide more information on the process of training and validating the anomaly detection model, and what are the recommended data sources and methods for training the model?",2
"How do the failure codes F001, F002, F003, and F004 classify the different types of bearing failures in wind turbine gearboxes?",2
Could you provide more details on how gearbox maintenance history is used to identify recurring issues and improve performance?,2
What are the emerging trends and technologies in wind turbine gearbox data analysis and predictive maintenance strategies?,2
How does low temperature affect the viscosity of the lubricant and its impact on the gearbox performance?,2
"What are the best practices for validating and interpreting the results of the anomaly detection model for wind turbine gearbox degradation, and how can we ensure that the model's predictions are accurate and reliable?",2
Can you explain the process of sealing as a preventive maintenance strategy and what components of the gearbox it typically covers?,2
How can the anomaly detection model be updated and refined over time to ensure that it remains accurate and effective in detecting potential gearbox failures?,2
How can AE analysis be used to optimize the maintenance schedule and reduce the overall maintenance costs of wind turbine systems?,2
"How does the severity of wind turbine gearbox failure vary, and what are the potential consequences of each level of severity?",2
Can you provide any examples of past experiences or case studies where these best practices have been implemented in building an anomaly detection system for wind turbine gearboxes?,2
How can data analysis and machine learning techniques be used to predict and prevent wind turbine gearbox failures due to temperature extremes?,2
Can you provide examples of how predictive maintenance strategies have been developed based on integrated data analysis in the wind energy industry?,2
How do you collect and analyze data for gearbox vibration and temperature to determine if the gearbox is operating properly?,2
"What are the common causes of wind turbine gearbox failures, and how do they typically manifest in the sensor data?",2
How can data from vibration analysis and oil analysis be effectively used to detect potential issues in the wind turbine gearbox?,2
How often should a preventive maintenance program include inspections and maintenance of the sensor system to ensure its reliable operation?,2
Can you provide examples of how excessive load or fatigue can lead to bearing failure in wind turbine gearboxes?,2
Can you provide more details on the rigorous testing of components required for wind turbine gearboxes and how it can be incorporated into the model development process?,2
How does the severity of a failure mode impact the choice of predictive maintenance strategies?,1
"How do different failure modes of wind turbine gearboxes manifest themselves in sensor data, and what are the key indicators of these failures?",2
How do temperature and humidity affect the performance of wind turbine gearboxes?,2
What are the key parameters in wind turbine gearbox sensor data that should be monitored for reliable and effective anomaly detection?,2
Can you explain the performance monitoring process for a wind turbine gearbox and what parameters are typically measured?,2
What are the most promising sensor technologies for monitoring wind turbine gearboxes and detecting potential failures in real-time?,1
"Can you provide more details on how insufficient lubrication contributes to gearbox failures, and which specific parameters should be monitored in oil analysis?",2
"How does a 3D surface plot help in visualizing wind turbine gearbox sensor data, and what kind of insights can be gained from it?",2
Can you provide an example of how the anomaly model and FMEA process have been used in a real-world wind turbine maintenance scenario?,2
What specific tests are included in regular oil analysis for detecting contamination in wind turbine gearboxes?,2
What are the specific steps for consulting with the wind turbine manufacturer or a subject matter expert to obtain accurate and specific current and power measurements for a particular wind turbine gearbox?,2
How often should vibration analysis be performed to detect contamination in wind turbine gearboxes?,2
What are the potential consequences of not monitoring the lubricating oil's condition in wind turbine gearboxes?,2
How does misalignment affect the overall performance and efficiency of wind turbine gearboxes?,2
"How can the model ensure compliance with industry standards, and what are the specific standards that it should comply with?",2
What are the most effective regular inspections and condition monitoring systems for detecting and preventing wind turbine gearbox failures?,1
"How do anomaly models optimize predictive maintenance strategies, and what are the key advantages of using these models for maintenance planning?",2
Can you suggest any actionable insights that can be derived from the anomaly detection model to address potential issues related to operator behavior and supply chain problems?,1
What are the most common lubrication issues that can result in increased wear and damage in wind turbine gearboxes?,2
What are the critical temperature ranges for a wind turbine gearbox and what are the consequences of overheating?,2
How can operating conditions be optimized to minimize the impact of failure modes on wind turbine gearboxes?,2
Can you provide examples of advanced data analytics techniques that have shown promise in predicting wind turbine gearbox failures?,2
What specific data quality issues could affect the performance of the anomaly detection model and how can they be addressed?,2
What are the specific remote visual inspection tools used to detect misalignment in wind turbine gearboxes?,2
How can integration with other systems provide a more comprehensive approach to maintenance of wind turbine gearboxes?,2
How does the size and type of the wind turbine affect the sensor placement and monitoring?,2
How will the model's performance be monitored and evaluated over time?,2
"Can you explain the most common failure modes of wind turbine gearboxes, and how they manifest themselves in the sensor data?",2
How does the formation of wax crystals affect the flow and lubrication properties of the lubricant in wind turbine gearboxes?,2
"What are the most common types of wear and tear that lead to wind turbine gearbox failures, and how can machine learning algorithms help detect them specifically?",2
How can machine learning and artificial intelligence algorithms be applied to sensor data from wind turbine gearboxes to improve failure prediction and prevention?,2
How can the data from vibration analysis be integrated with other operational data to improve overall wind turbine performance and maintenance?,2
Can you discuss the importance of regular vibration analysis in detecting potential failures in wind turbine gearboxes?,2
"How do you measure the mean time between failures (MTBF) and mean time to repair (MTTR) for a wind turbine gearbox, and what are the target values for these KPIs?",2
What are the specific data preprocessing techniques that can be used to address the challenges of data volume and velocity in wind turbine gearbox anomaly detection?,2
Can anomaly models be used to predict and prevent failures in other types of industrial equipment beyond wind turbine gearboxes?,2
What specific sensors are used to monitor wind turbine gearbox health and detect the common signs of failure?,2
What are the challenges in developing accurate and reliable machine learning models for predicting failures in wind turbine gearboxes?,2
What are the best practices for measuring tooth profile and tooth gap during a visual inspection of wind turbine gearbox gear teeth?,2
"How does misalignment occur in wind turbine gearboxes, and what are the consequences of ignoring it?",2
How do the sensors and monitoring systems account for variations in wind turbine gearbox design and usage?,2
How can domain knowledge and expertise be used to improve the accuracy and effectiveness of an anomaly model for wind turbine gearboxes?,2
What methods can be used to collect data on environmental factors and other variables affecting wind turbine gearbox performance?,2
What are the challenges in developing a custom solution for wind turbine gearbox anomaly detection?,2
"What are the challenges in building an effective anomaly model for real-time sensor data, and how can they be addressed?",2
"Can you explain how borescopes, RVI cameras, and other NDT methods are used to enhance the effectiveness of the visual inspection?",2
"How does the model handle cases where the missing data points are not randomly distributed, but are systematically biased?",2
Are there any existing regulations or standards that need to be considered when integrating sensor-based monitoring systems in wind turbine infrastructure?,2
"What are the key differences between machine learning libraries like Scikit-learn, TensorFlow, and Keras, and how do they impact the development of an anomaly detection model?",2
How does the on-premises deployment help maintain the confidentiality of communications between stakeholders in the wind turbine gearbox anomaly detection model?,2
How do the performance metrics for wind turbine gearbox anomaly detection compare to those for other types of industrial equipment?,2
What are the key safety benefits of early detection of wind turbine gearbox failures?,2
"Can you provide examples of common mechanical or electrical issues that can lead to wind turbine gearbox failures, and how can they be prevented or mitigated?",2
What are the best practices for maintaining and calibrating the anomaly detection model to ensure its accuracy and effectiveness over time?,2
What are the consequences of not detecting and addressing degradation mechanisms in wind turbine gearboxes?,2
What are the challenges in implementing and maintaining a CMS for wind turbine gearboxes?,2
What are the challenges in implementing predictive maintenance strategies for wind turbine gearboxes in terms of data availability and quality?,2
How do wind turbine operators use the insights provided by anomaly detection models to prevent failures and improve reliability?,2
"How can we ensure that the anomaly detection model is interpretable and transparent, and that its results can be communicated effectively to stakeholders, including operators, maintenance personnel, and decision-makers?",2
Can you provide any specific examples of how these data visualization techniques have helped in detecting anomalies in wind turbine gearbox sensor data?,2
How do resilient mounts and tuned mass dampers help in reducing resonance issues in wind turbine gearboxes?,2
"How can operators determine the severity of seal failure, and what actions should be taken when a high severity level is detected?",2
Can you provide any case studies or examples of the impact of regular monitoring and analysis of sensor data on the lifespan of wind turbine gearboxes?,2
What are the future trends and developments in vibration analysis technology and its application in wind turbine gearboxes maintenance?,2
"How can a coherent narrative be developed for predicting and preventing wind turbine gearbox failures, and what components should be included in this narrative?",2
How often should the wind turbine gearbox be inspected based on the age and usage of the turbine?,2
What are the most common acoustic emission (AE) signatures associated with specific gearbox failure modes in wind turbines?,2
What are the specific bandwidth and data transmission requirements for the wind turbine gearbox anomaly detection system based on the number and type of sensors used?,2
How accurate have these machine learning techniques been in predicting and preventing wind turbine gearbox failures in real-world scenarios?,2
How can we ensure model interpretability for subject matter experts who may not have a strong machine learning background?,2
How can regular inspections and condition monitoring be used to detect potential issues before they become major failures in wind turbine gearboxes?,2
Can you provide more information on the specific performance metrics used to evaluate the effectiveness of these anomaly models?,2
Can you provide any case studies or examples of successful implementation of noise and interference reduction techniques in wind turbine gearbox anomaly detection models?,2
Can you provide examples of environmental regulations that may need to be taken into account during the development process?,1
"How can machine learning algorithms be used to predict wind turbine gearbox failures, and what are the challenges in implementing such algorithms in a real-world scenario?",2
"What role does the Internet of Things (IoT) play in collecting and analyzing sensor, weather, and operational data in wind turbines?",2
Can you provide examples of maintenance strategies that have been effective in preventing wind turbine gearbox failures?,2
How does the quality of vibration data impact the analysis and detection of potential failures in wind turbine gearboxes?,2
Can you provide an example of how the F1 score balances precision and recall in the evaluation of wind turbine gearbox anomaly detection models?,2
What are the most common challenges faced in the maintenance and repair of wind turbine gearboxes?,2
"How do anomaly models help improve the safety of wind energy systems, and what are the potential safety benefits?",1
How does the size of a wind turbine impact the severity of a gearbox failure and its consequences?,2
How is sensor data transferred securely between systems and locations and what measures are taken to ensure data privacy and security during the transfer process?,2
"Can you provide more details on the types of preventive maintenance measures, such as regular inspections, lubrication monitoring, and condition monitoring, that can help detect and prevent failures in wind turbine gearboxes?",2
How often is the sensor data collected and what is the sampling rate?,1
"How can addressing these challenges improve the performance, efficiency, and reliability of wind turbines?",2
Are there any new technologies or methods that are being developed to improve the quality of sensor data from wind turbine gearboxes?,2
How can effective data analysis techniques be used to optimize the use of condition monitoring technologies in wind turbine gearboxes?,2
How do current and power sensors contribute to monitoring the performance and efficiency of wind turbine gearboxes?,2
"What are the challenges in analyzing wind turbine gearbox data, and how can they be addressed?",2
"What are the key environmental factors that affect wind turbine gearbox performance and reliability, and how can they be accounted for in the anomaly detection model?",2
How do energy consumption patterns help in detecting anomalies and predicting potential failures in wind turbine gearboxes?,2
"Are there any specific constraints or limitations that should be considered when designing the anomaly detection model, such as computational resources, network latency, or data privacy concerns?",2
How is the data on wind turbine gearbox failures used to optimize maintenance and repair activities?,2
How does the nature of the data impact the choice of performance metric for the anomaly detection model?,1
How can machine learning algorithms help predict wind turbine gearbox failures?,2
"How do temperature sensors compare to other methods of monitoring wind turbine gearbox health, such as vibration analysis and oil analysis?",2
"What are the most common indicators of gearbox anomalies in wind turbines, and how are they detected using sensor data?",2
Can you explain how sensor data can be used to monitor insufficient lubrication in wind turbine gearboxes?,2
"How does regular monitoring of wind turbine gearboxes contribute to their longevity and reliability, and what role do anomaly detection models play in this process?",2
What are the advantages and limitations of using one-class SVM for fault diagnosis in wind turbine gearboxes compared to other machine learning algorithms?,2
Can you explain how the normal operating range for each sensor is determined and how it is used in the anomaly detection model for wind turbine gearboxes?,2
Can you provide specific examples of how predictive and preventive maintenance with sensors can minimize downtime and reduce repair costs for wind turbine gearboxes?,2
What are the specific data analysis techniques used to analyze current sensor data and detect anomalies in wind turbine gearboxes?,2
How do wind turbine gearbox manufacturers address the issue of high loads and their impact on sensor data and failure modes?,2
"How can the model detect and predict corrosion in wind turbine gearboxes, and what are the effects of corrosion on the overall performance and reliability of the system?",2
How can the impact of varying wind speeds and directions on wind turbine gearbox performance be incorporated into the anomaly model?,2
What are the potential risks and limitations of using sensors and predictive models for wind turbine gearbox maintenance and how can they be mitigated?,2
What are the consequences of not implementing a continuous and iterative process for updating the anomaly model?,2
"What are the specific thresholds for pitting, spalling, and corrosion that indicate when preventive maintenance is required?",2
Can you provide examples of machine learning algorithms that have been found to be effective in detecting and quantifying noise or interference in wind turbine gearbox sensor data?,2
What are the recommended torque values for installing wind turbine gearboxes?,2
How can data cleaning and preprocessing be performed effectively to build an accurate anomaly detection model?,2
How often should sensors be calibrated to ensure accurate data collection for machine learning algorithms?,2
Can you provide examples of specific anomalies that have been detected in wind turbine gearboxes using machine learning algorithms?,2
How can the design of wind turbine gearboxes be optimized to reduce the risk of degradation mechanisms and improve their overall performance?,2
How does training and education of personnel reduce errors and improve maintenance efficiency for wind turbine gearboxes?,2
Can you provide examples of specific failure modes in wind turbine gearboxes and how they can be detected using sensors and data analysis?,2
How can the quality of preprocessed and cleaned sensor data impact the overall performance of the wind turbine gearbox anomaly detection model?,2
How can the performance of machine learning algorithms for fault diagnosis in wind turbine gearboxes be evaluated and compared?,2
What are the best practices for detecting anomalies early and enabling timely maintenance through effective alarm management and prognostics?,2
What are the best practices for spare parts management in wind turbine gearbox maintenance?,2
"Can you provide more details on the preventive maintenance program, including the frequency and methods of inspections, condition-based monitoring, and lubrication management?",2
How is the data collected from the various sensors integrated and preprocessed before being used to train the machine learning models?,2
"How do wind turbine gearbox failure prediction algorithms impact the maintenance and operation costs of wind energy infrastructure, and what are the potential economic benefits and challenges?",2
What are the specific sensor technologies that can be used to detect and quantify noise or interference in wind turbine gearbox sensor data?,2
What are the specific frequency ranges that indicate damage to bearings or gear teeth in wind turbine gearboxes?,2
"Can you provide more information on the severity of the common failure modes and degradation mechanisms in wind turbine gearboxes, and how they can impact the overall performance of the wind turbine system?",2
How can wind turbine operators ensure the long-term health and reliability of their wind turbine assets through predictive maintenance models for wind turbine gearboxes?,2
What are the specific threshold values for vibration and temperature that indicate a potential failure in wind turbine gearboxes?,2
Can you elaborate on how precision and recall are calculated for this specific model?,2
How can the data from wind turbine gearbox sensors be used to improve the design and operation of future wind turbine systems?,2
"How can machine learning algorithms be used to analyze sensor data for wind turbine gearboxes, and what are the limitations of these algorithms?",2
What are the best practices for training maintenance personnel to detect and address seal failure in wind turbine gearboxes?,2
How do the industry standards and guidelines recommend handling the differences in sensor data and configurations across various wind farm sites?,2
Can you provide any insights on the potential impact of advances in sensor technology and data processing on wind turbine gearbox anomaly detection?,2
"How often does the anomaly detection model need to be retrained, and what is the process for updating the model with new data?",2
Can you explain how the lubricating oil condition is analyzed using sensors and what types of failures can be detected through oil analysis?,2
How frequently should oil changes be performed as part of preventive maintenance?,2
What are the potential consequences of not following best practices for wind turbine gearbox sensor data management and storage?,2
"Can you provide more details on the specific failure modes, such as gear tooth fractures, pitting or spalling of bearing races, and seal leaks, and how they can be prevented?",2
How can training programs for maintenance personnel be tailored to ensure they have the necessary skills and knowledge to maintain wind turbine gearboxes effectively?,2
How can the expertise of data scientists impact the selection and implementation of machine learning techniques for predicting wind turbine gearbox failures?,2
Can you provide more information on how wind speed and direction can impact the loads and wear and tear in wind turbine gearboxes?,2
How can data visualization techniques aid in identifying and interpreting anomalies in wind turbine gearbox sensor data?,2
What are the common causes of oil degradation in wind turbine gearboxes and how can they be mitigated?,2
"Can you provide any examples of specific wind turbine gearbox failures that were detected and prevented through monitoring these additional parameters beyond temperature, vibration, and noise?",2
Are there any specific regulations or standards that apply to the use of AE sensors in wind turbine gearboxes?,2
"What are the challenges in monitoring and analyzing wind turbine gearbox performance, and how can they be overcome?",2
How can the data from thermal and vibration monitoring be integrated with other data sources to provide a comprehensive view of the wind turbine gearbox health?,2
What are the key performance indicators that should be monitored to ensure the long-term reliability of wind turbine gearboxes?,2
What are the common causes of wind turbine gearbox failures and how can sensor data help in detecting them early?,1
How can we ensure that the anomaly detection model is generalizable to different types and models of wind turbine gearboxes?,2
How does Kalman filtering help in reducing sensor noise and improving the accuracy of the anomaly detection model?,2
Can you provide any case studies or examples of successful implementation of wind turbine gearbox sensor data analysis and anomaly detection?,2
How can the analysis of wind turbine gearbox failure data result in cost savings and increased efficiency in the wind energy industry?,2
How can machine learning techniques be applied to improve the accuracy and reliability of wind turbine gearbox anomaly detection?,2
What are the specific thermal imaging techniques used to detect misalignment?,2
Can you explain how microscopic gaps or leaks in the gearbox housing lead to high humidity levels inside the gearbox?,2
Can you provide examples of features that are less susceptible to noise and interference in wind turbine gearbox sensor data?,2
How does temperature and vibration monitoring help in detecting and preventing gearbox failure modes?,2
Can you explain the importance of collaborating with subject matter experts in developing an effective anomaly detection model for wind turbine gearboxes?,2
What data preprocessing techniques are commonly used for detecting anomalies in wind turbine gearbox sensor data?,2
"Are there any other parameters, besides temperature, vibration, and noise, that are important to monitor in wind turbine gearboxes?",2
"Is there a specific timeline for this wind turbine gearbox anomaly model development project, and how does it align with other project timelines?",1
"Can you provide examples of effective anomaly detection models that have been developed for wind turbine gearboxes, and what made them successful?",2
How does event-based data collection compare to time-based data collection in terms of cost-effectiveness and efficiency?,2
How are the data collected from these sensors analyzed to detect anomalies or abnormal behavior in the gearbox's condition?,2
What are the challenges in implementing condition-based monitoring systems for wind turbine gearboxes and how can they be overcome?,2
How can we improve the accuracy of the anomaly detection model in identifying the specific failure mode and cause?,2
Can you explain the process of re-profiling worn gear teeth and when it is necessary to replace them instead?,2
"What are the substandard components that can be used in wind turbine gearboxes due to supply chain issues, and how do they affect the gearbox's performance?",1
How can machine learning and artificial intelligence be applied to vibration analysis to improve fault detection and diagnosis in wind turbine gearboxes?,2
How can the data from wind turbine gearbox sensors be used to optimize the maintenance schedule and reduce downtime?,2
How does contamination contribute to the failure of sensors in wind turbine gearboxes?,2
Are there any specific design or configuration aspects of wind turbine gearboxes that can make them more susceptible to high temperature damage?,2
How does the choice of tools and libraries depend on the specific requirements of the wind turbine gearbox anomaly model development project?,2
What are the most common causes of premature failure in wind turbine gearboxes?,2
What are the potential consequences of not prioritizing the security of sensitive data in the wind turbine gearbox anomaly detection model?,2
Can you provide more details on how the position sensors data is used to monitor component movement and how it is useful in detecting potential failures?,2
What are the common causes of downtime in the wind turbine gearbox and how can they be reduced?,2
"What are the most common types of sensor data collected from wind turbine gearboxes, and what do they measure?",2
What are the best practices for implementing modular and scalable monitoring systems in wind turbines?,2
What are the challenges in implementing a comprehensive and robust condition monitoring and maintenance program for wind turbine gearboxes?,2
What are the most common failure modes in wind turbine gearboxes and how can they be identified using sensors?,2
What types of machine learning algorithms are commonly used to determine the normal operating conditions of wind turbine gearbox components?,2
"How are the results of historical data analysis, physics-based modeling, and machine learning algorithms integrated to determine the normal operating conditions of wind turbine gearbox components?",2
What specific distributed computing and efficient data storage solutions are available to handle the large-scale sensor data from wind turbine gearboxes?,2
How does proper cold-temperature testing during the lubricant selection process ensure that the lubricant is suitable for the operating temperature range of the gearbox?,2
Can you provide examples of feature engineering techniques that can be used to account for environmental factors in anomaly models for wind turbine gearboxes?,2
What are the potential costs and benefits of implementing an anomaly detection model for wind turbine gearbox applications?,2
What are the potential consequences of not considering environmental factors when developing anomaly models for wind turbine gearboxes?,2
"Are there specific humidity levels that can cause issues in onshore wind turbine gearboxes, and how can they be addressed?",2
How do regular inspections and timely repairs help in preventing catastrophic failures in wind turbine gearboxes?,2
"What are the challenges in implementing a condition monitoring program in wind turbine gearboxes, and how can they be addressed?",2
What are the specific data sources for the wind turbine gearbox that should be considered for collecting accurate and representative data?,2
Are there any specific performance metrics or benchmarks that are commonly used to evaluate the effectiveness of anomaly detection models in wind turbine gearboxes?,2
How can data from a condition monitoring program be used to optimize wind turbine gearbox maintenance and repair strategies?,2
"How can we ensure that the selected sensors provide high-quality data, and what factors should be considered during sensor selection and placement?",2
How can the maintenance team verify and validate the predictions made by the anomaly detection model to ensure accuracy and reliability?,1
Can you provide specific examples of how to define clear objectives for a preventive maintenance program for a wind turbine gearbox?,2
Are there any specific factors or patterns that you believe should be prioritized during data exploration and preprocessing for wind turbine gearbox failure prediction?,2
"Are there any specific challenges or considerations when it comes to implementing anomaly detection models in wind turbine gearboxes, compared to other types of equipment or systems?",2
What are the most common causes of electrical noise in wind turbine gearbox systems and how can they be minimized?,2
What methods can be used to predict and prevent failures in wind turbine gearboxes based on current and power measurements?,2
Can you explain the criteria used for selecting appropriate sensors and their optimal placement for monitoring wind turbine gearboxes?,2
"What are the most common contaminants found in wind turbine gearbox oil analysis, and how are they addressed to improve performance and reliability?",2
How do the various coatings used in wind turbine gearboxes help to increase their reliability and prolong component life?,2
"What are the key elements of a comprehensive maintenance program for wind turbine gearboxes, and how should it be developed?",2
How is the data collected by AE sensors analyzed and interpreted to determine the severity and location of damage in wind turbine gearboxes?,2
What types of advanced analytics and machine learning techniques are most effective in identifying potential issues in wind turbine gearboxes?,2
How do the failure modes differ between onshore and offshore wind turbines?,2
"Could you provide more details on how regular maintenance, inspections, and vibration analysis can help detect potential failures early?",1
"Can you explain the process of developing an anomaly model for wind turbine gearboxes, including data collection, preprocessing, and model training?",1
"Can you explain the role of varying loads, temperatures, and speeds in contributing to wind turbine gearbox failures, and how sensors can help monitor these factors?",2
"Can you provide more details on the types of damage that can be caused by poor lubrication, such as pitting and spalling, and how they affect the gearbox's performance and longevity?",2
How can regular inspections and maintenance of the gearbox housing and components prevent catastrophic failure?,2
"How do sensors like vibration, temperature, and oil debris sensors work together to provide a comprehensive view of the wind turbine gearbox health?",2
What are the specific inspections or maintenance tasks that can prevent or detect bearing failures in wind turbine gearboxes?,2
How can the anomaly detection model help reduce maintenance costs and improve the overall performance and reliability of the wind turbine system?,2
How the interrelationships and operating conditions of the components and sub-components are identified in the FMEA process?,2
Can you provide examples of data analysis techniques that are commonly used to detect potential failures in wind turbine gearboxes?,2
"What are the benefits of early detection of wind turbine gearbox failures through vibration analysis, and how can it minimize downtime and reduce maintenance costs?",2
"Can misalignment in wind turbine gearboxes be detected using other methods besides visual inspection, performance monitoring, and oil analysis?",2
How do the specific challenges in detecting and quantifying noise or interference in wind turbine gearbox sensor data differ from other sensor data?,2
Can you explain the process of simulating the behavior of a wind turbine gearbox using Finite Element Analysis (FEA) software?,2
"How would you rank the severity of the negative consequences of wind turbine gearbox anomalies, such as increased downtime, higher maintenance costs, reduced efficiency, safety risks, and environmental impacts?",2
"How can wind farm operators ensure the safety and reliability of wind turbine gearboxes under extreme temperature and humidity conditions, and what are the best practices for emergency response and repair?",2
"How does insufficient cooling occur in wind turbine gearboxes, and what are the common causes?",2
What are the specific sensor types used to collect real-time data for wind turbine gearbox anomaly detection?,1
How does the integration of sensor data with other data sources impact the maintenance and repair strategies for wind turbine gearboxes?,2
"How does water contamination affect the gear teeth, bearings, and lubricating oil differently than other types of contaminants?",2
How can the certification requirements be used to develop an effective anomaly detection model for wind turbine gearboxes?,2
How can data analysis techniques be optimized for wind turbine gearbox condition monitoring?,2
What are the key considerations when selecting dimensionality reduction techniques for this type of data?,2
Could you explain the process for determining the severity of failure for a wind turbine gearbox?,1
"How does the anomaly detection model handle the presence of noise or other interfering signals in the monitored parameters, which could affect the accuracy of the failure predictions?",2
What types of sensors are typically used to monitor the condition of wind turbine gearboxes and what data do they measure?,2
What environmental conditions can affect current and power measurements in wind turbine gearboxes?,2
What measures can be taken to ensure data privacy and secure handling of sensitive sensor data used for training and testing the model?,1
How do we determine the right balance between precision and recall for our specific use case?,2
"What are the future directions for research and development in wind turbine gearbox anomaly detection using data analysis techniques, sensor selection, and interpretable machine learning algorithms?",2
"What are the potential consequences of not addressing the challenges and complexities of sensor data when developing an anomaly detection model for wind turbine gearbox degradation, and how can we mitigate these risks?",2
How can the data from the anomaly detection model be effectively used to optimize the maintenance schedule for wind turbines?,2
How can root cause analysis be performed to identify underlying causes of failures?,2
"How does sludge and varnish formation in wind turbine gearbox lubricants reduce their effectiveness, and what are the potential consequences for the gearbox efficiency?",2
How can data analysis be used to detect signs of degradation or failure early in wind turbine gearboxes?,2
"How do proactive maintenance actions, such as changing the lubricating oil or addressing contamination issues, help extend the lifespan of wind turbine gearboxes?",2
How is the data from these sensors analyzed to detect potential anomalies?,1
How can the maintenance and monitoring of wind turbine gearboxes be optimized to reduce downtime and minimize costs?,2
Can you provide examples of equipment malfunctions or grid faults that can lead to overload in wind turbine gearboxes?,2
"What are the specific thresholds for vibration, temperature, and current measurements that indicate potential issues in the wind turbine gearbox?",2
How can the impact of data security and privacy measures on the performance of the anomaly detection model be assessed and mitigated?,2
What are the challenges in evaluating and validating the anomaly detection model for wind turbine gearboxes?,2
What are the key data analysis techniques used for detecting anomalies in wind turbine gearboxes?,2
"How do current and power sensors monitor the electrical parameters of the wind turbine, and what specific current fluctuations or power consumption patterns indicate electrical or mechanical inefficiencies?",2
Can you provide any examples of how sensor data has been used to optimize maintenance and inspection practices for wind turbine gearboxes?,1
"Can you explain how component wear, moisture ingress, and degradation products like sludge and varnish contribute to the formation of increased contamination in a wind turbine gearbox?",2
What are the common reasons for insufficient lubrication in wind turbine gearboxes?,2
How can a combination of these methods improve the overall maintenance strategy for wind turbine gearboxes?,2
"Can you explain how each failure code (fatigue, wear, corrosion, overload, and installation error) impacts the severity and detectability of a failure in a wind turbine gearbox?",2
What are the current industry standards and best practices for wind turbine gearbox maintenance and anomaly detection?,2
How can we ensure the quality and reliability of data collected from various condition monitoring sensors in wind turbine gearboxes?,2
What are the common operating conditions that contribute to the failure of wind turbine gearboxes and how can they be corrected?,2
How does the on-premises deployment help maintain data privacy and integrity in the wind turbine gearbox anomaly detection model?,2
"Are there any specific techniques or methods you would like the machine learning-based anomaly model to use, such as time series analysis, statistical process control, or neural networks?",2
"How often should an ISO 14242 analysis be performed on wind turbine gearboxes, and are there any specific triggers or conditions that would warrant a new analysis?",2
What are the key performance indicators that are used to measure the effectiveness of a condition monitoring program in wind turbine gearboxes?,2
Can you explain the process of continuous monitoring of sensor data and how it helps in identifying potential issues early in wind turbine gearboxes?,2
"Can you explain how wind speed and direction are accounted for in past data collection and analysis, and what specific trends and patterns have been identified in gearbox failures as a result?",2
How can the insights gained from machine learning-based anomaly detection be used to improve the design and manufacturing of wind turbine gearboxes?,2
How does the age of a wind turbine gearbox impact the likelihood and detectability of failure modes?,2
What are the challenges in making the outputs of the anomaly detection model interpretable and explainable to the maintenance personnel?,2
How can transfer learning and domain adaptation techniques be used to improve the performance of wind turbine gearbox anomaly detection models when data is limited?,2
How do you measure the effectiveness of a machine learning algorithm in detecting potential wind turbine gearbox failures?,2
How can high-quality lubricants help prevent insufficient lubrication in wind turbine gearboxes?,2
How is the vibration analysis data used to detect early signs of potential issues in the wind turbine gearbox?,1
How can the insights gained from wind turbine gearbox data analysis be used to reduce overall maintenance costs?,2
How can data from multiple wind turbines be combined and analyzed to improve the accuracy and reliability of the anomaly detection model?,2
How can data scientists ensure accurate and reliable monitoring of wind turbine gearbox systems despite potential noise or interference on sensors?,2
How does the accurate anomaly detection in sensor data contribute to preventing failures in wind turbine gearboxes?,2
"How do these research efforts plan to validate and verify the performance of the new sensor technologies and configurations, signal processing and machine learning techniques?",2
How can we ensure that the predictive models are updated with new data and refined over time to improve their accuracy and reliability?,2
"Can you provide examples of periodic or aperiodic patterns, trends or seasonality, and random or bursty noise that the anomaly detection model should be able to handle?",2
How is condition monitoring data collected and analyzed in real-time to optimize the preventive maintenance program?,2
Can you provide any examples of specific cases where vibration analysis has been used to predict and prevent wind turbine gearbox failures?,2
What are the best practices for monitoring and maintaining sensors in wind turbine gearboxes to ensure their safe and efficient operation?,2
"How can a culture of continuous improvement be established in the wind energy industry, and what role do data scientists play in this process?",2
How do the sensor readings and potential anomalies differ between onshore and offshore wind turbines?,1
"What are the challenges in analyzing sensor data from wind turbine gearboxes, and how can they be addressed?",2
"Can you provide examples of specific models used for predicting failures in wind turbine gearboxes, and what are their strengths and limitations?",2
"How can the life of a wind turbine gearbox be extended through effective preventive maintenance strategies, and what are the key factors that contribute to gearbox degradation over time?",2
What data preprocessing steps are necessary to integrate weather and operational data with sensor data?,1
"How can the anomaly detection model in wind turbine gearboxes be continuously improved and updated to ensure its accuracy and relevance over time, and what strategies can be used to prevent model drift?",2
How do varying loads cause different failure modes in wind turbine gearboxes?,2
What specific data sources can be used to collect information for predictive maintenance of wind turbine gearboxes?,2
Can you provide more information on the strategies for preventing catastrophic failures in wind turbine gearboxes?,2
Can you explain how thermal imaging and vibration analysis are used to detect early-stage cracks in wind turbine gearboxes?,2
"What are the most common failure modes in wind turbine gearboxes, and how can they be mitigated?",2
How does ESA help in reducing the downtime of wind turbines?,2
Are there any other sensors or measurements that can be used to monitor the performance and health of wind turbine gearboxes?,2
Can you elaborate on the challenges in implementing interpretable models for predictive maintenance of wind turbine gearboxes?,2
"How do different types of mechanical wear, such as changes in gear mesh geometry, tooth crack, pitting, and spalling, affect power output in wind turbine gearboxes?",2
What are the challenges in interpreting the results of power curve analysis?,2
What are some examples of preventive maintenance measures that can be recommended through a wind turbine gearbox FMEA?,2
How can data from these various sensors be combined and analyzed to provide a comprehensive understanding of the wind turbine gearbox's health and performance?,2
How can a cost-benefit analysis be used to justify the implementation of predictive maintenance strategies for wind turbine gearboxes?,2
"Are there any regulations or standards for wind turbine gearbox sensor data management and analysis, and how do they impact the implementation of data-driven maintenance strategies?",2
What are the common signs of seal failure due to misalignment?,2
Can you provide any examples of successful implementation of anomaly detection models in wind turbine gearbox maintenance and repair?,1
"What are the current maintenance and inspection practices for the wind turbine gearbox, and how can the sensor data be used to optimize these practices?",0
What specific degradation mechanisms lead to the failure of wind turbine gearbox bearings?,2
How can the data from sensors be used to improve the safety of wind turbine operations?,2
What are the potential consequences of not updating the anomaly detection model frequently enough?,2
"Can you provide more information on the detectability and severity of different failure modes in wind turbine gearboxes, and how can this information be used to prioritize maintenance interventions?",2
Are there any specific tools or techniques used to identify and diagnose the various failure modes in wind turbine gearboxes?,2
What specific preprocessing techniques are most effective in removing noise and outliers from wind turbine gearbox data?,2
How can sensor data be used to detect and correct potential failures before they become catastrophic?,2
"What are the consequences of catastrophic wind turbine gearbox failures, and how can they be prevented?",2
"Can you provide any specific examples of how this approach has optimized performance, reduced maintenance costs, and increased availability in wind turbine operations?",1
How can data scientists collaborate with subject matter experts to develop predictive models for gear teeth degradation and failure in wind turbine gearboxes?,2
Can you provide any examples of catastrophic failures that could have been prevented by monitoring sensor data from wind turbine gearboxes?,1
How can data scientists help in predicting and preventing failures in wind turbine gearboxes through monitoring and analysis of relevant data?,2
How does real-time data analysis contribute to the effectiveness of the anomaly model?,2
How can temperature data be used to predict future gearbox failures?,2
How often should regular inspections and maintenance of the wind turbine gearbox be performed?,2
Can you provide examples of how additive manufacturing can produce complex shapes and geometries for replacement parts in wind turbine gearboxes?,2
What are the most critical failure modes and causes that should be addressed in wind turbine gearbox design and operation?,2
Are there any specific early warning signs operators should look out for in wind turbine gearboxes to detect these common anomalies?,2
What are the consequences of a false positive or false negative result from the anomaly detection model?,2
How can electrical issues be detected and addressed through oil sampling and analysis in wind turbine gearboxes?,2
How can advanced analytics and machine learning techniques be used to analyze data from multiple sensor technologies to detect potential failures in wind turbine gearboxes?,2
"How are the established normal operating conditions used to trigger predictive maintenance actions, and what are the benefits of such an approach?",2
"What are the desired outcomes of the anomaly model, such as early detection of potential failures, reduced maintenance costs, or increased asset availability?",0
What are the specific consequences of ignoring sensor data anomalies in wind turbine gearboxes?,2
How can a cohesive and proactive approach be taken to ensure the safe and efficient operation of wind turbine gearboxes over the long term?,2
How do the correlations between external factors and gearbox failures help in predicting potential failures earlier?,2
"What are the most common failure modes in wind turbine gearboxes, and how do they manifest in the data?",2
"How do you currently monitor and respond to anomalies in wind turbine gearboxes, and how will this new model change that process?",1
"Are there any specific challenges or considerations when applying data imputation and estimation techniques to wind turbine gearbox sensor data, as compared to other types of sensor data?",2
What are the specific signs of increased vibration or temperature that can indicate potential issues with the gearbox?,2
Can you explain how the severity of each failure mode is determined and rated on a scale of 1 to 10 in the FMEA?,2
Can you provide examples of specific failure modes in wind turbine gearboxes and their severity levels?,2
How can organizations ensure the safe and efficient operation of their wind turbine systems through effective anomaly detection?,2
"Can you provide examples of how machine learning algorithms have been used to predict wind turbine gearbox failures, and what types of data are typically used as input for these algorithms?",2
Can you provide examples of the appropriate anomaly detection models that can be used based on the characteristics of the data and the specific requirements of the application?,2
What are the consequences of not addressing high humidity levels inside the gearbox and the resulting corrosion?,2
"What are the challenges in monitoring and maintaining heterogeneous wind turbine fleets, and how can the anomaly detection model help in addressing these challenges?",2
"What specific preventive maintenance measures would you recommend for wind turbine gearboxes, and how often should they be performed?",2
"What methods are used to detect anomalies in wind turbine gearbox performance data, and how are they identified?",2
How do real-time streaming anomaly detection models like TTDM or QCD differ from other machine learning models in terms of low-latency analysis?,2
How does the combination of CNNs and LSTM networks improve the accuracy and reliability of fault diagnosis methods in wind turbine gearboxes?,2
"What are the challenges in implementing predictive maintenance for wind turbine gearboxes, and how can they be addressed?",2
Are there any regulatory or compliance requirements related to monitoring sensor data in wind turbine operations?,2
How do these predictive maintenance systems ensure data security and privacy while handling sensitive sensor data?,2
Can you give examples of specific anomalies or potential failures that can be detected through sensor data analysis?,2
What are the specific effects of low temperatures on the lubricant used in wind turbine gearboxes?,1
What are the potential consequences of not performing preprocessing on sensor data from wind turbine gearboxes?,2
How does altitude affect the lubrication and cooling of the wind turbine gearbox at high altitudes?,2
How can we ensure redundancy in the network infrastructure to minimize the risk of data loss during network failures?,2
What specific pre-installation cleaning practices are recommended to prevent foreign particle ingress?,2
What strategies can be used to improve the overall performance of wind turbines through the use of anomaly detection models?,1
"What are the potential challenges in implementing a continuous monitoring and analysis system for the sensor data, and how can we address them?",2
Can you provide examples of specific failure modes or degradation mechanisms where a gradual increase in temperature may indicate a more severe problem if not identified and addressed in a timely manner?,2
"Can you explain how the ability to detect failure modes is rated on a scale of 1 to 10 in the FMEA, and what factors are considered in this rating?",2
How do we ensure the accuracy of anomaly detection algorithms in wind turbine gearbox maintenance?,2
How does the real-time anomaly detection and condition-based maintenance system alert the maintenance team about the potential issues and failures?,2
What are the challenges in understanding the complex physics and mechanics of wind turbine systems and how can they be addressed to improve failure detection?,2
What are the specific sensor data variables that are most informative for identifying patterns and correlations in wind turbine gearbox failures?,2
"How do environmental factors, such as temperature and humidity, affect the performance and condition of wind turbine gearboxes, and how can data scientists account for these factors in their analysis?",1
"What are the effects of high loads, speeds, and temperatures on the wind turbine gearbox components and how do they impact the performance and degradation of the gearbox?",2
How can additional sensors be installed in a cost-effective manner to improve the monitoring and failure detection of wind turbine gearboxes?,2
What are the specific inspections recommended as part of a proactive maintenance program for wind turbine gearboxes?,2
"Are there any differences in threshold values for temperature, vibration, and noise in wind turbine gearboxes based on the type of wind turbine (e.g., onshore vs. offshore)?",2
"How can predictive maintenance techniques, such as condition monitoring and online monitoring, be integrated into the wind turbine operations and maintenance practices to improve the reliability and availability of the turbines?",2
Can you provide more information about the criticality of the various components of the wind turbine gearbox and their failure modes?,2
Can you provide more details about the types of sensor data that are typically used for wind turbine gearbox anomaly detection models?,2
How does regular lubrication oil analysis extend the life of the wind turbine gearbox?,2
"How often should regular inspections be carried out to ensure the optimal performance of the wind turbine gearbox, and what should these inspections entail?",1
"What are the best practices for maintaining wind turbine gearboxes, and how can these be adapted to specific wind turbine models and operating conditions?",2
What are the recommended methods for detecting and measuring vibration and temperature changes in the wind turbine gearbox?,2
"How do harsh operating conditions, such as high temperatures, vibration, and humidity, affect the degradation mechanism of position sensors in wind turbine gearboxes?",2
Can you provide more details on the process of establishing a baseline for normal operating conditions?,2
How does misalignment contribute to the fatigue degradation mechanism in wind turbine gearboxes?,2
"What are the key factors that affect the quality and availability of sensor data in wind turbine gearboxes, and how can these be addressed in the development of an anomaly detection model?",2
"How can data analytics and data analytics tools, including machine learning algorithms and artificial intelligence, be used to optimize maintenance schedules for wind turbine gearboxes?",2
"How do environmental factors affect the performance of wind turbine gearboxes, and how can anomaly models account for these factors?",1
How is the sensor data collected and processed for further analysis?,2
What are the most common causes of significant deviations in current and power measurements in wind turbine gearboxes?,2
How is the operational data being used to identify potential causes of failure in wind turbine gearboxes?,2
"What measures should be taken if foreign particle ingress is detected during an inspection, such as controlled shutdown, flushing, component inspection, repair or replacement, and root cause analysis?",2
How can early detection and intervention based on data analysis prevent gearbox failures and reduce maintenance costs in wind turbines?,2
What methods can be used to control contamination in wind turbine gearboxes and prevent lubricant degradation?,2
How are threshold values determined for each condition that triggers data collection?,2
"Can time series analysis tools identify specific types of anomalies in wind turbine gearbox sensor data, or do they only provide trend analysis?",2
"How does insufficient lubrication cause common failure modes like gear tooth pitting, cracking, and bearing failure?",2
"What are the potential consequences of not addressing wind turbine gearbox failures, including both financial and safety implications?",2
How do you ensure that the maintenance program for wind turbine gearboxes is cost-effective while still preventing gear teeth wear and tear?,2
Can you explain how statistical process control (SPC) charts can be used to monitor the performance of the wind turbine gearbox over time?,2
What are the challenges in implementing anomaly models in wind energy systems and how can they be addressed?,2
"Can you provide more details on how moisture, contamination, wear and tear, and overloading contribute to the degradation mechanisms of wind turbine gearboxes?",2
What strategies can be employed to optimize wind turbine gearbox performance and longevity through proactive monitoring and maintenance?,2
How can the use of advanced diagnostic techniques such as thermography improve the detectability of failures in wind turbine gearboxes?,2
How can the data from wind turbine gearbox sensors be used to optimize the performance of the wind farm as a whole?,2
How can the collected data at different frequencies be analyzed and interpreted to predict and prevent failures in wind turbine gearboxes?,2
Can you provide any real-world examples or case studies where anomaly detection models have been successfully implemented for wind turbine gearbox sensor data?,2
Can you explain the process of gear mesh misalignment and how it impacts the overall efficiency and reliability of wind turbine gearboxes?,2
What are the most common mechanical components in a wind turbine gearbox that are prone to failure and should be closely monitored?,2
How often should sensor data from wind turbine gearboxes be analyzed to ensure early detection of potential failures?,2
How can wind turbine gearbox design be improved to prevent failures and reduce the need for maintenance?,2
Can you explain the process of evaluating the quality and type of available sensor data for the anomaly detection model?,2
Can you provide examples of specific patterns of behavior that might indicate an impending failure in a wind turbine gearbox component?,2
What are the most effective methods for monitoring and detecting wear and tear of gear teeth in wind turbine gearboxes?,2
"How does the FMEA process take into account the materials and lubricants used in wind turbine gearboxes, and how do these factors affect the analysis?",2
What are the challenges in monitoring the KPIs for wind turbine gearboxes in real-time and how can they be addressed?,2
Are there any specific challenges in collecting and using historical data for wind turbine gearboxes?,2
Can you provide more details on the temperature management practices that can help prevent seal failure?,2
What specific data-driven analytic tools or techniques are commonly used for the analysis of wind turbine gearbox performance and maintenance data?,2
What are the continuous improvement strategies for the predictive maintenance program?,2
"In what ways can the coefficient of variation be used as a performance metric for anomaly detection in wind turbine gearboxes, especially when dealing with heavy-tailed distributions?",2
How does the failure mode and effects analysis (FMEA) help in identifying potential failure modes in the wind turbine gearbox?,2
How does the electrical current data collected by sensors help in detecting potential failures in wind turbine gearboxes?,2
How can we validate and verify the performance of the anomaly detection model for wind turbine gearboxes?,2
How can collaboration with subject matter experts improve the development and implementation of machine learning models for wind turbine gearbox failure detection?,2
How does vibration monitoring and analysis differ between onshore and offshore wind turbines?,2
"What are the common types of failure modes in wind turbine gearboxes, and how can they be detected using sensor data?",2
"What are the potential challenges or limitations of relying solely on sensor data for monitoring wind turbine gearbox conditions, and how can they be addressed?",2
Are there any other sensors or techniques used in addition to these to monitor wind turbine gearbox health?,2
"What are the common causes of high temperatures in wind turbine gearboxes, and how can they be mitigated?",2
What are the specific thresholds or conditions in vibration analysis that indicate potential issues in the wind turbine gearbox?,2
What are the consequences of not detecting failures early in wind turbine gearboxes?,2
"Can you provide more details on how Failure Mode and Effect Analysis (FMEA) is used to identify potential failure modes, their causes, and effects, and how it helps in developing a maintenance plan?",2
Can you explain the impact of temperature fluctuations on wind turbine gearboxes and how it can be monitored effectively?,2
"How do environmental factors, such as temperature and humidity, impact the frequency and severity of gear tooth failure in wind turbines?",2
How can regular data analysis be integrated into the maintenance and monitoring systems of wind turbines for early-stage failure detection?,2
"How can machine learning techniques, such as time-series analysis or clustering, be used to optimize the anomaly detection model for wind turbine gearbox sensor data with varying frequencies?",2
How can cloud-based analytics platforms be leveraged for gearbox anomaly detection in wind turbines?,2
How often should regular inspections be scheduled to ensure early detection and addressing of foreign particle ingress issues?,2
Can you explain how predicting the remaining useful life of a wind turbine gearbox component can help in scheduling maintenance activities accordingly?,2
Can you explain how acoustic emission analysis helps in detecting early-stage damage compared to other monitoring techniques?,2
"How can machine learning and artificial intelligence be applied to the analysis of sensor data from wind turbine gearboxes, and what are the potential benefits and limitations of these approaches?",2
How often should condition monitoring be performed on wind turbine gearboxes and how is the frequency determined?,2
Can you provide more details on the ease of integration of the anomaly detection model into the existing system?,2
"What are the challenges in implementing a comprehensive predictive maintenance approach for wind turbine gearboxes, and how can they be addressed?",2
"What are the main components, failure modes, and degradation mechanisms that should be prioritized when predicting and preventing failures in wind turbine gearboxes?",2
What specific parameters are measured in vibration analysis and how are they used to detect potential issues in wind turbine gearboxes?,2
Can you explain how the use of shielded cables and proper grounding techniques can help minimize the impact of electrical noise and interference on sensors in wind turbine systems?,2
What specific steps can wind farm operators take to reduce downtime and maintenance costs related to wind turbine gearbox failures?,2
What are the specific factors that indicate the need for more frequent updates to the anomaly detection model?,2
How does continuous monitoring contribute to the early detection and prevention of wind turbine gearbox failures?,2
What are the common modes of failure in wind turbine gearboxes and how does finite element analysis (FEA) help in identifying these failure points?,2
"How accurate and reliable are the threshold values for temperature, vibration, and noise in predicting wind turbine gearbox failures?",2
Can you elaborate on the access control mechanism and how it is enforced throughout the system?,2
What are the specific weather variables that have the most significant impact on wind turbine gearbox failure?,2
How can adhering to these guidelines for preventing foreign particle ingress help reduce maintenance costs and maximize energy production?,2
How do the KPIs and analytics for wind turbine gearbox preventive maintenance programs need to be adjusted for different types of wind turbines or operating conditions?,2
Can the integration of weather sensor data and wind turbine gearbox sensor data help in predicting potential maintenance needs?,2
What are the most effective strategies for maintaining data quality and availability during extended periods of wind turbine operation?,2
How can data from various monitoring methods be integrated and analyzed to optimize maintenance schedules and reduce costs for wind turbine gearboxes?,2
What role does regular oil analysis play in detecting and preventing wind turbine gearbox failures?,2
What are the critical factors to consider when determining the severity of a wind turbine gearbox failure?,2
How can we ensure that the anomaly detection model can distinguish between normal variations in the sensor data and actual anomalies?,2
"Are there any other external factors, besides temperature, humidity, precipitation, and wind speed, that can impact the performance and longevity of wind turbine gearboxes?",1
"How can wind energy companies build trust in condition monitoring systems that rely on anomaly detection models, and what role does transparency play in this process?",2
"How do wind turbine gearbox failure patterns change over time, and how does the sampling frequency impact the ability to detect long-term trends?",2
What specific inspections do you recommend to detect signs of damage or wear in the wind turbine gearbox due to wind shear?,2
How do anomaly detection models compare to other predictive maintenance techniques in wind turbine gearboxes?,2
What are the most effective methods for communicating and documenting gearbox performance metrics and maintenance activities?,2
What are the best practices for integrating sensor-based monitoring data with other wind turbine performance data?,2
How does sensor-based monitoring help in reducing the risk of catastrophic failure in wind turbine gearboxes?,2
How does the FMEA analysis results help in decision making for the maintenance and design of the wind turbine gearbox?,2
"How can vibration analysis be used to detect wear or pitting in the gearbox components, and what equipment or tools are required to perform such analysis?",1
Can you provide examples of how data collection and analysis programs have improved the design and operation of wind turbine systems?,1
How can the performance of existing models or algorithms for anomaly detection in wind turbine gearbox systems be evaluated?,2
"How can a condition monitoring system be implemented to optimize the maintenance schedule for wind turbine gearbox components, and what are the key considerations for selecting such a system?",2
What are the current trends and future directions in vibration analysis for wind turbine gearboxes?,2
"How can we ensure the developed model generalizes well to various wind turbine gearbox types, sizes, and manufacturers, as well as different operating conditions?",2
Can temperature sensors differentiate between poor lubrication and excessive loading issues based on temperature increases?,2
What are the best practices for conducting visual inspections of wind turbine gearboxes?,2
How do temperature and humidity changes affect the gearbox performance and what are the common measurement techniques for these factors?,2
How do you determine which features are relevant for the anomaly detection model?,2
How can the data scientist and subject matter expert work together to develop a predictive maintenance strategy that takes into account the specific degradation mechanisms affecting each component of the wind turbine gearbox?,2
Can you provide more information on the process of conducting regular visual inspections for wind turbine gearbox failures?,1
What are the potential challenges in implementing a sensor-based monitoring system for wind turbine gearboxes in different types of wind turbines?,2
"What are the key considerations when deploying and maintaining real-time anomaly detection models for wind turbine gearbox monitoring, and what are the potential consequences of undetected failures?",2
Can you provide more details on the specific sensor data used in these real-time anomaly detection models for wind turbine gearboxes?,2
Can you provide examples of design improvements that have been successful in enhancing wind turbine gearbox reliability and efficiency?,2
Can you provide any case studies or examples of catastrophic failures caused by insufficient lubrication in wind turbine gearboxes?,2
"Can you provide any specific examples of how changes in power output have been used to detect and prevent mechanical wear, lubrication problems, or other faults in wind turbine gearboxes?",2
What are the specific sensor measurements that would indicate insufficient lubrication in wind turbine gearboxes?,2
What types of sensor data are used in wind turbine gearbox anomaly models?,2
What specific sensor data should be monitored and analyzed for wind turbine gearboxes?,2
How often should sensors and other monitoring tools be calibrated to ensure accurate and reliable data is being collected for a condition-based maintenance program?,2
How can the severity of wind turbine gearbox failures be assessed and quantified?,2
Can you provide any case studies or examples of successful implementation of sensor data for anomaly detection in wind turbine gearboxes?,2
"Can environmental factors, such as temperature and humidity, affect the sensor readings and the interpretation of potential anomalies?",1
"How does ESA compare to other predictive maintenance techniques for wind turbine gearboxes, such as vibration analysis or oil analysis, in terms of accuracy and cost-effectiveness?",2
What specific sensor data can be used to detect insufficient lubrication in wind turbine gearboxes?,2
How can machine learning and AI techniques improve the accuracy and timeliness of detecting degradation mechanisms in wind turbine gearboxes?,2
Can you provide any specific examples of failure modes in wind turbine gearboxes and their effects?,2
What are the specific factors that can lead to poor lubrication and how does it cause damage to the wind turbine gearbox?,1
What measures can be taken to ensure accurate documentation in the supply chain of wind turbine gearboxes?,2
What are the challenges in implementing anomaly detection models for wind turbine gearbox sensor data?,2
What are the common types of faults in wind turbine gearboxes and how do they affect the performance of the turbine?,2
How can data from sensors and other monitoring tools be used to identify potential issues with wind turbine gearboxes before they lead to failures?,2
Can you explain the process of training machine learning algorithms to detect anomalies in sensor data from wind turbine gearboxes?,2
Can you provide examples of IEC standards that are particularly relevant to the design and reliability of wind turbine electrical equipment?,2
What are the specific environmental conditions that make maintaining an effective cloud-based deployment for a wind turbine gearbox anomaly detection model challenging?,2
"What are the most common key performance indicators (KPIs) used to measure the effectiveness of a wind turbine gearbox preventive maintenance program, and how do they differ from those used for other types of equipment?",2
What are the best practices for implementing standardized data formatting to prevent data formatting issues in wind turbine gearbox sensor data?,2
"Can you elaborate on how position sensors, like encoders, keep track of the position and movement of components, and help detect misalignment or mechanical wear in wind turbine gearboxes?",1
What are the consequences of inadequate design in wind turbine gearboxes?,2
Can you explain how the size and shape of debris particles can help determine the extent of bearing wear?,2
"Can you discuss any specific challenges in measuring the availability, mean time between failures, and mean time to repair for wind turbine gearboxes, and how the anomaly detection model can help address these challenges?",2
Can you explain more about the key components and failure modes of wind turbine gearboxes that are relevant to the sensor data analysis?,2
Can you provide more context on how the root mean square error and mean absolute percentage error are used to evaluate the model's prediction accuracy?,2
"What are the most common types of faults in wind turbine gearboxes, and how do they manifest in sensor data?",2
What types of electrical signals are typically detected through ESA and what do they indicate about the gearbox's condition?,2
How can the impact of multiple or combined failure modes be accounted for in the anomaly model?,2
Can you explain how the current sensors monitor the electrical current flowing through the gearbox?,2
Can you provide examples of how accurately detecting anomalies in wind turbine gearboxes can prevent failures and reduce maintenance costs?,2
"What are the current trends and future directions in wind turbine gearbox inspection and condition monitoring technologies, and how can data scientists contribute to their development and implementation?",2
Can you explain the process of oil analysis and how it helps in detecting potential failures?,2
Can you provide more details on how the choice of data normalization technique is determined for different types and distributions of data?,2
What specific design and manufacturing defects in wind turbine gearboxes can lead to their failure?,2
"How do ice and wind create additional stress on the wind turbine gearbox, and what are the potential consequences of this stress?",2
What strategies can be used to improve the precision and recall scores of the model?,2
"Can you explain how the data from these sensors is analyzed to detect wear, contamination, overheating, misalignment, and fatigue?",2
How does the lubrication system in the wind turbine gearbox affect its performance and reliability?,2
Can you explain how time series plots can help in identifying trends and patterns in the wind turbine gearbox sensor data?,2
How does monitoring oil quality sensor data help in predicting gearbox failures?,2
"How do the specific materials used in wind turbine gearboxes, such as steel or cast iron, affect the failure modes and the choice of sensors?",2
"Can you provide more information on the comparison of different designs, models, or vendors of wind turbine gearboxes in terms of performance and reliability?",2
How do data and analytics play a role in predicting and preventing gear tooth failure in wind turbine gearboxes?,2
How do anomaly models reduce the need for manual inspections in wind energy systems?,2
How do the sensor data models handle the variability in operating conditions of wind turbine gearboxes?,2
Are there any regulations or standards related to wind turbine gearbox monitoring and maintenance?,1
How can temperature data be used to optimize the performance and lifespan of wind turbine gearboxes?,2
"Can you explain the process of conducting a Failure Mode and Effects Analysis (FMEA) for wind turbine gearboxes, and what benefits does it provide?",2
"What are the potential consequences of undetected or unaddressed wind turbine gearbox failures, both in terms of financial impact and safety?",2
How can the scalability of a sensor-based monitoring system be ensured to accommodate future growth in wind turbine infrastructure?,2
Can you explain the process of transforming and scaling the data to a common format?,2
"Who will be responsible for maintaining and updating the wind turbine gearbox anomaly model after deployment, and what resources will be available to them?",1
Are there any regulatory or industry standards for wind turbine gearbox maintenance and failure prevention?,2
What are the most common types of sensors used in a Condition Monitoring System (CMS) for wind turbine gearboxes?,2
What are the emerging technologies or advancements in wind turbine gearbox design and temperature management that can improve their reliability and prevent failures?,2
How can sensor fusion be used to improve the accuracy and reliability of wind turbine gearbox predictive maintenance models?,2
Can you explain more about the design review process and how it helps identify potential failure modes?,2
What types of sensors are typically used to collect data on wind turbine gearbox performance?,2
What are the common causes of pitting in wind turbine gearboxes and how does it affect the performance of the turbine?,2
"How does the FMEA (Failure Mode and Effects Analysis) process account for both the component/subcomponent level and the system level, and what are the specific steps involved in this process?",2
What are the specific types of damage or failure that AE sensors are most effective at detecting in wind turbine gearboxes?,2
How can anomaly detection models optimize maintenance schedules to minimize unplanned downtime and reduce maintenance costs?,2
"Can you explain in more detail the degradation mechanisms that can lead to gear tooth failure, such as wear and pitting, spalling, and flaking?",2
How can maintenance teams proactively address potential issues identified through anomaly detection in wind turbine gearboxes?,2
What are the best practices for data analysis and visualization to identify patterns and trends in wind turbine gearbox sensor data?,2
Can temperature monitoring be used to detect potential failures in the early stages and prevent catastrophic failures?,2
"In what ways do condition monitoring techniques help in detecting and preventing wind turbine gearbox failures, and what are the best practices for implementing these techniques?",2
How can inspecting and reviewing maintenance history help in identifying potential issues missed during previous inspections or maintenance activities?,2
What are the common challenges in implementing vibration monitoring systems in wind turbines and how can they be addressed?,2
Can you provide examples of how addressing data integration and interpretation challenges has improved wind turbine gearbox performance and longevity?,2
How can the use of computational resources in cloud-based deployment of anomaly detection models be optimized for wind turbine gearboxes?,2
"How can data-driven approaches, such as machine learning, be used to predict and prevent failure modes in wind turbine gearboxes?",2
How do you handle false positives and false negatives in wind turbine gearbox anomaly detection using high-frequency data?,2
Can you provide examples of specific cases where a robust maintenance program has prevented catastrophic failures in wind turbine gearboxes?,2
How does preventive maintenance help in reducing the severity of GSWS failure mode?,2
How does an online monitoring system differ from a Condition Monitoring System (CMS) in the context of wind turbine gearbox maintenance?,2
What preventive maintenance measures can be taken to detect and address potential failure modes before they become catastrophic?,2
Can you provide examples of specific electrical faults that could be detected through abnormal current patterns?,2
How do you determine and prioritize the key performance indicators for a specific wind turbine gearbox model?,2
What role does collaboration with subject matter experts play in implementing predictive maintenance strategies for wind turbine gearboxes?,2
"Could you provide more information about the current anomaly detection processes, including any existing models or algorithms?",2
How is vibration analysis used to diagnose specific failure modes in wind turbine gearboxes?,2
"What are the challenges in implementing a sensor-based anomaly detection system for wind turbine gearboxes, and how can they be addressed?",2
What are the potential consequences of not detecting anomalies in wind turbine gearboxes?,2
What specific preventive maintenance measures can be taken to detect and prevent the degradation mechanisms of wind turbine gearboxes?,2
Can you explain how the severity of failure in wind turbine gearboxes can range from a minor reduction in performance to catastrophic failure?,2
How do the measures for wind turbine gearboxes compare to those for other types of industrial equipment?,2
"What are the environmental impacts of wind turbine gearbox failures, such as oil leaks, and what measures can be taken to prevent them?",2
What are the challenges in spare parts management for wind turbine gearboxes and how can they be addressed?,2
How do temperature fluctuations affect the seals and grease in wind turbine gearboxes?,2
"How do hybrid methods combining statistical and machine learning approaches improve the accuracy and robustness of wind turbine gearbox failure prediction models, and what are some examples of successful applications?",2
Can you explain how inadequate lubrication contributes to wind turbine gearbox failures?,2
How do changes in temperature and vibrations detected by sensors relate to the failure modes in wind turbine gearboxes?,2
What are the potential limitations or drawbacks of using condition monitoring technologies in wind turbine gearboxes?,2
Are there any new advancements or technologies being used to improve wind turbine gearbox performance and reliability?,2
Can you provide examples of potential biases that may be present in wind turbine gearbox sensor data and how to address them?,2
Can you provide more details on the transparency and reproducibility of the data preprocessing and analysis process for wind turbine gearbox data?,2
Can you explain the relationship between the location and size of gear tooth pitting and spalling and the severity of wind turbine gearbox failures?,1
What are the best practices for monitoring and analyzing wind turbine gearbox performance metrics to ensure early detection of potential failures?,1
"Are there any regulatory or industry standards for wind turbine monitoring and maintenance, and how can the proposed anomaly detection model help comply with them?",2
Can you provide more details about the common failure modes of wind turbine gearboxes and how they can be detected using sensor data?,2
"How can monitoring temperature, vibration, and noise help in predicting and preventing wind turbine gearbox failures?",2
Can you provide a specific range of humidity levels that should be maintained inside the gearbox to prevent corrosion?,2
How do different temperature ranges impact the lubricating oil in wind turbine gearboxes and what kind of failure modes can be expected due to temperature extremes?,2
How can collaboration with subject matter experts ensure that the sensor data collected is relevant for the anomaly detection model?,2
How can the model handle missing or corrupted data while ensuring high accuracy in identifying potential failures?,2
"Can you explain the process of setting up a vibration analysis program for wind turbine gearboxes, including data acquisition, processing, and interpretation?",2
"Which key parameters, besides vibration analysis, temperature, and lubrication condition, should be considered when monitoring wind turbine gearboxes for predicting and preventing failures?",2
How do the monitoring technologies used in condition-based maintenance track the gearbox's condition in real-time?,2
What are the challenges in building an effective anomaly model for wind turbine gearboxes?,2
"Can you explain the significance of selecting the right anomaly detection model for wind turbine gearboxes and how to evaluate its performance using precision, recall, and accuracy?",2
"How do acoustic emission sensors detect high-frequency sounds generated by the wind turbine gearbox, and what early signs of damage can they detect?",2
How can advances in sensor technology contribute to improving data collection for wind turbine gearbox anomaly detection?,2
Are there any specific data quality issues or missing data that need to be addressed before training the anomaly model?,1
"What are the most common gearbox degradation mechanisms in wind turbines, and how can they be identified through monitoring?",2
"Can the anomaly detection model provide real-time or near-real-time alerts for potential failures, allowing for timely maintenance or repair actions?",2
What are the best practices for monitoring and addressing vibration and noise issues caused by insufficient lubrication and contamination in wind turbine gearboxes?,2
What are the recommended lubrication practices for wind turbine gearboxes to prevent corrosion and insufficient lubrication?,2
"What types of vibration, temperature, acoustic, and oil analysis data are most useful in predicting failures in wind turbine gearboxes, and how should this data be collected and preprocessed for analysis?",2
How is temperature monitoring used in condition monitoring and what are the typical temperature ranges for a healthy wind turbine gearbox?,2
How can the data from load monitoring and trend analysis be used to improve the design and operation of wind turbine gearboxes?,2
How does sensor-based monitoring help in reducing the downtime of wind turbine gearboxes?,2
How is the performance of the anomaly detection model evaluated and what metrics are used to measure its effectiveness?,2
Can you explain the process of selecting the appropriate lubricant for a specific wind turbine gearbox application?,2
"What are the key performance indicators (KPIs) that can be used to evaluate the effectiveness of the anomaly detection model in wind turbine gearboxes, and how can they be measured and monitored?",2
Can you provide an example of how Failure Modes and Effects Analysis (FMEA) has been used to prevent wind turbine gearbox failures in real-world scenarios?,2
What are the specific consequences of exceeding the gearbox temperature threshold of 120-125°C?,2
"What are the potential limitations of the anomaly detection model, and how can they be mitigated?",2
Can you provide any additional recommendations for improving the reliability and longevity of wind turbine gearboxes beyond the suggested preventive maintenance measures?,2
"Can you discuss the limitations of using a single performance metric to evaluate wind turbine gearbox anomaly detection models, and why it is important to consider multiple metrics?",2
How can anomaly models determine the severity and detectability of potential failures in wind turbine gearboxes?,2
How are the bearings checked for wear during a visual inspection?,2
What measures can be taken to prevent the use of counterfeit components in wind turbine gearboxes?,2
How can time series analysis be used to identify patterns and correlations in wind turbine gearbox sensor data?,1
How can the analysis of wind turbine gearbox sensor data be integrated with other wind turbine system data to improve overall performance and health monitoring?,2
How does the quality of sensor data affect the accuracy of detectability ratings for potential issues in wind turbine gearboxes?,2
"How does the FMEA account for the impact of external factors, such as weather conditions, on the failure modes of wind turbine gearboxes?",2
How do predictive maintenance strategies differ for various types of wind turbine gearboxes?,2
What are the most common types of anomalies in wind turbine gearboxes that the model should be able to detect?,1
Are there any specific preventive maintenance strategies that can be implemented to reduce the risk of failures in wind turbine gearboxes?,2
"How do condition monitoring systems detect and alert maintenance personnel to abnormalities in sensor data, and how can they help prevent catastrophic failure?",2
How can temperature monitoring be used to prevent wind turbine gearbox failures?,1
"How does high humidity, particularly in coastal areas, contribute to the corrosion and damage of wind turbine gearboxes?",2
How can the data collected from the sensors be analyzed and interpreted to predict and prevent failures in wind turbine gearboxes?,2
Can you discuss the challenges in developing an anomaly detection model for wind turbine gearboxes and how can we overcome them?,2
How is the calculation of Overall Equipment Effectiveness (OEE) typically performed in the wind energy industry?,2
Can you explain the importance of continuously monitoring the gearbox and how it helps in detecting potential anomalies?,2
What are the recommended actions when increased oil viscosity or decreased pH levels are detected in oil analysis?,2
"Are there any specific additives that are recommended for wind turbine gearbox lubricating oils, and how do they influence the acceptable limits for additive concentration in oil analysis?",2
"What are the best practices for monitoring and analyzing sensor, weather, and operational data in real-time to detect potential issues early in wind turbines?",2
How does temperature affect the performance and degradation of wind turbine gearboxes?,1
What are the key performance indicators that can be used to measure the effectiveness and efficiency of a wind turbine gearbox anomaly detection system?,2
"How often should temperature, vibration, and noise be monitored in wind turbine gearboxes for effective condition monitoring?",2
How do the bandwidth requirements for wind turbine gearbox anomaly detection systems compare to other wind turbine monitoring systems?,2
What are the most common manufacturing defects that can lead to wind turbine gearbox housing failure?,2
How can the anomaly detection system be used for predictive maintenance of wind turbine gearboxes?,2
What are the best practices for designing and implementing an anomaly detection model tailored for various wind turbine gearboxes?,2
How can data anomalies in wind turbine gearboxes be distinguished from the effects of noise or interference in sensor data?,2
Can you provide more information on the specific maintenance practices that can help prevent wind turbine gearbox failures?,2
How can predictive maintenance strategies help in reducing downtime and maintenance costs for wind turbine systems?,2
How do these sensors help in reducing the downtime and maintenance costs of wind turbines?,2
"What are the consequences of catastrophic gearbox failure, and how can it be avoided?",2
"What are the challenges in implementing regular calibration and maintenance of sensors in wind turbine gearboxes, and how can they be overcome?",2
What specific sensors are used to collect data on wind turbine gearboxes and what types of data do they measure?,2
Can you provide more details on the types of sensors that are typically used to monitor the normal behavior of a wind turbine gearbox?,2
"How can we ensure the cybersecurity of the anomaly detection model, and what measures can be taken to prevent unauthorized access or manipulation?",2
"How can a detailed FMEA analysis be conducted for a specific wind turbine gearbox, and what are the key considerations in this process?",1
Can you provide examples of machine learning algorithms that are commonly used to identify patterns and anomalies in wind turbine gearbox sensor data?,2
Can you explain how the severity rating can help prioritize maintenance activities for the wind turbine system?,2
How does air density change with altitude and how does it impact the lubrication and wear and tear in wind turbine gearboxes?,2
How is historical data used to predict and prevent wind turbine gearbox failures?,2
How often is the sensor data analyzed and who is responsible for it?,1
Can you suggest some potential consequences of neglecting any of the components in the development and deployment of a wind turbine gearbox anomaly detection model?,2
"How do the operating conditions of wind turbines, such as temperature and load, affect the sensor data and the performance of the anomaly detection model?",2
How does the frequency spectrum of AE signals vary for different types of failure modes in wind turbine gearboxes?,2
"How does the AGMA rating scale classify the severity of gear teeth degradation mechanisms, and what role does this play in maintenance and inspections?",2
What are the specific training programs recommended for maintenance personnel to ensure proper handling and maintenance of wind turbine gearboxes?,2
Can you provide any specific examples of how improving the design of the wind turbine gearbox can lead to increased productivity and efficiency?,2
How can the reliability of wind turbines be increased based on the analysis of wind turbine gearbox failure data?,2
What are the specific steps that will be taken to ensure the long-term sustainability and profitability of the wind farm through this model?,2
What are the specific environmental conditions that can lead to the degradation of wind turbine gearboxes?,2
What are the emerging trends and technologies in wind turbine gearbox design and maintenance that can improve the overall reliability of the asset?,2
How often should the data from these sensors be collected and analyzed for effective anomaly detection?,2
Can you explain how oil analysis is used to identify contamination issues in wind turbine gearboxes?,2
"Can you explain how the maintenance requirements for wind turbine gearboxes as per the ANSI/ASME B92.1 standard can be incorporated into the anomaly detection model, and what are the key detectability ratings suggested by this standard?",2
"How can wind farm operators ensure the accuracy and reliability of sensor, weather, and operational data used for predictive maintenance in wind turbines?",2
What are the specific effects of saltwater exposure on the wind turbine gearbox's performance and degradation?,2
Could you elaborate on the specific OSHA regulations that need to be addressed during the wind turbine gearbox design process?,2
Can you provide more details on how to identify relevant parameters for setting thresholds in wind turbine gearbox monitoring?,2
What are the primary differences in lubrication requirements between onshore and offshore wind turbine gearboxes?,2
Can you discuss any industry best practices and standards that should be followed for building an anomaly detection system for wind turbine gearboxes?,2
What are the critical humidity levels that can cause condensation and moisture ingress into the gearbox?,2
How can the data from wind turbine gearbox sensors be used to detect and prevent damage to other components of the wind turbine system?,2
"What are the key performance indicators (KPIs) for the wind turbine gearbox, and how can the sensor data be used to monitor and improve these KPIs?",0
What specific statistical analysis and signal processing techniques are commonly used in CMS to extract relevant features from the data?,2
Can you provide any case studies or examples of successful anomaly detection in wind turbine gearboxes using sensor data and machine learning algorithms?,2
How do the measures to reduce noise and interference in sensor data from wind turbine gearboxes compare to those used in other industries or applications?,2
"What are the best practices for implementing real-time monitoring systems for wind turbine gearboxes, and how can they be implemented in different types of wind energy systems?",2
"What are the common signs of incorrect installation that can lead to seal failure, and how can they be detected?",2
How do temperature sensors help in detecting wind turbine gearbox anomalies caused by external factors such as weather conditions or operator behavior?,2
"What specific environmental factors, besides temperature, humidity, vibration, and current, have an impact on wind turbine gearbox performance and degradation?",1
What are the challenges in mitigating the effects of low temperatures on wind turbine gearboxes?,2
What non-destructive testing techniques are commonly used to detect defects in wind turbine gearboxes?,2
How can model complexity and robustness be improved by minimizing the impact of noise and interference in sensor data for wind turbine gearbox anomaly detection?,2
How can the cost-effectiveness of using sensors and predictive models for wind turbine gearbox maintenance be evaluated and compared with traditional maintenance methods?,2
How does vibration analysis help in detecting wind turbine gearbox issues and what are the common vibration patterns that indicate a developing fault?,2
What are the most common types of sensor data available in wind turbine gearboxes and what do they typically measure?,2
Could you explain how the size difference between onshore and offshore wind turbines affects their design and operation?,2
Can you provide more details on how overloading can cause damage to wind turbine gearboxes?,1
"Could you provide more information about the existing monitoring and alerting systems, including their capabilities and limitations?",2
How are the failure modes prioritized in a FMEA and what factors are considered for this prioritization?,2
"How does oil analysis assist in detecting signs of wear, fatigue, or other degradation mechanisms in wind turbine gearboxes?",2
"In what ways do oil quality sensors, such as viscometers or optical sensors, indicate problems associated with contamination, degradation, or insufficient lubrication in the lubricating oil of wind turbine gearboxes?",1
What are the challenges and opportunities in developing a comprehensive and robust wind turbine gearbox anomaly detection model that can be used in different turbine types and operating conditions?,2
"How does misalignment contribute to wind turbine gearbox failures, and what are the common types of misalignment?",2
What are the challenges in implementing condition-based maintenance strategies in wind turbine gearboxes and how can they be overcome?,2
How can the severity of wind turbine gearbox failures be assessed and quantified using sensor data and data analysis?,2
How can machine learning algorithms be used to predict wind turbine gearbox failures and their severity?,2
"What are the consequences of catastrophic failures in wind turbine gearboxes, and how can they be avoided?",2
How do robust statistical methods help in handling outliers in wind turbine gearbox sensor data?,2
What specific components of a wind turbine gearbox are most susceptible to failure and should be closely monitored during inspections?,2
How do varying severity levels of failure modes impact the efficiency and downtime of wind turbine gearboxes?,2
What are the potential consequences of failing to consider regional and jurisdiction-specific requirements when developing an anomaly detection model for a wind turbine gearbox?,2
"Can AE sensors be used to detect damage in wind turbine gearboxes that are in operation, or is it necessary to power down the turbine for the sensors to be effective?",2
Can you explain the relationship between temperature monitoring and early detection of degradation in wind turbine gearboxes?,2
"How does the anomaly detection model's performance impact the decision-making process for wind farm operators, and what are the potential consequences of relying on the model's predictions?",2
How can the severity of bearing failure in wind turbine gearboxes be quantified and assessed to determine the appropriate maintenance actions?,2
"How do atmospheric conditions at higher altitudes affect wind turbine gearboxes, and what measures can be taken to mitigate these effects?",2
"How do you plan to evaluate the performance of the model, both during development and after deployment?",1
What advanced control systems can be used to mitigate the effects of wind shear on the wind turbine gearbox?,2
What are the best practices for monitoring and improving the implementation of proactive maintenance strategies for wind turbine gearboxes?,2
"What are the potential consequences of false positives or false negatives in the anomaly detection model, and how can we mitigate them?",2
"What are the specific inspections or tests that can be used to detect early signs of gear tooth pitting and spalling, and how accurate are they in predicting a failure?",2
How can the organization ensure the reliability and security of the communication channels used for sending real-time alerts?,2
"What are the most effective methods for detecting and preventing contamination of lubricating oil, and what are the consequences of not addressing this issue?",2
How do predictive models distinguish between normal and abnormal behavior in wind turbine gearboxes to identify potential failures?,2
What are the specific measures taken to ensure the security of the on-premises deployment for the wind turbine gearbox anomaly detection model?,2
Can you provide any examples of how data analysis has been successfully used to improve wind turbine gearbox design and manufacturing processes in the past?,2
Can you explain how the effects of each failure mode on the wind turbine system are determined in the FMEA analysis?,2
How can the effectiveness of the anomaly detection model be evaluated and validated using historical sensor data?,2
"Can you discuss the recommended maintenance measures for the gearbox lubricant, and what specific properties should be monitored to ensure optimal performance?",2
"How is the performance of new wind turbine gearbox designs or modifications validated and verified using sensor data, and what are the required performance and reliability standards that must be met?",2
Can you discuss the role of a robust maintenance program in preventing wind turbine gearbox failures?,2
"Can you explain how precipitation, such as rain or snow, can wash away the lubricating oil in the wind turbine gearbox?",2
How do the size and complexity of the wind turbine system impact the choice of anomaly detection system?,2
Can you provide more information about the unique challenges and opportunities of wind turbine gearbox applications for an anomaly detection model?,1
"What types of specialized equipment are required to perform ESA, and what training is necessary for personnel to accurately interpret the results?",2
How will the F1 score be used to balance the precision and recall of the model?,2
"Can you explain the limitations of the sensors used to collect data, and how these limitations impact the accuracy and reliability of the anomaly detection model?",2
What measures are taken to ensure the regular monitoring and validation of the sensor-based monitoring system for wind turbine gearboxes?,2
"How can the anomaly detection model be customized to specific wind turbine gearbox designs or configurations, and what are the recommended performance metrics for each design or configuration?",2
"What are the benefits of safeguarding sensitive data about the location, performance, and maintenance history of wind turbines in the model?",2
Can you provide any examples of specific gearbox failures caused by poor lubrication management?,2
"How do abnormal vibrations, temperatures, and noises help in detecting degradation mechanisms such as wear and tear, fatigue, and contamination in wind turbine gearboxes?",2
What specific NDT (Non-Destructive Testing) methods are commonly used for detailed inspections of wind turbine gearboxes?,2
How can the geographical location of wind turbine fleets impact the potential failure modes and the development of an anomaly detection model?,1
What are the recommended methods for analyzing historical data to derive insights for predicting and preventing wind turbine gearbox failures?,2
How do controlled environments help in minimizing the risk of foreign particle ingress?,2
"How can data-driven approaches, such as machine learning, be used to predict and prevent failures in wind turbine gearboxes?",2
How can regular calibration of sensors help improve the accuracy of sensor data?,2
What are the recommended lubrication practices to prevent failure due to temperature and humidity?,2
How can selecting the right installation methods help prevent wind turbine gearbox failures?,2
Can you provide more details on the specific data preprocessing techniques that can improve the quality of the data used in these models?,2
What are the specific types of machine learning models used for wind turbine gearbox anomaly detection?,2
"How does the ISO 14242 standard account for the differences in wind turbine gearbox designs and configurations, and how can the analysis be customized for specific gearbox models?",2
"What are the key considerations when selecting statistical, machine learning, or deep learning methods for anomaly detection?",2
"How can the high costs of installing and maintaining sensors, as well as data analysis and storage, be reduced to make data-driven failure detection more accessible?",2
What are the specific data quality issues that are affecting the accuracy of predictive models for wind turbine gearbox maintenance?,2
"What are the most common failure modes and effects in wind turbine gearboxes, and how can they be effectively detected and monitored using continuous monitoring systems?",2
Can you provide any examples of specific failure modes you have encountered in wind turbine gearboxes and how they were addressed?,2
How does the size and capacity of wind turbines impact the monitoring and maintenance of wind turbine gearboxes?,2
What are the potential risks and consequences of failing to implement appropriate data security and privacy measures in wind turbine gearbox anomaly detection models?,2
Can you provide more details on the consequences of not following the operational procedures for wind turbines?,2
Can you provide examples of specific patterns or trends in sensor data that may indicate potential issues in wind turbine gearboxes?,2
Can you provide examples of specific gearbox failures that could have been prevented or mitigated through regular data collection and monitoring in accordance with industry guidelines?,2
How can feature transformation improve the performance of the anomaly detection model for wind turbine gearboxes?,2
"How do the different anomaly detection techniques (time-domain, frequency-domain, time-frequency, machine learning, and model-based) compare in terms of their effectiveness in detecting various gearbox faults?",2
Can you provide more details on the specific variable operating conditions and high loads that can contribute to wind turbine gearbox degradation?,2
How does the severity of failure modes in wind turbine gearboxes impact overall turbine performance and safety?,1
"How can the team ensure that the model is interpretable and explainable to stakeholders, including non-technical ones?",2
What are the appropriate sealing solutions to prevent external contaminants from entering the wind turbine gearbox?,2
"How does misalignment contribute to wind turbine gearbox wear, and what measures can be taken to ensure proper alignment?",2
What are the crucial insights that these anomaly models should highlight to enable effective predictive maintenance in wind turbine gearboxes?,2
"How can data analysis techniques, such as machine learning algorithms, be used to improve wind turbine gearbox monitoring and predictive maintenance?",2
What are the best practices for preventive maintenance and repair actions to address sensor failures in wind turbine gearboxes?,2
How does regular maintenance and calibration of sensors help in improving the accuracy of failure mode identification and diagnosis?,2
"How do environmental regulations vary across regions, and what impact can this have on the design and monitoring of the wind turbine gearbox?",2
How can the user-friendly interface for data analysis be designed to ensure easy understanding and interpretation of the results by the end-users?,2
How do these anomaly models help in minimizing costly downtime and increasing energy production in wind turbines?,2
Are there any other methods to prevent the thickening of the lubricant and the formation of wax crystals in wind turbine gearboxes?,2
What are the challenges in implementing preventive maintenance strategies for wind turbine gearboxes and how can they be addressed?,2
Can you provide any case studies or examples where the anomaly detection model has been successfully implemented in wind turbine gearbox sensor data?,2
What are the specific compatibility issues that can arise when integrating sensor-based monitoring systems in existing wind turbine infrastructure?,2
"Can you provide any case studies or examples of successful preventive maintenance programs for wind turbine gearboxes, including the specific strategies and technologies used?",2
"How do different types of wind turbines (e.g., onshore vs. offshore) impact the choice and placement of sensors for monitoring gearbox conditions?",2
"How does the FMEA process incorporate new data, industry experience, and technological advancements to ensure the analysis remains up-to-date and relevant?",2
"How does improper installation lead to wind turbine gearbox failures, and what measures can be taken to ensure proper installation?",2
What measures can be taken to ensure data accuracy and prevent errors during the data collection process?,2
Can you provide any examples of catastrophic failures in wind turbine gearboxes and the impact they had on the overall performance of the wind energy conversion system?,2
Can you provide any case studies or examples of successful implementation of measures to address data quality issues in wind turbine gearbox sensor data?,2
Could you provide more details on how operator behavior can impact the performance and degradation of a wind turbine gearbox?,1
"Are there specific abnormal behaviors during start-ups, shutdowns, or emergency stops that can be attributed to mechanical issues or component wear in the wind turbine gearbox?",2
Can you provide more details on how Prognostic and Health Management (PHM) uses data to predict the remaining useful life of the wind turbine gearbox and schedule maintenance?,2
Can you give examples of sensor data seasonality patterns that we should be sensitive to when selecting performance metrics for wind turbine gearboxes?,2
How can the data from the sensors be used to identify and mitigate the risks of catastro,2
How do bearing faults in a wind turbine gearbox result in a series of impulse responses at the bearing's characteristic frequencies?,2
Can you provide more details on the specific sensor data that should be analyzed to distinguish between normal and abnormal behavior in the wind turbine gearbox?,2
"How does remote monitoring and diagnostics contribute to more proactive maintenance strategies, reducing maintenance costs and improving system availability?",2
How can machine learning algorithms be used to analyze sensor data and predict failures in wind turbine gearboxes?,1
"Can you explain how the components of wind turbine gearboxes, such as gears, bearings, seals, and sensors, are affected by environmental factors, and what are the specific failure modes associated with each component?",2
How can subject matter experts help in identifying the most relevant environmental factors and determining the best ways to measure and analyze their impact on the gearbox?,2
How does the data collection frequency impact the accuracy of the monitoring system?,2
How can the use of data collected during the inspection help in predicting future failures and preventing catastrophic failures?,2
How do encoders measure the rotational speed and direction of the shafts in a wind turbine gearbox?,2
"How do moisture levels, as measured by rain gauges and humidity sensors, impact the wind turbine gearboxes and their functionality?",2
"How does the IEC 61400-26 standard guide condition monitoring and reliability management in wind turbine gearboxes, specifically in terms of oil analysis, vibration monitoring, and thermography?",2
What are the specific steps involved in correcting misalignment in wind turbine gearboxes?,2
Could you provide an estimate of the storage and processing costs associated with different data collection frequencies and patterns?,2
"What are the best practices for monitoring and controlling the temperature of wind turbine gearboxes, and how can these practices be integrated into the anomaly detection model?",2
"What are the maintenance and inspection requirements that the model must adhere to, and how can we incorporate these requirements into the model's design and implementation?",2
"How does the model handle missing or incomplete sensor data, and what impact can this have on the accuracy of the model's predictions?",2
Can you provide examples of advanced sensor technology and data fusion techniques that could be used to improve the accuracy and reliability of anomaly detection models for wind turbine gearboxes?,2
How can data scientists and SMEs work together to continuously improve the predictive maintenance strategy for wind turbine gearboxes based on feedback and changes in the wind turbine system?,2
How can data scientists ensure that the maintenance schedule for the gearbox and lubrication system is being followed effectively?,2
What are the potential consequences of not addressing data quality and noise issues in wind turbine gearbox anomaly detection?,2
What are the expected patterns or trends in the sensor data that the model should capture?,1
How is the data from multiple sensors integrated and analyzed to detect and predict wind turbine gearbox failures?,2
How can machine learning algorithms be used to improve the predictive maintenance of wind turbine gearboxes?,2
What are the specific inspection methods that can be used to detect seal failure in wind turbine gearboxes?,2
What are the best practices for maintaining and updating the wind turbine gearbox data collection strategy over time?,2
Can you provide an example of how regression imputation can be used to estimate missing data in wind turbine sensor systems?,2
Can you provide more information on the specific maintenance and inspection procedures that need to be followed in wind turbine operations?,2
How can the data provided by the CMS be used to optimize maintenance schedules for wind turbine gearboxes?,2
How can data-driven approaches improve the overall performance and reliability of wind turbine gearboxes?,2
"How do you measure the impact of the preventive maintenance program on the wind turbine's performance, and how do you compare it to the performance before the implementation of the program?",2
What specific tools and equipment are needed for a visual inspection of a wind turbine gearbox?,2
How does data aggregation help in providing a more accurate picture of the overall trend?,2
How will the anomaly model be updated and retrained over time as new data becomes available?,1
What are the potential safety risks associated with failure modes in wind turbine gearboxes?,2
Are there any industry standards or best practices regarding the sampling frequency for wind turbine gearbox sensor data?,2
"How do temperature and humidity conditions impact the aging and lifespan of wind turbine gearboxes, and what is the expected remaining useful life of a gearbox under different environmental conditions?",2
"In vibration analysis, what are the typical vibration patterns that indicate loose bearings or damaged gear teeth?",2
"Can you provide any case studies or examples of wind turbine gearbox failures that were detected and prevented through monitoring of temperature, vibration, and noise levels?",2
What are the best practices for data preprocessing when building predictive maintenance models for wind turbine gearboxes?,2
"What are the acceptable limits for temperature, humidity, and altitude to ensure the wind turbine gearbox operates in appropriate conditions?",2
Can you provide examples of specific anomalies that can be detected in wind turbine gearboxes using sensors?,2
What specific design specifications are used to determine the normal operating conditions for wind turbine gearbox components?,2
How does the severity of the impact of poor data quality and availability vary depending on the specific failure mode or degradation mechanism being monitored?,2
"How can sensors drift from their original calibration over time, and what are the factors that contribute to this drift?",2
What are the most common causes of wind turbine gearbox failures and how are they identified through root cause analysis?,2
"Can you explain the differences between time series analysis, machine learning, and statistical process control approaches for wind turbine gearbox anomaly detection?",2
Can you provide any examples of how the presence of noise or interference in the sensor data from wind turbine gearboxes has affected the performance or accuracy of the anomaly model in real-world applications?,1
How is the remaining useful life of the wind turbine gearbox predicted and what factors are considered in this prediction?,2
"Can the model adapt to changes in the system's behavior over time, and how is this achieved?",2
"What are the most common indicators of contamination in wind turbine gearboxes, and how can data scientists and subject matter experts monitor and address this issue?",2
Can you provide any specific examples of intermittent or transient anomalies that have occurred in wind turbine gearboxes and how they were detected and diagnosed?,2
"How can the data from the sensors be visualized and communicated to the stakeholders, such as wind farm operators or maintenance personnel?",2
"Are there any specific tools or techniques used for monitoring and analyzing the temperature, vibration, and noise levels in wind turbine gearboxes?",2
"What are the potential challenges in integrating domain knowledge into the fault detection and diagnosis algorithms, and how can they be addressed?",2
"What are the challenges faced in implementing condition-based monitoring and predictive maintenance for wind turbine gearboxes, and how can they be addressed?",2
Can you explain how increased power consumption is related to mechanical issues or component wear in the wind turbine gearbox?,2
Can you provide examples of specific cases where oil analysis has helped prevent catastrophic failures in wind turbine gearboxes?,2
Can you provide any case studies or examples of catastrophic failures in wind turbine gearboxes due to bearing failure and the resulting consequences?,2
"How can the sensor data be integrated with other data sources, such as weather or operational data, to provide a more comprehensive view of the wind turbine gearbox performance and degradation?",0
"Are there any regulations or standards that require sensor data monitoring in wind turbine gearboxes, and what are they?",2
What are the emerging trends and technologies in the field of wind turbine gearbox maintenance and how do they have the potential to impact the reliability and performance of wind energy systems?,2
Can you provide more information on how severity and detectability ratings are assigned to potential failures in wind turbine gearboxes?,2
How can the maintenance practices and the operating conditions be optimized to extend the lifespan of the wind turbine gearbox?,2
What are the specific data quality issues to consider when preparing data for wind turbine gearbox failure prediction?,2
Can you explain the process of replacing worn-out parts in wind turbine gearboxes based on lubrication oil analysis results?,2
How does real-time data analysis in CMS differ from data collected at regular intervals?,2
Can you provide any case studies or examples of wind turbine gearbox condition monitoring systems that have successfully prevented costly downtime and repairs?,2
"How can the anomaly detection model account for the impact of temperature on the gearbox's lubrication, design, operation, and maintenance, and what are the potential benefits of incorporating temperature thresholds in the model?",2
"Can anomaly models predict the remaining useful life of a wind turbine component, or just detect the presence of an anomaly?",2
"How does fatigue, wear, corrosion, and overload cause gear tooth failure, bearing failure, and lubrication failure in wind turbine gearboxes?",2
"How do different failure modes, such as wear, fatigue, corrosion, and contamination, affect the detectability of wind turbine gearbox failures?",2
"What are the challenges in differentiating between changes in power output caused by mechanical wear, lubrication problems, and other faults in wind turbine gearboxes and changes caused by variations in wind speed?",2
"Are there any regulatory or industry standards for temperature and humidity monitoring in wind turbine gearboxes, and what are the best practices for implementing such standards?",2
Can you explain the process of selecting sensors for vibration analysis and what factors should be considered in this process?,2
What are the key factors to consider when developing optimized maintenance strategies for wind turbine gearboxes?,2
How can the cost of developing an accurate anomaly model be justified in terms of the potential savings from improved wind turbine performance and reduced downtime?,2
How can we detect and correct issues such as sensor drift or bias in wind turbine gearbox sensor data?,2
Can you explain the importance of cleaning the gearbox and surrounding components in preventing debris and contaminant buildup?,2
Can you discuss any specific insights gained from previous attempts that could be particularly useful in predicting and preventing failures in wind turbine gearboxes?,2
"How can data from multiple wind turbines be used to develop a more comprehensive understanding of wind turbine gearbox failures, and what are the benefits of such an approach?",2
"What are the challenges in applying the same analysis and detection methods to different types of wind turbine gearboxes, such as geared and gearless designs?",2
"What are the challenges in standardizing wind turbine gearbox maintenance, and how can they be overcome?",2
How can sensor data be used to monitor and analyze the Quality component of OEE in wind turbine gearboxes?,2
Are there any specific data preprocessing techniques that should be applied to the sensor data before training the anomaly model?,1
Can you explain the process of fatigue failure in wind turbine gearboxes and how it can be detected before it becomes a significant issue?,2
Can you explain how the frequency and amplitude of vibrations are measured and what thresholds indicate a potential failure?,2
How do poor manufacturing practices contribute to the presence of substandard components in wind turbine gearboxes?,2
How do high wind speeds contribute to increased vibration and stress on the wind turbine gearbox components?,1
How often should a regular oil analysis program be implemented for early detection of water and other contaminants in the wind turbine gearbox lubricating oil?,2
How can we ensure that the anomaly detection model is interpretable and provides a coherent narrative for predicting and preventing failures in wind turbine gearboxes?,2
Is there a specific timeline for the development and deployment of the anomaly model?,0
Can you provide examples of specific maintenance actions that can be taken based on the insights provided by anomaly detection models?,2
How does the type of lubricating oil used in the gearbox impact its performance under different temperature and humidity conditions?,2
How can the data collected from sensors and monitoring technologies be used to improve the performance and longevity of wind turbine gearboxes?,2
Can you provide examples of specific sensors used to monitor wind turbine gearboxes and their limitations?,2
Can you provide any case studies or examples of successful implementation of sensor-based predictive maintenance in wind turbine gearboxes?,1
What are the potential ethical and societal implications of implementing advanced predictive maintenance systems in wind turbines?,2
Can you provide any case studies or examples of how regular maintenance and condition monitoring have prevented catastrophic failures in wind turbine gearboxes?,2
How can a baseline for normal operation be established for wind turbine gearboxes in order to detect anomalies?,2
"Can you provide any case studies or examples of wind turbine gearbox failures associated with temperature, and how were they addressed?",2
What are the best practices for monitoring and detecting overheating and overloading failure modes?,2
How can the quality of data from existing wind turbine infrastructure be improved to support the integration of sensor-based monitoring systems?,2
How do the operating conditions of a wind turbine gearbox affect its failure modes and degradation mechanisms?,2
How do anomaly detection algorithms identify unusual patterns in the sensor data?,2
"How can we ensure that the anomaly detection model is interpretable and explainable to stakeholders, including maintenance personnel and regulatory agencies?",2
"How can the data from vibration analysis, temperature monitoring, and oil analysis be used to predict and prevent wind turbine gearbox failures?",1
What methods have been used in the past to predict and prevent wind turbine gearbox failures or degradation?,1
Are there any research or academic studies on wind turbine gearbox sensor data analysis and anomaly detection that you would recommend?,1
How can the data from sensors be used to improve the energy efficiency of wind turbine gearboxes?,2
How do the complexity of the gearbox and the quality of data interact to affect the performance of anomaly models in wind turbines?,2
"Can you explain how misalignment can lead to wind turbine gearbox failures, and what methods are used to detect and correct it?",2
What are the specific inspections and tests recommended for regular monitoring of wind turbine gearboxes?,2
"What are the challenges in applying time series analysis, statistical process control, and unsupervised learning algorithms to wind turbine gearbox data, and how can we address them?",2
Can you explain the importance of proper installation of wind turbine gearboxes and the best practices for achieving this?,2
How do environmental factors affect the performance and lifespan of sensors in wind turbine gearboxes?,2
How can regular inspections and maintenance help in detecting and preventing the common failure modes in wind turbine gearboxes?,2
Are there any specific machine learning techniques other than regression analysis and decision trees that can be used to incorporate environmental factors in the anomaly detection model?,2
How does a well-structured condition monitoring program contribute to reducing wind turbine gearbox downtime and improving overall reliability?,2
Can you provide some examples of specific sensor failure modes and their consequences in wind turbine gearboxes?,2
How can prognostics and health management be integrated with predictive models for wind turbine gearbox maintenance?,2
How does inaccurate documentation in the supply chain lead to performance problems and accelerated degradation in wind turbine gearboxes?,1
How can the centralized system ensure secure and efficient transmission of the collected data from the sensors?,2
Can you provide examples of specific data imputation techniques that have been found to be effective in the context of wind turbine gearbox data?,2
What are the future directions for wind turbine gearbox sensor data analysis and anomaly detection?,2
What are the key challenges faced in developing accurate and reliable wind turbine gearbox anomaly models?,2
How does the complexity of a wind turbine gearbox affect the decision on monitoring frequencies?,2
"What specific temperature ranges are considered normal for wind turbine gearboxes, and at what point does temperature become a concern for overheating or mechanical failure?",1
How can wind farm operators optimize data collection frequency and pattern for multiple turbines and locations while minimizing data storage and processing costs?,1
"What metrics should be used to evaluate the anomaly detection model's performance, and how can they be interpreted?",2
How can a proactive maintenance program help in preventing wind turbine gearbox failures?,2
"Are there any specific types of wind turbines or gearbox designs that are more amenable to sensor-based anomaly detection, and why?",2
Can you provide any examples of catastrophic failures that have been prevented through the use of anomaly detection models in wind turbine gearboxes?,2
"What are the most common detectability ratings for wind turbine gearbox failure modes, and how do they impact maintenance strategies?",2
Can you provide more details on the specific sensors used to collect data for wind turbine gearbox anomaly detection?,2
How can data-driven predictive maintenance strategies be implemented to prevent failures in wind turbine gearboxes?,2
Can you explain the specific design requirements outlined in IEC 61400-4 and API 610 that should be considered when developing an anomaly detection model for wind turbine gearboxes?,2
How does the severity of the issues detected by the sensors determine the frequency of maintenance activities?,2
Can you provide any examples of past failures in wind turbine gearboxes and how they were detected and prevented using sensor data and anomaly detection models?,2
How does oil analysis help in detecting wind turbine gearbox failures and what parameters are analyzed in the lubricating oil?,2
Can you discuss any new technologies or approaches being developed to minimize the impact of environmental factors on sensor performance in wind turbine gearboxes?,2
What are the safety risks associated with sensor failure in wind turbine gearboxes and how can they be mitigated?,2
"Can you explain how deep learning algorithms, such as convolutional neural networks and recurrent neural networks, analyze time-series data to identify patterns that indicate potential wind turbine gearbox failures?",2
"How can regular visual inspections, non-destructive testing (NDT), lubrication management, and condition monitoring help detect potential failures before they occur in wind turbine gearboxes?",2
What are the key performance indicators that should be used to evaluate the effectiveness of the anomaly detection model in wind turbine gearboxes?,2
"How often should the condition-based monitoring system measure temperature, vibration, and lubricant condition for effective anomaly detection?",2
What are the other factors that contribute to the corrosion of gear teeth in wind turbine gearboxes?,2
How can statistical methods be applied to wind turbine gearbox sensor data to improve reliability and availability?,1
What quality control measures can be implemented to prevent substandard components in wind turbine gearboxes?,2
What are the most common causes of contamination that can lead to failures in wind turbine gearboxes?,1
How is the data from various sensors integrated and processed in the centralized monitoring system?,2
Are there any specific literature sources or previous research that you would recommend for best practices in wind turbine gearbox monitoring?,2
What are the recommended visual inspections to detect contamination in wind turbine gearboxes?,2
Can you provide some examples of common failure modes and causes in wind turbine gearboxes?,2
Can you discuss the role of domain knowledge in the process of data fusion and integration for wind turbine gearbox anomaly detection?,2
"How can predictive maintenance strategies be integrated with other maintenance strategies, such as reactive and preventive maintenance, to optimize the overall maintenance schedule for wind turbine gearboxes?",2
"In model development, what types of algorithms or architectures have proven to be most effective in detecting wind turbine gearbox anomalies?",2
"Can you explain how visual inspection can detect cracks, wear, and corrosion of gears and bearings?",2
Are there any specific design or manufacturing considerations for wind turbine gearboxes that can help mitigate the effects of external factors on the maintenance schedule and cost?,2
How is the historical data collected and analyzed to establish the baseline for normal operation?,2
"How can the data from the sensors be integrated with other data sources, such as weather data or energy production data, to provide a more comprehensive view of the wind turbine's performance and maintenance needs?",2
"How is the risk priority number (RPN) calculated in the context of wind turbine gearbox failures, and what is the typical range for this value?",2
How can data quality be maintained and degradation over time be prevented in wind turbine gearboxes?,2
Can you discuss the importance of regularly checking for updates in the wind turbine gearbox standards and guidelines and its impact on the overall performance of wind turbines?,2
What are the specific key parameters that are typically monitored for wind turbine gearbox anomaly detection?,2
"How are relevant features for analysis selected, and what criteria are used to make those selections?",2
"What are the challenges in implementing these methods for wind turbine gearbox failure prediction and degradation, and how can they be addressed?",2
Can you explain the impact of vibration on the wind turbine gearbox and how it is measured?,2
"How can we ensure that the new model is integrated with existing maintenance workflows and systems, enabling seamless adoption and use by maintenance teams?",2
"What are the common causes of seal failure, and how can they be prevented through maintenance and monitoring?",1
"What are the key requirements of the IEC 61400-4 standard for wind turbine gearbox design, manufacturing, testing, and maintenance?",2
Can you provide examples of specific issues that have been detected and addressed through sensor-based monitoring in wind turbine gearboxes?,2
What are the safety measures to be taken while conducting visual and thermal inspections of a wind turbine gearbox?,2
Can current sensors be used to detect other issues in wind turbines besides overloading and electrical faults in the gearbox?,2
Can you explain the different types of wear that can occur in wind turbine gearboxes and how they affect the performance of the system?,2
What are the specific temperature thresholds that can cause significant degradation of lubricating oil in wind turbine gearboxes?,2
"Can you provide more details on the specific types of fatigue, wear, corrosion, and deterioration that affect wind turbine gearbox components?",2
"Can you discuss the role of expert judgment in the FMEA process, and how the model incorporates this human expertise into the analysis?",2
"Are there any limitations or challenges in using AE sensors in wind turbine gearboxes, such as interference from other sources of high-frequency noise?",2
"What are the specific degradation mechanisms in gears, bearings, and shafts that lead to the common anomalies in wind turbine gearboxes?",2
How the FMEA process is used to develop a maintenance plan that maximizes the gearbox's reliability and availability?,2
How can a condition monitoring system for wind turbine gearboxes provide valuable insights into the performance and efficiency of the turbines?,2
Can you explain the significance of each critical sensor in detecting various failure modes of the wind turbine gearbox?,2
How is the criticality of each component determined in the predictive maintenance process?,2
"How can the anomaly detection model accurately identify anomalies caused by external factors, such as operator behavior and supply chain issues?",1
"What are the challenges in maintaining data privacy and security in a wind turbine gearbox anomaly detection system, and how can they be addressed?",2
How can data quality be ensured for sensor data used in predictive maintenance models for wind turbine gearboxes?,2
How is the common range determined for data normalization?,2
"What are the best practices for maintaining wind turbine gearboxes and preventing failures, and how can these practices be optimized using sensor data and real-time anomaly detection models?",2
Can you provide examples of domain-specific features that have been developed for machine learning models to detect failures in wind turbine gearboxes?,2
"What are the current challenges and limitations in detecting anomalies in wind turbine gearboxes, and how can they be addressed?",2
"What are the challenges or limitations in implementing the recommended data collection frequency for wind turbine gearbox monitoring, and how can they be addressed?",2
Are there any new technologies or advancements in the field of wind turbine gearboxes that can improve their reliability and performance?,2
"How do regular monitoring and maintenance, including sensor usage, help in preventing catastrophic failures in wind turbine gearboxes?",2
How can the performance of wind turbine gearbox anomaly detection models be evaluated and improved over time?,2
What are the potential benefits and challenges of implementing edge computing in wind turbine gearbox predictive maintenance systems?,2
"How is the anomaly detection model trained, and what data is used for training?",2
How can regular oil analysis help in preventing gear tooth pitting and spalling?,2
How do the high rotational speeds and loads that wind turbine gearboxes are subjected to contribute to the noise or interference in the sensor data?,1
How can data from vibration analysis and oil analysis be integrated and analyzed to predict and prevent failures in wind turbine gearboxes?,2
What are the regulatory or safety considerations that need to be taken into account when implementing machine learning algorithms for wind turbine gearbox anomaly detection?,2
What role do machine learning algorithms play in predictive maintenance for wind turbine gearboxes?,2
How can we interpret the F1 score in the context of wind turbine gearbox failure prediction?,2
What are the specific sensor readings used to distinguish between normal and abnormal operating conditions in wind turbine gearboxes?,2
"What are the key indicators of wear, contamination, or degradation in oil analysis that help predict wind turbine gearbox failures?",2
What are the best practices for sensor placement to detect AE signals in wind turbine gearboxes?,2
"How can regular inspections and condition monitoring help in reducing downtime, maintenance costs, and safety risks in wind turbine gearboxes?",2
What type of temperature and humidity sensors are typically used for monitoring environmental factors in wind turbine gearboxes?,2
What are the most common signs of damage in wind turbine gearboxes that can be identified through regular inspections?,2
"Are there any other feature selection techniques that can be useful in this scenario besides PCA, t-SNE, and RFE?",2
Can you provide examples of how machine learning techniques have been used for anomaly detection in wind turbine gearboxes?,2
Can you explain how the results of the FMEA process can be used to improve the overall reliability and availability of the wind turbine?,2
"What are the challenges in building an accurate and effective anomaly detection model for wind turbine gearboxes, and how can they be addressed?",2
"Can you provide more information on the training and qualifications required for wind turbine gearbox maintenance and repair technicians, and what are the best practices for ensuring their safety?",2
"How can the wind turbine gearbox anomaly detection models be integrated with other wind energy system components, such as the control systems, the power electronics, and the electrical grid, to optimize the overall performance and efficiency of the wind energy system?",2
How can a robust maintenance program help to minimize the impact of external factors on wind turbine gearbox maintenance costs?,2
How do you plan to handle missing or corrupted data during the preprocessing stage?,1
Can you provide examples of preventive maintenance tasks that can help prevent wind turbine gearbox failures?,2
How often should the monitoring and maintenance activities be performed on a wind turbine gearbox for optimal performance?,2
Are there any regulations or standards related to wind turbine gearbox anomaly detection and data analysis that need to be considered?,2
"How can foreign particle ingress be prevented, and what measures can be taken to mitigate its effects once it occurs?",1
How can early detection of anomalies help prevent catastrophic failures in wind turbine gearboxes?,2
Can you explain more about the process of identifying and quantifying the sources of noise and interference in sensor data from wind turbine gearboxes?,2
How does insufficient lubrication lead to the various degradation mechanisms in wind turbine gearboxes?,2
How is the data from the sensors analyzed to determine the appropriate maintenance activities?,2
What are the specific failure modes that can be detected using sensor data in wind turbine gearboxes?,2
Can you explain how sensors are used to monitor the wind turbine gearbox and collect data for anomaly detection?,2
How can we ensure the accuracy and reliability of the data used in data fusion and integration techniques for wind turbine gearbox anomaly detection?,2
How can we maintain and update the models over time to ensure their continued effectiveness?,2
How do the failure codes F001 to F007 help in identifying and preventing contamination-related failures in wind turbine gearboxes?,2
What are the potential consequences of not conducting regular visual inspections of wind turbine gearbox failures?,2
How can the anomaly detection model be calibrated and validated to ensure its accuracy and reliability in predicting potential failures in wind turbine gearboxes?,2
"How does the anomaly detection model alert the maintenance team when an anomaly is detected, and what is the typical response time?",2
Are there any specific data integration techniques that should be applied to integrate the sensor data with other data sources?,1
How can predictive maintenance strategies be implemented using the data collected from wind turbine gearbox sensors?,2
How can real-time analysis of sensor data enable condition-based monitoring and early detection of anomalies in wind turbine gearboxes?,2
"What are the recommended temperature thresholds for wind turbine gearboxes, and what actions should be taken if these thresholds are exceeded?",1
What types of data are used as input to train the anomaly detection model?,2
"How do longer maintenance intervals impact the risk of wear, corrosion, fatigue, and contamination in wind turbine gearboxes?",2
How does implementing a monitoring system help in detecting potential anomalies in a wind turbine gearbox?,2
"What are the potential consequences of undetected anomalies in wind turbine gearboxes, and how can the development of an effective anomaly detection model help to prevent these consequences?",2
How are the identified anomalies used to diagnose faults in the wind turbine gearbox system?,2
"How is the data collected from sensors and other sources used to develop a plan for predictive maintenance, and what are the specific actions taken as a result of this analysis?",2
What are the benefits of using event-based data collection over other monitoring methods in terms of cost and efficiency?,2
"How does the proposed maintenance program compare to other maintenance programs for wind turbine gearboxes in terms of cost, effectiveness, and reliability?",2
"How does contamination enter the wind turbine gearbox, and what steps can be taken to prevent and detect contamination?",2
How does analyzing sensor data trends contribute to predicting the remaining useful life of a wind turbine gearbox?,2
What level of expertise is required for the development team to effectively use these tools and libraries for wind turbine gearbox anomaly model development?,2
Can you provide any specific examples of catastrophic failures in wind turbine gearboxes that could have been prevented through regular oil analysis?,2
"What are the potential limitations or assumptions of the machine learning algorithms used in the new model, and how can we mitigate them?",2
How can the insights gained from historical data analysis be communicated to stakeholders for better decision-making?,2
How can we measure the effectiveness of a data-driven maintenance strategy in wind turbine gearbox maintenance?,2
"How does vibration analysis help detect early signs of gearbox degradation, and what specific vibration patterns should be monitored?",2
What are the specific temperature ranges that indicate normal operating conditions for wind turbine gearboxes?,2
Can you provide any specific examples of past collaboration between data scientists and subject matter experts in developing predictive maintenance strategies?,2
How does the anomaly detection model help in minimizing the impact on other wind turbine components?,2
What are the common sources of lubricant contamination in wind turbine gearboxes and how can they be prevented?,2
How are severity and detectability ratings determined and assessed in the system?,2
"Are there any specific tools, libraries, or frameworks that should be used for the anomaly model development?",0
What types of sensors are typically used to collect data for predictive maintenance in wind turbine gearboxes?,2
"What are the best practices for visual inspections, oil changes, and other preventive measures in wind turbine gearbox maintenance?",2
"How do condition monitoring techniques, such as vibration analysis or oil analysis, help detect gear teeth wear and tear early and prevent more severe failures?",2
"How do the wind turbine monitoring data collection frequency recommendations compare to those for other renewable energy sources, such as solar or hydro?",2
How does prognostics help in predicting the remaining useful life of a wind turbine gearbox component?,2
What are the key components of a preventive maintenance program for wind turbine gearboxes?,2
"How can continuous monitoring systems, online sensors, and automated temperature monitoring be integrated to provide a comprehensive monitoring solution for wind turbine gearboxes?",2
"How can we detect the formation of varnish, sludge, and other contaminants due to insufficient lubrication in wind turbine gearboxes?",2
What are the most common causes of wind turbine gearbox failures that can be detected by CMS?,2
"Can you explain how automated temperature monitoring can improve the ability to detect and respond to potential issues in wind turbine gearboxes, and what are the benefits of using this technology?",2
What are the specific failure modes in wind turbine gearboxes that the proposed maintenance program aims to detect and monitor?,2
What specific data patterns should we focus on when conducting exploratory data analysis to detect anomalies in wind turbine gearboxes?,2
How do the AWEA guidelines and best practices for wind turbine maintenance in the US complement or differ from the IEC standards?,2
"Can you provide examples of the temperature, vibration, and noise symptom ranges that would indicate each failure mode?",2
"How can preventive maintenance activities, such as lubrication and inspections, be optimized based on the results of vibration analysis and FMEA?",2
How can sensor capabilities be optimized for detecting anomalies in wind turbine gearboxes?,1
"What are the challenges in detecting early-stage anomalies in wind turbine gearbox components, and how can they be addressed?",2
Are there any specific failure modes that are more easily detected by one method compared to others in wind turbine gearboxes?,2
What are the key elements in assessing the severity and detectability of potential failures?,2
How can regular inspections and maintenance help prevent wind turbine gearbox failures caused by temperature and humidity?,2
Can you explain how Principal Component Analysis (PCA) is used to reduce the dimensionality of wind turbine gearbox sensor data and detect anomalies?,2
"Can temperature sensors be used to detect failures in other components of the wind turbine, such as the generator or the blades?",2
How can the data collected from wind turbine gearboxes be used to improve the design and manufacturing of future wind turbines?,2
How can the severity of failures in wind turbine gearboxes be determined and categorized?,2
What are the specific benefits of using an anomaly model in developing a proactive maintenance strategy for wind turbine gearboxes?,2
"Can encoders be used to monitor other components in wind turbines, such as the blades or the generator?",2
"Can you provide more details on the specific consequences of position sensor failure in wind turbine gearboxes, such as the potential for catastrophic failure?",2
"How does the accumulation of particulate matter lead to wear and tear, and what are the specific sensors used to monitor this factor?",2
"Can the anomaly detection model detect early signs of lubrication failure, such as changes in viscosity or color, before it leads to more severe failures?",2
Can you provide some examples of false negatives and false positives in the context of wind turbine gearbox anomaly detection models?,2
What are the key maintenance practices that should be established to detect deviations from normal operating conditions in wind turbine gearboxes?,2
What are the potential consequences of not performing regular power curve analysis in wind turbine gearboxes?,2
"How is the decision made to either remove, impute, or supplement missing data, and what factors are considered during this decision-making process?",2
How can the data from visual inspections and oil analysis be used to predict and prevent more severe failures in wind turbine gearboxes?,2
"Can you provide more details on the process of identifying specific failure modes in wind turbine gearboxes, and how it contributes to the success of anomaly detection models?",2
What are the common causes of wind turbine gearbox failures and how can they be prevented through continuous monitoring of sensor data?,2
"How can regular vibration analysis, thermal imaging, and oil analysis help detect potential issues early in wind turbine gearboxes, and how do they differ in their approach to detecting issues?",2
"What types of contamination are most commonly found in wind turbine gearboxes, and how do they contribute to failures?",2
"How do regular inspections, vibration analysis, and temperature monitoring help detect wind turbine gearbox failure modes?",2
"How do the maintenance and replacement practices of wind turbine gearboxes differ based on the turbine's location, such as onshore or offshore, and what are the specific challenges associated with each?",2
How can data scientists and wind turbine operators collaborate to improve the maintenance and monitoring of wind turbine gearboxes?,2
"How do the algorithms handle the issue of false positives and false negatives in wind turbine gearbox failure prediction, and what are the consequences of each?",2
How do regular maintenance and inspections complement the use of advanced technologies in ensuring the long-term reliability of wind turbine gearboxes?,2
How does the anomaly detection model account for the variability in operating conditions and environmental factors that can affect the potential failures in wind turbine gearboxes?,2
What are the recommended methods for monitoring and controlling temperatures in wind turbine gearboxes?,2
What are the challenges in implementing preprocessing techniques for sensor data from wind turbine gearboxes?,2
What are the challenges and limitations of using data analysis techniques and machine learning algorithms for wind turbine gearbox anomaly detection?,2
Can you explain the process of standardizing units during data cleaning?,2
How does the severity of failure modes impact the maintenance strategy for wind turbine gearboxes?,2
Can you provide any case studies or examples of wind turbine gearbox failures and how they were detected and prevented?,2
What are the specific safety standards that should be considered when developing an anomaly detection model for a wind turbine gearbox?,1
"Can machine learning algorithms be used to predict failures in wind turbine gearboxes, and if so, what types of algorithms are most effective and why?",2
How is the severity of a potential failure determined in a failure mode and effect analysis (FMEA)?,2
"How can we effectively distinguish AE signals from other noise sources, such as wind noise and mechanical vibrations, in the data preprocessing stage?",2
"Which sensors are considered critical for monitoring the condition of wind turbine gearboxes, and what types of data do they measure?",2
Are there any industry standards or best practices for monitoring sensor data in wind turbine operations?,2
What are the best practices for monitoring and maintaining wind turbine gearboxes to ensure their longevity and efficiency?,2
How is the collected data stored and analyzed in the event-based data collection strategy?,2
How can wind turbine operators ensure that the implementation of machine learning in predictive maintenance aligns with their overall sustainability goals?,2
How do current and voltage monitoring techniques differentiate between electrical faults and mechanical wear in the wind turbine system?,2
Can you provide any case studies or examples of position sensor failures in wind turbine gearboxes and how they were addressed through preventive maintenance or repair actions?,2
How does regular inspections and preventive maintenance help in detecting and correcting misalignment issues?,2
Can you explain how the wind turbine gearbox's performance is affected by the condition of the lubricating oil?,2
What are the recommended maintenance actions to be taken when a potential anomaly is detected?,1
Can you provide examples of manufacturing defects that can lead to failures in wind turbine gearboxes?,2
Are there any specific early warning signs that indicate an increased risk of gear tooth failure in wind turbine gearboxes?,2
"How does misalignment affect wind turbine gearbox performance, and what sensors can detect it?",2
How does contamination cause common failure modes in wind turbine gearboxes?,2
How can domain-specific knowledge be integrated with machine learning algorithms to improve the performance of anomaly detection models for wind turbine gearboxes?,2
How do you measure the cost-effectiveness of the preventive maintenance program for a wind turbine gearbox?,2
How do the active research topics in fault detection and diagnosis in wind turbine gearboxes compare to traditional methods?,2
Can you explain how machine learning algorithms and statistical methods are used in data fusion techniques for wind turbine gearbox monitoring?,2
"Is there any historical data available for the wind turbine gearbox, and if so, what is the volume and quality of this data?",0
How does the size of the wind farm and the number of turbines impact the implementation and effectiveness of the anomaly detection models?,2
How does regular inspections help in preventing failure modes in wind turbine gearboxes?,2
What are the regulatory requirements and standards for wind turbine gearbox maintenance and inspections?,2
"What are the challenges or limitations of using machine learning algorithms for anomaly detection in wind turbine gearboxes, and how can they be addressed?",2
Can you provide examples of failure modes detected through acoustic emission analysis?,1
What types of sensors are typically used to collect data for the anomaly detection model in wind turbine gearboxes?,2
Can you explain the process of how on-premises deployment protects sensitive data in a wind turbine gearbox anomaly detection model?,2
How can real-time data be integrated into the anomaly detection model and what benefits does it provide?,2
"How can a reliability engineer determine the optimal combination of monitoring techniques and maintenance strategies for a wind turbine gearbox, considering factors such as the age of the gearbox, operating conditions, and maintenance history?",2
How can data visualization techniques be used to optimize the maintenance schedule of the wind turbine gearbox?,2
Are there any specific industry standards or guidelines for lubrication management in wind turbine gearboxes?,2
"What are the most common failure modes of wind turbine gearboxes under different temperature and humidity conditions, and how can they be prevented or mitigated?",2
How often should visual inspections be performed on wind turbine gearboxes for optimal performance and longevity?,2
What are the recommended actions to be taken if the lubricating oil temperature threshold of 60-80°C is exceeded?,2
What are the challenges in incorporating environmental data in anomaly models for wind turbine gearboxes?,2
How can temperature monitoring be used to prevent degradation mechanisms in wind turbine gearboxes?,2
Can you provide any examples of how monitoring sensor data has helped prevent failures in wind turbine gearboxes?,2
What are the common issues found during the inspection of gear teeth?,2
"How can regular monitoring and maintenance help minimize downtime, reduce maintenance costs, and improve overall reliability of wind turbine gearboxes?",2
How do these organizations measure the impact and effectiveness of their efforts in the field of wind turbine gearbox sensor data analysis and anomaly detection?,2
Can you explain the specific parameters that are measured by each type of sensor in a wind turbine gearbox?,2
How can we ensure that the sensor data is sufficient to detect these failures in the wind turbine gearboxes?,2
How are the data collected from the sensors processed and analyzed to train the anomaly model?,2
How should data scientists approach documentation and reporting for wind turbine gearbox anomaly detection models to ensure transparency and collaboration with local authorities and industry experts?,2
How does vibration analysis help in detecting early signs of wind turbine gearbox failures?,2
What are the recommended sampling rates and durations for collecting sensor data for wind turbine gearbox anomaly detection?,2
"How does the size of wind turbines impact the maintenance schedule and cost of the gearbox, and what are the specific stresses and loads that are more common in larger turbines?",2
"How does insufficient lubrication contribute to wind turbine gearbox failures, and what are the best practices for maintaining proper lubrication levels?",2
Can you provide examples of specific repair costs for severe failure modes in wind turbine gearboxes?,2
Can maintenance-related factors be controlled to minimize wind turbine gearbox failures?,2
Are there any regulatory or industry-specific requirements for model interpretability and explainability that should be considered during the development process?,2
How is the condition monitoring data used to predict and prevent failures?,2
"What are the most common types of sensor data noise and interference in wind turbine gearboxes, and how can they be effectively addressed?",2
How can the severity and detectability of failure modes be evaluated during a wind turbine gearbox FMEA?,2
What are the current research topics and future directions in the field of wind turbine gearbox monitoring and performance optimization?,2
What types of training and support will be provided to the team responsible for the maintenance and updates of the wind turbine gearbox anomaly model?,2
How can equipment downtime and failure rate be used to identify recurring issues or patterns in wind turbine gearboxes?,2
What are the challenges in performing FMEA in wind turbine operations?,2
How is the performance of the real-time monitoring and data fusion techniques evaluated and validated in wind turbine gearboxes?,2
"Can you discuss the latest advancements in wind turbine gearbox technology and design that are aimed at improving their performance, reliability, and lifespan?",2
"Can ESA be used to predict the remaining useful life of a gearbox, or is it only useful for detecting existing failure modes?",2
"How does lubricant degradation contribute to bearing failures in wind turbine gearboxes, and what measures can be taken to mitigate this issue?",2
"What are the specific external factors, such as weather conditions, temperature, and vibration, that make it challenging to incorporate into wind turbine gearbox anomaly detection models?",2
How can the performance of the anomaly detection model be evaluated to determine if the updating frequency needs to be adjusted?,2
"How do visual inspections, vibration analysis, oil analysis, and temperature monitoring contribute to early detection of wind turbine gearbox issues?",2
"What are the consequences of not monitoring power output data in wind turbine gearboxes for detecting mechanical wear, lubrication problems, and other faults?",2
"What methods can be used to ensure the anomaly detection model is accurately identifying and predicting gearbox failures, rather than generating false positives or negatives?",2
How do you ensure wind turbine operates safely and efficiently over its lifespan?,2
"How do the sampling rates, resolution, and complexity of the anomaly detection model impact the required bandwidth for the sensor data?",2
What are the potential consequences of using a lubricant with a pour point that is too high for the operating temperature range of the wind turbine gearbox?,2
What are the consequences of not storing wind turbine gearboxes in proper conditions and not performing regular maintenance and inspections?,2
Are there any new or emerging technologies being developed for the monitoring and analysis of wind turbine gearbox failures?,2
Can you explain how this data-driven approach can improve reliability and reduce downtime in wind turbine operations?,2
How can we ensure that the anomaly detection model does not generate false positives or false negatives?,2
How can regular inspections and monitoring help in detecting and addressing contamination issues before they lead to failure?,2
"What types of sensor data are available to monitor wind turbine gearboxes, and how can they be used to establish a baseline?",2
Can the anomaly detection model be integrated with other wind turbine systems for better performance and monitoring?,2
What are the specific industry standards for noise or interference in sensor data from wind turbine gearboxes?,2
"Can you provide more details on how the sensor data can detect and diagnose faults in wind turbine gearboxes, and what types of maintenance strategies are typically developed based on this information?",2
How does the size of the dataset impact the significance of the RMSE value in evaluating the anomaly detection model's performance?,2
"What are the potential consequences of not addressing tooth cracking, pitting, and spalling in a timely manner?",2
How does the on-premises deployment address the risk of data breaches and intellectual property theft?,2
How does GE's Digital Wind Farm platform use machine learning algorithms to analyze sensor data and identify potential faults?,2
How can the data collected from monitoring be visualized and presented in an easy-to-understand format for decision-makers?,2
Can you explain the process of selecting the optimal locations for sensor placement in wind turbine gearboxes?,1
How can the complexity of wind turbine gearboxes affect the performance of an anomaly detection model?,2
How do the failure modes and effects analysis of the wind turbine gearbox differ from other types of industrial gearboxes?,2
How does vibration cause damage to gear teeth in wind turbine gearboxes?,2
What are the key performance indicators that should be monitored to detect and prevent wind turbine gearbox failures?,2
What are the benefits of using data fusion techniques over individual sensor data analysis in wind turbine gearbox monitoring?,2
How do machine learning and artificial intelligence algorithms differ in their approach to detecting anomalies in wind turbine gearboxes?,2
"How can temperature fluctuations contribute to wind turbine gearbox housing failure, and what measures can be taken to prevent it?",2
What are the key data science techniques and statistical methods used in building the anomaly detection model?,2
Can you provide any specific examples of catastrophic failures in wind turbine gearboxes and how they could have been prevented with predictive maintenance strategies?,2
How does model interpretability help in the understanding and validation of the wind turbine gearbox anomaly detection model's performance?,2
Can you provide examples of how monitoring sensor data has helped prevent failures in wind turbine gearboxes?,2
How is electrical signature analysis used to detect electrical signals generated by the gearbox and what failure modes can it indicate?,1
What are the most common sensors used in wind turbine gearbox condition monitoring?,2
"Is there any specific threshold for power consumption that the current sensors look for, to detect any anomalies in the wind turbine gearbox?",2
Can you explain the specific sensor technology used for tracking the temperature of wind turbine gearboxes?,2
What are the current research and development efforts focused on improving the reliability and availability of wind turbine gearboxes?,2
How can a robust condition monitoring system help to prevent catastrophic failure of wind turbine gearboxes?,2
Can you provide more information on the importance of regular updates and maintenance of wind turbine gearbox anomaly detection models and how it contributes to their long-term accuracy and relevance?,2
How does insufficient lubrication impact the overall performance and efficiency of wind turbine gearboxes?,2
What are the specific data sources and types of data that are most useful for detecting anomalies in wind turbine gearboxes?,2
Can you explain the effects of contamination on wind turbine gearboxes and the best practices for preventing it?,2
What are the most common types of sensor data used to monitor wind turbine gearbox performance and health?,2
What are the specific consequences of a catastrophic gearbox failure caused by high temperatures?,2
"How can we ensure that the anomaly detection model meets the performance standards for gearbox efficiency, noise levels, and power output?",2
"Can anomaly detection techniques be used to predict the remaining useful life of wind turbine gearboxes, and if so, how?",2
"How does load monitoring in wind turbine gearboxes help in detecting potential issues, and what are the recommended actions based on the data collected?",2
How do the sensors' data help in optimizing the maintenance schedule and reducing downtime?,2
"What are the most common high-severity issues that can arise from gear teeth failure, and what are the potential consequences of catastrophic failure of the gearbox?",1
"What are the best practices for lubrication management, and how can it help prevent gearbox failures?",1
What are the industry standards that are used to set predefined thresholds in CMS?,2
"Can you provide more details on the degradation mechanisms of wind turbine gearboxes as per the ISO 16092 standard, and how can they be incorporated into the anomaly detection model?",2
What are the best practices for predictive and preventive maintenance in wind turbine gearboxes?,2
What are the specific parameters that the sensors measure to monitor the wind turbine gearbox's health and performance?,2
How do different external factors affect wind turbine gearbox sensor data differently?,2
"How do the industry standards and guidelines account for the impact of environmental factors, such as temperature and humidity, on wind turbine gearbox sensor data analysis and anomaly detection?",2
How does monitoring oil analysis results over time contribute to the early detection of potential failures in wind turbine gearboxes?,2
How can data from multiple sensors be combined to improve the accuracy and reliability of the anomaly detection model?,2
What are the consequences of not addressing overheating issues in wind turbine gearboxes in a timely manner?,2
How can sensor data analysis help in minimizing downtime and improving the efficiency of wind turbine gearboxes?,2
Can you explain the process of dye penetrant testing for detecting housing cracks and when is it typically used?,2
Can you provide examples of specific data security and privacy measures that can be implemented during the development and deployment of wind turbine gearbox anomaly detection models?,2
How can false positives and false negatives in anomaly detection models for wind turbine gearboxes be reduced through the careful preprocessing and cleaning of sensor data?,2
What are the specific temperature ranges that can lead to thermal degradation in wind turbine gearboxes?,2
What are the most common types of sensor data used in wind turbine gearbox maintenance and repair?,2
Can you explain how moisture affects the performance and lifespan of wind turbine gearboxes?,2
Can you provide more details on the severity rating scale used in FMEA for wind turbine gearboxes?,2
"What are the challenges in implementing anomaly detection models for wind turbine gearboxes, and how can they be addressed?",2
"Can you explain how each method of failure detection, such as vibration analysis and oil analysis, is carried out in practice?",2
Can you provide any examples of past failures in wind turbine gearboxes due to these common anomalies and how they were addressed?,2
How will the alignment between the anomaly detection model's performance and the business objectives be evaluated and ensured?,2
Can you explain how early detection and prevention of gearbox failures can help in reducing maintenance costs and improving reliability of wind turbines?,2
What are the best practices for regular inspections and maintenance of wind turbine gearboxes?,2
How does the sensor data help in optimizing the performance of wind turbine gearboxes?,1
"What are the potential challenges in implementing a machine learning-based approach for predicting failures in wind turbine gearboxes, and how can these be addressed?",2
"How do environmental factors, such as temperature and humidity, influence wind turbine gearbox performance and failure rates?",1
"How frequently are these sensors collecting data and is there any specific pattern in data collection (e.g., continuous, event-based)?",0
How do different wind turbine designs and configurations affect the susceptibility of the gearbox to electrical and power-related issues?,2
How are the sensor data models calibrated to accurately predict potential failures in wind turbine gearboxes?,2
How can we ensure that the predictive and preventive maintenance strategies are effectively implemented and monitored?,2
How can the accuracy of the anomaly detection model be validated after sensor calibration in wind turbine gearboxes?,2
What are the consequences of excessive loads on wind turbine gearboxes?,2
"How can data from sensors be integrated with other data sources, such as weather data, to improve the accuracy of wind turbine gearbox failure predictions?",2
Are there any specific types of temperature sensors that are less prone to noise or interference in wind turbine gearbox systems?,2
How can advances in sensor technology and data analytics contribute to improving the predictive maintenance of wind turbine gearboxes?,2
"What are the potential impacts of false positives or false negatives in the anomaly detection model, and how can they be minimized?",2
"What are the appropriate storage conditions for wind turbine gearboxes, and how can deviating from these conditions lead to performance issues?",1
"What are the most common failure modes for wind turbine gearboxes, and how do predictive maintenance techniques help address these failures?",2
What are the recommended methods for integrating the anomaly detection model into existing maintenance activities and processes?,2
Can you provide examples of how condition-based monitoring can improve the performance and longevity of wind turbines in the renewable energy sector?,2
What are the specific parameters that the sensors should measure to accurately detect anomalies in wind turbine gearboxes?,2
Are there any design considerations that can help prevent wind turbine gearbox failures?,2
"How can predictive maintenance help to minimize downtime and maintenance costs for wind turbine gearboxes, and what are the potential benefits of using this approach?",2
"How can the impact of oil leakage in wind turbine gearboxes be quantified in terms of downtime, maintenance costs, and safety hazards?",2
"Can you explain the role of misalignment in contributing to wind turbine gearbox failures, and what steps can be taken to minimize this risk?",2
"What are the typical temperature ranges for wind turbine gearboxes, and how can overheating occur?",1
How do you ensure proper grounding to prevent sensor data noise or interference in wind turbine gearboxes?,2
Can you provide any case studies or examples of successful implementation of sensor data-driven anomaly detection models for wind turbine gearboxes?,2
"In what ways does the NREL support the wind energy industry with resources, guidance, and training programs related to gearbox maintenance and monitoring?",2
How can wind farm operators ensure the accuracy and reliability of sensor data for decision-making purposes?,2
How can data scientists and subject matter experts collaborate to develop a predictive maintenance strategy for wind turbine gearboxes?,1
"Can you explain the benefits of a condition-based maintenance program for wind turbine gearboxes, and how it differs from regular inspections?",2
How can monitoring the operating temperature of the wind turbine gearbox help in detecting the failure mode caused by low temperatures?,2
"What are the potential impacts of environmental conditions, such as temperature and humidity, on wind turbine gearbox failure modes and predictive maintenance strategies?",2
"What are the specific consequences of exceeding the ASTM's recommended limits for particle count, viscosity, and additive concentration in wind turbine gearbox lubricating oil?",2
How can we account for noise and variability in the environment when analyzing data from wind turbine sensors to detect potential failures?,2
Can you provide more information on how targeted maintenance is performed based on the data collected by the sensors in wind turbine gearboxes?,2
What are the best practices for processing and analyzing large amounts of data from various sensors in wind turbines to detect potential failures?,2
How can the insights gained from predicting and preventing wind turbine gearbox failures be used to improve the overall design and maintenance of wind turbine systems?,2
How can predictive maintenance strategies minimize the risk of environmental harm in the event of a failure mode in wind turbine gearboxes?,2
How does the quality of sensor data impact the effectiveness of predictive maintenance for wind turbine gearboxes?,2
How do these anomaly models help in ensuring the safety of maintenance personnel in wind turbine operations?,2
What are the most common methods for extracting features from the vibration data?,2
Are there any regulatory or industry standards for wind turbine gearbox monitoring and anomaly detection that should be considered in the model development process?,2
How often do encoders need to be maintained or replaced in wind turbine gearboxes?,2
What are the common outliers and errors that need to be monitored in sensor data?,2
What are the cost-effective and scalable solutions for implementing gearbox anomaly models in large fleets of wind turbines?,2
"What are the challenges in implementing operational data monitoring for wind turbine gearboxes, and how can they be addressed?",2
Can you provide examples of real-world applications where high-frequency data has been successfully used for wind turbine gearbox anomaly detection?,2
"Are there any specific data storage or processing requirements, such as data retention or data compression, that should be considered when designing a sensor-based monitoring system for wind turbine gearboxes?",2
"Can you explain how the NEN 3140 standard can be used to predict and prevent failures in wind turbine gearboxes, and what are the detectability mechanisms suggested by this standard?",2
"What are the common degradation mechanisms that can cause pitting, spalling, deformation, cracking, or gear tooth fracture in wind turbine gearboxes?",2
"How can data quality be ensured, given the limited historical data available for wind turbine gearboxes?",2
Can you explain the impact of insufficient lubrication on wind turbine gearboxes and how it can be detected?,2
Can you explain the process of selecting and validating the most relevant sensors for wind turbine gearbox monitoring?,2
What are the best practices for preventing electrical and power-related failures in wind turbine gearboxes?,2
"How often should the temperature, vibration, and noise levels be monitored to ensure early detection and prevention of gearbox failures?",2
How can we balance the need for a high false positive rate with the need for high precision and recall in the anomaly detection model?,2
What are the best practices for implementing sensor-based monitoring in wind turbine gearboxes?,2
Can you explain how the vibration sensors measure vibration levels and frequencies?,2
"What are the signs of wear, corrosion, or other degradation mechanisms that should be inspected regularly in the gearbox?",2
"What are the limitations or challenges in detecting anomalies in wind turbine gearbox sensor data, especially in the presence of noise or interference?",2
"How can data scientists collaborate with subject matter experts to develop proactive maintenance strategies for wind turbine gearboxes, and what are the key considerations for implementing these strategies in real-world scenarios?",1
Can you provide more information on the types of maintenance activities that can be developed to prevent costly and time-consuming repairs or replacements of wind turbine gearbox components?,2
"How do data-driven approaches, such as machine learning, contribute to predictive maintenance in wind turbine gearboxes?",1
"What are the common maintenance tasks for wind turbine gearboxes, and how do they differ between scheduled, condition-based, and predictive maintenance?",2
What are the legal and ethical implications of using wind turbine gearbox sensor data for building an anomaly model?,2
"How can the severity of anomalies in wind turbine gearboxes be objectively assessed as per the IEC 61400-25 standard, and what are the key factors to consider while implementing it in the anomaly detection model?",2
"What are the specific degradation mechanisms that lead to gear teeth failure, and how can they be detected and monitored?",1
What are the key challenges and limitations of using dimensionality reduction or feature selection techniques for anomaly detection in wind turbine gearbox sensor data?,2
What data security measures should be in place to protect against unauthorized access and data breaches in the wind turbine gearbox anomaly detection system?,2
How can we prioritize regulatory and compliance requirements during the development of the anomaly detection model for wind turbine gearboxes?,2
How can we ensure that the appropriate action is taken to prevent or mitigate the impact of a wind turbine gearbox failure?,2
How can the severity of failures in wind turbine gearboxes be determined?,2
"What are the potential consequences of false positives and false negatives in the wind turbine gearbox anomaly detection model, and how can we minimize their impact?",2
How can wind turbine operators ensure that the data collected from sensors is of high quality and sufficient quantity for machine learning algorithms?,2
"Can you explain the impact of temperature, humidity, and vibration on sensor wiring and connectors in more detail?",2
How can machine learning algorithms be used to predict wind turbine gearbox failures and what are the limitations of this approach?,2
"Can you provide any specific examples of successful sensor-based monitoring implementations for wind turbine gearboxes, showcasing their impact on maintenance costs and overall reliability?",1
What are the challenges in implementing a condition monitoring program for wind turbine gearboxes and how can they be addressed?,2
What are the most common degradation mechanisms that lead to failure in wind turbine gearboxes?,1
What are the key failure modes that can be detected and prevented using these advancements in wind turbine gearbox design and maintenance?,2
How do the severity of the failure modes vary based on the condition of the lubricating oil in wind turbine gearboxes?,2
Can you provide any case studies or examples of successful condition monitoring programs for wind turbine gearboxes?,2
How can the performance of the anomaly detection model be evaluated and improved over time?,2
Can you provide examples of specific maintenance actions taken based on lubrication oil analysis results?,2
"How do environmental factors, such as temperature and humidity, affect wind turbine gearbox health and sensor data?",2
What is the significance of high-frequency sounds in detecting gearbox anomalies and how are they measured using acoustic emission sensors?,2
What are the challenges in collecting and analyzing data for wind turbine gearboxes and how can they be addressed?,2
How can inadequate training of the wind turbine operators contribute to the failure of the gearbox components?,2
What are the specific temperature thresholds for the wind turbine gearbox that indicate potential failures?,2
Can you provide any specific examples of wind turbine gearbox failures that were caused by issues with the lubricating oil?,2
"How can the model handle multiple failure modes simultaneously, and what are the challenges associated with it?",2
What are the key performance indicators used to measure the effectiveness of these predictive maintenance systems?,2
"Can you provide more information on the specific degradation mechanisms that contribute to seal failure, and how can they be mitigated?",2
What are the recommended desiccant materials or dehumidifiers that can be used to monitor and reduce humidity levels inside the gearbox?,2
What are the challenges in identifying patterns or trends indicative of potential failures in wind turbine gearboxes?,1
How do historical data and component-specific knowledge contribute to setting accurate and effective alarm thresholds for wind turbine gearbox condition monitoring?,2
"How do the failure modes and effects differ between the gear teeth, bearings, and housing components of the wind turbine gearbox?",2
"How can we ensure that the model is thoroughly tested and validated before implementation, and what criteria should be used to evaluate its performance?",2
"Can you provide any specific examples or case studies of wind turbine gearbox failures due to gear tooth pitting and spalling, and how they were addressed?",2
What are the recommended strategies for detecting and addressing overheating issues in wind turbine gearboxes?,1
Are there any specific considerations we need to take into account when normalizing sensor data from wind turbine gearboxes?,2
How can domain knowledge be integrated into the development of the machine learning model for the anomaly detection system?,2
"What certification requirements typically apply to wind turbine gearboxes, and how can they impact the development of an anomaly detection model?",1
How can excessive loading and misalignment be prevented in wind turbine gearboxes?,2
How can training of maintenance personnel help in preventing wind turbine gearbox failures?,2
How does the use of sensor data in scheduling maintenance activities impact the cost of maintenance for wind turbine gearboxes?,2
How is data analyzed from wind turbine gearbox sensors to detect abnormalities?,2
How can optimizing maintenance strategies for wind turbine gearboxes based on sensor threshold values benefit the renewable energy sector?,2
Can you explain the process of a failure modes and effects analysis (FMEA) and how it can help in identifying potential failure modes in wind turbine gearboxes?,2
Can you explain the specific requirements of IEC 61400-4 that are most relevant to the anomaly detection model for a wind turbine gearbox?,2
How do failure codes assist in tracking and categorizing failures in wind turbine gearboxes?,2
Are there any specific data preprocessing techniques that can improve the performance of machine learning algorithms for wind turbine gearbox anomaly detection?,2
What data normalization or transformation techniques are used to ensure that the data is suitable for analysis?,2
What statistical analysis techniques are commonly used in power curve analysis?,2
"How do temperature fluctuations affect sensor data from wind turbine gearboxes, and what are some specific temperature control measures that can be implemented to prevent changes that could cause noise or interference?",2
"What are the current industry-wide standards and guidelines for condition monitoring of wind turbine gearboxes, and how can they be improved?",2
How can the quality of wind turbine gearboxes be improved based on the analysis of failure data?,2
"What are the expected benefits of the proposed anomaly detection model in terms of reducing downtime, maintenance costs, and safety risks, and increasing efficiency and green energy production?",2
"How are sensors used in monitoring wind turbine gearbox performance, and what types of data do they typically collect?",2
How does overloading contribute to common failure modes in wind turbine gearboxes?,2
Can you provide examples of real-world cases where sensor data analysis has helped prevent wind turbine gearbox failures?,2
How do anomaly models improve the overall safety of wind energy systems?,2
"What are the common mistakes that can occur during the installation of wind turbine gearboxes, and how can they be prevented?",2
What are the specific sub-failure modes that can occur due to inadequate lubrication caused by low temperatures?,2
"Can you provide examples of regular inspections, testing, and maintenance procedures that help ensure compliance with regulations and prevent failures?",2
"Can you explain the impact of resonance and looseness on wind turbine gearbox failures, and how they can be detected and prevented?",2
"How does thermal imaging help in detecting overheating issues, and what tools are commonly used for this purpose?",2
How were environmental factors accounted for in past sensor data collection and analysis?,1
What are the key data points to monitor in wind turbine gearboxes using sensor-based monitoring?,2
How can data integrity checks and validation techniques be implemented to ensure data integrity in wind turbine gearbox sensor data?,2
Can you explain the role of condition monitoring systems in detecting early signs of gearbox degradation and preventing failures?,2
Can you explain the importance of auditing and logging all access to sensor data and how it helps in maintaining data privacy and security?,2
Can you provide examples of potential faults that can be detected and diagnosed using sensor-based predictive maintenance in wind turbine gearboxes?,2
Are there any regulatory or industry standards related to wind turbine gearbox maintenance and monitoring that should be considered when implementing an anomaly detection model?,2
"How can the model differentiate between critical and non-critical anomalies in wind turbine gearboxes, and what criteria should be used to define these categories?",2
How can misalignment and unbalance in wind turbine gearboxes be detected and corrected through vibration analysis?,2
"How do the causes of gearbox failure in offshore wind turbines, such as corrosion, fatigue, and mechanical issues, relate to their exposure to harsh environmental conditions?",2
What are the most common design and manufacturing defects that lead to wind turbine gearbox failures?,1
Are there any specific challenges or limitations when applying probability-based metrics like negative log-likelihood to wind turbine gearbox sensor data?,2
Can you provide examples of specific maintenance practices that can help detect failure modes before they lead to catastrophic failure?,2
"What are the potential ethical and legal considerations associated with the development and deployment of an anomaly detection model for wind turbine gearbox performance, and how can these be addressed?",2
What are the common design issues that can lead to wind turbine gearbox failures?,2
"How do the degradation mechanisms like abrasive wear, adhesive wear, fatigue wear, and corrosive wear affect the performance of wind turbine gearboxes?",2
Can you provide more information on the specific degradation mechanisms and their impact on the detectability of failures in wind turbine gearboxes?,2
What are the common signs of cracks in the gearbox housing?,2
Can you explain how AE analysis differs from other predictive maintenance techniques used in wind turbine gearboxes?,2
Can you suggest any specific validation techniques that can be used to ensure the robustness and reliability of the wind turbine gearbox anomaly detection system?,2
What are the consequences of high vibration levels in wind turbine gearboxes if left unaddressed?,2
How do temperature fluctuations and contamination affect the wear and fatigue of wind turbine gearbox components?,2
"How does thermography help in detecting issues in wind turbine gearboxes, and what are the most common temperature differences that indicate problems?",2
"What are the specific vibration measurement locations for wind turbine gearboxes, and how do they differ for various types of gearboxes?",2
What are the most common critical components in wind turbine gearboxes that are prone to failures?,2
How does the mixing of contaminants with the lubricant cause damage to internal components of the gearbox?,2
"How can access control be effectively implemented in a wind turbine gearbox anomaly detection system, and what are the best practices for doing so?",2
How do physics-based models contribute to the validation and testing of the sensor-based monitoring system for wind turbine gearboxes?,2
"Can you provide any examples of catastrophic failures in wind turbine gearboxes, and what were the root causes of those failures?",2
How do condition-based monitoring systems typically detect potential wind turbine gearbox failures before they occur?,2
How do predictive maintenance techniques optimize maintenance schedules and reduce downtime for wind farm operators?,2
How does oil analysis help in monitoring wind turbine gearbox performance and what are the common contaminants or degradation indicators in the oil?,2
Are there any specialized service providers that can help in implementing gearbox anomaly models for wind turbines?,2
"How does the severity of foreign particle ingress depend on the particle size, type, and exposure duration?",2
How can the collaboration between data scientists and subject matter experts be optimized to ensure the success of proactive maintenance strategies for wind turbine gearboxes?,2
"What are the potential challenges in implementing a continuous monitoring system for wind turbine gearbox anomaly detection, and how can they be addressed to ensure the system remains effective and efficient?",2
"What are the most common causes of gearbox bearing failures, and how can they be prevented?",2
How can we incorporate domain knowledge and expert opinion into the development of an anomaly detection model for wind turbine gearbox performance?,2
What are the expected benefits of the proposed maintenance program for the wind turbine operators and owners?,2
Can you explain how RMSE is used in the overall process of monitoring the health of a wind turbine gearbox?,2
Can you explain the role of sensors in the condition-based monitoring system for wind turbine gearboxes?,2
What types of training and support are needed for subject matter experts to effectively use the models in real-world scenarios?,2
How can oil analysis be used to detect potential failures in wind turbine gearboxes?,2
What types of sensor data are used in wind turbine gearbox anomaly detection models?,2
Can you provide more details on the role of sensors in monitoring the wind turbine gearbox and detecting anomalies?,2
What methods are used for regular inspections and vibration analysis to prevent degradation mechanisms in wind turbine gearboxes?,2
How does the evaluation process ensure the efficient and effective operation of the gearbox?,2
What are the potential challenges in implementing event-based data collection in wind turbine gearbox monitoring systems?,2
"Can you explain the role of encryption, access controls, and firewalls in enhancing data security for wind turbine gearbox sensor data?",2
Can you provide any specific examples of how thermography can be used to detect potential wind turbine gearbox failures?,2
"How is oil analysis used to predict wind turbine gearbox failures and degradation, and what parameters are typically measured?",2
What are the specific lubrication practices that can help prevent premature failure of the wind turbine gearbox?,2
"Can you provide more information about the data preprocessing and feature engineering techniques used for the anomaly detection system, and how they can be optimized for wind turbine gearbox applications?",2
"How can the accuracy and reliability of wind turbine gearbox anomaly detection models be measured and evaluated, particularly in the context of the preprocessing and cleaning of sensor data?",2
Can you provide examples of common issues that can be identified through noise monitoring in wind turbine gearboxes?,2
What are the best practices for maintaining wind turbine gearboxes in wind farms located in areas with high wind shear?,2
How do the detectability and severity ratings of failures influence the prioritization of maintenance efforts for wind turbine gearboxes?,2
Can you explain the process of collecting and preprocessing accurate and relevant data for the anomaly detection system?,2
What are the consequences of not addressing detected anomalies in wind turbine gearboxes in a timely manner?,2
What specific parameters should be monitored in vibration analysis to detect potential gearbox failures?,2
"How do current sensors contribute to predictive maintenance in wind turbines, and what are the specific benefits of using current sensors for this purpose?",2
What specific data imputation techniques are commonly used to address missing data in wind turbine gearbox sensor data?,2
How does a contamination control plan help prevent contaminants from entering the wind turbine gearbox?,2
"How does high humidity impact the wind turbine gearbox, and what are the specific steps taken to prevent corrosion caused by high humidity levels?",2
How does the severity of failure modes in wind turbine gearboxes impact maintenance costs and downtime?,2
How do these organizations collaborate and share findings in the field of wind turbine gearbox sensor data analysis and anomaly detection? Are there any specific partnerships or initiatives that you can highlight?,2
What are the potential impacts of ignoring anomalies in wind turbine gearbox sensor data?,1
How can the data collected from sensor-based monitoring be used to predict and prevent failures in wind turbine gearboxes?,2
How frequently should the data be collected for the wind turbine gearboxes to ensure accurate monitoring and detection of anomalies?,2
How do lubrication issues in wind turbine gearboxes manifest themselves in sensor data and what are the common causes of such issues?,2
What are the best practices for visualizing wind turbine gearbox sensor data to detect anomalies or abnormal behavior?,2
How can the data from sensors be used to detect and prevent catastrophic failures in wind turbine gearboxes?,2
What are the typical symptoms or signs of each common failure mode in the wind turbine gearbox?,1
"Can AE sensors be used to detect damage in other components of a wind turbine, such as the blades or tower?",2
How can the severity of wind turbine gearbox failures be quantified and used to prioritize maintenance and repair actions?,2
"What are the most common degradation mechanisms that affect wind turbine gearbox components, and how can they be detected and monitored?",2
Can you provide any case studies or examples of wind turbine gearbox failures and the steps taken to prevent similar failures in the future?,2
What are the specific advanced signal processing techniques that can be used to reduce the impact of noise or interference on sensor data from wind turbine gearboxes?,2
What are the consequences of not detecting and addressing substandard components in wind turbine gearboxes?,2
"How do sensors measure vibration levels to identify misalignment, imbalance, or looseness, and what are the specific thresholds for each of these conditions?",2
"How can a condition-based maintenance strategy be implemented effectively in wind turbine gearboxes, and what benefits can be expected?",2
What are the appropriate thresholds and statistical methods to use when identifying anomalies in the wind turbine gearbox sensor data?,2
What methods can be used to analyze sensor data for predictive maintenance purposes?,2
How can the data from the sensors be used to predict the remaining useful life (RUL) of wind turbine gearboxes and plan for their replacement or refurbishment?,2
"Can you discuss any existing methods or techniques for detecting anomalies in wind turbine gearbox sensor data, and what are their strengths and limitations?",2
Can you explain the importance of detecting failures early and how it can help prevent more severe problems in wind turbine gearboxes?,2
Can you provide any case studies or examples of successful sensor data monitoring and predictive maintenance implementation in wind turbine operations?,2
What are the most common causes of wind turbine gearbox failures and how do machine learning techniques help in identifying these failures?,2
How can the cost-effectiveness of preventive maintenance strategies for wind turbine gearboxes be evaluated and optimized?,2
"How do you calculate the cost of maintenance per unit of energy produced, and what is the average cost for a wind turbine gearbox?",2
Can you explain the process of regular oil analysis and how it helps detect contamination-related issues?,2
How does the system ensure secure communication between different components and users?,2
Can you provide more details on the specific types of sensors used in wind turbine gearboxes and what parameters they measure?,2
"How can predictive maintenance minimize downtime for wind turbine gearboxes, and what are the key factors in implementing it effectively?",2
What are the common factors that contribute to poor lubrication or excessive loading issues in wind turbine gearboxes?,2
"How can load sensors, such as strain gauges and load cells, be used to measure the load on the wind turbine gearbox, and what are the typical load levels that indicate a problem?",2
"Can you explain the consequences of not monitoring and analyzing the temperature, vibration, and noise levels in wind turbine gearboxes?",2
Can you explain the relationship between power fluctuations and lubrication issues in wind turbine gearboxes?,2
"What are the specific temperature thresholds that indicate overheating in the wind turbine gearbox, and how can thermal monitoring be used to detect these?",2
"How can the impact of environmental factors on sensor readings be accounted for in the anomaly detection model, and what methods are used to ensure that the model is robust to these variations?",2
"What are the most important factors to consider when developing a monitoring system for wind turbine gearboxes, and how can data scientists ensure that these factors are addressed?",2
How can contamination of the lubricant affect the performance and longevity of the wind turbine gearbox?,1
How can the use of real-time sensor data improve the responsiveness and effectiveness of the anomaly model?,2
How is historical data typically collected and preprocessed before being used for analysis and modeling?,2
"Are there any industry standards or guidelines for vibration analysis in wind turbine gearboxes, and how do they influence the choice of analysis techniques and maintenance practices?",2
What are the best practices for data interpretation from oil analysis sensors to effectively predict and prevent wind turbine gearbox failures?,2
How often should oil changes and inspections be performed to prevent wind turbine gearbox failures?,2
"How can timely maintenance or replacement of components ensure the wind turbine's availability, reliability, and performance, and prevent costly downtime and repairs?",2
"Are there any specific challenges associated with deploying an anomaly detection model for wind turbine gearboxes in a cloud-based environment, as opposed to an on-premises one?",2
What are the common methods used for anomaly detection in wind turbine gearbox sensor data?,2
How do domain knowledge and physics-informed machine learning models differ from traditional machine learning models in fault detection and diagnosis?,2
How does the growth of the wind energy sector impact the demand for data analysis in wind turbine systems?,2
"How do the failure mode, failure reason, failure code, and degradation mechanism impact the specific maintenance actions for a wind turbine gearbox?",2
"How does the model ensure that the FMEA process is repeatable and reproducible, given the potential impact of data imputation on the results?",2
How can wind turbine operators prioritize the protection of sensitive data while also ensuring the efficient operation of the wind turbine gearbox anomaly detection model?,2
How can data scientists and subject matter experts work together to develop effective monitoring and inspection techniques for wind turbine gearboxes?,2
"Can you provide more information on how the performance metrics of the anomaly detection model are validated and verified, and what criteria are used to evaluate the model's performance?",2
How does acoustic emission testing work and what types of faults can it detect in wind turbine gearboxes?,2
How can we ensure that the data gathered from wind turbine gearboxes is accurate and reliable?,2
How can data analysis be used to verify the manufacturing processes of wind turbine gearboxes and ensure their reliability and availability?,2
How does an increase in particle count indicate tooth damage or bearing wear in wind turbine gearboxes?,2
How can adherence to industry standards and implementation of preventive maintenance techniques significantly reduce the risk of wind turbine gearbox failure?,2
How do the proposed techniques for addressing noise and interference in sensor data impact the overall performance of fault detection and diagnosis in wind turbine gearboxes?,2
"Can you explain the process of root cause analysis in the context of wind turbine gearbox failures, and what tools or techniques are typically used?",2
How can real-time monitoring and analysis improve the accuracy and reliability of wind turbine gearbox anomaly detection?,2
Can you provide examples of supervised and unsupervised learning algorithms that have been effective in detecting wind turbine gearbox anomalies?,2
What are the specific sensor types and locations that would be most effective in detecting wind turbine gearbox failures?,2
How can real-time analysis of sensor data be used to identify anomalies in wind turbine gearboxes as soon as they occur?,2
Can you explain the role of proper sealing and maintenance in preventing foreign particle ingress in more detail?,2
What methods are typically used to evaluate the impact of missing or corrupted data on the analysis of wind turbine gearbox performance?,2
Can you explain how vibration sensors help in detecting early signs of gear wear or damage in wind turbine gearboxes?,2
What are the best practices to deploy and maintain the anomaly model in a wind farm setting?,2
"How does the condition monitoring system (CMS) analyze data from various sensors, and how are predefined thresholds set for sending alerts in wind turbine gearboxes?",1
What are the key considerations when selecting between unsupervised and supervised learning techniques for developing the anomaly detection model?,2
Are there specific noise levels or patterns that can be attributed to particular mechanical issues in the wind turbine gearbox?,2
"How do external factors like temperature, humidity, and wind speed impact the performance and failure rate of wind turbine gearboxes?",2
"How are the predictive models built using machine learning, and what types of algorithms are commonly used?",2
"How can the anomaly detection model be used to support predictive maintenance strategies, such as condition-based maintenance or reliability-centered maintenance, in wind turbine gearboxes?",2
"How does time-synchronous averaging (TSA) help in detecting specific types of damage, such as gear tooth pitting or cracking?",2
What specific data should be collected for the anomaly model to effectively detect and prevent failures in wind turbine gearboxes?,2
What are the limitations of using machine learning techniques for predicting wind turbine gearbox failures and how can they be addressed?,2
"What are the key components of a condition-based monitoring program for wind turbine gearboxes, and how can they be effectively implemented?",2
"Can you explain how maintenance practices, such as inefficient scheduling and inadequate monitoring, can negatively affect the gearbox's performance and lifespan?",1
Are there any specific training or qualifications required for the personnel who perform ESA?,2
How does high temperature affect the oil and the gearbox components?,2
"Can you explain how time-based degradation is monitored through sensor data trends over time, and what specific wear and fatigue patterns are indicative of potential failures?",2
Are there any specific challenges in detecting wind turbine gearbox failures without regular inspections and condition monitoring systems?,2
How does insufficient lubrication lead to failure of a wind turbine gearbox and what are the best practices for lubrication maintenance?,2
What are the best practices for implementing machine learning in predictive maintenance for wind turbine gearboxes?,2
Can you provide any case studies or examples of wind turbine gearbox failures due to gear tooth pitting and spalling?,2
What are the recommended maintenance practices for ensuring the reliable and efficient operation of wind turbine gearboxes?,2
"What specific sensors are used to measure the temperature, vibration, noise, and oil condition in a wind turbine gearbox?",2
What are the specific failure modes that have been studied using sensor data and other data sources?,2
Can you provide examples of diagnostic and prognostic methods used in wind turbine gearbox monitoring and data-driven maintenance?,2
"What are the most common causes of wind turbine gearbox failures, and how can these be effectively detected and monitored using the available sensors?",2
How can data scientists determine the optimal lubricant level for different types of wind turbine gearboxes?,2
What are the specific inspections and maintenance practices recommended for maintaining the seals and openings in a wind turbine gearbox to prevent contamination of the lubricating oil?,2
How does the sensor data analysis process align with the overall maintenance strategy for the wind turbine?,2
How does hydrogen embrittlement occur in the gear teeth due to water contamination and what are its effects on the wind turbine gearbox?,2
Can you provide any examples of more significant interventions that may be required to address severe cases of sensor data noise or interference in wind turbine gearbox systems?,2
"How are robotics currently being used for maintenance and repair activities in wind turbine gearboxes, and how do you see this usage expanding in the future?",2
"How do wind turbine gearbox anomaly detection models handle imbalanced datasets, and how do performance metrics account for this imbalance?",2
What are the specific benefits of using the anomaly detection model for predicting and preventing failures in wind turbine systems?,2
"How can wind farm operators evaluate the performance of different computational resources for wind turbine gearbox anomaly detection, and what metrics should they use?",2
What are the best practices for timely replacement of worn-out components in wind turbine gearboxes?,2
How does regular oil sampling and analysis help in reducing downtime and increasing the reliability of the wind turbine gearbox?,2
How can the data from regular maintenance practices be analyzed to predict potential failures and schedule preventive maintenance?,2
How do routine inspections and maintenance tasks at regular intervals complement predictive maintenance techniques in wind turbine gearbox maintenance?,2
"How do the characteristics of sensor data, such as data type and frequency, impact the choice of anomaly detection techniques?",2
What methods are used to develop failure prediction models using wind turbine gearbox failure data?,2
"Can misalignment be detected through any methods other than vibration analysis, and how can it be corrected?",1
How can the model balance complexity and interpretability to ensure accurate predictions and ease of use for domain experts?,2
Could you explain the process of root cause analysis and how it is used to identify the underlying cause of wind turbine gearbox failures?,2
Can you suggest any specific measures that can be implemented to reduce or eliminate the noise or interference in the sensor data from wind turbine gearboxes?,1
"What are the key differences between GE Digital' Predix, Siemens MindSphere, and proprietary software from wind turbine gearbox manufacturers in terms of machine learning and artificial intelligence capabilities?",2
"What are the common causes of mechanical wear in wind turbine gearboxes, and how can they be prevented or minimized?",2
Can you explain in more detail how design and manufacturing defects contribute to housing cracking in wind turbine gearboxes?,2
"What are the most common indicators of mechanical wear, misalignment, or contamination in wind turbine gearboxes, and how are they represented in the sensor data?",2
Can you explain the process of annotating the data with labels indicating the presence of anomalies?,2
"What data security measures should be implemented to protect against unauthorized access, use, or disclosure of the sensor data?",2
"What are the data protection measures that should be implemented when collecting and analyzing sensor data from wind turbine gearboxes, and why are they important?",2
What are the best practices for negotiating data sharing agreements with stakeholders in the wind energy industry?,2
What are the best practices for proper lubricant selection for wind turbine gearboxes?,2
How will the actual outcomes be determined for comparison with the model's predictions during backtesting?,2
What are the challenges in selecting appropriate machine learning algorithms and models for predictive maintenance in wind turbine gearboxes?,2
Can you provide a specific example of how anomaly detection techniques have been used to prevent failures and optimize wind turbine gearbox performance?,2
"What are the common misalignment issues that position sensors can detect, and how do they help in monitoring mechanical wear of the gearbox components?",2
"How do the industry standards and guidelines address the integration of advanced data analytics techniques, such as machine learning and artificial intelligence, in wind turbine gearbox sensor data analysis and anomaly detection?",2
How often should temperature monitoring of the wind turbine gearbox be performed for effective maintenance?,2
How can the sensor data be used to predict the remaining useful life (RUL) of the wind turbine gearbox?,1
How do you establish a baseline for wind turbine gearbox oil analysis parameters and what factors should be considered in this process?,2
How does real-time data analysis help in identifying anomalies or deviations from normal operating conditions in wind turbine gearboxes?,2
How do manufacturers determine failure codes for different failure modes in wind turbine gearboxes?,2
Can current sensors be used to monitor the condition of other components in wind turbines besides the gearbox?,2
What monitoring and inspection techniques are effective in detecting wind turbine gearbox failures before they occur?,2
What are the potential consequences of not monitoring sensor data in wind turbine gearboxes?,2
Are there any regulations or standards related to wind turbine gearbox anomaly detection that we should be aware of?,2
How does the severity of the failure and the ability to detect the failure before it occurs determined in the FMEA process?,2
How does oil analysis help in identifying the degradation mechanism of wind turbine gearboxes?,2
Can you provide more information on the secure deployment process and how it helps in maintaining the overall security of the system?,2
Can you explain the specific process for conducting a failure modes and effects analysis (FMEA) on a wind turbine gearbox?,2
Can you provide some examples of how reducing unplanned downtime can improve OEE in wind turbine gearboxes?,2
What types of sensors are typically used for wind turbine gearbox condition monitoring?,2
What are the challenges in processing and analyzing the large volumes of data generated by wind turbine gearbox sensors?,2
"What is the role of subject matter experts in validating the results of the anomaly detection system, and how do they provide feedback for improvement?",2
What are the challenges in detecting anomalies in wind turbine gearbox sensors and how can they be addressed?,2
How can wind farm operators accurately assess the maintenance history of wind turbine gearboxes to identify potential issues?,2
"Can you provide more details on how the severity of the common anomalies is rated, and what factors contribute to these ratings?",2
Are there any specific data or metrics that should be collected and monitored to build an effective anomaly detection model for wind turbine gearboxes?,2
What are the potential consequences of catastrophic failures in wind turbine gearboxes and how can they be prevented?,2
Can you provide more details on how FMEA is used to identify potential failure modes and their severity and likelihood in wind turbine gearboxes?,2
Can you explain how the choice of specific materials for wind turbine gearboxes contributes to preventing different failure modes?,2
What are the most common types of foreign particles that can ingress in wind turbine gearboxes and cause damage?,2
Can you explain the role of the IEC 61400-27 standard in selecting appropriate sensors and data acquisition methods for wind turbine gearbox monitoring?,2
"Are there any other industry standards or classifications, besides the Wind Turbine Directory (WTDi) and the International Electrotechnical Commission (IEC) 61400 series, that are commonly used to diagnose and classify failures in wind turbine components?",2
"Can you provide more information on the impact of high loads, speeds, and temperatures on the wind turbine gearbox's components and their failure mechanisms?",2
Are there any new or emerging technologies in vibration analysis that could further improve the reliability and availability of wind turbine gearboxes?,2
What specific parameters are monitored during condition monitoring and how are the data analyzed?,2
What are the consequences of not detecting potential gearbox failures early in wind turbines?,2
"Are there any specific types of bearings used in wind turbine gearboxes that are more prone to failure? If so, what are they?",2
"What are the potential challenges in implementing such predictive models in wind farms, and how can they be addressed to ensure successful adoption?",2
Can you provide examples of specific sensor data that is used to monitor wind turbine gearboxes?,2
What are the consequences of not performing regular maintenance and condition monitoring on wind turbine gearboxes?,2
How often should ESA be performed to ensure the reliable and efficient operation of wind turbine gearboxes?,2
Are there any specific data security or privacy concerns that should be addressed when collecting and analyzing sensor data from wind turbine gearboxes?,2
"How do different types of sensors (e.g., temperature, vibration, humidity) respond to environmental factors, and what are the implications for predictive maintenance in wind turbine gearboxes?",2
How do you validate and verify the performance of these methods in detecting and diagnosing early-stage failure in wind turbine gearboxes?,2
How can we ensure that the data collected is relevant and useful for predicting wind turbine gearbox failures?,2
What are the consequences of not prioritizing regular inspections and maintenance of a wind turbine gearbox?,2
What is the typical frequency of inspections for wind turbine gearboxes to detect corrosion-related failures effectively?,2
Can you explain the effects of vibrations on the wind turbine gearbox components and the gearbox housing?,2
"How does real-time performance monitoring work, and what parameters are typically adjusted to optimize efficiency?",2
Can you provide specific examples of signal filtering techniques that can be implemented to address this issue?,2
How do these software tools support collaboration and communication among different stakeholders involved in wind turbine gearbox maintenance and operations?,2
Are there any other common causes of wind turbine gearbox failures that were not mentioned in the summary?,2
How can real-time monitoring and data fusion techniques help reduce maintenance costs and improve efficiency in wind turbine gearboxes?,2
Are there any specific tools or platforms that are commonly used for analyzing wind turbine gearbox sensor data?,1
How do the failure modes of a wind turbine gearbox differ from those of other types of mechanical systems?,1
"Can you explain how the lubricant analysis is done to detect signs of contamination, indicating potential seal leaks?",2
Are there any specific sensor configurations that are recommended for different types of wind turbine gearbox designs and applications?,2
What are the specific types of sensors that are most commonly used to monitor the condition of wind turbine gearboxes and why were they chosen?,2
What safety requirements must be considered when developing an anomaly detection model for wind turbine gearboxes?,2
Can you provide more information on the failure codes related to lubrication and overloading in wind turbine gearboxes?,2
"What are the challenges in detecting failures in wind turbine gearboxes using sensor data, and how can they be addressed?",1
How does regular inspections assist in preventing catastrophic failure and maintaining optimal performance of wind turbine gearboxes?,2
What are the recommended steps for handling and addressing contamination of lubricating oil in wind turbine gearboxes?,2
"What are the design limits for wind turbine gearboxes, in terms of temperature and load?",2
Can you provide examples of specific failure modes in wind turbine gearboxes that can be detected and prevented using sensor data?,2
"How do the different types of sensors (vibration, temperature, oil quality) complement each other in detecting and predicting wind turbine gearbox degradation?",1
How does the condition monitoring data be used to improve the design of wind turbine gearboxes in the future?,2
"What are the specific degradation mechanisms that are most commonly observed in wind turbine gearbox bearings, and how do they differ from those in the gears or housings?",2
How does moisture contribute to the failure of a wind turbine gearbox and what are the preventive measures?,2
"How can the individual components of OEE (Availability, Performance, and Quality) be optimized simultaneously to achieve the greatest improvement in overall OEE?",2
Can you elaborate on the different types of lubrication management practices that can help prevent bearing failure?,2
"What are the common causes of wind turbine gearbox failures, and how can these be prevented through sensor-based monitoring?",2
"What are the common causes of overloading in wind turbine gearboxes, and how can the anomaly detection model predict and prevent this type of failure?",2
"How can predictive maintenance be integrated with other maintenance strategies, such as reactive and preventive maintenance, to optimize wind turbine performance?",2
Can you explain how the data from these sensors is used to improve the availability of the wind turbine?,2
What are the specific design or manufacturing defects that can lead to wind turbine gearbox failures?,2
What are the key performance metrics used to evaluate the accuracy and effectiveness of the anomaly detection model in accounting for environmental factors?,2
"What are the consequences of a complete loss of function for the wind turbine, in terms of downtime and repair costs?",2
Can you explain the importance of regular oil analysis in detecting and preventing wind turbine gearbox failures?,2
"How can the impact of external factors, such as weather conditions, on wind turbine gearbox reliability be incorporated into the anomaly detection model?",2
Can you provide more details on the corrective action that can be taken after identifying potential failures through oil analysis?,2
What are the potential impacts of sensor data monitoring and predictive maintenance on the lifespan and utilization of wind turbine gearboxes?,2
"Are there any other common signs of failure in wind turbine gearboxes, apart from bearing failure, gear tooth failure, and contamination?",2
"How do temperature monitoring, oil analysis, and vibration analysis help in detecting efficiency loss in wind turbine gearboxes?",2
Can you provide any specific case studies or examples of wind turbine gearbox failures caused by contamination of the lubricating oil?,2
How can the reliability and accuracy of sensor technologies and data analysis techniques be evaluated and improved for monitoring wind turbine gearboxes?,2
How can data scientists and subject matter experts use data analysis to optimize the performance of wind turbine gearboxes and increase their lifespan?,2
Are there any specific model complexity factors that require more frequent updates?,2
What specific machine learning algorithms and analytics tools are commonly used for processing and analyzing wind turbine data?,2
"What are the challenges in implementing sensor data analysis and anomaly detection in wind turbine gearboxes, and how can they be addressed?",2
Can you explain the process of gear teeth and bearings inspection in wind turbines?,2
"How can sensor data be integrated with other data sources, such as weather data, to improve the accuracy of the anomaly detection model for wind turbine gearboxes?",2
Can you provide examples of how insufficient lubrication can impact the performance of wind turbine gearboxes?,2
Are there any new technologies or advancements in the field of wind turbine gearbox temperature control and management that are being researched or implemented?,2
What are the key performance indicators (KPIs) that should be used to measure the effectiveness of wind turbine gearbox monitoring systems?,2
Can you explain how automated and manual techniques can be combined for effective data labeling?,2
How can regular monitoring and analysis of sensor data help in reducing maintenance costs for wind turbine gearboxes?,2
"Are there any industry-specific benchmarks or standards for OEE in wind energy, and if so, what are they?",2
What are the common causes of wear and tear on gear teeth in wind turbine gearboxes?,2
How do you ensure the model remains up-to-date and aligned with the wind turbine's evolving condition and environment?,2
How does water content in lubrication oil lead to corrosion and other forms of damage?,2
"How can regular monitoring of viscosity, acid number, and water content help prevent wind turbine gearbox failures?",2
How can noise analysis be used to monitor the condition of wind turbine gearboxes?,2
"How can the effectiveness of the anomaly detection model be evaluated, and what metrics are commonly used to measure its performance?",2
How can the severity of lubricant degradation and its impact on wind turbine gearbox efficiency be assessed?,2
What specific data security measures would be most effective in protecting sensor-based monitoring systems in wind turbines?,2
"What are the benefits of monitoring current signatures in wind turbine gearboxes, and how does it help identify electrical faults?",2
"How do the sensors account for environmental factors, such as temperature and humidity, that may impact the gearbox performance and degradation?",0
"What are the challenges in implementing anomaly models in wind turbine gearbox sensor data analysis, and how can they be addressed?",2
How can the data from condition monitoring techniques be analyzed and interpreted to detect potential failures?,2
How does inadequate maintenance impact the risk of wind turbine gearbox failures?,2
Can you explain how vibrations can cause damage to the components of a wind turbine gearbox?,1
How can the impact of wind turbine gearbox housing failure be minimized in the event of a catastrophic failure?,2
"Can you provide some examples of how a thorough understanding of the domain, data, and machine learning techniques can contribute to a successful predictive maintenance strategy for wind turbine gearboxes?",2
"Can you explain the role of oil analysis in detecting potential issues in wind turbine gearboxes, and what specific parameters should be analyzed?",2
How can the age of the wind turbine gearbox impact the preventive maintenance plan and what special considerations should be taken for older gearboxes?,2
"How can event-based data collection be implemented in wind turbine gearbox monitoring systems, and what specific conditions typically trigger data collection?",1
Can you provide more details on how the anomaly detection model is used for predictive maintenance of wind turbine components?,2
What are the challenges in implementing predictive maintenance strategies for wind turbine gearboxes?,2
"How does the anomaly detection model's performance compare to other methods for detecting and predicting wind turbine gearbox failures, and what are the advantages and disadvantages of each method?",2
How can data scientists use machine learning algorithms to predict and prevent wind turbine gearbox failures?,2
What are the most common and critical measurable parameters that should be monitored in wind turbine gearboxes for condition monitoring and what sensors are typically used to measure these parameters?,2
"Are there specific trends or patterns in operational data that indicate potential issues with specific turbine components, and how can this data be used to develop predictive maintenance strategies?",2
How does the condition monitoring data be used to predict the remaining useful life of the wind turbine gearbox components?,2
What are the best practices for inspections and maintenance of wind turbine gearboxes?,2
"What are the effects of operating at high loads and speeds on the components of wind turbine gearboxes, and what are the potential failure modes associated with this?",2
How often should the lubricant in a wind turbine gearbox be replaced to ensure its optimal performance?,2
Can you explain how the data on wind turbine gearbox failures is used to improve the communication and collaboration between different stakeholders in the wind energy industry?,2
What are the most effective methods for securing sensitive wind turbine gearbox data against unauthorized access or breaches?,2
How does the preprocessing of sensor data impact the maintenance and repair decisions for wind turbine gearboxes?,2
"What are the crucial insights for predicting and preventing failures in wind turbine gearboxes, and how can they ensure efficient and reliable operation, minimize downtime, and reduce repair costs?",1
What are the safety measures and precautions to be taken while handling and maintaining the wind turbine gearbox lubricating oil to prevent contamination?,2
Can you provide examples of specific design or manufacturing defects that can cause gearbox failures in wind turbines?,2
"How do degradation mechanisms like wear, fatigue, corrosion, and electrical discharge contribute to the severity of each failure mode in the gearbox's components?",2
How can the anomaly detection model be updated and maintained over time to ensure its continued effectiveness?,2
What are the best practices for handling sensitive sensor data and ensuring data privacy and security in wind turbine gearbox anomaly detection models?,2
What are the challenges in identifying early warning signs and taking preventive maintenance actions due to inaccurate or inconsistent data?,2
How does the load on the gearbox impact its temperature?,2
Can you explain how the results of the Failure Mode and Effects Analysis (FMEA) can be used to develop a preventive maintenance program?,2
Can ESA be integrated with other monitoring systems in the wind farm to provide a comprehensive view of the turbine's health?,2
"Can you explain the failure modes and reasons in more detail, and how they contribute to temperature increases in the gearbox?",2
Are there any regulations or standards related to the monitoring and maintenance of wind turbine gearboxes?,1
"How do you determine the appropriate corrective action, such as replacing, repairing, or redesigning, based on the results of the root cause analysis?",2
Can you provide examples of specific failure modes that can be detected and diagnosed using vibration analysis in wind turbine gearboxes?,2
How can the insights gained from monitoring wind turbine gearboxes be applied to other industrial equipment?,2
What are the most relevant features to consider when selecting data for the anomaly detection model in wind turbine gearboxes?,2
What are the other condition monitoring techniques that can be used along with visual inspections for wind turbine gearboxes?,2
How can the severity of each failure mode be assessed in wind turbine gearboxes?,2
What are the consequences of not addressing data quality issues in wind turbine gearbox sensor data on anomaly detection model performance?,2
Can you share any case studies or examples where anomaly models significantly reduced downtime and maintenance costs in wind turbine gearbox maintenance?,2
How do these research efforts align with the overall goal of detecting and mitigating faults in wind turbine gearboxes for more efficient and cost-effective wind energy generation?,2
Can you explain the process of vibration analysis in wind turbine gearbox maintenance?,2
Can you explain the importance of pre-installation checks and what they typically entail?,2
"How do the different types of wind turbines (e.g., onshore vs. offshore) impact the degradation mechanisms and maintenance requirements of wind turbine gearboxes?",2
How can we ensure that the development and deployment of the anomaly detection model do not infringe on any intellectual property laws?,2
How does the sampling frequency of sensor data impact the ability to detect and predict wind turbine gearbox failures?,1
What are the specific benefits of using a dedicated communication channel for wind turbine gearbox anomaly detection systems?,2
How can domain-specific knowledge be incorporated into the preprocessing and cleaning of sensor data for wind turbine gearbox anomaly detection?,2
How do temperature sensors detect early signs of damage or degradation in wind turbine gearbox components?,2
Can you explain the process of regular calibration and testing of sensors in wind turbine gearboxes?,2
How do the failure modes and degradation mechanisms of bearings in wind turbine gearboxes differ from those in other industrial applications?,2
How does the condition of the lubricant in the gearbox affect the sensor data and the potential failures?,1
How often the monitoring methods should be performed to ensure the optimal performance of the wind turbine gearbox?,2
How can data from wind turbine gearboxes be used to develop an effective anomaly detection model for these types of failures?,2
Can you explain more about the specific types of noise or interference that are commonly observed in wind turbine gearbox sensor data?,2
"How does current signature analysis detect wear, misalignment, or other issues in a wind turbine gearbox, and what are the most common indicators of failure?",2
What specific particle count limits indicate a need for maintenance in wind turbine gearboxes?,2
How can the analysis of vibration patterns help in detecting specific failure modes such as pitting or scoring?,2
Can you explain the specific symptoms or signs that indicate a bearing failure in wind turbine gearboxes?,2
Are there any specific performance metrics or benchmarks that the anomaly detection model should meet?,1
"How can we generate synthetic data with known anomalies, and what specific steps should be taken to test the model's sensitivity and specificity?",2
How do the types of wear in wind turbine gearboxes differ from those in other types of mechanical systems?,2
How can the anomaly detection model be integrated with existing maintenance activities and processes to improve reliability and availability of wind turbines?,1
How do wind turbine operators determine the optimal balance between reducing downtime and maintenance costs through predictive maintenance?,1
"What are the key factors that affect the remaining useful life of wind turbine gearboxes, and how can the model accurately predict this value?",2
How can the data on wind turbine gearbox failures be used to improve the design and maintenance of future wind turbine systems?,2
Can you provide more details on the specific maintenance schedule that should be implemented to prevent contamination-related failures in wind turbine gearboxes?,2
How can data scientists use data from previous failure modes to improve the design and manufacturing of wind turbine gearboxes?,2
"How often should oil analysis sensors be calibrated to ensure accurate measurement of particle count, viscosity, and additive concentration?",2
How can we ensure ongoing monitoring and updating of the anomaly detection model to maintain compliance over time?,2
How do the sensors and data analysis algorithms used in sensor-based monitoring need to be maintained and updated over time?,2
"What are the benefits of implementing a condition-based maintenance program for wind turbine gearboxes, and how can advanced analytics and machine learning algorithms optimize the preventive maintenance schedule?",2
Can you provide more details on the type of sensors that are considered high-quality for data collection in wind turbine gearboxes?,2
"How do vibration issues affect wind turbine gearboxes, and what are the typical causes of vibration-related failures?",1
"How can we ensure the quality and availability of sensor data in a real-world setting, and what are the common challenges in this area?",2
Can you provide examples of specific anomalies or abnormal behavior that sensor data can detect in wind turbine gearboxes?,2
What types of IoT/OT systems are commonly used to gather data for monitoring wind turbine gearbox performance?,2
How can regular cleaning and checking for loose fasteners or bent shafts help prevent failures in wind turbine gearboxes?,2
How does effective data integration help in gaining a comprehensive understanding of the wind turbine system and its behavior?,2
"How does a condition monitoring system detect potential failures before they occur, and what technologies are typically used in these systems?",2
Can you explain how the AUROC metric is calculated and its significance in evaluating the model's performance?,2
Are there any best practices for data management and storage when working with wind turbine gearbox sensor data?,1
"How do different operating conditions, such as load, temperature, and humidity, affect the frequency of oil analysis in wind turbine gearboxes?",2
Are there any industry standards or guidelines for vibration monitoring and analysis in wind turbine gearboxes?,2
How can these failure prediction models help identify gearboxes at high risk of failure?,2
"How do we assess the severity of the temperature increases, and what are the potential consequences if they are not addressed?",2
How can FMEA be used to prioritize maintenance activities and ensure proactive planning for gearbox maintenance?,2
"What are the best practices for implementing a condition monitoring program for wind turbine gearboxes, and how can data scientists contribute to the development and optimization of such programs?",2
Can you provide any case studies or examples where a regular maintenance program has significantly extended the life of a wind turbine gearbox?,2
Can you elaborate on the importance of using filters and strainers in preventing foreign particle ingress?,2
How often should inspections be performed on wind turbine gearboxes for preventive maintenance?,2
How can regular monitoring of sensor data contribute to extending the lifespan of the wind turbine gearbox?,2
What are the best practices for implementing preventive maintenance in wind turbine gearboxes?,2
"What specific sensor data from IoT/OT systems is used to monitor operating conditions, loading conditions, and environmental conditions for wind turbine gearboxes?",2
How can wind turbine operators and maintenance personnel be trained to effectively use anomaly detection models for improving wind turbine performance and reducing maintenance costs?,2
What are the common challenges in maintaining the quality and accuracy of sensor data in wind turbine operations?,2
What are the specific measures that can be taken to maintain proper lubrication in a wind turbine gearbox?,2
How does regular inspection help detect and prevent failures in wind turbine gearboxes?,2
Can you explain how moisture and contamination can lead to lubrication issues in wind turbine gearboxes?,2
What are the specific inspection and maintenance activities that should be performed to detect and prevent poor lubrication in wind turbine gearboxes?,2
How can the implementation of these trends and future directions impact the cost of wind energy?,2
What types of sensors are commonly used for measuring vibration signals in wind turbine gearboxes?,2
How can data from oil analysis sensors be integrated with other wind turbine performance data to optimize maintenance schedules and reduce downtime?,2
"Can you explain more about the role of FMEA in identifying potential failure modes, their causes, and effects?",2
How can the sensor data be used to detect and diagnose the early stages of failure or degradation in the wind turbine gearbox?,0
Can you provide any case studies or examples of how vibration analysis has been successfully used to detect and address potential failures in wind turbine gearboxes?,2
"How does moisture, salt, or other contaminants cause corrosion in wind turbine gearboxes, and what are the typical signs of corrosion damage?",2
How is missing value imputation performed and what are the potential limitations of this technique?,2
What are the challenges in implementing a robust monitoring system for wind turbine gearboxes?,2
Could you explain how digital twin technology is used to monitor wind turbine gearboxes in real-time and how it helps in predictive maintenance?,2
What are the specific requirements for the anomaly detection model in the context of wind turbine gearboxes?,1
Can you explain more about the specific data cleaning and preprocessing techniques used to address the large volume of data and data quality issues?,2
What are the typical temperature thresholds for wind turbine gearboxes and what actions should be taken if these thresholds are exceeded?,2
How can the limitations of sensor data be addressed to ensure accurate and reliable anomaly detection in wind turbine gearboxes?,2
How can wind energy generation companies balance the need for regulatory compliance with the pursuit of innovative and efficient anomaly detection solutions?,2
"How is oil analysis used to detect signs of wear, contamination, or other issues in a wind turbine gearbox, and what are the most common indicators of failure?",2
Can you provide more details on the types of sensor data quality issues that might be encountered when developing an anomaly detection model for wind turbine gearboxes?,2
How does the severity of a failure mode impact the maintenance and operational costs of a wind turbine?,2
What specific inspections and preventive maintenance activities do you recommend for wind turbine gearboxes to prevent gear teeth wear and tear?,2
"Can you explain the specific techniques used for removing noise, missing values, and outliers during data preprocessing for the wind turbine gearbox anomaly detection model?",2
How does poor lubrication contribute to the initiation and growth of subsurface cracks in wind turbine gearboxes?,2
How does proper training ensure that inspections and maintenance activities are done correctly?,2
Are there any specific challenges or limitations in addressing data quality issues in wind turbine gearbox sensor data compared to other types of sensor data?,2
What are the consequences of not adhering to these regulations and standards for wind turbine gearbox monitoring and maintenance?,2
What are the limitations of existing models or algorithms for anomaly detection in wind turbine gearbox systems?,2
"How do the properties of the lubricating oil, such as viscosity and cleanliness, impact the performance and lifespan of wind turbine gearboxes?",2
How can the data from various sensors be integrated and analyzed to provide a holistic view of the wind turbine gearbox health?,2
"How do variations in environmental factors, such as temperature and humidity, impact wind turbine gearbox performance and reliability?",2
Can you provide any case studies or examples of wind turbine gearbox failures due to different types of wear?,2
What specific types of sensors are commonly used for monitoring wind turbine gearbox conditions and why?,2
"How do wind energy industry guidelines and standards address the potential impact of data collection frequency on wind turbine performance, downtime, and energy production?",2
How can predictive maintenance models help in detecting wear and tear and fatigue failures in wind turbine gearboxes?,2
Can you explain the process of using statistical methods to assess the significance of changes in the KPIs for a wind turbine gearbox preventive maintenance program?,2
Can you explain the process of performing a Failure Modes and Effects Analysis (FMEA) for wind turbine gearboxes?,2
"How do noise sensors, such as sound level meters and acoustic emissions sensors, help in measuring the noise levels generated by the wind turbine gearbox, and what are the specific noise levels that indicate a problem?",2
"How does visual inspection contribute to identifying potential failure modes in wind turbine gearboxes, and what are the challenges associated with this method?",2
How can the data from wind turbine gearbox sensors be used to improve the safety and reliability of the wind turbine system?,2
"What are the current trends and future directions in wind turbine gearbox monitoring and real-time anomaly detection, and how can we stay up-to-date with the latest developments and technologies in this field?",2
Can you explain how the data from these sensors is used to improve the efficiency of the wind turbine?,2
How do the sensors' data fusion algorithms work to provide a comprehensive understanding of the gearbox's condition?,2
What are the specific challenges in preprocessing and cleaning sensor data for wind turbine gearbox anomaly detection?,2
"How do acceptable limits for contaminants, degradation, and wear vary based on the type of wind turbine gearboxes?",2
"What are the best practices for setting up a monitoring system for wind turbine gearboxes, including sensor placement and data collection frequency, to ensure accurate and reliable data analysis?",1
How does oil analysis help in monitoring the condition of a wind turbine gearbox?,2
Can you explain the specific requirements and recommendations for monitoring and detecting anomalies in wind turbine gearboxes as per the IEC 61400-24 standard?,2
Can you provide any specific examples of how incorporating external factors into the anomaly detection model has improved its accuracy and effectiveness?,1
How does insufficient lubrication contribute to the failure modes in wind turbine gearboxes?,1
"What are the challenges associated with implementing drone technology for wind turbine gearbox inspections, and how can these challenges be addressed?",2
Can you provide examples of feature selection techniques that have been found to be effective in identifying relevant features for wind turbine gearbox anomaly detection?,2
How is the data from different sensors combined to detect anomalies in wind turbine gearboxes?,1
Are there any specific materials that are more appropriate than others in minimizing the degradation mechanisms caused by environmental factors in wind turbine gearboxes?,2
Can you provide more details on the common causes of false positives and false negatives in wind turbine gearbox anomaly detection models?,2
What are the common failure modes and causes that we should look for in the data?,2
"How do supervised learning algorithms, such as support vector machines, random forests, and artificial neural networks, differ in their approach to predicting wind turbine gearbox failures?",2
What are the specific key performance indicators (KPIs) that are critical to monitor for wind turbine gearboxes?,2
How do univariate and multivariate outlier detection methods differ in their approach to identifying and handling outliers in wind turbine gearbox sensor data?,2
"What are the challenges in implementing preventive maintenance measures for wind turbine gearboxes, and how can they be addressed?",2
Can you provide any specific cases where a robust condition monitoring program has helped prevent wind turbine gearbox failures and reduced downtime?,2
Are there any limitations to using encoders in wind turbine gearboxes and how can they be addressed?,2
What are the best practices for installing a wind turbine gearbox to ensure its longevity and prevent failures?,2
What are the potential benefits of developing wind turbine gearbox anomaly detection models that incorporate external factors?,2
How can we monitor and troubleshoot data connectivity and bandwidth issues in the wind turbine gearbox anomaly detection system to ensure optimal performance?,2
How can regular inspections and vibration monitoring help in detecting and preventing wind turbine gearbox failures?,2
Can you provide examples of specific anomalies that have been detected in wind turbine gearbox sensor data?,2
Can you provide examples of real-world applications where predictive maintenance has significantly improved wind turbine gearbox performance and reliability?,2
How can the data scientist ensure that the anomaly detection model is not overfitting or underfitting the sensor data?,2
How can the operating conditions affect the frequency of sensor calibration in wind turbine gearboxes?,2
How can the performance of an anomaly detection model for wind turbine gearboxes be evaluated and validated using historical data?,1
How do data volume and velocity impact the choice of algorithms or tools used in the predictive maintenance model?,2
How do the common anomalies in wind turbine gearboxes impact the overall efficiency and profitability of wind energy systems?,2
Are there any regulatory requirements or industry standards that specifically address the use of sensor data and anomaly detection models in wind turbine gearboxes?,2
"What are the current methods used for detecting and quantifying anomalies in wind turbine gearbox sensor data, and what are their limitations?",2
How can data scientists help in monitoring and predicting the optimal lubrication schedule for wind turbine gearboxes?,2
"What are the current challenges in implementing advanced technologies like digital twin, PHM, and Industry 4.0 in wind energy sector and how can they be addressed?",2
How does the size and capacity of wind turbines affect the selection of sensor threshold values for gearbox monitoring?,2
Are there any specific industry standards or guidelines for wind turbine gearbox performance and reliability?,2
How do filters and wavelet denoising techniques help in minimizing noise in wind turbine gearbox sensor data?,2
How can Reliability Centered Maintenance (RCM) software help in identifying the most effective maintenance strategies for wind turbine gearboxes?,2
Can you provide some examples of abnormal behavior or trends that condition monitoring can detect in wind turbine gearboxes?,2
How do these predictive maintenance systems integrate with the existing infrastructure and what are the challenges faced during integration?,2
Can you suggest some strategies to validate and evaluate the performance of the anomaly detection model in wind turbine gearbox applications?,2
"How can the implementation of sensor technologies and data analysis for wind turbine gearbox monitoring be optimized to balance cost, performance, and reliability?",2
How can we address the challenges and limitations of using sensor data to improve the accuracy of anomaly detection in wind turbine gearboxes?,2
What are the key factors to consider when predicting and preventing failures in wind turbine gearboxes using predictive maintenance strategies?,2
"What are the most common failure modes for wind turbine gearboxes, and how can preventive maintenance help address them?",2
What are the challenges faced in implementing data-driven predictive maintenance in wind turbine gearboxes?,2
What are the best practices for monitoring and addressing the effects of grid connection and power fluctuation on wind turbine gearbox failure rates?,2
"How can the performance of the anomaly detection model be evaluated and validated, and what metrics are commonly used for this purpose?",2
"How is temperature monitoring calibrated to detect abnormal heat levels in the wind turbine gearbox, and what are the thresholds for triggering an anomaly alert?",2
What specific sensors are used to collect data for wind turbine gearbox anomaly detection?,1
"What are the most important features or variables that should be included in the machine learning models for wind turbine gearbox anomaly detection, and how can we select them?",2
"Are there any specific types of corrosion or deposit formation that are more common in wind turbine gearboxes, and how can they be prevented?",2
How do insufficient lubrication and its impact on sensor data contribute to the failure modes in wind turbine gearboxes?,2
How does predictive maintenance use historical data and real-time sensor readings to predict when a gearbox is likely to fail?,2
Can you explain the process of preprocessing the sensor data for the anomaly model?,2
Can you explain the process of vibration analysis and how it is used for fault detection in wind turbine gearboxes?,2
How can we ensure that the anomaly detection model is continuously monitored and updated to maintain its accuracy and effectiveness?,2
What are the benefits of using sensor data to predict and prevent wind turbine gearbox failures?,2
"Can you explain the threshold values for temperature, vibration, and noise that indicate early signs of failure or degradation?",1
How does normalization of the data impact the performance of the anomaly detection model?,2
How does the Failure Modes and Effects Analysis (FMEA) help in determining the severity and detectability of wind turbine gearbox failure modes?,2
How do the maintenance practices for wind turbine gearboxes compare to those for other types of industrial equipment?,2
How can data quality be ensured when collecting and analyzing wind turbine gearbox sensor data?,2
What are the challenges in implementing a proactive approach to monitoring and maintaining wind turbine gearboxes?,2
What are the benefits of customized sensor solutions in wind turbine gearboxes compared to traditional sensor systems?,2
Can you provide specific examples of improper operator practices that can lead to potential damage in wind turbine gearboxes?,1
What are the recommended actions to be taken for ensuring proper calibration and maintenance of the sensor-based monitoring system?,2
How do protective enclosures help in preventing sensor degradation due to extreme temperatures and humidity?,2
What are the challenges in collecting and analyzing historical data for wind turbine gearboxes and how can they be addressed?,1
"What are the best practices for interpreting and communicating the model's output to maintenance personnel, and how can we ensure that the model's explainability aligns with their needs?",2
What are the most critical data quality issues to address and how can they be mitigated to improve failure detection?,2
What are the most effective methods for validating and verifying the accuracy and reliability of a wind turbine gearbox anomaly detection model?,2
Are there any regulatory or industry-specific requirements related to wind turbine gearbox anomaly detection that should be considered in the model development process?,2
What are the potential safety risks associated with wind turbine gearbox failures and how can they be mitigated through the use of an anomaly detection model?,2
How can the cooling system prevent overheating in wind turbine gearboxes?,2
"What specific information can be obtained from oil analysis regarding the gearbox's lubrication and contamination status, and how can this information be used to detect potential issues such as wear, corrosion, or contamination?",2
How are the underlying causes of each failure mode determined and classified using a standardized failure code?,2
"Can you discuss the importance of monitoring and maintenance practices, such as oil analysis and vibration analysis, in detecting potential failures in the wind turbine gearbox?",2
How do different types of wind turbine gearbox designs affect the ideal lubricating oil properties and corresponding oil analysis sensor readings?,2
Can you explain the role of data preprocessing and feature engineering in the development of an anomaly detection model for wind turbine gearboxes?,2
Are there any specific data security or privacy requirements that need to be considered in the development and deployment of the anomaly model?,1
How can sensor data be used to predict failures in wind turbine gearboxes?,1
How do substandard materials affect the overall performance and reliability of wind turbine gearboxes?,2
What are the current challenges and future research directions in the field of wind turbine gearbox reliability and performance improvement?,2
"How does fatigue differ from wear, corrosion, erosion, and overheating in the context of wind turbine gearbox failures?",2
Can you suggest any specific tools or software that are commonly used for addressing data quality issues in wind turbine gearbox sensor data?,2
"How are the failure codes assigned to the different components of a wind turbine gearbox, and who is responsible for this process?",2
Can you explain how operating conditions can exceed the component's design limits and lead to gearbox failures?,2
How can regular inspections and maintenance help to identify the early signs of failure in wind turbine gearboxes?,2
How does regular monitoring and analysis of sensor data help detect anomalies and prevent catastrophic failure?,2
How do the severity levels of the failure modes impact the maintenance and repair of wind turbine gearboxes?,2
How often are the severity ratings reviewed and updated in the FMEA analysis?,2
Can you provide more information on the preventive maintenance measures that can be taken to improve the reliability of wind turbine gearboxes?,2
What role do additives play in the performance of the oil and the gearbox components?,2
How can the severity of failure modes be minimized with accurate documentation?,2
What measures can be taken to ensure data security and privacy in the anomaly detection model?,2
Are there any key performance indicators (KPIs) that have been prioritized in the past for wind turbine gearbox performance monitoring and improvement?,1
What specific design parameters can be modified to increase the gearbox's resistance to overloading?,2
How can the accuracy and reliability of the sensors used to measure environmental factors and other variables in wind turbine gearboxes be validated and verified?,2
Can you explain the process of how advanced analytics and machine learning are used in predictive maintenance for wind turbine gearboxes?,2
How can contamination control be effectively managed during the installation process?,2
Can you provide more information on the type of sensors used to measure temperature and humidity in wind turbine gearboxes?,2
How can real-time monitoring and alerting mechanisms be optimized for wind turbine gearbox anomaly detection?,2
How does real-time monitoring of normalized sensor data help in preventing failures and optimizing performance of wind turbine gearboxes?,2
Can you elaborate on the types of sensors and data acquisition methods used in collecting data for the model?,2
Can you provide any case studies of wind turbine gearbox performance improvement through the implementation of these measures?,2
How does high humidity lead to corrosion and condensation in wind turbines?,2
How does regular lubrication prevent significant issues from occurring in wind turbine gearboxes?,2
What specific inspection techniques are recommended for detecting potential issues in wind turbine gearboxes before they become critical?,2
What measures can be taken to protect privacy and maintain security while integrating data from multiple sources?,2
"How does the anomaly detection model account for operational patterns, such as start-up, shut-down, and idling periods, in the sensor data to ensure accurate anomaly detection?",2
"Can you provide more details on the degradation mechanisms such as fatigue, corrosion, wear, and pitting, and how they can be prevented in wind turbine gearboxes?",2
"How do anomaly detection models contribute to the overall success of wind turbine gearbox operations, and what specific benefits do they provide?",2
What types of patterns or trends in historical data indicate potential overheating issues in wind turbine gearboxes?,2
What are the challenges in monitoring and assessing the condition of wind turbine gearboxes in the field?,2
What are the emerging trends in wind turbine gearbox maintenance that leverage historical data analysis and predictive maintenance?,2
"How can data and feedback be used to continuously improve the maintenance program for wind turbine gearbox components, and what specific metrics should be tracked to measure its effectiveness?",2
How do maintenance strategies for onshore and offshore wind turbines differ due to their unique factors and potential anomalies?,2
How does overheating affect the performance and lifespan of a wind turbine gearbox?,2
What are the consequences of not using ESA in conjunction with other predictive maintenance techniques for wind turbine gearboxes?,2
Can you provide examples of common component faults that can be indicated by vibrations and noise in a wind turbine gearbox?,2
"Can ESA be used to detect failures in other components of the wind turbine, or just the gearbox?",2
How can anomaly models help reduce downtime and maximize the lifespan of wind turbine gearboxes in various environmental conditions?,2
How does the historical data of maintenance and repair history help in the predictive maintenance of the wind turbine gearbox?,2
Can you provide examples of irrelevant or erroneous data that may need to be removed during data cleaning for wind turbine gearbox sensor data?,2
"How can we ensure that the selected features after applying PCA, t-SNE, and RFE align with the physical meaning of the sensor data and the failure modes of the wind turbine gearbox?",2
How can the anomaly model be used to support the development of a predictive maintenance strategy for the wind turbine gearbox?,1
How can data quality be assessed and monitored to determine the optimal updating frequency for the model?,2
What are the best practices for implementing regular monitoring and analysis of sensor data for wind turbine gearboxes?,2
Can you explain the role of machine learning and artificial intelligence in wind turbine gearbox anomaly detection?,2
How can poor maintenance practices lead to housing deformation in wind turbine gearboxes?,2
Can you explain how the failure codes can be used to train the maintenance personnel for wind turbine gearboxes?,2
"What are the challenges in analyzing sensor data for wind turbine gearboxes, and how can they be addressed?",2
"What are the most common types of failures or anomalies in wind turbine gearboxes, and how can they be identified using data analysis techniques?",2
"Can thermal expansion and changes in gear mesh due to temperature fluctuations be quantified, and how do these changes impact the efficiency and lifespan of wind turbine gearboxes?",2
What are the best practices for proper lubrication of wind turbine gearboxes to prevent failure modes?,2
Can you provide examples of controlled experiments that can be conducted to generate additional data for gearbox anomaly detection models?,2
"Can vibration and noise level data be used in conjunction with power output data to detect mechanical wear, lubrication problems, and other faults in wind turbine gearboxes?",2
"Can you provide more details on the importance of early detection of potential issues in wind turbine gearboxes, and how it can help reduce downtime and repair costs?",2
How can the data from sensors be used to support the development of a digital twin for wind turbine gearboxes?,2
"How do different types of wind turbine gearboxes (e.g. planetary, parallel, etc.) impact the likelihood and severity of gearbox failures?",2
How can regular inspections and monitoring be optimized to detect wind turbine gearbox degradation and failure earlier?,2
How can wind turbine operators optimize their maintenance strategies based on sensor data analysis?,2
Can you explain the impact of inadequate lubrication on wind turbine gearbox failure modes?,2
"What are the challenges in implementing data visualization techniques for monitoring wind turbine gearbox performance, and how can they be addressed?",2
How do oil analysis sensors aid in identifying issues with the lubricating oil in wind turbine gearboxes?,2
"Are there any new or emerging technologies that show promise in predicting wind turbine gearbox failures and degradation, and how do they compare to more established methods such as condition monitoring, oil analysis, and FEA?",2
Are there any specific data analysis techniques or machine learning algorithms that have been effective in detecting anomalies in wind turbine gearbox sensor data?,1
"How does the type, size, operating conditions, and maintenance practices of the wind turbine impact the specific sensors and monitoring strategies used for reliability analysis?",2
How can the data from wind turbine gearbox sensors be used to improve the communication and collaboration between the different stakeholders in the wind energy industry?,2
"What are the potential consequences of not addressing anomalies in wind turbine gearboxes, and how can the model help prevent costly downtime?",2
Are there any specific environmental factors that have a significant impact on the failure rate of wind turbine gearboxes?,1
Can you discuss any future research directions in the application of data visualization techniques for predictive maintenance of wind turbine gearboxes?,2
"What types of sensors are typically used for monitoring wind turbine gearboxes, and what specific data do they measure?",2
"What are the common causes of wear, fatigue, and other types of damage in wind turbine gearboxes?",2
Can you provide any case studies or examples of wind turbine gearbox failures and how they were addressed?,2
How does the model help in predictive and preventive maintenance of wind turbine gearboxes?,2
How can wind turbine operators ensure adequate lubrication to prevent failure modes?,2
"How do the failure modes of wind turbine gearbox components differ between onshore and offshore wind farms, and how should this impact the anomaly detection model?",2
"In what ways can oil analysis be used to detect early signs of wind turbine gearbox degradation, and how can these results be used to inform maintenance strategies?",2
What are the regulatory requirements that can be improved through continuous monitoring of wind turbine gearboxes?,2
What specific components in a wind turbine gearbox are most susceptible to mechanical wear and how does it affect power output?,2
"How can data scientists use machine learning algorithms to analyze the sensor data and detect anomalies in the wind turbine gearbox, and what are the most effective techniques for predicting potential failures before they occur?",1
How can AE analysis be integrated with other predictive maintenance tools and strategies to optimize the performance and safety of wind turbine systems?,2
Can you provide an example of how current signature analysis has been used to detect a specific issue in a wind turbine gearbox?,2
Can you explain the relationship between lubrication problems and power output in wind turbine gearboxes?,2
"What are the consequences of not addressing the common signs of failure in wind turbine gearboxes, and how can this impact the overall performance of the wind turbine system?",2
What are the installation and maintenance history factors that should be considered in a failure modes and effects analysis (FMEA) for a wind turbine gearbox?,2
How can a good understanding of the asset class and its failure modes help predict and prevent failures in wind turbine gearboxes?,2
What are the recommended data preprocessing techniques to minimize false alarms and improve the model's performance?,2
How can domain knowledge be integrated into the feature engineering process for wind turbine gearboxes?,2
How is the lubrication problems being identified and addressed in wind turbine gearboxes?,2
What are the common causes of wind turbine gearbox failures and how can they be detected through sensor data?,2
Can you explain more about the physics-based models used by SGRE in their CBMS?,2
"How can the quality of sensor data be ensured and monitored in wind turbine gearboxes, and what are the best practices for addressing data quality issues?",2
What are the challenges in implementing a sensor-based monitoring system for wind turbine gearboxes and how can they be addressed?,1
How does the frequency spectrum of the vibration signal help in identifying the specific bearing components that are damaged?,2
"What are the latest advancements in wind turbine gearbox materials, designs, or manufacturing processes that can improve their reliability and durability, and what are the trade-offs and limitations of these solutions?",2
"How does fatigue affect wind turbine gearboxes, and what are the typical causes of fatigue-related failures?",1
"What type of sensor data has been collected in the past for wind turbine gearbox performance analysis, and how does it compare to the current sensor data being collected?",1
"What are the most common methods used for condition monitoring of wind turbine gearboxes, and what are their respective advantages and disadvantages?",2
"Can you provide more information on the practical considerations for deploying an anomaly detection model for wind turbine gearbox AE data, such as the required data quality, data processing steps, and trade-offs between false positives and false negatives?",2
How can vibration analysis help in predicting and preventing wind turbine gearbox failures?,2
"How does the FMEA help in preventing failures, reducing downtime and ensuring safe and efficient operation of the wind turbine gearbox?",2
"Are there any specific challenges or limitations in monitoring sensor data from wind turbine gearboxes, and how can they be addressed?",2
What are the recommended high-quality lubricants that are specifically designed for wind turbine gearboxes?,2
Can you explain how the detectability of specific issues can vary depending on the problem in wind turbine gearboxes?,2
What are the best practices for preventive maintenance to prevent overheating issues in wind turbine gearboxes?,2
"How can the anomaly detection model provide a coherent narrative for the wind energy sector, and what are the key elements that should be included in this narrative?",2
Can you provide any case studies or examples of how predictive maintenance has helped prevent failures and improve wind turbine reliability and efficiency?,2
What are the common causes of electrical faults detected through current and voltage monitoring?,2
What are the potential challenges in achieving high accuracy for the anomaly detection model?,2
Can you provide any specific case studies or examples of wind turbine gearbox failures and their impact on wind farm operations?,2
Can you provide more details on the backup and disaster recovery plans for sensor data in the wind energy industry?,2
"Can you provide examples of specific failure modes in wind turbine gearboxes that are considered high severity and low detectability, and how the model addresses these challenges?",2
What are the most common sensors used for wind turbine gearbox monitoring and what parameters do they measure?,2
What are the most common failure modes in wind turbine gearboxes and how can they be identified using data analysis and machine learning techniques?,2
"How can regular inspections, lubrication, and cleaning help detect and prevent wear in wind turbine gearboxes?",2
"How do supply chain issues contribute to the occurrence of anomalies in wind turbine gearboxes, and what types of data can be used to monitor these issues?",2
What are the recommended properties of a lubricant with appropriate water and humidity resistance for use in wind turbine gearboxes?,2
What are the specific consequences of using incorrect components in wind turbine gearboxes?,2
Can you explain more about the operational controls that can be implemented to minimize the risk of gearbox failure?,2
"Could you explain the role of diagnostic procedures in wind turbine gearboxes, and how ISO and IEC standards influence these procedures?",2
How are the predefined conditions for data collection determined and programmed into the system?,2
"How do temperature sensors determine if increased friction is due to degradation or other factors, such as inefficient energy transfer?",2
What types of inspections are most effective in detecting early signs of gearbox wear or damage?,2
Can you explain how Cohen's Kappa is calculated and how it is used to measure the agreement between predicted and true labels in wind turbine gearbox anomaly detection?,2
What are the challenges in implementing these robust signal processing techniques and domain knowledge in the models?,2
What are the challenges faced in achieving low-latency analysis in wind turbine gearbox anomaly detection and how can they be addressed?,2
How can advanced monitoring tools and techniques improve the accuracy and reliability of failure detection?,2
"What are the challenges in implementing a proactive maintenance approach for wind turbine gearboxes, and how can they be addressed?",2
What are the challenges faced in the evaluation of wind turbine gearbox and how to overcome them?,2
How can regular maintenance help in reducing the severity of failure modes in wind turbine gearboxes?,2
What are the specific sensor data points used in predictive maintenance for wind turbine gearboxes?,2
Can you explain how time-frequency analysis and statistical analysis can be used to identify and analyze AE signals in wind turbine gearboxes?,2
How does predictive maintenance differ from reactive maintenance in wind turbine gearboxes?,2
What are the potential consequences of not addressing contamination issues in wind turbine gearboxes?,2
What are the most common degradation mechanisms observed in wind turbine gearboxes and how do they manifest in high-frequency data?,2
How do the severity and frequency of failure modes in wind turbine gearboxes compare to those in other mechanical systems?,2
"What are the challenges in implementing deep learning algorithms for fault diagnosis in wind turbine gearboxes, and how can they be addressed?",2
How does monitoring the condition of lubricant and checking for signs of wear and tear reduce maintenance costs in wind turbine gearboxes?,2
How can the data from wind turbine gearbox monitoring systems be used to prevent catastrophic failures?,2
How can wind farm operators ensure that their maintenance and monitoring practices remain up-to-date with the latest revisions and advancements in the IEC standards and industry best practices?,2
Can you provide examples of installation errors (FME) and design oversights (FDE) that can lead to gearbox failures?,2
"How can wear and tear on wind turbine gearboxes be detected by sensors, and what measures can be taken to ensure accurate data collection in the face of such damage?",2
"How frequently should the anomaly detection model for wind turbine gearboxes be updated, and what factors can affect this frequency?",1
"What are the most common causes of wind turbine gearbox failures, and how can they be prevented through preventive maintenance measures?",2
How can data analytics and machine learning techniques be used to improve the monitoring and predictive maintenance of wind turbine gearboxes?,2
How can the anomaly detection model be adapted to account for differences in wind turbine gearbox design across regions?,2
Are there any specific data governance policies that are critical in ensuring data security and privacy in this context?,2
"How does the IEC 61400-25 standard help in assessing the severity of anomalies in wind turbine gearboxes, and what are the key considerations for implementing it in an anomaly detection model?",2
"How can the anomaly detection model be validated to ensure it meets all relevant safety, environmental, grid code, maintenance, and certification requirements in different regions?",2
What methods can be used to ensure the scalability of the model for multiple wind turbines?,2
Can you provide examples of potential issues that can be identified early by the anomaly detection model?,2
Can you explain how the failure codes can be used to identify the common causes of failures in similar wind turbine gearboxes?,2
"What are the specific temperature ranges that the wind turbine gearbox components should typically operate within, and how can thermocouples and RTDs be used to monitor these temperatures?",2
Can you provide recommendations for standardization and interoperability in wind turbine gearbox maintenance to improve integration and compatibility with existing systems?,2
Can you provide some examples of how modular gearbox designs have reduced downtime and maintenance costs in wind turbines?,2
"What are the best practices for implementing a sensor-based anomaly detection system for wind turbine gearboxes, and what are the potential risks and challenges associated with it?",2
What industry standards and regulations need to be considered in the design and maintenance of wind turbine gearboxes?,2
How is the data collected from these sensors analyzed to identify trends and patterns that may indicate an impending failure?,2
Are there any specific design features or materials that can improve the detectability of failure modes in wind turbine gearboxes?,2
How does material selection play a role in preventing housing cracking in wind turbine gearboxes?,2
"What steps can be taken to address minor pitting or spalling on wind turbine gear teeth, and why is it important to address these issues even if they do not significantly impact performance or reliability?",2
"How can a proactive and comprehensive approach to predicting and preventing failures in wind turbine gearbox systems be implemented, and what role does addressing sensor data noise or interference play in this approach?",2
How do supply chain issues contribute to the failure of wind turbine gearboxes?,1
Can you explain the role of each component in the wind turbine gearbox and how they contribute to its overall functionality?,2
"How can contamination be controlled in wind turbine gearboxes, and what are the best practices for monitoring contamination levels?",2
"Can you provide more information on the FMEA analysis, and how it can help predict and prevent failures in the wind turbine gearbox?",2
How do advanced condition monitoring systems in wind turbine gearboxes differ from those in other industrial equipment?,2
What are the best data quality control processes to address missing data in wind turbine gearbox sensor data?,2
Can you give examples of some specific failure modes in wind turbine gearboxes and how domain-specific knowledge can be used to identify and develop anomaly detection models for them?,2
How can data from multiple wind turbines be used to improve the performance of an anomaly detection model?,2
How is timely maintenance carried out once faults are detected through monitoring power output data in wind turbine gearboxes?,2
"What are the potential consequences of not implementing predictive maintenance for wind turbine gearboxes, and how can anomaly detection models help mitigate these consequences?",2
What are the key performance indicators used to measure the success of wind turbine gearbox anomaly model development efforts?,2
"How do outliers affect the wind turbine gearbox anomaly detection model, and what are the common methods to handle them?",2
Are there any other methods for detecting issues in wind turbine gearboxes besides monitoring the lubricating oil's condition?,2
What are the most common challenges faced when monitoring wind turbine gearboxes and how can data scientists help overcome these issues?,2
"How do lubrication oil analysis sensors, like viscometers, particle counters, or spectrometers, monitor the condition of the lubrication oil, and what changes in the oil's properties indicate contamination, degradation, or wear in the gearbox components?",2
"How can the use of sensor data improve the design of wind turbine gearboxes, increase reliability, availability, and efficiency, and reduce maintenance costs?",2
"What are the common causes of overheating in wind turbine gearboxes, and how is it detected using temperature monitoring?",2
"How can the insights gained from wind turbine gearbox anomaly detection models be used to inform the design and operation of future wind energy conversion systems, and what opportunities exist for further research and development in this area?",2
How does the continuous monitoring of sensor data contribute to the early detection of gearbox anomalies?,2
"What are the typical signs of each failure mode, and how can data scientists identify them through monitoring and analysis?",2
How can wind turbine operators ensure that the machine learning models used for predictive maintenance are regularly evaluated and updated?,2
"What are the best practices for maintaining wind turbine gearboxes and preventing failures, and how can sensor technologies and data analysis support these practices?",2
How can the communication of the anomaly detection model with other systems be optimized for preventive maintenance?,2
"How can data quality issues like missing data, noisy data, and outliers be addressed to ensure accurate anomaly detection in wind turbine gearboxes?",2
Can you explain the process for reporting and communicating sensor data analysis results among the different stakeholders?,2
How the effectiveness of the RCM program can be measured after implementing the FMEA process?,2
How does cloud-based deployment of anomaly detection models help wind energy companies improve maintenance efficiency and increase profitability?,2
Can you explain how the anomaly detection model contributes to maintaining the long-term health and reliability of wind turbine systems?,2
How can regular checks of the lubricant level and quality be performed in a wind turbine gearbox?,2
"Can you provide more details on the typical failure modes of wind turbine gearboxes, such as wear and tear, fatigue, and corrosion? What are the main causes of these failure modes?",2
How can we ensure that the established baselines and thresholds for the anomaly detection system are accurate and effective in minimizing false positives and negatives?,2
Are there any industry standards or guidelines for monitoring and controlling environmental factors to ensure accurate sensor readings in wind turbine gearboxes?,2
"How can machine learning techniques be applied to wind turbine gearbox anomaly detection, and what specific algorithms could be used to address the system's complexity and limited data availability?",2
"How will the performance of the anomaly model be validated, and what metrics will be used to measure its success?",1
How does segregating sensor data from other data sources help in maintaining data privacy and security?,2
How can we determine the appropriate sampling rate and resolution for the sensors to ensure accurate data collection while minimizing data storage and transmission costs?,2
How can the data from different sensor types be combined and analyzed to detect anomalies in wind turbine gearboxes?,2
Are there any other failure modes that should be considered when developing an anomaly detection model for wind turbine gearboxes?,2
How can the implementation of an anomaly model improve the overall performance of wind turbine gearboxes?,2
What are the consequences of not implementing event-based data collection in wind turbine gearboxes?,2
How can advanced monitoring and diagnostic tools help detect potential failures before they occur and reduce the risk of unplanned downtime?,2
"How can the performance of the anomaly detection model be evaluated, validated, and improved over time, and what metrics can be used for this purpose?",2
What types of sensor data are commonly used for real-time anomaly detection and condition-based maintenance in wind turbine gearboxes?,2
Can you explain the role of machine learning and AI in sensor-based monitoring for wind turbine gearboxes?,2
What are the best practices to ensure the wind turbine gearbox operates within design limits?,2
How can we ensure that the normalization technique used is consistent with the physical properties and units of the sensor data?,2
Can you explain the importance of a proactive and data-driven approach to monitoring and maintaining wind turbine gearbox components?,2
"Can you discuss any recent advancements in predictive maintenance techniques for wind turbine gearboxes, and how they help prevent failure modes?",2
"What are the most common failure modes and degradation mechanisms in wind turbine gearboxes, and how do they affect the detectability of changes in temperature, vibration, and noise patterns?",2
How often should a regular maintenance schedule be implemented for ensuring that the lubrication system is properly maintained in a wind turbine gearbox?,2
"What are the regulations and standards related to condition monitoring of wind turbine gearboxes, and how do they impact the implementation of a condition monitoring program?",2
"How can wear, corrosion, and fatigue affect the performance and lifespan of wind turbine gearboxes?",2
How are severity and detectability ratings for failures in wind turbine gearboxes determined through regular monitoring and analysis?,2
"How is the machine learning model evaluated, and what metrics are used to measure its performance?",2
What are the future trends and research directions in wind turbine gearbox failure analysis and predictive maintenance?,2
"What are the common signs of tooth cracking, pitting, and spalling in wind turbine gearboxes?",2
"How do the different analysis techniques (time-domain, frequency-domain, and time-frequency) compare in their effectiveness in detecting various failure modes in wind turbine gearboxes?",2
Can you explain how the use of anomaly detection techniques aligns with the growing demand for renewable energy and the need for reliable and efficient wind turbine gearboxes?,2
How can the data from sensor fusion be used to improve the accuracy and reliability of wind turbine gearbox anomaly detection?,2
What are the potential consequences of not addressing misalignment issues in wind turbine gearboxes?,2
Can you provide more details on the KPIs used to evaluate the performance of the anomaly detection model for wind turbine gearboxes?,2
Can you provide more details on the specific sensors used in wind turbine gearbox condition monitoring and their roles in detecting different failure modes?,2
"How is the effectiveness of failure prevention and prediction measures evaluated, and what steps are taken if they are found to be inadequate?",2
What are the benefits of integrating physical models of the gearbox with data from sensors in model-based monitoring?,2
What are the most common variables that cause wear and tear in wind turbine gearboxes?,2
"What specific inspection methods are most effective in detecting the different types of gear teeth degradation mechanisms, such as wear, pitting, spalling, scoring, and corrosion?",2
"Can you explain how vibration, temperature, and current sensor data can indicate different types of failure modes in wind turbine gearboxes?",2
"How does the cost of false positives or false negatives impact the choice of evaluation metrics, including RMSE, in the wind turbine gearbox anomaly detection model?",2
"Are there any other factors, besides wear and tear, fatigue, and contamination, that can contribute to the failure of wind turbine gearboxes?",2
"How do the common failure modes of wind turbine gearboxes (gear tooth damage, bearing failure, and lubrication issues) impact the selection of sensors and the design of the anomaly detection model?",2
"Can power curve analysis be applied to different types of wind turbines, and what are the considerations for each type?",2
"What are the specific installation practices that can lead to increased wear and tear, vibration, and noise in wind turbine gearboxes, and how can they be avoided?",2
"What are the expected consequences of catastrophic failure and degradation in terms of downtime, repair costs, and efficiency loss?",0
Can you provide more details on the common failure modes of wind turbine gearboxes that this anomaly detection model will be able to identify?,2
How does the model handle multiple simultaneous anomalies or complex failure modes in wind turbine gearboxes?,2
What are the most common sensors used to collect data for wind turbine gearbox anomaly detection?,2
Can you provide any case studies or examples of successful monitoring and analysis programs for wind turbine gearboxes?,2
Can you explain how domain expertise is used to enhance the accuracy and reliability of the model?,2
"How can the model help reduce downtime and maintenance costs, and what are the specific benefits of real-time monitoring and alerts?",2
How does machine learning help in improving the accuracy and robustness of the anomaly model for wind turbine gearbox asset class?,2
What are the specific monitoring systems that can be used to detect oil leakage in wind turbine gearboxes at an early stage?,2
What are the specific challenges in developing an anomaly detection model for wind turbine gearbox applications?,2
What are the specific factors that contribute to the high failure rate of wind turbine gearboxes?,1
How can design or manufacturing defects be identified and addressed promptly to prevent oil leakage in wind turbine gearboxes?,2
"What are the specific temperature and humidity ranges that are considered normal for wind turbine gearboxes, and how can this information be used to improve the accuracy of the anomaly detection model?",2
What are the specific consequences of wind turbine gearbox failures in terms of downtime and repair costs?,2
How is the data from these sensors collected and processed for analysis?,1
What are the specific challenges associated with integrating sensor-based monitoring systems in different types of wind turbine infrastructure?,2
Can you provide more information on the specific maintenance measures that can be taken based on the insights provided by these anomaly models?,2
Are there any specific combinations of weather conditions that have a high correlation with failures in wind turbine gearboxes?,2
"What are the challenges in detecting and monitoring gear teeth wear and tear in wind turbine gearboxes, and how can they be addressed?",2
Can you explain how thermography can be used as a predictive maintenance tool for wind turbine gearboxes?,2
"What are the most common sensor types used for detecting failures in wind turbine gearboxes, and what specific failure modes do they typically detect?",2
"What are the key challenges in incorporating external factors into wind turbine gearbox anomaly detection models, and how can these challenges be addressed?",2
How do thermal degradation and contamination affect the performance and lifespan of wind turbine gearboxes?,2
"Are there any other factors, besides temperature, vibration, noise, and power consumption, that can indicate a failure in the wind turbine gearbox?",2
Are there any regulations or industry standards that govern the data collection frequency and pattern for wind turbine gearbox monitoring and anomaly detection?,1
How do wind turbine gearboxes differ from other industrial gearboxes in terms of sensor usage and failure detection?,2
Can you explain how Min-Max Normalization and Z-Score Normalization differ in their approach to scaling sensor data?,2
How can we ensure the quality of sensor data used for the anomaly detection model?,2
"What strategies are typically employed for error analysis, and how can iterative improvements be implemented effectively?",2
How do AE sensors compare to other types of non-destructive testing methods for wind turbine gearboxes?,2
Can you provide more details on the process of documenting and updating the FMEA regularly?,2
How often should calibration checks and adjustments be performed to mitigate calibration errors in wind turbine gearbox sensor data?,2
"How do regular maintenance and condition monitoring activities help in early detection and prevention of gear teeth failure, and what specific activities are most beneficial?",2
Can you explain how machine learning algorithms are used in CMS and what types of algorithms are commonly used?,2
How do you adjust or replace bearings in wind turbine gearboxes to prevent gear teeth wear and tear?,2
How can the sensor data be used to detect and diagnose anomalies in the wind turbine gearbox that are caused by supply chain issues or other external factors?,1
How does the severity of a failure mode impact the maintenance and repair of a wind turbine gearbox?,2
Can you provide some examples of the features that are commonly extracted from the sensor data for machine learning analysis?,2
What are the key failure modes and effects that are commonly identified in wind turbine gearbox FMEA analysis?,2
Are there any new technologies or advancements in the field of wind turbine gearbox design and maintenance to prevent fatigue-related failures?,2
"How is the temperature, vibration, and noise data collected from the sensors? Is it a continuous process or done at regular intervals?",1
"What are the most common degradation mechanisms that lead to failure modes in wind turbine gearboxes, and how are they addressed in the FMEA?",2
"What are the major challenges in implementing anomaly models for predicting the RUL of wind turbine gearbox components, and how can they be addressed?",2
"What are the specific signs of damage, wear, or degradation that data scientists should look for during visual and physical checks of wind turbine gearbox components?",2
How can regular monitoring and timely maintenance help in improving the accuracy of anomaly models in wind turbine gearboxes?,2
How do the sensors' data influence the decision-making process for maintenance and repair actions?,2
"What types of predictive models are commonly used for wind turbine gearbox predictive maintenance, and what are their strengths and limitations?",2
"What are the ideal viscosity and color ranges for oil in a wind turbine gearbox, and what changes in these parameters should be considered as potential issues?",2
"What types of mechanical stress and wear and tear are commonly observed in wind turbine gearboxes, and how do they affect the vibration patterns?",2
What are the specific symptoms of overloading or electrical faults in wind turbine gearboxes that current sensors can detect?,2
Can you explain how uneven wear or broken teeth in a wind turbine gearbox cause a measurable vibration pattern at multiples of the rotational frequency?,2
Can you explain how supply chain issues can contribute to the use of substandard components in wind turbine gearboxes?,2
"How can the sensor data be used to identify and diagnose the root cause of the detected anomalies, and what tools and techniques are available for this purpose?",2
"What are the challenges in collecting high-quality historical data on wind turbine gearboxes, and how can these challenges be addressed?",2
"What are the challenges in building an effective anomaly detection model for wind turbine gearboxes, and how can they be addressed?",2
Can you provide more information on how cross-validation can be used to assess the model's performance in detecting anomalies in unseen data?,2
What specific data analysis techniques and tools are most effective in detecting and predicting wind turbine gearbox failures?,2
How does early detection of wind turbine gearbox failures lead to increased asset availability?,2
Can you provide any real-world examples or case studies of successful implementation of data imputation and estimation techniques in wind turbine gearbox sensor data?,2
What are the common visual inspection checkpoints in a wind turbine gearbox and what should be the ideal condition?,2
Are there any regulatory or industry standards that should be considered when developing an anomaly detection model for wind turbine gearboxes?,2
Can you explain how high wind speeds contribute to increased vibration and stress on the gearbox components?,2
"What are the most common types of wind turbine gearbox failures, and how do they differ in terms of severity and detectability?",2
How do the consequences of gear tooth failure in wind turbine gearboxes differ from those in other industrial machinery?,2
How will the model handle missing or corrupted data from the sensors?,2
Are there any specific data imputation or estimation techniques that are needed for the sensor data to be used in the anomaly model?,1
What are the key requirements of the IEC 61400-25 standard for wind turbine gearbox monitoring and data-driven maintenance?,2
How can we ensure that the anomaly detection model is robust to outliers and extreme values in the sensor data?,2
How does the experience of maintenance engineers contribute to setting thresholds in CMS?,2
How do you measure the impact of the preventive maintenance program on the health and safety of the maintenance personnel?,2
How does training contribute to the overall reliability of wind turbine gearboxes?,2
"What are the typical operating conditions of wind turbine gearboxes, such as temperature, load, and rotation speed, and how do they impact the risk of failure or degradation?",2
Can you provide more details on the specific failure modes that can be detected by anomaly models in wind turbine gearboxes?,2
How is the sensor data collected and processed to ensure accurate and reliable analysis?,2
Can you explain the impact of insufficient lubrication on the failure modes of wind turbine gearboxes?,2
How do wind energy industry guidelines and standards account for the potential impact of data storage and transmission on data collection frequency and overall monitoring strategy?,2
How can data analytics platforms help wind farm operators optimize their maintenance strategies for wind turbine gearboxes?,2
"How frequently is the sensor data analyzed, and how is the anomaly detection model integrated into the wind turbine gearbox control system?",2
"Can you explain the concept of ""GetrewindFailure"" and its impact on wind turbine operations?",2
What are the specific methods used to detect and diagnose anomalies in wind turbine gearboxes using sensor data?,2
How can regular maintenance and calibration of sensors help mitigate the effects of noise or interference in wind turbine gearbox systems?,2
"Are there any best practices for maintaining wind turbine gearboxes to prevent failures, and how does sensor data fit into these practices?",2
"How frequently were sensors collecting data in the past, and has this frequency changed with the current sensor data collection?",1
"What are the emerging trends and technologies in position sensor technology for wind turbine gearboxes, and how do they address the challenges of harsh operating conditions and the need for early failure detection?",2
Could you provide examples of potential issues in onshore wind turbines that can lead to costly downtime or system failures if not addressed properly?,2
What are the common indicators of early fatigue damage in wind turbine gearboxes that can be detected through oil analysis?,2
"Are there any specific performance metrics or thresholds that the wind turbine gearbox should adhere to, and how can these be used to detect anomalies?",0
How can the anomaly model help in reducing downtime and increasing the lifespan of wind turbine gearboxes?,2
Can you provide some examples of common failure modes in wind turbine gearboxes and how they are affected by the gearbox design?,2
How can the effectiveness of a failure detection and prevention program be measured and evaluated?,2
Can you explain how particle counting is used to detect lubricant contamination?,2
What are the specific mechanical sources in wind turbine gearbox systems that commonly cause noise or interference in sensors?,2
How can monitoring the condition of lubricant and checking for signs of wear and tear help in detecting potential failures early in wind turbine gearboxes?,1
What are the best practices for monitoring and analyzing KPIs and sensor data in wind turbine gearboxes?,2
"Can you explain how the development of these anomaly models is influenced by the need to optimize energy production, reduce maintenance costs, improve safety, and ensure regulatory compliance in wind turbine operations?",2
What methods can be used to ensure that wind turbine gearboxes operate within required standards?,2
Can you provide examples of specific inaccurate predictions that can result from the presence of noise and interference in sensor data for wind turbine gearbox anomaly detection?,2
"What are the benefits of ensuring that operators are aware of potential failure modes, and how can this be accomplished?",2
How do these research efforts compare to traditional methods of fault detection and diagnosis in wind turbine gearboxes?,2
What is the recommended frequency for regular inspections and maintenance of wind turbine gearboxes to prevent any issues from escalating?,2
"How can continuously monitoring the wind turbine gearbox's condition provide real-time data, and how can it be used to improve maintenance and reduce costs?",2
Can you explain how high humidity levels can cause condensation inside the gearbox and what are the potential effects of this condensation?,2
"How can the collaboration between reliability engineers, data scientists, and subject matter experts be optimized for the development of an accurate anomaly model?",2
How can a proactive and data-driven approach help in predicting and preventing failures in wind turbine gearboxes?,2
How can we ensure that the sensor data is of high quality and available for use in the anomaly detection model?,2
Can you provide examples of specific anomalies that the models have been able to detect and how they were addressed?,2
How is the data collected from the sensors transmitted and processed to enable real-time monitoring of the gearbox's condition?,2
What specific inspections or maintenance activities would be most effective in detecting and preventing wind turbine gearbox failures?,2
"How is the sensor data used to inform decision-making related to the wind turbine gearbox, such as replacement or upgrades?",2
What are the potential consequences of not addressing the challenges associated with deploying and maintaining an anomaly detection model in wind turbine gearboxes?,2
How can regular oil analysis help in reducing the overall maintenance costs of wind turbine gearboxes?,2
Can you discuss the role of artificial intelligence and machine learning in wind turbine gearbox maintenance and repair?,2
Can you provide examples of grid code requirements that may affect the connection of wind turbines to the electrical grid in different regions?,2
Can you provide examples of common issues that can be identified through regular inspections and condition monitoring?,2
What methods can be used to detect anomalies in the early stages of development in wind turbine gearboxes?,2
"What are the challenges and limitations of vibration analysis in wind turbine gearboxes, and how can they be addressed?",2
What specific sensors are typically used to monitor wind turbine gearboxes and detect potential failure modes?,2
Can you provide any case studies or examples of successful implementation of predictive maintenance strategies for wind turbine gearboxes?,2
What are the advantages of using cooling fans or heat exchangers in thermal management systems for wind turbine gearboxes?,2
Can you explain in detail how condition monitoring systems use sensors and machine learning algorithms to detect signs of wear and damage in wind turbine gearboxes?,2
Can you explain the process of lubricant analysis in detecting early signs of failure modes?,2
How do the sampling frequency recommendations for wind turbine gearboxes compare to those for other components in a wind turbine system?,2
How do machine learning algorithms help distinguish between normal and abnormal behavior in wind turbine gearbox high-frequency data?,2
Can you provide more details on how temperature affects the thermal stress and increased wear and tear in wind turbine gearboxes?,2
How do environmental factors and remote locations impact the maintenance and monitoring of wind turbine gearboxes?,2
Can you explain the role of data security and privacy in the context of wind turbine gearbox data collection and analysis?,2
What are the specific inspection techniques used to detect early signs of gear tooth failure in wind turbine gearboxes?,2
How do the guidelines provided by the National Renewable Energy Laboratory (NREL) and DNV GL help in predicting and preventing failures in wind turbine gearboxes?,2
How does contamination of the lubrication system contribute to the failure of wind turbine gearboxes?,2
How does prioritizing the maintenance and repair of wind turbine gearboxes impact the overall reliability and availability of the wind turbine system?,2
"How do failure codes help in understanding the type and location of the failure, and what actions can be taken to prevent future failures based on that information?",1
Has a deployment location or environment been preferred for past wind turbine gearbox anomaly,1
What are the best practices for monitoring and auditing data security and privacy measures in a wind turbine gearbox anomaly detection system?,2
Can you provide examples of monitoring and diagnostic systems currently used to detect potential failure modes in wind turbine gearboxes?,2
What specific machine learning algorithms have been found to be most effective in identifying patterns that may indicate potential wind turbine gearbox failures?,2
How can domain knowledge and expert judgment be incorporated into the development of these models?,2
What are the common causes of lubrication problems in wind turbine gearboxes?,2
What are the specific regulatory and compliance requirements to be considered when developing the anomaly detection model for wind turbine gearbox systems?,2
"What are the consequences of not addressing degradation mechanisms in wind turbine gearboxes, and what are the potential costs associated with failure?",2
What are the regulatory requirements and operational constraints that should be considered when aligning the model with business objectives?,2
How does CMS differentiate between normal and abnormal operating conditions in wind turbine gearboxes?,2
What are the best practices for conducting regular inspections on wind turbine gearboxes to detect potential failures?,2
Can you provide more details on the data governance framework that should be established for managing wind turbine gearbox sensor data?,2
How do these software tools support the integration and compatibility with various sensor types used in wind turbine gearboxes?,2
What are the most common types of gearboxes used in wind turbines and what are their specific failure modes?,2
How does the anomaly model help in identifying the potential failure modes of the various components and subcomponents of the gearbox?,2
Are there any advantages of using deep learning methods over statistical and machine learning methods in anomaly detection for wind turbine gearboxes?,2
"How can data scientists use machine learning algorithms to predict and mitigate the impact of external factors, such as weather conditions, on wind turbine gearbox failure modes?",2
"How do common failure modes such as gear tooth wear, bearing failure, and lubrication problems manifest themselves in the data collected by the sensors?",2
How does monitoring KPIs and sensor data help in improving the overall performance and lifespan of wind turbine gearboxes?,1
What are the best practices for starting and stopping the wind turbine to minimize the risk of damage to the gearbox?,2
Can you explain the impact of sensor reliability on identifying patterns or trends indicative of potential failures in wind turbine gearboxes?,2
Can temperature sensors be installed in other parts of the wind turbine for comprehensive monitoring and failure prediction?,2
Can you explain how trends in sensor data can be used to predict future wind turbine gearbox failures?,2
How can data scientists collaborate with subject matter experts to improve early detection of wind turbine gearbox failures?,2
"What are the specific sensors used to monitor wind turbine gearbox conditions and how do they measure temperature, vibration, and lubricant levels?",2
Can you explain how CPT-Wind IIoT and OData contribute to the data formats and security of the sensor data for the wind turbine gearbox?,2
What are the critical factors to consider when determining the calibration frequency for sensors in wind turbine gearboxes?,2
Can you provide any case studies or examples of wind turbine gearbox failures caused by temperature and humidity?,2
"How do wireless communication technologies like LoRaWAN, Zigbee, or Bluetooth facilitate data transmission in this context?",2
What are the industry best practices for preventing misalignment in wind turbine gearboxes?,2
What are the best practices for collecting and analyzing sensor data that accounts for environmental factors affecting the wind turbine gearbox?,2
How does the severity of issues detected through lubrication oil analysis impact the cost and effectiveness of maintenance?,2
"How do these additional parameters vary between different types of wind turbines or gearbox designs, and what modifications would be needed to adapt the anomaly detection model accordingly?",2
"What specific data quality issues are common in wind turbine gearbox sensor data, and how can they be identified and corrected during data preprocessing?",2
What are the specific types of sensors used by SGRE and GE in their predictive maintenance approach for wind turbine gearboxes?,2
What are the specific challenges in selecting the most appropriate data fusion or integration technique for wind turbine gearbox asset class?,2
"How do the new sensor technologies and configurations, such as fiber optic sensors and acoustic emission sensors, provide more accurate and reliable measurements of the gearbox condition?",2
Are there any specific maintenance practices that can ensure efficient and reliable wind turbine operation?,2
"How does a well-executed predictive maintenance strategy impact the overall performance, cost, and sustainability of wind turbine operations?",2
Are there any new technologies or advancements in the field of wind turbine gearbox design and maintenance that can help prevent the failure modes mentioned?,1
How can wind farm operators minimize maintenance costs while ensuring the optimal performance and longevity of wind turbine gearboxes?,2
How is the data collected from sensors processed and analyzed to detect anomalies in wind turbine gearboxes?,2
Are there any limitations or challenges in using current sensors for monitoring the condition of wind turbine gearboxes and detecting abnormalities?,2
What are the key factors to consider when selecting appropriate sensors to capture relevant features of wind turbine gearbox failure modes?,2
How does a proactive maintenance program impact the overall performance and profitability of wind turbines?,2
What specific high-frequency vibration patterns should be considered as indicators of gear or bearing damage in a wind turbine gearbox?,2
How can the performance of the anomaly detection model be evaluated and validated?,2
Can you explain the process for regular monitoring of the model's performance and retraining using new data?,2
How is the severity of potential failures determined through sensor data analysis and what are the common maintenance actions taken to prevent catastrophic failures?,2
What types of sensors are commonly used for monitoring wind turbine gearbox conditions and why?,2
How can wind farm operators ensure the security of sensor data and the anomaly detection model in different computing architectures?,2
How often should the gearbox housing be checked for proper sealing to prevent moisture entry?,2
"What are the potential limitations and assumptions of using statistical methods for anomaly detection in wind turbine gearbox sensor data, and how can they be addressed?",2
What are the most common failure modes in wind turbine gearboxes that the anomaly detection model should be able to detect?,2
Can you explain how knowing the failure codes can help in understanding the underlying physical processes that lead to failure in wind turbine gearbox components?,2
"How does environmental factors, such as temperature and humidity, impact the performance and failure rate of wind turbine gearboxes?",2
"Can you elaborate on the feature engineering process, and what techniques are commonly used for this model?",2
How often should the temperature sensors be calibrated to ensure accurate readings?,2
What specific data protection laws and regulations should reliability engineers be aware of when handling wind turbine gearbox sensor data?,2
How are the sensor data from current sensors processed and analyzed in real-time to detect anomalies in wind turbine gearboxes?,2
What are the specific indicators of wear and tear of gear teeth that can be detected through sensor data analysis?,2
How can we ensure that the anomaly detection model is adaptable and scalable to accommodate changes in the volume and velocity of the sensor data?,2
What are the key factors to consider when selecting appropriate algorithms for anomaly detection models in wind turbine gearboxes?,2
What are the common maintenance strategies that can be optimized using sensor data and KPIs monitoring?,1
Can you provide examples of specific PdM techniques used to analyze the data collected from wind turbine gearboxes?,2
What types of vibration patterns are indicative of potential issues in wind turbine gearboxes?,2
What are the common types of contamination that can affect wind turbine gearboxes and how do they typically manifest in sensor data?,2
"How do operational overloads occur in wind turbine gearboxes, and what measures can be taken to prevent them?",2
How can condition monitoring data be used to predict wind turbine gearbox failures before they occur?,2
How will the performance of this model be compared to other existing models for wind turbine gearbox anomaly detection?,2
Can you provide any specific examples of how analyzing sensor data has helped in predicting and preventing wind turbine gearbox failures?,2
Can you explain more about the role of data in the iterative evaluation process?,2
Can you explain the impact of overloading on wind turbine gearboxes and how it can be prevented?,2
Could you provide more details on the failure codes and how they are assigned to specific components and failure modes?,1
How can data scientists use historical data to identify patterns of gearbox failure and develop predictive models for maintenance and replacement?,2
"What are the specific factors that contribute to cyclic loading in wind turbine gearboxes, leading to fatigue failure?",2
"Can you explain the process of preprocessing sensor data, and what are the common techniques used to remove noise, missing values, or outliers?",2
What are the best practices for sensor calibration in wind turbine gearboxes to ensure accurate and reliable sensor data?,2
How do contaminants enter the wind turbine gearbox and what measures can be taken to prevent contamination?,2
How can collaboration with experts enhance the development of an effective anomaly model for wind turbine gearboxes?,2
Are there any new or emerging technologies that are being used or researched for the predictive and preventative maintenance of wind turbine gearboxes?,2
What specific monitoring techniques are recommended to detect and measure fatigue damage in offshore wind turbine gearboxes?,2
What codes are used to categorize wind turbine gearbox failures and what do they represent?,2
What are the best practices for setting up and calibrating these sensors to ensure accurate and reliable data collection for wind turbine gearbox anomaly detection?,2
Can you explain the specific preprocessing techniques used to clean and normalize the historical data?,2
How can machine learning algorithms predict the remaining useful life of wind turbine gearboxes and what are the common algorithms used for this purpose?,2
How can data scientists use the data collected from condition monitoring systems to improve the maintenance and inspection programs for wind turbine gearboxes?,2
Can you provide any examples of successful sensor data monitoring implementations in wind turbine operations that resulted in cost savings and increased efficiency?,2
Can you explain how data from different condition monitoring methods is integrated and analyzed together to provide a more comprehensive view of the gearbox's health?,2
Can you provide any examples of how data normalization has helped in identifying and preventing wind turbine gearbox failures in real-world scenarios?,2
What are the specific data visualization techniques that have been most effective in detecting potential issues with the wind turbine gearbox?,2
How do you evaluate the performance of the anomaly detection model in the presence of noise or interference in wind turbine gearbox sensor data?,2
Can you provide more details on the use of condition monitoring techniques for predicting and preventing wind turbine gearbox failures?,2
Can you explain the role of regular maintenance in preventing contamination in wind turbine gearboxes?,2
What are the advantages and limitations of using unsupervised learning algorithms for fault detection in wind turbine gearboxes?,2
Can you provide any case studies or examples of successful implementations of predictive maintenance for wind turbine gearboxes using sensor data?,2
What are the best practices for documenting the process of handling missing or corrupted data in wind turbine gearbox data?,2
"How does the anomaly detection model differentiate between event-based anomalies, such as lightning strikes, and regular operating conditions in the sensor data?",2
What are the critical sensor data points that should be monitored for an effective anomaly detection model in wind turbine gearboxes?,2
Are there any other methods or techniques used for detecting failures in wind turbine gearboxes besides vibration analysis?,2
What are the challenges in implementing these trends and future directions in wind turbine gearbox predictive maintenance?,2
"How does contamination of the gearbox oil lead to failure, and what are the common sources of contamination?",2
How do anomaly detection models help to improve energy efficiency in wind turbine gearboxes?,2
"Can you explain the importance of using interpretable machine learning algorithms in developing anomaly models for wind turbine gearboxes, and provide examples of such algorithms that can be used?",2
Can you discuss the limitations of using RMSE as the sole evaluation metric for the wind turbine gearbox anomaly detection model?,2
"How can collaboration and knowledge sharing among industry players, researchers, and other stakeholders improve the development of wind turbine gearbox anomaly detection models?",2
How is the data collected from the wind turbine gearboxes and what measures are taken to prevent data loss during the storage process?,2
How does the use of sensor data for anomaly detection impact data-driven decision making in wind energy conversion systems?,2
Can you explain the difference between intrusive and non-intrusive inspection methods for wind turbine gearboxes?,2
What role do high-quality filters play in removing contaminants from wind turbine gearboxes?,2
How can real-time sensor data from IoT/OT systems help in predicting the remaining useful life of wind turbine gearboxes?,2
How can the use of a heated lubricant system help to address low temperatures in wind turbine gearboxes?,2
How does temperature control impact the longevity and reliability of wind turbine gearboxes during storage?,2
Are there any new technologies or advancements in wind turbine gearbox design that can help prevent degradation mechanisms and extend the lifespan of the components?,2
How can key performance indicators (KPIs) be used to evaluate the system's performance and the anomaly detection model?,2
How can historical sensor data be used to detect trends and patterns that may indicate early-stage failure in wind turbine gearboxes?,2
"How do environmental requirements impact the design and operation of wind turbine gearboxes, and how can these be incorporated into an anomaly detection model?",2
How do wind turbine gearbox monitoring systems ensure the compatibility of data collection frequency and pattern with various data processing and storage capabilities?,1
What have been the desired outcomes of past wind turbine gearbox anomaly model development efforts?,1
Are there any regulations or standards that specify the use of temperature sensors in wind turbine gearboxes?,2
How can regular inspections and monitoring of vibration levels help detect potential failures in wind turbine gearboxes?,2
What specific sensor types and configurations are recommended to ensure high precision and resolution in wind turbine gearbox monitoring?,2
"Can you explain how humidity, temperature, and contamination can lead to oxidation, hydrolysis, and wear of gears and bearings?",2
How do changes in the oil's properties indicate misalignment in wind turbine gearboxes?,2
How do you ensure the quality and reliability of the sensor data being integrated?,2
"How can the effectiveness of the maintenance and inspection program be measured for wind turbine gearboxes, and what metrics can be used to evaluate its success?",2
Can you elaborate on the specific safety risks associated with wind turbine gearbox failures?,2
"How do different sensor technologies, such as vibration, temperature, and current sensors, contribute to monitoring the condition of wind turbine gearboxes?",2
How can we ensure that the proactive maintenance strategies are scalable and can be applied to other wind turbine systems?,2
Can you provide examples of specific statistical methods that are commonly used for anomaly detection in wind turbine gearboxes?,2
How can machine learning models be used to predict failures and optimize maintenance schedules for wind turbine gearboxes?,2
How can the severity of gearbox failures be assessed and quantified?,2
How does the operating temperature of the wind turbine gearbox impact the sensor data and the potential failures?,1
Can you provide examples of common anomalies in wind turbine gearbox sensor data and how they can be detected and diagnosed?,2
What are the most common types of failures in wind turbine gearboxes and how do they manifest in the sensor data?,2
"How does the vibration modulation, either periodically or randomly, help in detecting damaged or broken teeth in the wind turbine gearbox?",2
How can we ensure that the data collected for building the anomaly model is free from noise and errors?,2
What are the specific failure modes that can occur in wind turbine gearboxes due to excessive loading?,2
How can the performance of the anomaly detection model for wind turbine gearboxes be evaluated and compared using different performance metrics?,2
"How does proactive maintenance, based on oil analysis results, help in enhancing the gearbox's overall reliability and reducing unplanned downtime?",2
What is the recommended torque value for tightening the fasteners during a visual inspection?,2
"How can the impact of environmental factors, such as humidity and temperature, on wind turbine gearbox performance be minimized?",1
"How frequently should data be collected for temperature, humidity, and other environmental factors to accurately assess their impact on gearbox performance and condition?",2
What are the key performance indicators used to evaluate the effectiveness of the anomaly detection models in reducing downtime and repair costs?,2
"What are the typical methods for detecting wind turbine gearbox failures, and how can these methods be improved?",1
How can the data from multiple sensors be combined and analyzed to provide a more comprehensive view of the wind turbine gearbox's condition?,2
How can data scientists use machine learning algorithms to predict and identify potential failure modes before they occur?,2
"What are the specific causes of housing failure, and how can they be detected and prevented?",1
"What methods can be used to adjust the sampling rate, data resolution, and data duration to optimize data collection for wind turbine gearbox anomaly detection?",2
What methods can be used to correct the imbalance in wind turbine gearboxes?,2
How can we validate the data to ensure its relevance and accuracy in predicting wind turbine gearbox failures?,2
How do anomaly detection models contribute to quality control in wind turbine gearboxes?,2
"What types of sensor data are commonly used in wind turbine gearbox anomaly detection, and how should this data be preprocessed and prepared for analysis?",2
"Are there any specific industry standards for assessing the severity of environmental factors on wind turbine gearboxes, and can you name a few?",2
How do the monitoring and maintenance activities for a wind turbine gearbox differ from those for other mechanical systems?,2
How does vibration analysis help in detecting issues that can lead to changes in power output?,2
What are the common causes of gear tooth pitting in wind turbine gearboxes?,2
What are the common trends and patterns that are analyzed in the sensor data to increase energy efficiency and reduce maintenance costs?,2
How does adjusting the gear mesh address potential issues detected through lubrication oil analysis?,2
How does the choice of monitoring system impact the data collection frequency for wind turbine gearbox monitoring?,2
"What are the specific new materials, like high-performance polymer gears, that are being used in wind turbine gearbox design to better withstand mechanical stress?",2
How can the data from vibration analysis be used to predict and prevent catastrophic failures in wind turbine gearboxes?,2
Can you provide any examples of specific degradation mechanisms that can occur due to high vibration levels in wind turbine gearboxes?,2
How do different gearbox designs impact sensor threshold values among manufacturers?,2
What are the recommended methods for controlling loads in wind turbine gearboxes to prevent fatigue-related housing failure?,2
"Can you explain how preventive maintenance, such as regular inspections, lubrication, and replacement of worn-out components, is planned based on FMEA results?",2
Can you explain the importance of integrating historical data analysis with domain knowledge in developing an effective anomaly detection system for wind turbine gearboxes?,2
What are the specific temperature and humidity thresholds that can cause performance issues or failures in wind turbine gearboxes?,2
Can you provide any case studies or examples of successful predictive maintenance implementation in wind turbine gearboxes?,2
"Can the proposed model be adapted to detect anomalies in other components of wind turbines, such as blades or generators?",2
How can the severity and detectability of each failure mode be evaluated in wind turbine gearboxes?,2
"How can the performance of the wind turbine gearbox anomaly detection models be evaluated, validated, and verified, and how can the results be communicated to the stakeholders, such as the turbine manufacturers, operators, and owners?",2
What are the challenges in implementing vibration analysis in wind farms with a large number of turbines?,2
Can you explain some of the common failure modes and reasons associated with wind turbine gearbox anomalies?,2
Can you explain the different types of gear tooth damage that can occur in wind turbine gearboxes and how they can be detected through sensor data?,2
What are the specific sensor types used in wind turbine gearboxes and how do they measure the parameters of interest?,2
"What are the challenges in deploying machine learning models for wind turbine gearbox anomaly detection in real-world scenarios, and how can they be addressed?",2
"How is the anomaly detection model deployed securely, and what measures are taken to maintain a consistent and secure environment?",2
How do visual inspections help in detecting issues early and preventing failures in wind turbine gearboxes?,2
"What are the specific inspections or tests that can be done to detect degradation mechanisms such as fatigue failure, wear and tear, corrosion, and overheating?",2
How can the anomaly detection model be adapted to changing operating conditions and what are the challenges associated with it?,2
Can you provide examples of failure modes that were detected and prevented through regular and comprehensive data collection and analysis?,2
What are the routine maintenance activities that can detect potential issues in wind turbine gearboxes?,2
How can the wind turbine gearbox be aligned to prevent misalignment failure mode?,2
What specific inspections should be performed to monitor the condition of the lubricant in wind turbine gearboxes?,2
Can you explain the criteria used to determine if a value is an outlier and should be removed?,2
"How can derivatives and aggregation techniques be used in feature engineering for wind turbine gearbox sensor data, and what benefits do they provide?",2
"Can you provide more details on the data characteristics that will influence the choice of model, and what are the potential challenges in selecting the appropriate model?",2
What are the challenges or limitations in the current sensor data analysis methods and how can they be addressed?,2
Could you explain how vibration analysis is performed on wind turbine gearboxes and what specific indicators are monitored?,2
What are the key performance indicators (KPIs) used to evaluate the efficiency and reliability of wind turbine gearboxes?,1
"How can the reliability and availability of wind turbines be increased through proper design, operation, and maintenance of wind turbine gearboxes?",2
Can you provide any examples of specific failure modes and their impact on wind turbine gearbox performance?,2
What are the best practices for maintaining the health of wind turbine gearboxes and ensuring their longevity?,2
How can wind farm operators ensure that they have the necessary expertise and resources for implementing advanced analytics and machine learning in the context of predictive maintenance?,2
How does the AUC value compare to other threshold-independent metrics for evaluating the performance of an anomaly detection model?,2
How do you ensure the model's training process is optimized for detecting gearbox failures accurately?,2
Can you suggest any data preprocessing techniques to remove noise and outliers while preserving the subtle changes that may indicate early-stage failures?,2
"Can you explain how the decreased efficiency in wind turbine gearboxes can be an indicator of potential issues, and how it can be measured?",2
What are the most important evaluation metrics for assessing the performance of the machine learning model?,2
Can you explain the difference between Local Outlier Factor (LOF) and Isolation-based Local Outlier Factor (ILOF) techniques in detecting anomalies in the presence of noise or interference?,2
"What are the common signs of insufficient lubrication, high levels of contamination, and excessive loads in wind turbine gearboxes?",2
Are there any specific risks or consequences associated with wind turbine gearbox failures that should be considered during the development and evaluation of the prediction model?,2
How can wind farm operators prioritize maintenance activities based on the severity of issues detected by sensors in wind turbine gearboxes?,2
"How do you determine the appropriate thresholds for wind turbine gearbox anomaly detection models, and what factors should be considered in this process?",2
Can you elaborate on how control and monitoring systems impact the choice of sensor threshold values for wind turbine gearboxes?,2
"How do you measure the number of failures of a wind turbine gearbox, and what is the target number of failures for a wind turbine gearbox?",2
How can predictive maintenance and condition monitoring strategies be used in conjunction with anomaly detection models to improve wind turbine performance and reliability?,2
"How does vibration monitoring help in detecting potential issues in wind turbine gearboxes, and what are the specific vibration patterns that indicate misalignment?",2
"What specific types of failures are most common in wind turbine gearboxes, and how can they be diagnosed using sensor data?",2
Can you explain the impact of not performing noise reduction on the wind turbine gearbox sensor data and how it affects anomaly detection?,2
How does GE's Predix APM solution predict failures up to 3 weeks in advance and what are the benefits of this feature?,2
How can the quality of historical data on wind turbine gearboxes be assessed and ensured?,1
"How can cloud computing resources be scaled up or down to handle changes in data volume, and what are the specific advantages of this approach?",2
What are the best practices for monitoring and maintaining wind turbine gearboxes to prevent failures and increase lifespan?,2
What types of sensors are typically used to collect data from wind turbine gearboxes?,2
Can you explain how the anomaly detection model's precision and recall are calculated and how they contribute to the overall performance assessment?,2
What are the recommended steps for troubleshooting overheating issues in wind turbine gearboxes?,2
"Can you explain how each of these metrics (precision, recall, and F1 score) is calculated for the wind turbine gearbox failure prediction model?",2
What are the specific sensor types used to monitor wind turbine gearbox conditions and what parameters do they measure?,2
How is the FMEA process integrated with other evaluation techniques to ensure a comprehensive evaluation?,2
What are the common causes of contamination in wind turbine gearboxes and how can they be prevented?,2
How can data from wind turbine sensors be used to improve the detectability of failure modes in wind turbine gearboxes?,2
What are the common patterns and trends in the data that indicate potential failure modes in the wind turbine gearbox?,2
"Are there any specific oil properties, such as viscosity or particle count, that are more indicative of gearbox degradation?",2
What are the common causes of sensor drift in wind turbine gearboxes and how can they be detected early?,2
How does temperature data from sensors help in detecting potential failures in wind turbine gearboxes?,2
How can we ensure that the data collected from sensors is representative of the overall behavior of the wind turbine gearboxes and not influenced by external factors?,2
Can you explain the process of sensor data preprocessing and its importance in gearbox maintenance?,2
"What preprocessing techniques are most commonly used to remove missing values, outliers, and noise from the sensor data?",2
How can improved lubrication systems be selected based on sensor data analysis?,2
How do wind turbine manufacturers ensure the accuracy and reliability of current sensors used in their equipment?,2
How do ensemble data-driven and learning-based approaches improve the accuracy of the anomaly detection model in wind turbine gearbox sensor data?,2
What are the most common types of preventive maintenance activities that can help prevent wind turbine gearbox failures?,2
What are the best practices for maintaining sensors and signal processing systems to ensure accurate data collection in wind turbine gearboxes?,2
How do anomaly models prevent unexpected failures in wind energy systems?,2
"How do we validate that the model's performance is consistent across different subsets of the data, such as different wind farm locations or turbine types?",2
How can the data privacy and security be ensured while transferring and storing the sensor data for the anomaly detection model?,2
Can you provide examples of common environmental factors that impact wind turbine gearbox performance and failure rates?,2
What are the recommended high-quality lubricants for wind turbine gearboxes and why?,2
"What are the best practices for conducting a comprehensive FMEA of wind turbine gearboxes, and what are the key considerations for ensuring its effectiveness?",2
"What specific sensors are used to monitor temperature, vibration, and noise in wind turbine gearboxes?",1
How do anomaly detection models compare to traditional maintenance approaches in terms of cost-effectiveness and efficiency in wind turbine gearboxes?,2
Can you provide examples of specific maintenance practices that can help prevent the different types of wear in wind turbine gearboxes?,2
"How do operational conditions, such as temperature and load, affect the updating frequency of the model?",2
What are the specific methods to detect water ingress and oil contamination in wind turbine gearboxes?,2
How is acoustic analysis used in conjunction with other techniques to improve the accuracy of the anomaly detection model?,2
What are the specific vibration and temperature thresholds recommended by the wind energy industry guidelines and standards for gearbox monitoring?,2
"What specific sensor data should be monitored for real-time anomaly detection in wind turbine gearboxes, and how can this data be accessed?",2
Are there any other types of sensors used in conjunction with accelerometers for condition monitoring and fault diagnosis of wind turbine gearboxes?,2
What are the most common causes of oil contamination in wind turbine gearboxes?,2
What are the most common internal and external factors that contribute to wind turbine gearbox failures?,2
"How can data accessibility be optimized for various stakeholders, such as maintenance personnel and data analysts?",2
How often should regular inspections and maintenance be performed on wind turbine gearboxes to ensure their longevity?,2
Can you provide an example of how digital twins have been used in wind turbine gearbox predictive maintenance?,2
What are the benefits of using shielded cables in reducing sensor data noise or interference?,2
What are the data processing techniques used to analyze the sensor data and how do they depend on the sampling frequency?,2
How can the design and materials of wind turbine gearboxes be optimized to prevent or mitigate gear tooth pitting and spalling failures?,2
Can you provide examples of common failures in wind turbine gearboxes and how root cause analysis can help in identifying the specific components or processes that contributed to these failures?,2
How do wind turbine gearbox monitoring systems optimize energy production and reduce maintenance costs?,2
How is the severity of each failure mode being assessed in wind turbine gearboxes?,2
Can you provide examples of how to validate the robustness and generalizability of an anomaly detection model?,2
Can you explain the process for controlling access to the sensitive data in the wind turbine gearbox anomaly detection model?,2
"Are there any new or emerging technologies or methods being explored for wind turbine gearbox preventive maintenance programs, such as machine learning or predictive maintenance?",2
Can you provide more information about the impact of low-latency analysis on the overall performance of the wind turbine system?,2
How does monitoring sensor data impact the overall efficiency and cost savings of wind turbine operation?,1
What are the benefits of using high-quality lubrication oil in wind turbine gearboxes?,2
Can you provide any case studies or examples of successful implementation of industry-specific standards in wind turbine gearbox anomaly detection?,2
In what ways can machine learning and AI techniques enhance the development of wind turbine gearbox anomaly detection models?,2
"How does inadequate lubrication contribute to the failure of gears, bearings, and seals in wind turbine gearboxes?",2
"Can you provide examples of specific monitoring, diagnostic, and prognostic tools that are being developed and applied by these organizations for wind turbine gearbox sensor data analysis and anomaly detection?",2
How does cyclic loading contribute to the failure of wind turbine gearboxes?,2
How can the root cause of oil leakage in wind turbine gearboxes be identified and analyzed to prevent future occurrences?,2
Can you explain the process of assigning a severity rating to each failure mode in the FMEA analysis?,2
What are the specific safety standards set by organizations such as AWEA or IEC that the anomaly detection model for wind turbine gearboxes must adhere to?,2
"Can you explain how monitoring vibration, temperature, and acoustic emissions can help detect early signs of gear tooth failure?",2
"What specific types of wind turbine gearbox failures can be detected using condition monitoring techniques, such as vibration, temperature, and acoustic emissions analysis?",2
What are the most common indicators of early-stage wind turbine gearbox degradation that can be measured and used in predictive models?,2
Can you explain how insufficient lubrication leads to wear and damage in wind turbine gearboxes?,2
How does misalignment occur in wind turbine gearboxes and what are the common causes?,2
How can the analysis of weather sensor data and wind turbine gearbox sensor data be used to optimize the maintenance schedule and reduce downtime?,2
"How can the model be integrated with the existing IoT infrastructure, such as Node-RED, Kafka, and InfluxDB?",1
What are the most common failure codes associated with wind turbine gearbox failures?,2
How often should regular inspections and oil analysis be performed to ensure early detection and prevention of degradation mechanisms?,2
How do temperature fluctuations cause damage to wind turbine gearboxes and what temperature ranges are considered safe?,2
"Can the sensor data be used to determine the remaining useful life (RUL) of the wind turbine gearbox components, and if so, what statistical methods are most effective for this purpose?",2
What specific maintenance and repair decisions can be made as a result of improved anomaly detection models for wind turbine gearboxes through the preprocessing and cleaning of sensor data?,2
What specific imputation techniques are commonly used to address missing data in wind turbine gearbox sensor data?,2
What are the best practices for storing and managing large volumes of wind turbine gearbox data?,2
What are the specific diagnostic tests that can be conducted to identify the source of sensor data noise or interference in wind turbine gearboxes?,2
"How can data preprocessing techniques, such as noise reduction and filtering, improve the quality of sensor data from wind turbine gearboxes?",2
How are temperature trends used to determine potential failures in wind turbine gearboxes and what are the common causes of temperature increases?,2
Can you explain the process of transforming data into a compatible format for wind turbine gearbox analysis?,2
"What are the current research and development efforts focused on improving the design and maintenance of wind turbine gearboxes, and how can they be applied to improve the reliability and performance of wind turbine systems?",1
"How do you recommend integrating the predictive maintenance strategy into the existing maintenance workflow, and what challenges do you anticipate during implementation?",2
Could you elaborate on the specific early signs of degradation that can be detected through regular inspections and maintenance?,1
How can feature engineering help improve the performance of an anomaly detection model for wind turbine gearbox sensor data?,2
What are the recommended maintenance actions to be taken when temperature anomalies are detected in the wind turbine gearbox?,2
What types of sensors are typically used for monitoring wind turbine gearboxes and what data do they measure?,2
Are there any specific codes or regulations that operators need to follow while operating wind turbines?,2
Can you provide any case studies or examples of successful anomaly detection model updates in wind turbine systems?,2
What are the specific features of OSIsoft PI System and PTC's ThingWorx that make them suitable for wind turbine gearbox sensor data analysis?,2
What are the common causes of wind turbine gearbox failures and how can they be prevented?,2
What specific sensor technologies are used to monitor the condition of wind turbine gearboxes?,2
Are there any specific types of temperature sensors that are recommended for use in wind turbine gearboxes?,2
How can wind turbine operators ensure the accuracy and reliability of machine learning models used for predictive maintenance?,2
"How do anomaly models account for the natural variability in wind conditions, which could affect the performance of the wind turbine?",2
How can the insights gained from wind turbine gearbox data collection frequency and pattern analysis be integrated into predictive maintenance strategies?,1
How is the effectiveness of the preventive maintenance program evaluated and measured?,1
How can sensor data be validated against other data sources to ensure reliability and accuracy?,2
"How does the anomaly detection model determine the threshold for abnormal vibration patterns, temperature levels, acoustic signals, and oil debris?",2
Can you explain the specific machine learning algorithms and visualization tools that are commonly used in the analysis of wind turbine gearbox sensor data?,2
Can you explain the process of oil analysis in detecting contamination and other failure modes in wind turbine gearboxes?,2
Can you name some of the environmental regulations that should be taken into account during the development process?,2
"What are the specific challenges in detecting potential failures in wind turbine gearboxes in a timely and effective manner, and how can these challenges be addressed through the careful preprocessing and cleaning of sensor data?",2
Can you explain how the choice of data imputation technique is influenced by the nature of the missing or corrupted data points in sensor data?,2
Can you provide examples of specific failure modes and degradation mechanisms in wind turbine gearboxes?,2
"How do the different sensor types, such as vibration, proximity probes, oil debris sensors, and temperature sensors, contribute to detecting and quantifying these noise sources?",2
How can performance optimization extend the lifespan of wind turbine gearboxes and reduce maintenance costs?,2
"What are the challenges in controlling the quality of lubricant used in wind turbine gearboxes, and how can they be addressed?",2
What are the recommended lubricants and greasing intervals to prevent bearing failure?,2
What are the potential consequences of not conducting regular oil sampling and analysis in wind turbine gearboxes?,2
How are preventive maintenance strategies developed based on the results of the anomaly detection and root cause analysis?,2
"What are the specific sensors used to collect data on wind turbine gearboxes, and what types of data do they measure?",2
How does lightning impact the wind turbine gearbox and what are the protective measures?,2
What are the specific maintenance practices that can help detect potential failures before they happen?,2
What are the recommended maintenance and inspection schedules for wind turbine gearboxes to ensure optimal performance and reliability?,1
How can sensor data be used to optimize maintenance schedules for wind turbine gearboxes?,2
"How can understanding degradation mechanisms like fatigue, wear, and corrosion help in formulating a maintenance plan?",2
Can you explain the importance of having a holistic view of the gearbox health in wind turbine maintenance?,2
"How can the impact of wind turbine gearbox failures be minimized in terms of lost revenue from energy production, labor expenses, and other related costs?",2
"How can the wind energy industry benefit from the use of these methods in terms of reducing downtime, minimizing maintenance costs, and increasing overall efficiency?",2
Can you provide more details on the design or manufacturing defects that can lead to wind turbine gearbox failures?,2
How is the weather data being used to predict potential failure modes in wind turbine gearboxes?,2
"What are the specific benefits of using high-performance lubricants and coatings in wind turbine gearboxes, and how do they contribute to reducing wear and tear?",2
How does vibration analysis improve the overall efficiency of the wind turbine system?,2
What are the specific consequences of high severity failures in wind turbine gearboxes?,2
What are the most common types of sensors used for monitoring wind turbine gearbox conditions and what specific parameters do they measure?,1
Can you explain how understanding the reasons for wind turbine gearbox failures can aid in the development of more effective maintenance strategies?,2
How does temperature monitoring help in detecting potential failures in wind turbine gearboxes?,2
How can marine growth affect the performance and reliability of offshore wind turbine gearboxes?,2
Can you explain how analyzing trends in the data provided by the CMS help in predicting potential failures?,2
"How do varying environmental factors, such as temperature fluctuations, impact the performance and reliability of wind turbine gearboxes?",2
"What are the best practices for capturing the main components, failure modes, reasons, degradation mechanisms, severity, and detectability ratings in the wind turbine gearbox?",2
Can you provide examples of how the FMEA process has helped optimize maintenance and improve the reliability and safety of wind turbine gearboxes in real-world scenarios?,2
What are the best practices for using oil analysis to detect the early signs of insufficient lubrication in wind turbine gearboxes?,2
Can you provide more details about the specific key performance indicators (KPIs) used to monitor the wind turbine gearbox?,2
What are the specific temperature ranges that indicate overheating in a wind turbine gearbox?,2
What methods are used for continuous model validation and improvement to ensure the model remains effective in predicting and preventing failures?,2
What are the key maintenance schedules that can be optimized through historical data analysis?,2
Can you explain how load monitoring can help in detecting and mitigating the impact of wind shear on the wind turbine gearbox?,2
Are there any recommended standards or guidelines for selecting appropriate data connectivity options for wind turbine gearbox anomaly detection systems?,2
How do grid connection issues affect the different types of wind turbine gearboxes?,2
How can we ensure that the anomaly detection model is cost-effective and practical to implement in real-world wind turbine gearbox applications?,2
How can wind farm operators optimize their maintenance practices to reduce downtime and maintenance costs while ensuring optimal performance and longevity of wind turbine gearboxes?,2
Can you provide any specific examples or case studies of the benefits of implementing these best practices in wind turbine gearboxes?,2
How do advanced algorithms contribute to the early detection and prevention of wind turbine gearbox failures?,2
Are there any specific communication protocols that are recommended for wind turbine gearbox anomaly detection systems?,2
Are there any specific failure modes in wind turbine gearboxes that the new model should prioritize detecting?,2
How can wind farm operators ensure the quality and accuracy of sensor data for wind turbine gearbox monitoring?,2
How does the vibration analysis method differentiate between tooth crack and tooth pitting in the gearbox?,2
How can regular analysis of vibration data help to ensure that potential gearbox failures are detected and addressed before they lead to costly downtime and repairs?,2
How can the effectiveness of predictive and preventive maintenance measures be evaluated in wind turbine gearboxes?,2
Can you provide examples of how failure codes can inform the development of preventive maintenance strategies for wind turbine gearboxes?,2
How can scatter plots be used to visualize relationships between variables in the wind turbine gearbox system?,2
How can prioritizing maintenance activities based on the potential impact of each failure mode reduce downtime and maintenance costs?,2
What failure codes are commonly used for wind turbine gearbox failures and what do they represent?,2
Can you provide any examples of specific maintenance activities that are scheduled based on the data from wind turbine gearbox sensors?,1
How does performance modeling help in predicting potential wind turbine gearbox failures?,2
"How do the different approaches, such as machine learning, signal processing, and physics-based models, compare in terms of performance, data requirements, and complexity in the context of wind turbine gearbox anomaly detection?",2
What are the limitations or challenges of using high-frequency data for wind turbine gearbox anomaly detection and how can they be addressed?,2
Can you provide any case studies or examples of successful implementation of predictive maintenance models for wind turbine gearboxes?,2
"In terms of failure modes, what are the most common issues found in wind turbine gearboxes, and how can sensor data help detect these failures?",1
What are the specific indicators of each failure mode that data scientists should look for during inspections and condition monitoring?,2
How can domain knowledge be used to validate and interpret the predictions of an anomaly detection model?,2
What are the current industry standards and best practices for monitoring and maintaining wind turbine gearboxes?,2
"What are the specific sensors recommended for detecting anomalies in wind turbine gearboxes, and what factors should be considered when choosing sensors?",2
How do maintenance records contribute to the analysis of wind turbine gearbox performance?,2
How can we optimize the data acquisition system to minimize the impact of network latency on the anomaly detection model's performance?,2
Can you provide any case studies or examples of how regular monitoring and analysis of sensor data have helped prevent failures in wind turbine gearboxes?,2
"What are the critical components of the wind turbine gearbox that are most susceptible to failure, and how do we monitor them for anomalies?",2
Can you provide more details on the high-quality components that should be used in wind turbine gearboxes and their benefits in preventing failures?,2
Can you provide examples of how understanding the severity of failure modes can prevent or mitigate the impact of failures in wind turbine systems?,2
Can you provide any real-world examples or case studies of wind turbine gearbox failures due to temperature extremes and how they were addressed?,2
"How can operator behavior sensors detect abnormalities in start-up and shut-down procedures, indicating operator error or misuse in wind turbine gearboxes?",2
"Are there specific acoustic emission sounds that indicate particular issues in the gearbox, such as cracking or pitting, and how can data scientists distinguish these sounds from other noise sources?",1
Can you explain how anomaly models can help in reducing downtime and maintenance costs in wind energy systems?,2
Are there any other sensors or monitoring techniques used to assess wind turbine gearbox health and performance?,2
Can you explain the importance of adhering to the regulations and codes in preventing wind turbine failures?,2
How do the degradation mechanisms in wind turbine gearboxes differ from those in other types of mechanical systems?,2
"Can you provide more details on the failure modes such as wear, fatigue, corrosion, and contamination, and what causes them in wind turbine gearboxes?",2
"How can wind turbine gearbox failure prediction algorithms be integrated with other predictive maintenance strategies, such as condition monitoring and diagnostics, to optimize the maintenance and operation of wind turbines?",2
How does the detectability of these common anomalies change based on the condition of the wind turbine gearbox and the model's design?,2
"What types of sensors are typically used for vibration analysis in wind turbine gearboxes, and what characteristics should be considered when selecting sensors?",2
What are the best practices for deploying and monitoring an anomaly detection model for wind turbine gearbox sensors?,2
Can you provide more details on the root causes of wind turbine gearbox failures?,2
How the FMEA process is regularly updated to reflect the current conditions of the wind turbine gearbox?,2
What are the potential consequences of not monitoring the condition of lubricant and detecting potential failures early in wind turbine gearboxes?,2
How is the sensor data used to improve the overall design of wind turbine gearboxes?,1
What specific sensor data can be used to establish a baseline for the gearbox's normal operating conditions?,2
"How do the monitoring methods used for wind turbine gearbox health differ in their ability to detect potential failures, and what are the advantages and disadvantages of each method?",2
What measures can be taken to account for the variations in the wind turbine fleet's design and components when developing the anomaly detection model?,2
How does cloud-based deployment of anomaly detection models enable remote monitoring and maintenance of wind turbine gearboxes?,2
How can a condition-based monitoring program be implemented effectively for wind turbine gearboxes?,2
How do extreme weather conditions affect the data collection frequency of wind turbine gearbox sensors?,2
How does the use of oil analysis sensors in wind turbine gearboxes compare to other predictive and preventative maintenance practices?,2
"What are the challenges in implementing anomaly detection techniques in wind turbine gearboxes, and how can they be addressed?",2
How does the severity of the failure modes detected through ESA impact the maintenance and downtime of the wind turbine?,2
How can the sensor data be used to predict and prevent future failures or degradation in the wind turbine gearbox?,0
How can a condition-based maintenance program that uses sensor data be implemented in practice?,2
How can we ensure low-latency analysis in an on-premises deployment for a wind turbine gearbox anomaly detection model?,1
What are the best practices for monitoring the condition of wind turbine gearboxes to prevent housing failures?,2
What are the common degradation mechanisms of the wind turbine gearbox components and how can they be prevented?,2
"How are the normal operating conditions and potential failure indicators communicated to the maintenance personnel, and what training is provided to ensure proper interpretation and response?",2
Are there any specific design considerations or materials that can help increase the durability and reliability of wind turbine gearboxes?,2
What specific factors in operating conditions can contribute to fatigue-related failures in wind turbine gearboxes?,2
"Can you provide examples of root cause analysis for wind turbine gearbox failures, and how can it help prevent similar failures in the future?",2
Can you explain the process of tooth root bending fatigue and how it affects wind turbine gearboxes?,2
What are the specific thresholds for temperature readings that indicate a potential lubrication issue or bearing failure in the wind turbine gearbox?,2
How can the data collected be used to predict future failures in wind turbine gearboxes?,2
What specific data points are analyzed in historical data to predict potential failures in wind turbine gearboxes?,2
How often should regular maintenance and inspections be performed on wind turbine gearboxes to ensure their reliable and efficient operation?,2
What are the specific types of encoders used in wind turbine gearboxes and how do they differ in terms of failure modes and degradation mechanisms?,2
"How do IoT, cloud computing, and machine learning improve monitoring, predictive maintenance, and overall reliability of wind turbine gearboxes?",2
What methods are typically used for model validation and testing when implementing sensor-based monitoring for wind turbine gearboxes?,1
How does implementing a predictive maintenance strategy impact the lifespan and reliability of wind turbine gearboxes?,2
What are the most common failure modes of wind turbine gearboxes that should be prioritized in anomaly detection models?,2
What methods are used for anonymizing or masking sensitive information in the sensor data?,2
"Are there any other factors, besides wear and tear, fatigue, and contamination, that contribute to wind turbine gearbox failures and should be considered in the anomaly detection model?",2
What specific design elements can be improved to minimize the impact of environmental factors on wind turbine gearbox performance?,2
"How do time-domain, frequency-domain, and time-frequency features differ in feature extraction, and what are their use cases?",2
How do different monitoring and analysis tools and techniques compare in their ability to detect and quantify noise or interference in the sensor data from wind turbine gearboxes?,1
How can the anomaly model be used to support root cause analysis of identified anomalies and failures in the wind turbine gearbox?,1
How does CMS help in reducing the downtime of wind turbine gearboxes?,2
"How can the data scientist collaborate with the subject matter expert to develop predictive models for wind turbine gearbox failures, taking into account the external factors and varying failure modes?",2
What are the potential consequences of reduced accuracy in wind turbine gearbox anomaly detection models over time?,2
What are the potential consequences of false positives and false negatives in the anomaly detection model for wind turbine gearboxes?,2
Can you provide examples of how predictive maintenance has helped reduce downtime and maintenance costs in wind energy operations?,2
"What are the potential consequences of not addressing catastrophic gearbox failures, such as downtime and repair costs?",2
How are the sensor data analyzed to detect anomalies in wind turbine gearboxes?,2
How can we determine the optimal historical data collection period for building an effective anomaly detection model?,2
"What are the potential challenges in deploying and maintaining an anomaly detection model for wind turbine gearboxes, and how can these be addressed?",1
What are the challenges in developing an anomaly detection model that can accurately identify potential failures while minimizing false positives?,2
How can sensor data be integrated into the wind turbine control system for real-time analysis and anomaly detection?,2
What are the specific challenges in understanding the failure mechanisms of wind turbine gearboxes and how can they be addressed?,2
Can you provide more details on how to detect issues early and prevent premature failure of wind turbine gearboxes?,2
What are the specific inspection methods used to detect contamination in wind turbine gearboxes?,2
How does high humidity contribute to the formation of corrosive compounds and rust in wind turbine gearboxes?,2
"What specific wind speed threshold, according to the anemometer data, could trigger an anomaly in the wind turbine gearboxes?",2
"What specific tests are conducted during oil analysis to determine tooth damage, bearing wear, and lubrication problems in wind turbine gearboxes?",2
How can sensor data be used to ensure the safety and reliability of wind turbine gearboxes?,2
What are the evaluation metrics and techniques to assess the performance of the anomaly detection model for wind turbine gearbox applications?,2
"Can you explain how temperature sensors monitor fluctuations that can affect the oil's viscosity, and what are the specific thresholds for temperature that can impact the oil's performance?",2
"What are the common root causes of wind turbine gearbox failures, and how can data analysis help identify them?",2
What specific design and component variations can be found in older wind turbine fleets that can affect the performance of the anomaly detection model?,2
How can manufacturing or assembly errors be detected and prevented in wind turbine gearboxes?,2
Can you provide any case studies or examples of successful implementation of anomaly detection models in wind turbine gearbox sensor data?,2
What are the most common data sources used to collect information on wind turbine gearbox performance and failure modes?,2
How does contamination affect the performance and lifespan of wind turbine gearboxes?,1
"What are the consequences of premature wind turbine gearbox failures, and how can the anomaly detection model help minimize these impacts?",1
"How does vibration analysis detect misalignment, imbalance, and loose components, leading to excessive loading?",2
"What are the potential challenges in implementing anomaly detection models for wind turbine gearboxes, and how can they be addressed?",2
How can we effectively incorporate real-time monitoring requirements into the design of the anomaly detection model for wind turbine gearboxes?,2
Are there any specific challenges or limitations in applying data normalization techniques to wind turbine gearbox sensor data?,2
What are the emerging trends and technologies in preventing insufficient lubrication in wind turbine gearboxes?,2
What specific sensors are commonly used in Condition Monitoring Systems (CMS) to monitor the condition of wind turbine gearboxes?,2
What specific sensor data is most useful in identifying potential issues in wind turbine gearboxes?,2
What are the specific consequences of the failure of wind turbine gearboxes for the overall performance and profitability of a wind farm?,2
How can the anomaly model be used to support the development of a condition-based maintenance program for wind turbine gearboxes?,2
How can the optimal updating frequency be determined for different types of wind turbine gearboxes?,2
What are the specific protective coatings or sealants that can be used on interior surfaces to prevent corrosion?,2
"Can you explain the specific causes and symptoms of each failure mode in wind turbine gearboxes, such as FTC, FCO, FOT, FME, and FDE?",2
How do you ensure that the machine learning algorithms accurately identify potential failures and do not generate too many false positives?,2
How often should regular inspections and maintenance be performed on wind turbine gearboxes to ensure their reliable operation and prevent failures associated with temperature?,2
What data analysis and machine learning algorithms are commonly used in predictive maintenance for wind turbine gearboxes?,2
"How does filtering, smoothing, or wavelet denoising help in reducing noise in wind turbine gearbox sensor data?",2
How do wind turbine gearbox sensors data be used for preventive maintenance?,2
What are the most common factors that contribute to temperature increases in wind turbine gearboxes and how can they be mitigated?,1
"What are the cost implications of wind turbine gearbox failures, including downtime, component replacement, and energy production losses, and how can they be minimized?",2
How does the use of advanced data analysis techniques improve the accuracy and efficiency of the data analysis process for wind turbine gearboxes?,2
What strategies are in place to continuously monitor and improve the data quality for the anomaly detection model?,2
What are the typical vibration patterns associated with different types of wind turbine gearbox failures?,2
"How can the performance of the anomaly detection model be validated and verified, and what metrics can be used to evaluate its effectiveness?",2
How is the high-quality sensor data collected and processed for the development of the anomaly model?,2
What are the common challenges faced while building an anomaly detection model for a wind turbine gearbox and how can they be addressed?,2
"How do different temperature ranges impact the performance and lifespan of the wind turbine gearbox, and what measures can be taken to address extreme temperatures?",1
"Can you explain the process of conducting a failure mode and effects analysis (FMEA) for wind turbine gearboxes, and how it helps to identify critical failure modes?",2
How do extreme operating conditions impact the performance and lifespan of wind turbine gearboxes?,2
How often should preventive maintenance tasks such as inspections and oil changes be performed on wind turbine gearboxes?,2
"Are there any specific data quality issues that are common in wind turbine gearbox sensor data, and how can they be addressed?",1
"Can you provide examples of how insufficient lubrication, excessive loading, misalignment, contamination, and wear can lead to failure in wind turbine gearboxes?",2
How can wind farm operators ensure data security when managing large volumes of sensitive information?,2
"How can a balanced approach to maintenance be developed and implemented for managing wind turbine gearbox maintenance, and what factors should be considered in this approach?",2
What kind of training programs are available for maintenance personnel to ensure they are equipped to handle potential anomalies in wind turbine gearboxes?,2
What are the potential cost savings of using edge computing devices compared to cloud computing resources for real-time anomaly detection in wind turbine gearboxes?,2
What are the recommended corrective actions for misalignment and overloading issues detected through oil sampling and analysis?,2
"Can you discuss any regulatory or industry standards related to wind turbine gearbox monitoring and anomaly detection, and how these impact the choice of sensors, models, and evaluation metrics?",2
"Are there any specific challenges or considerations when developing an anomaly detection model for wind turbine gearboxes, compared to other types of machinery?",2
What are the most common failure modes observed in wind turbine gearboxes and how often do they occur?,2
Can you explain the impact of poor lubrication on wind turbine gearbox wear and how it can be prevented?,2
What data quality issues should be considered when building an anomaly detection model for wind turbine gearboxes?,2
Can you provide more information on the consequences of not adhering to the regulations and codes in wind turbine operations?,2
How do the accuracy of sensors used for monitoring affect the overall performance of the wind turbine gearbox failure prediction algorithms?,2
What types of sensors are typically used to measure the electrical signals in ESA?,2
"In what scenarios should min-max scaling, z-score normalization, or decimal scaling be used for scaling and normalizing the wind turbine gearbox sensor data, and what are the unique considerations for each method?",2
How does event-based data collection impact the overall maintenance strategy for wind turbines?,2
"Can you provide more details on the predictive maintenance strategies implemented, such as condition-based maintenance and predictive maintenance scheduling?",2
Can you discuss any new technologies or approaches being developed to improve wind turbine gearbox maintenance and reduce the risk of failures?,2
Can the sensor data be used to optimize the maintenance schedule for wind turbine gearboxes?,2
What are the most effective data analysis techniques and machine learning algorithms for identifying potential failures in wind turbine gearboxes?,2
What are the consequences for a company if they fail to comply with these environmental regulations during the wind turbine gearbox design process?,2
Can you provide an example of how RMSE can help predict and prevent failures in the wind turbine gearbox?,2
Can you explain how vibration analysis can help in detecting potential issues in wind turbine gearboxes?,2
How can the anomaly model be updated and maintained over time to ensure its continued effectiveness?,2
How does sensor-based monitoring compare to other maintenance approaches for wind turbine gearboxes in terms of cost and effectiveness?,2
How can the use of alternative materials or coatings reduce the risk of failure in wind turbine gearbox components?,2
Can you explain the role of vibration monitoring in detecting potential wind turbine gearbox failures?,2
What are the common methods used for temperature monitoring in wind turbine gearboxes?,2
"What specific types of corrosion can affect the gearbox components, and how can they be prevented or mitigated?",1
How can sensor calibration be maintained to minimize data errors and maintain accurate data collection?,2
What are the specific signs of contamination or degradation in the lubricant that data scientists should look out for during inspections?,2
What are the most common failure modes in wind turbine gearboxes due to temperature and humidity?,2
What are the key parameters monitored in lubrication oil analysis and how does it help in maintaining the gearbox?,1
"Can you provide more details on the failure codes, such as pitting, spalling, and corrosion, and how they signify different types of damage?",1
"Can sudden changes in atmospheric pressure, as measured by the barometers, cause any detectable issues in the wind turbine gearboxes?",2
How can the anomaly detection model differentiate between fatigue failures and other types of failures in wind turbine gearboxes?,2
How do we ensure that the integrated dataset is statistically sound and free from biases?,2
Can you provide any examples of how consulting with the OEM or a reliability engineering expert has improved the analysis and detection methods for wind turbine gearboxes?,2
"Can you explain the differences between the various failure modes of wind turbine gearboxes, such as gear tooth pitting, gear tooth cracking, bearing failure, and lubricant degradation?",2
How can the data from wind turbine gearbox sensors be used to improve the predictability and accuracy of the wind turbine performance?,2
Can you provide any case studies or examples of successful wind turbine gearbox anomaly detection using high-frequency data?,2
Can you provide any examples of real-world applications where wireless connectivity has been successfully implemented in wind turbine gearbox anomaly detection systems?,2
Could you provide more details on how each failure mode can be detected using condition monitoring technologies?,2
Can you provide examples of how environmental factors contribute to the failure of wind turbine gearbox components?,2
"How can the data from wind turbine gearbox sensors be used to detect anomalies and predict failures, and what data processing techniques are required to extract useful information?",2
Can you explain how the electrical current flowing through the gearbox is measured and how it can help detect overloading or electrical faults?,2
Can you provide examples of failure codes based on specific components and failure modes in wind turbine gearboxes?,2
Can you explain the process of identifying potential failure modes and their effects on wind turbine gearboxes?,2
What types of sensors are typically used to collect data for wind turbine anomaly modeling?,2
How can feature engineering and selection be used to improve the accuracy and reliability of the anomaly detection model for wind turbine gearboxes?,2
What are the best practices for monitoring temperature and humidity levels in wind turbine gearboxes?,2
What are the specific negative effects of insufficient lubrication on the gearbox components?,2
What are the customized data analysis tools that can be used to identify patterns in the sensor data?,2
Can you explain how shock loads can lead to abrupt harm in a wind turbine gearbox?,2
How does continuous monitoring help in managing risks and reducing the potential for costly downtime and fines in wind turbine gearboxes?,2
Can you provide any examples of successful deployment and maintenance of anomaly detection models in wind turbine gearboxes?,2
How can environmental factors contribute to wind turbine gearbox failures?,2
"How do the common failure modes for a wind turbine gearbox, such as gear tooth wear, gear tooth pitting, and lubrication failure, impact the severity rating?",2
How do current sensors monitor electrical currents to detect abnormalities due to overloading or electrical faults in wind turbine gearboxes?,1
Can you provide examples of specific anomalies in wind turbine gearbox that can be detected using preprocessed and cleaned sensor data?,2
How can predictive maintenance strategies be integrated with other maintenance strategies for wind turbine gearboxes?,2
What are the specific types of sensors used in wind turbine gearboxes for monitoring condition and detecting anomalies?,2
How do material and manufacturing defects contribute to the degradation mechanisms in wind turbine gearboxes?,2
"How do proactive monitoring and maintenance of wind turbine gearboxes help in preventing failures, improving efficiency, and extending the lifespan of the equipment, and what are the best practices for implementing such a program?",2
In what ways can grid connection and power fluctuation affect the failure rates of wind turbine gearboxes?,1
"What are the challenges in implementing predictive maintenance techniques in wind farm operations, and how can they be addressed?",2
How can deep learning algorithms be used to analyze wind turbine gearbox sensor data and predict future failures or maintenance needs?,2
"How is the wind turbine gearbox data integrated with other data sources, such as weather or operational data, to improve anomaly detection and predictive maintenance?",2
How can the severity and detectability ratings of the anomalies be used to improve the overall performance of the wind turbine gearboxes?,2
How is the data collected from the sensors and how is it processed before being used for training the anomaly detection model?,2
What are the potential risks and benefits of using an anomaly detection model for predictive maintenance in wind energy operations?,2
Can you provide specific examples of design and manufacturing defects that commonly cause wind turbine gearbox failures?,2
What are the benefits of implementing condition monitoring techniques such as ESA in wind turbines?,2
What are the recommended synthetic lubricants with low pour points and good low-temperature properties for wind turbine gearboxes?,2
How do proactive maintenance actions help in preventing more serious and costly failures in wind turbine gearboxes?,2
"How can predictive maintenance strategies, such as machine learning algorithms, be applied to wind turbine gearbox data to detect and prevent failures, and what are the challenges in implementing such approaches?",2
"What are the specific benefits of using data normalization techniques like min-max scaling, z-score scaling, and log transformation in the context of wind turbine gearbox sensor data?",2
How does the detectability of failure modes in wind turbine gearboxes vary based on the specific design and operating conditions of the turbine?,1
How does ISO 13729 help in ensuring the reliability and safety of the wind turbine gearbox and what aspects of the model does it impact?,2
Can you provide examples of failure modes in wind turbine gearboxes that anomaly models can effectively identify?,2
How does the orientation of the wind turbine impact the gearbox's performance and degradation?,2
Can you explain the process of developing predictive maintenance strategies based on sensor data analysis?,2
"What are the key challenges in ensuring that wind turbine gearboxes operate reliably and safely, and how can data-driven insights help in overcoming these challenges?",2
How can vibration analysis and oil analysis be used to detect and prevent wind turbine gearbox failures?,2
How can data scientists ensure the regular review and adjustment of thresholds to maintain their relevance and appropriateness in wind turbine gearbox monitoring?,2
How can the anomaly detection model be integrated with the existing monitoring and control systems of the wind turbine?,2
Can you explain how condition monitoring systems (CMS) work and how they contribute to early detection and prevention of catastrophic failures in wind turbine gearboxes?,2
Can you provide more details on how machine learning algorithms can improve the accuracy of fault detection and diagnosis in wind turbine gearboxes?,2
Can you provide examples of common design flaws or manufacturing defects that can lead to wind turbine gearbox failures?,2
"Can you explain the process of conducting a Failure Modes and Effects Analysis (FMEA) for wind turbine gearbox components, and what are the key steps involved?",2
Can you provide any examples of how wind turbine gearbox data analysis has helped prevent gearbox failures in real-world scenarios?,2
Can you provide any examples of unusual patterns in sensor data that have led to the identification of gearbox failures in the past?,2
How often should oil analysis be performed to ensure early detection of potential failures?,1
Can you explain the process of identifying deviations from the expected behavior in the gearbox's parameters?,2
"How is the frequency of data analysis determined for wind turbine gearboxes, and what factors are considered in this decision?",2
What are the specific machine learning algorithms used for analyzing the data collected by the sensors in the condition-based monitoring system?,2
Can you explain the specific operational procedures that need to be adhered to in order to prevent negative impacts from wind turbine failures?,2
How can routine oil analysis and vibration monitoring help detect potential failure modes in wind turbine gearboxes?,2
What are the best practices to be followed for maintaining the cleanliness of wind turbine gearboxes?,2
What are the the most common causes of insufficient lubrication in wind turbine gearboxes?,2
"How is sensor data used to detect early signs of gearbox wear, damage, or failure, and what are the most common indicators of such issues?",2
How do the temperature sensor readings help in detecting insufficient lubrication or overheating issues in the wind turbine gearbox?,2
"Can temperature and humidity data be used to predict potential gearbox failures, and if so, what are the most effective predictive maintenance techniques?",2
What are the challenges in ensuring proper installation and calibration of sensors in wind turbine gearboxes?,2
How does topology optimization contribute to the design of more efficient and reliable wind turbine gearboxes?,2
Are there any specific algorithms or techniques used to analyze the sensor data for wind turbine gearbox failure detection?,2
How does predictive maintenance reduce safety risks in wind turbine gearboxes?,2
What are the best practices for inspecting wind turbine gearboxes for early detection of potential failures?,2
Can you provide any examples of how data visualization techniques have been used to communicate the insights gained from wind turbine gearbox data?,2
"How can we ensure that the chosen data transformation and normalization techniques do not overfit or underfit the wind turbine gearbox sensor data, leading to poor model performance?",2
How does the FMEA process help in predicting and preventing failures in wind turbine gearboxes?,2
Can you provide any specific examples of how sensor data has helped in detecting and preventing wind turbine gearbox failures?,2
Can you provide any examples of specific machine learning algorithms that have been successful in detecting early-stage failure in wind turbine gearboxes?,2
What are the common causes of sensor failure and how can they be prevented?,2
What types of sensor data are most useful in detecting and diagnosing wind turbine gearbox anomalies?,2
"How can the use of data analytics techniques, such as statistical process control, be used to detect and diagnose wind turbine gearbox anomalies?",2
How can temperature data be integrated with other sensor data to improve failure prediction and maintenance planning?,2
What are the typical repair costs and downtime associated with wind turbine gearbox failures?,2
How does the data from sensor monitoring get analyzed and interpreted to detect early signs of potential failures?,2
Can you provide more information on the specific operating conditions that need to be considered for accurate anomaly detection in wind turbine gearbox sensor data?,1
How do weather conditions affect wind turbine gearbox sensor data?,2
What are the challenges in monitoring and analyzing sensor data under various operating conditions in wind turbine gearboxes?,2
Can you explain the process of vibration analysis and how it helps in detecting changes in the gearbox's condition?,2
How do periodic inspections contribute to the detection of early signs of degradation in wind turbine gearboxes?,2
How does the formation of varnish and sludge affect the wind turbine gearbox?,2
"How can data quality be ensured when integrating weather, operational, and sensor data?",2
"How are the results of the data visualization and exploration techniques communicated to the operators, and what training or expertise is required to interpret these results?",2
What types of sensors are typically used to collect real-time data for anomaly detection in wind turbine gearboxes?,1
What are the recommended sensors for monitoring wind turbine gearboxes and why are they appropriate?,2
Can you provide any case studies or examples of successful on-premises deployment for the protection of sensitive data in wind turbine gearbox anomaly detection models?,2
Can you provide more information about the data connectivity and bandwidth requirements for a wind turbine gearbox anomaly detection model?,1
"Can you explain the process of data encryption in the wind turbine gearbox anomaly detection model, and what encryption techniques are being used?",2
"How can predictive maintenance algorithms be developed and implemented for wind turbine gearboxes, and what machine learning techniques are commonly used?",2
What specific sensor data should be monitored and analyzed to detect potential failures in the wind turbine gearbox?,2
Can you provide examples of how resources are allocated efficiently in the predictive maintenance process?,2
Can you provide more details on the types of mechanical and thermal stress that can be measured using sensors in wind turbine gearboxes?,2
Can you explain the role of data integration and interoperability in the context of wind turbine gearbox data collection and analysis?,2
Can you explain the specific gear tooth pitting failure modes and how they impact the performance of wind turbine gearboxes?,2
Are there any specific patterns in the combined data from weather sensors and wind turbine gearboxes that indicate a higher risk of failure?,2
What are the advantages of using real-time data from condition monitoring systems to prevent wind turbine gearbox failures?,2
"What are the specific factors that contribute to the unique operating conditions and load spectrum of wind turbine gearboxes, compared to other mechanical systems?",2
"How can the Z-score method, IQR method, and DBSCAN algorithm be applied in detecting outliers in the sensor data, and what are their respective strengths and weaknesses?",2
"How does thermography detect hot spots, indicating excessive loading or degradation of gears and bearings?",2
"How can data-driven approaches, such as machine learning algorithms, be used to predict and prevent bearing failure in wind turbine gearboxes?",2
"What are the challenges associated with collecting and processing large volumes of sensor data from wind turbine gearboxes, and how can they be addressed?",2
"How can vibration analysis data be integrated with other maintenance data, such as oil analysis results, to provide a more comprehensive view of the gearbox's health?",2
How can machine learning techniques be applied to distinguish AE sounds from other noise sources in wind turbine gearboxes?,2
What are the best practices for using wind turbine gearbox data to optimize predictive maintenance strategies?,1
What are the potential benefits of identifying wind turbine gearbox failures early and performing targeted maintenance activities?,2
What are the benefits of combining preventive maintenance measures with real-time monitoring for wind turbine gearboxes?,2
What measures can be taken to prevent unauthorized access and data breaches during the data collection and analysis process?,2
"Can you provide examples of specific failure modes that have been identified through data analysis, and what are the common root causes of these failures?",2
Can you explain how oil analysis can reveal lubrication problems and contamination in wind turbine gearboxes?,2
How do the OSHA regulations for the renewable energy sector impact the design and manufacturing of wind turbine gearboxes compared to other industries?,2
What are the best practices for continuously monitoring and improving wind turbine gearbox anomaly detection models to maintain compliance and ensure effectiveness over time?,2
What are the best practices for training maintenance personnel to identify and address failures caused by environmental factors in wind turbine gearboxes?,2
"Can anomaly models be used to detect potential security threats, such as cyber attacks, on wind turbines?",2
Can you provide examples of specific cases where vibration monitoring and analysis helped prevent wind turbine gearbox failure?,2
Are there any collaborative efforts or organizations focused on wind turbine gearbox sensor data analysis and anomaly detection?,1
How can improved lubrication strategies contribute to the longevity and efficiency of wind turbine gearboxes?,2
"How do precision, recall, and F1 score measure the performance of the model in identifying potential failures?",1
"Can you explain the role of high-quality filters, bearings, and materials in preventing wind turbine gearbox failures, and what specific criteria should be considered when selecting these components?",2
How can we integrate the anomaly model with the existing maintenance and inspection practices in the wind farm?,2
What are the most common types of sensors used to collect data for wind turbine gearbox monitoring?,2
Can you explain how manufacturing defects can contribute to the failure of wind turbine gearboxes?,2
Are there any regulations or standards that specify the monitoring and maintenance requirements for wind turbine gearboxes?,2
"Can you explain the process of oil analysis in detecting degradation of lubricant in the wind turbine gearbox, and what are the common indicators of lubricant degradation?",2
What are the specific failure codes assigned to each failure mode in the gearbox's components?,2
"Can you explain more about the specific challenges you face with wind turbine gearbox failures, and how accurate predictions can help address these issues?",2
How does misalignment contribute to the failure modes in wind turbine gearboxes?,1
"What are the potential limitations or challenges in using OEE as a key performance indicator in wind energy, and how can they be addressed?",2
"What are the common limitations or challenges in interpreting sensor data for wind turbine gearbox monitoring, and how can we overcome them?",2
Can encoders be used to detect overheating in wind turbine gearboxes and how?,2
"Are there any limitations or challenges associated with using high-frequency data for wind turbine gearbox anomaly detection, and how can they be addressed?",1
"What are the consequences of not addressing potential issues in wind turbine gearboxes, and how can a data-driven approach help in making informed decisions about maintenance?",2
What are the common data preprocessing techniques used to clean and prepare the sensor data for the anomaly detection model?,2
What are the common trends and anomalies that are looked for in the sensor data during condition monitoring and predictive maintenance?,2
How is the sensor data collected and processed before being used for anomaly detection?,2
How does the sensor data help in reducing downtime and increasing the lifetime of wind turbine gearboxes?,2
"How can time series analysis and machine learning algorithms be used to detect anomalies caused by external factors in wind turbine gearboxes, and what are their respective advantages and limitations?",2
"What are the potential consequences of not implementing data-driven maintenance strategies for wind turbine gearboxes, and how can they be mitigated?",2
How does a low false positive rate (FPR) help minimize false alarms in the context of wind turbine gearbox anomaly detection?,2
What are the best practices for ensuring adequate lubrication during installation?,2
What are the key performance indicators (KPIs) that can be used to monitor the performance of the wind turbine gearbox and how can they be measured?,2
Can you explain the process of data analysis in developing an anomaly model for wind turbine gearboxes?,2
"What are the challenges in implementing continuous monitoring and predictive maintenance for wind turbine gearboxes, and how can they be addressed?",2
What are the typical corrective actions taken to address misalignment in wind turbine gearboxes?,2
"What specific signs of wear or damage should a reliability engineer look for during a visual inspection of wind turbine gearbox teeth, bearings, and housing?",2
"Are there any specific data preprocessing techniques that are recommended for wind turbine gearbox sensor data, such as noise reduction or outlier detection?",1
How often should sensors be calibrated to ensure accurate data and prevent potential failures?,2
Can you provide any specific examples of how sensor data has been used to improve the performance or extend the lifespan of wind turbine gearboxes in real-world applications?,2
What are the specific challenges in implementing AE analysis in wind turbine gearboxes compared to other industrial applications?,2
Can you provide any specific industry standards or guidelines related to humidity control and corrosion prevention in wind turbine gearboxes?,2
What are the common preventive maintenance measures implemented based on the failure modes and effects analysis (FMEA) results for a wind turbine gearbox?,2
How is the severity of a wind turbine gearbox failure determined and what are the consequences of different levels of severity?,2
"Can you provide more information on the degradation mechanisms of wind turbine gearboxes, such as wear, fatigue, corrosion, and overload?",1
What are the most common signs of inadequate maintenance that can result in wind turbine gearbox failures?,2
What are the challenges in selecting appropriate sensors for wind turbine gearboxes?,2
What are the specific ways in which precipitation can cause contamination of the lubricant and increased wear and tear of the components?,1
Can you provide examples of specific failure codes and degradation mechanisms in wind turbine gearboxes?,2
"What are the best practices for conducting visual inspections of wind turbine gearboxes, and what tools or techniques are commonly used to support these inspections?",2
"How can the severity of gearbox failure be quantified, and what are the potential consequences of different levels of severity?",1
Can you provide any examples of specific failure modes and effects analysis conducted on wind turbine gearboxes?,2
Can you explain the process of sensor selection and calibration for wind turbine gearbox data?,2
"Are there any regulations or industry standards that govern the use of anomaly detection techniques in wind turbine gearboxes, and if so, what are they?",2
"How frequently should data be collected from vibration analysis, temperature monitoring, and oil analysis for the anomaly model to be effective?",2
Can you explain how outlier detection and removal techniques can help in improving the performance of the anomaly detection model?,2
How can installation errors be minimized to prevent misalignment in wind turbine gearboxes?,2
How do regular inspections and vibration analysis help in detecting potential failures in wind turbine gearboxes?,2
Are there any specific data transformation techniques that should be applied to the sensor data before training the anomaly model?,1
What are the specific parameters measured in vibration analysis and how are they used to detect potential issues in wind turbine gearboxes?,2
"How are statistical process control (SPC) charts, such as Shewhart charts, used to monitor wind turbine gearbox conditions and detect deviations from normal operating conditions?",2
What are the best practices for maintaining and inspecting wind turbine gearboxes to prevent failures and minimize downtime?,1
What are the common failure modes in wind turbine gearboxes that can be identified through the comprehensive FMEA?,2
"How do you determine the criticality of a failure in wind turbine gearboxes, and what factors are taken into account in this assessment?",2
Can you provide examples of how the gearbox design differs among various wind turbine fleets?,2
Can you explain the relationship between high loads in wind turbine gearboxes and changes in acoustic emissions?,2
"What are the regulatory and compliance considerations for preventive maintenance of wind turbine gearboxes, and how can operators ensure they are meeting these requirements?",2
"How do environmental factors impact the performance and maintenance of wind turbine gearboxes, and how can this be accounted for in sensor data collection and analysis?",2
"How can the severity of the common signs of failure be quantified, and what are the thresholds for taking proactive maintenance measures?",2
Can you provide any specific examples of how a root cause analysis has helped in identifying and resolving potential anomalies in wind turbine gearboxes?,2
How can the latency requirements for real-time processing be met using different computational resources?,2
How do maintenance standards from OEMs and industry organizations contribute to predictive maintenance and failure prevention in wind turbine gearboxes?,2
Can you explain the significance of acoustic emission sensors in detecting high-frequency sounds generated by the gearbox and how it helps in predicting failures?,2
Can you explain how to determine the natural frequency of a wind turbine gearbox?,2
"Can you provide more details on how the failure reason, failure code, and degradation mechanism are analyzed as part of the FMEA process?",2
"What are the key factors contributing to wind turbine gearbox failures, and how can the anomaly detection model help in detecting and preventing these failures?",2
How can the use of inappropriate materials contribute to vibration-related failures in wind turbine gearboxes?,2
How can the degradation mechanism of wind turbine gearboxes be monitored and assessed to ensure their longevity and reliability?,2
How do regular maintenance and timely inspections help prevent failures in wind turbine gearboxes?,2
"How do acoustic emission sensors detect high-frequency sounds from components, and how does this aid in early detection of damage like crack initiation or propagation in wind turbine gearboxes?",1
"How do feature engineering techniques, such as frequency analysis and time-frequency analysis, contribute to the analysis of wind turbine gearbox sensor data?",2
How do the failure modes and degradation mechanisms of wind turbine gearboxes differ from those of other types of mechanical systems?,1
"What are the specific challenges in collecting and analyzing sensor data from wind turbine gearboxes, and how can they be addressed?",2
How can we integrate the machine learning models for wind turbine gearbox anomaly detection with the existing maintenance and monitoring systems?,2
How can operators ensure data accuracy and integrity when monitoring sensor data for wind turbine gearbox conditions?,2
What steps can be taken to prevent moisture from entering the wind turbine gearbox system?,2
What are the challenges in implementing a data-driven approach for wind turbine gearbox preventive maintenance programs and how can they be addressed?,2
"What are the challenges in detecting failures in wind turbine gearboxes, and how can advanced data analytics help address these challenges?",2
How does the monitoring system determine the appropriate sampling rate for each parameter being measured in the wind turbine gearbox?,2
How can power curve analysis be used to improve the overall efficiency and performance of wind turbine gearboxes?,2
"How can data be collected and analyzed to monitor the temperature and performance of wind turbine gearboxes, and what are the best practices for implementing a temperature monitoring system?",2
What are the benefits of using a comprehensive monitoring system for wind turbine gearbox health and performance?,2
Are there any regulatory or compliance requirements that need to be considered in the development and deployment of the anomaly model?,1
"Can you explain the role of machine learning in the anomaly detection model, and what are the recommended algorithms or techniques for detecting anomalies in wind turbine gearbox data?",2
Can you describe the key failure modes of wind turbine gearboxes and how they impact the overall performance and lifespan of the turbines?,2
How can data from condition monitoring and preventive maintenance strategies be analyzed to predict and prevent wind turbine gearbox failures?,2
"Can you provide more details on the specific design and operation of wind turbine gearboxes, and how that knowledge can be used to inform the anomaly detection model?",2
Can you provide more details on the process of data cleaning for sensor data from wind turbine gearboxes? What are the common issues and how are they addressed?,2
How can the age and type of wind turbine fleets impact the performance of an anomaly detection model for wind turbine gearboxes?,1
How can the sensor data be used to detect and diagnose intermittent or transient anomalies in the wind turbine gearbox?,1
How does the use of sensor data impact the overall maintenance strategy for wind turbine gearboxes?,2
What are the most critical components of a wind turbine gearbox that we should focus on while developing the anomaly detection model?,2
"How can routine inspections and maintenance activities, such as lubricant changes and filter replacements, be optimized to prevent insufficient lubrication?",2
How do encoders help in preventing premature failure of wind turbine gearboxes?,2
How does improper installation contribute to bearing failure in wind turbine gearboxes?,2
How can we ensure that the ground truth labels or failure records for the historical data are accurate and reliable?,2
What are the recommended lubrication schedules for wind turbine gearboxes to prevent insufficient lubrication?,2
"What are the specific effects of extreme temperatures on the wind turbine gearbox, and how do these conditions impact the lubricating oil's properties?",2
How can the insights from wind turbine gearbox sensor data analysis and anomaly detection be used to optimize maintenance schedules?,2
How does the EPA's influence on wind turbine gearbox design help minimize oil leaks and environmental contamination?,2
"Can you provide more information on how the analysis of integrated sensor, weather, and operational data can be used to detect failure modes before they happen in wind turbine gearboxes?",2
What are the current trends and future directions in predictive maintenance and failure prevention for wind turbine gearboxes?,1
"How do operating conditions, such as power levels and weather conditions, impact the detectability of failure modes in wind turbine gearboxes?",2
Can you provide more information on the operational conditions that should be monitored to detect and predict wind turbine gearbox failures?,2
Can you explain the role of continuous improvement in wind turbine gearbox maintenance?,2
"How can we deploy and integrate the anomaly detection model into the wind turbine monitoring and control system, and what are the technical and operational considerations?",2
"How do the operating conditions of wind turbines, such as temperature, humidity, and load, affect the performance of failure prediction algorithms?",2
"How do these organizations engage with stakeholders, such as wind farm operators, to ensure the practical application of their findings in wind turbine gearbox sensor data analysis and anomaly detection?",2
How do multi-stage helical gears and advanced lubrication systems reduce the likelihood of gear tooth pitting and fatigue in wind turbine gearboxes?,2
How can regular inspections and monitoring of the gearbox temperature and lubricant condition be implemented in practice?,2
Can you provide any specific case studies or examples of wind turbine gearbox failures and how they were addressed?,2
How do temperature sensors aid in detecting hot spots and changes in lubricating oil temperature within the wind turbine gearbox?,2
What are the specific advantages of using predictive maintenance techniques in wind turbine gearboxes?,2
"What are the consequences of not conducting regular oil analysis for wind turbine gearboxes, and how can it impact the overall reliability and energy production of wind turbines?",2
"What are the ethical considerations in developing and deploying a wind turbine gearbox anomaly detection model, and how can they be addressed?",2
How can the severity of the failure modes in wind turbine gearboxes be assessed and addressed effectively?,2
How can the data collected from the anomaly detection model be used to improve the overall performance and efficiency of the wind turbine?,2
Can you explain how statistical process control techniques are used in wind turbine gearbox anomaly detection?,2
"Can the anomaly detection model be used for other applications beyond wind turbine gearboxes, such as detecting anomalies in other wind turbine components or industrial machinery?",2
Can you provide more details on the physical security measures in place to safeguard devices and communication infrastructure?,2
How often do AE sensors need to be calibrated or maintained to ensure accurate and reliable readings?,2
"How can the accuracy and reliability of wind turbine gearbox failure prediction algorithms be validated and verified, and what are the best practices for implementing these models in real-world applications?",2
How can data be collected and analyzed to predict and prevent failures in wind turbine gearboxes caused by environmental factors?,2
"How does proactive maintenance, enabled by sensor data, contribute to the sustainability and profitability of wind farms?",2
How is the performance of the anomaly model evaluated and validated?,2
Can you provide any case studies or examples of successful implementation of sensor data analysis in wind turbine gearbox maintenance?,2
"How do you plan to ensure the security and privacy of the data used in the model, especially when deploying it in a real-time monitoring system?",1
How does noise modeling help distinguish between normal variations and anomalies in the sensor data?,2
How can data scientists collaborate with subject matter experts to develop predictive maintenance strategies for wind turbine gearboxes?,2
"How can data from temperature, vibration, and noise monitoring be analyzed and interpreted to make informed decisions about wind turbine gearbox maintenance and repair?",2
"Can you explain the process of chemical degradation of lubricants in wind turbine gearboxes, including the role of oxygen, moisture, and extreme temperatures?",2
"How is the severity of a failure determined through ESA, and what is the role of amplitude in this process?",2
"What are the consequences of not having a regular maintenance and inspection program for wind turbine gearboxes, and what could be the possible repercussions of ignoring potential failures?",2
What are the key factors to consider when selecting sensors and analysis techniques for wind turbine gearbox monitoring?,2
How can data scientists determine the optimal lubrication maintenance schedule for different types of wind turbine gearboxes?,2
"What are the common challenges in monitoring sensor data for wind turbine gearboxes, and how can they be addressed?",2
"Can you provide any case studies or examples of successful collaborations between data scientists, local authorities, and industry experts in the wind energy industry?",2
"What are the benefits of implementing advanced lubrication systems in wind turbine gearboxes, and how do they help prevent failures?",2
Can you explain the impact of temperature fluctuations on the expansion and contraction of gearbox components and how it can lead to fatigue and failure?,2
How does CMS help in increasing the lifespan of wind turbine gearboxes?,2
How can the severity and detectability of failures be reduced by having a thorough understanding of the environmental factors that impact the wind turbine gearbox?,2
How often should condition monitoring be performed on wind turbine gearboxes and what factors should be considered when determining the frequency of monitoring?,2
"Can data preprocessing techniques, such as data normalization or interpolation, be used to address varying data collection frequencies in wind turbine gearbox sensors?",2
How do the sensor readings help in optimizing the maintenance schedule for wind turbine gearboxes?,2
"What are the most common failure modes in wind turbine gearboxes, and how do different failure prediction algorithms address these modes?",2
How does a data-driven maintenance approach contribute to the long-term success of wind turbine operations?,2
Can you provide examples of failure patterns that anomaly detection models can identify in wind turbine gearboxes?,2
How can the data from the sensors be used to develop predictive models for gearbox anomalies?,2
Can you explain the validation methods used to assess the quality and reliability of the anomaly detection model?,2
How will the model be trained to distinguish between normal and anomalous behavior in wind turbine gearboxes?,2
How can misalignment be detected and corrected in wind turbine gearboxes?,2
What specific advanced sensor technologies are most effective in monitoring the condition of wind turbine gearboxes?,2
What measures can be taken to implement robust data security for wind turbine gearbox sensor data?,2
Can you provide examples of existing systems that can be integrated with an on-premises deployment for a wind turbine gearbox anomaly detection model?,1
How can regular lubricant analysis and monitoring help improve the reliability and availability of wind turbine systems?,2
How does the temperature monitoring system identify poor lubrication or mechanical wear in the wind turbine gearbox?,2
Can you provide any additional information on the impact of excessive loads on bearing failure?,2
"Can you provide any case studies or examples of successful wind turbine gearbox failure prediction and prevention programs, and what lessons can be learned from them?",2
"Are there any specific challenges or limitations when it comes to detecting and quantifying noise or interference in the sensor data from wind turbine gearboxes, as compared to other types of sensor data?",1
"What are the most common failure modes in wind turbine gearboxes, and how can they be identified using sensor data?",2
What are the recommended performance metrics for evaluating and validating the anomaly detection model in wind turbine gearboxes?,2
What are the specific methods for detecting contamination in wind turbine gearboxes through oil sampling and analysis?,2
How can the impact of high loads on wind turbine gearboxes be mitigated through maintenance practices?,2
Are there any new or emerging technologies being used to predict and prevent wind turbine gearbox failures?,2
How do anomaly models help ensure that wind turbines are operating at peak efficiency?,2
How does GE's Digital Wind Farm platform compare to other predictive maintenance approaches for wind turbine gearboxes in terms of reducing downtime and maintenance costs?,2
Can you provide some specific examples of machine learning algorithms that have been effective in enhancing anomaly detection in wind turbine gearboxes?,2
Can you provide examples of specific parameters that are monitored in an anomaly detection model for wind turbine gearboxes?,2
Are there any specific design considerations for wind turbine gearboxes that can mitigate bearing failure?,2
What are the most common types of sensors used to monitor wind turbine gearbox health in real-time?,2
What are the specific load factors that contribute to the degradation and damage of wind turbine gearboxes?,2
"How can the anomaly detection model be designed to incorporate the specific requirements and recommendations of multiple safety standards and guidelines, such as IEC 61400-24, IEC 61400-25, ISO 16092, ANSI/ASME B92.1, and NEN 3140?",2
Can you explain how outliers are handled in each of these normalization techniques?,2
Can you provide any examples of high-consequence failures in wind turbine gearboxes caused by improper installation?,2
What are the common causes of contamination in lubrication oil that can be detected through oil analysis?,2
How does the sensitivity of vibration sensors impact the ability to detect failures in wind turbine gearboxes?,2
How does Failure Mode and Effect Analysis (FMEA) help in preventing similar failures in the future?,2
How can proactive maintenance and repair practices help reduce the overall cost of bearing failure in wind turbine gearboxes?,2
"How is power curve analysis used to identify deviations from the normal operating range in a wind turbine gearbox, and what are the acceptable ranges for the power curve?",2
How can the data from these sensors be used to implement predictive maintenance strategies?,2
Can you explain how temperature patterns can be used in machine learning algorithms to detect early-stage failure in wind turbine gearboxes?,2
What are the most common failure modes in wind turbine gearboxes that can be identified using sensor data?,2
How can timely corrective actions prevent significant failures in wind turbine gearboxes?,2
Could you provide more information about the methods used to monitor and improve the gearbox's performance and reliability during the design and manufacturing stages?,2
How does oil analysis help in detecting misalignment-related issues?,2
"What are the potential consequences of false positives or false negatives in the anomaly detection model, and how can they be minimized?",1
How often should the data be collected from the sensors to ensure accurate and real-time monitoring of the wind turbine gearboxes?,2
How can regular maintenance and inspections reduce downtime in wind turbine systems?,2
How can the risk of failure be mitigated through the careful selection and qualification of suppliers for wind turbine gearboxes?,2
What are the best practices for data preprocessing and feature engineering when building an anomaly model for wind turbine gearbox sensor data?,2
What are the best practices for maintaining wind turbine gearboxes and preventing catastrophic failures?,2
How do AE sensors contribute to the overall maintenance and safety strategy for wind turbine farms?,2
"How does the model address the challenge of updating the FMEA analysis as new data becomes available, particularly in cases where the new data may require revisiting earlier data imputation decisions?",2
What types of sensors and monitoring technologies are commonly used in wind turbine gearbox condition monitoring?,2
How does insufficient lubrication contribute to the failure of wind turbine gearboxes?,1
"What are the severity and detectability ratings for common wind turbine gearbox failure modes, and how can these ratings be used to inform maintenance and monitoring strategies?",2
How can the severity of various data issues be quantified and prioritized for addressing?,2
Are there any challenges or limitations in implementing these advancements in wind turbine gearbox design and maintenance?,2
Could you provide examples of specific anomalies that predictive models can detect in wind turbine gearboxes?,2
How do the degradation mechanisms of wind turbine gearboxes differ from other types of gearboxes?,2
"What sensors or data sources would you recommend for monitoring wind turbine gearboxes and detecting potential failures, and how can we ensure that the data collected is accurate and reliable?",2
Can you provide some examples of the actions that maintenance personnel can take when the machine learning model detects anomalies or failures?,2
What are the specific failure modes in wind turbine gearboxes that can be improved by using an anomaly detection model?,2
How can data scientists collaborate with subject matter experts to develop a comprehensive approach for wind turbine gearbox monitoring and maintenance?,2
"How do the input and output speed, power, torque, temperature, and vibration of a wind turbine gearbox relate to each other in normal operating conditions?",2
What are the future research directions for using sensor data and machine learning techniques to predict and prevent wind turbine gearbox failures?,2
"What are the best practices for monitoring and maintaining wind turbine gearboxes in different operating conditions, such as extreme temperatures or high humidity?",2
"How does the size and complexity of wind turbine gearboxes affect the maintenance and inspection process, and what are the challenges associated with it?",2
What are the best practices for selecting high-quality components and appropriate materials for wind turbine gearboxes?,2
Can you explain how the normal operating conditions are determined for the wind turbine gearbox components?,1
Can you provide examples of prognostics and health management techniques used in wind turbine gearboxes and their potential impact on maintenance?,2
Can you provide more details on the root cause analysis process and its importance in wind turbine gearbox monitoring?,2
"Can you explain how oil analysis can indicate tooth damage, bearing wear, or lubrication problems in wind turbine gearboxes?",1
How is oil analysis used in wind turbine gearbox maintenance and what types of failures can it help prevent?,2
How do temperature sensors help in predicting potential catastrophic failures in wind turbine gearboxes?,2
What types of advanced diagnostic techniques may be necessary to detect and address sensor data noise or interference in wind turbine gearbox systems?,2
How can the sensor data be used to detect and diagnose anomalies in the wind turbine gearbox that are caused by multiple or combined failure modes?,1
"What are the potential challenges in implementing the anomaly detection model in real-world wind farm settings, and how can they be addressed?",2
Can you explain how time series plots and multivariate time series plots are used to identify trends and patterns in wind turbine gearbox sensor data?,2
How can the impact of false positives or negatives on maintenance strategies and wind turbine gearbox performance be minimized?,2
What are the consequences of not monitoring and assessing the condition of wind turbine gearboxes?,2
How can wind shear affect the gearbox's performance and what measures can be taken to mitigate its impact?,1
What are the challenges in implementing a comprehensive failure detection and prevention program for wind turbine gearboxes?,2
What methods are used to validate the accuracy and reliability of machine learning models for predicting failures in wind turbine gearboxes?,2
How can the data collected from a condition monitoring system be used to optimize maintenance and repair procedures for wind turbine gearboxes?,2
How do anomaly models improve reliability in wind energy systems?,2
"How does a proactive maintenance plan that includes condition monitoring, inspections, and maintenance activities help to prevent failures and extend the lifespan of wind turbine gearboxes?",2
How can the predicted and prevented failures in wind turbine gearboxes lead to improved reliability and availability of wind turbines?,2
How can the data collected through event-based data collection be visualized and interpreted for predictive maintenance purposes?,2
Could you elaborate on the risk assessment process for selecting the most appropriate wind turbine gearbox monitoring techniques?,2
"Are there any limitations or challenges in analyzing wind turbine gearbox sensor data with varying collection frequencies, and how can we address them?",2
"How can we handle the imbalance in the dataset, as gearbox failures might be rare compared to normal operations?",2
How can the success of anomaly detection models in wind turbine gearboxes be measured and evaluated?,2
Can you provide examples of specific corrective actions that can be taken based on the results of condition monitoring in wind turbine gearboxes?,2
How does the severity of wind turbine gearbox failures compare to other types of failures in wind turbine systems?,2
"Can you provide more details on the preventive maintenance measures that can be taken to address high and low temperatures, such as proper insulation, ventilation, and lubricant management?",2
"Can predictive maintenance measures, such as machine learning algorithms, be used to detect and prevent wind turbine gearbox failures?",2
What are the best practices for preprocessing sensor data from wind turbine gearboxes to ensure accurate failure detection using machine learning algorithms?,2
How can the increased vibration levels be measured and what threshold levels indicate a potential failure in the wind turbine gearbox?,2
How can regular maintenance and inspection of the gearbox interior help in identifying signs of corrosion before they become a major issue?,2
How can wind farm operators determine the optimal frequency for maintenance and condition monitoring?,2
What are the limitations of using anomaly detection models in wind turbine gearboxes?,2
Can you provide any examples of major problems that have been prevented through proactive monitoring and maintenance of wind turbine gearbox components?,2
How are the sensor data trends for normal and abnormal gearbox conditions analyzed to detect potential failures?,2
"Are there any existing data analysis tools or techniques currently in use for analyzing wind turbine sensor data, and how might these tools be leveraged in the anomaly detection model?",2
What are the best practices for lubrication management in wind turbine gearboxes?,2
What are the potential consequences of not monitoring wind turbine gearboxes using sensor data?,2
"How do wind turbine size and model affect the threshold values for temperature, vibration, and noise?",2
"Can you provide more details on how operating conditions, such as temperature and load, can affect the degradation mechanisms of the gearbox?",2
"What are the challenges in implementing condition monitoring, predictive maintenance, and spare parts management for wind turbine gearboxes?",2
"Are there any specific components in the wind turbine gearbox that are more susceptible to external factors such as weather conditions, size of the turbine, and operating conditions?",2
What are the challenges in implementing sensors and predictive models in wind turbine gearboxes?,2
What are the specific types of damage that can occur in wind turbine gearboxes due to environmental factors?,2
"How can we ensure that the chosen data transformation and normalization techniques are robust to noise, outliers, or other potential issues in the wind turbine gearbox sensor data?",2
How does fusion of operational and maintenance data help in identifying the factors contributing to gearbox failures and developing an effective maintenance strategy?,2
How can machine learning and artificial intelligence techniques be applied to wind turbine gearbox sensor data for predictive maintenance?,2
What are the challenges in extracting and selecting relevant features from wind turbine gearbox sensor data?,2
"How does regular calibration and maintenance of sensors in wind turbine systems help improve their reliability and availability, and what are the recommended maintenance intervals?",2
"How can the use of predictive maintenance technologies, such as sensors and data analytics, help in detecting and preventing wind turbine gearbox failures?",2
How does regular lubrication management contribute to the prevention of failure modes in wind turbine gearboxes?,2
Can you describe the process for identifying and handling missing or erroneous data points in the dataset?,2
What are the potential benefits of using edge computing for real-time data processing and analysis in wind turbine gearbox maintenance?,2
How do lubrication issues in wind turbine gearboxes affect their performance and lifespan?,2
What are the specific steps involved in conducting a Failure Modes and Effects Analysis (FMEA) for a wind turbine gearbox?,2
"What data analysis and interpretation methodologies are currently available for wind turbine gearbox monitoring, and what are their strengths and limitations?",2
"Can you provide more information on how sensor data can be used to detect failures in wind energy systems, and what methods are used to predict and prevent these failures?",2
Can you provide examples of how optimizing the performance of the wind turbine through power curve analysis can prevent failures and minimize downtime?,2
What are the recommended methods for data scientist to handle missing or corrupted sensor data in the wind turbine system?,2
How does ESA compare to other condition monitoring techniques in terms of accuracy and cost?,2
"Can you share any specific examples of wind turbine gearbox failures that have occurred in the past, which could help inform the model development and evaluation process?",2
Can you explain the differences in maintenance requirements for wind turbines located in coastal or offshore environments compared to those located on land?,2
"What are the challenges in implementing predictive maintenance strategies in wind energy operations, and how can they be addressed?",2
How can data scientists use data to optimize the amount and frequency of lubrication to prevent major failure modes?,2
Can you explain the role of insufficient lubrication in bearing failure and how it occurs?,2
Are there any known limitations or challenges in using sensor data to detect and predict wind turbine gearbox degradation?,1
"Can you provide more details on the types of sensors used to measure temperature, vibration, and noise in wind turbine gearboxes?",2
What certifications are required for the wind turbine gearbox and how can we demonstrate compliance with these requirements?,2
What are the specific cost savings that can be achieved through early detection of wind turbine gearbox failures?,2
Are there any specific challenges or considerations when developing an anomaly detection model for wind turbine fleets in different geographical locations?,2
"Can you provide any examples of successful implementation of anomaly detection models in wind turbine gearboxes, leading to improved reliability and reduced maintenance costs?",2
"What are the specific frequency ranges that indicate the presence of imbalance, misalignment, or mechanical wear in wind turbine gearboxes?",2
Can you provide more details on how thermal management systems can be incorporated into wind turbine gearbox design?,2
"What preventive maintenance measures can be taken to reduce the likelihood of corrosion in wind turbine gearboxes, aside from the use of corrosion-resistant materials and coatings?",2
What are the potential challenges in implementing predictive maintenance for wind turbine gearboxes using anomaly models?,2
Are there any specific regulatory or industry standards for wind turbine gearbox maintenance and repair that data scientists should be aware of?,2
Can you provide any examples of how data-driven maintenance strategies have been used to extend the lifespan of wind turbine gearboxes?,2
What methods can be used to extend the lifespan of wind turbine gearboxes through data analysis and predictive maintenance?,2
What temperature levels indicate a problem with lubrication in wind turbine gearboxes?,2
"Can you explain how wear and tear, fatigue, and contamination contribute to catastrophic failures in wind turbine gearboxes?",1
How do you see the future of predictive maintenance models in wind energy with the incorporation of external factors?,2
How do machine learning algorithms help in predicting and preventing failures in wind turbine gearboxes?,2
How can data availability and quality affect the accuracy and reliability of an anomaly detection model for wind turbine gearboxes?,2
How can the typical failure modes of wind turbine gearboxes be understood and used to improve the accuracy and reliability of the anomaly detection model?,2
"What are the most common causes of bearing failure in wind turbine gearboxes, and how can they be prevented?",2
How is the sensor data used to determine the remaining useful life of wind turbine gearboxes?,2
"How can machine learning algorithms be used to predict potential failures in wind turbine gearboxes, and what data is required to train these algorithms?",2
"What are the operational constraints for deploying the anomaly detection model, such as computational resources, power consumption, and communication bandwidth, and how do we optimize for them?",2
"How does the cost of scheduled, condition-based, and predictive maintenance compare over the lifecycle of a wind turbine gearbox?",2
Can you provide examples of catastrophic failures that can be avoided through early detection of wind turbine gearbox issues?,2
What are the best practices for data analysis and monitoring of the wind turbine gearbox's operating conditions to detect potential issues early?,2
How often should condition-based monitoring be performed to ensure early detection of overheating issues?,2
"In what ways do EU regulations, such as the Machinery Directive and ATEX Directive, impact the safety and performance requirements for wind turbine gearboxes?",2
What are the challenges in implementing a data-driven maintenance strategy in wind turbine gearbox maintenance?,2
How can the data from accelerometers be used to optimize maintenance strategies and reduce downtime and costs?,2
How is the effectiveness of data normalization in wind turbine gearbox monitoring typically evaluated?,2
"How can wind turbine operators detect and prevent gearbox failures caused by overloading, contamination, or poor lubrication?",2
How can inaccurate documentation make it challenging to track component history in wind turbine gearboxes?,2
How can domain-specific knowledge be integrated into the data preprocessing and anomaly detection process for wind turbine gearbox sensor data?,2
"What are the key factors that affect the reliability and availability of wind turbine gearboxes, and how can they be addressed through predictive maintenance strategies?",2
"What are the typical data collection frequencies used for wind turbine gearbox monitoring, and how do they vary between different turbine models or manufacturers?",1
"What are the challenges in analyzing the vibration data from wind turbine gearboxes, and how can they be overcome?",2
How is the collected data processed and analyzed to detect potential failures in wind turbine gearboxes?,2
"In what ways do changes in the oil condition, such as an increase in contaminants or a decrease in viscosity, indicate a problem with the gearbox?",2
Can you provide more details on the high-quality lubricating oil and insulating materials that can help prevent thermal degradation and electrical failures in wind turbine gearboxes?,2
"Can you provide an example of a hybrid computing architecture used for wind turbine gearbox anomaly detection, and what are its key features?",2
"How can we ensure high-quality data collection consistently and over a long period of time, enabling accurate identification and analysis of potential failure modes and degradation mechanisms?",2
"How does the ANSI/ASME B92.1 standard help in ensuring the safe operation and maintenance of wind turbine gearboxes, and what are the key factors to consider while implementing it in the anomaly detection model?",2
What are the specific steps involved in a lubrication system inspection?,2
Can you give examples of false positives that can be reduced by incorporating external factors in the anomaly detection model?,2
What are the recommended steps for repairing or replacing damaged components in a wind turbine gearbox?,2
What data preprocessing steps are necessary to ensure the quality and reliability of the sensor data?,2
What specific types of sensors are being considered for use in the advanced sensor technology trend for wind turbine gearbox predictive maintenance?,2
"How is vibration analysis used to detect issues with components such as bearings, gears, or shafts?",2
Can you discuss any challenges in collecting and analyzing sensor data for wind turbine gearbox monitoring and how they can be addressed?,2
"Can you discuss the integration of the anomaly detection model with other systems, and what are the benefits of such integration?",2
"Can you provide examples of specific anomalies in temperature, vibration, and load that may indicate potential failures in wind turbine gearbox components?",2
"What specific condition monitoring techniques are commonly used for wind turbine gearboxes, and how are they implemented?",2
How does the presence of water in the lubricating oil lead to the formation of emulsions and how does it decrease lubrication performance?,2
What are the most promising machine learning algorithms or techniques for developing a reliable anomaly detection model in wind turbine gearbox monitoring?,2
How do machine learning algorithms and artificial neural networks contribute to power curve analysis?,2
"How do you plan to ensure the model's generalization and prevent overfitting, especially when dealing with a complex problem like wind turbine gearbox failure prediction?",1
How can a detailed FMEA analysis help in developing preventive maintenance strategies for wind turbine gearboxes?,2
What are the key performance indicators to measure the effectiveness of these measures in wind turbine gearboxes?,2
How can online monitoring systems assist in detecting contamination and preventing contamination-related failures?,2
How can sensor data be used to optimize the performance of wind turbine gearboxes?,2
Can you provide an example of a feature engineering technique that has proven particularly effective in improving anomaly detection in wind turbine gearbox sensor data?,2
What are the ideal viscosity and acidity levels for the lubricating oil in wind turbine gearboxes?,2
How can the data from different monitoring techniques be integrated and analyzed to provide a comprehensive understanding of the wind turbine gearbox's condition and potential failures?,2
What types of non-destructive testing are commonly used to detect signs of wear and tear and potential failures in wind turbine gearboxes?,2
How does proper alignment contribute to the prevention of wind turbine gearbox failures?,2
What are the consequences of non-compliance with regulations and standards for wind turbine gearboxes?,2
How can the data collected from each failure detection method be analyzed and interpreted to inform maintenance decisions?,2
"How do the KPIs such as MTBF, MTTR, and maintenance costs impact the overall energy production of the wind turbine?",2
How do the oil debris sensors help in determining the condition of the wind turbine gearbox and how is it used in the anomaly detection model?,2
Can you provide more information on how detecting anomalies can improve the overall performance and availability of wind turbines?,2
What are the key factors that affect the sensitivity and accuracy of AE analysis in detecting early-stage gearbox failures?,2
Are there any specific electrical issues that are common in wind turbine gearboxes and how can they be detected using sensor data?,2
Can you discuss any new or emerging technologies in wind turbine gearbox failure detection and prevention?,2
"Can you provide any examples of severe consequences due to wind turbine gearbox failures, and how could regular inspections and condition monitoring systems have helped prevent those failures?",2
Can you provide more details on how sensors' placement can affect their performance and the interpretation of potential anomalies in wind turbine gearboxes?,2
What are the common causes of insufficient lubrication in wind turbine gearboxes?,2
What are the advantages and disadvantages of using Min-Max scaling versus Z-score scaling for scaling and normalization of wind turbine gearbox sensor data?,2
How do extreme weather conditions affect the operation of the wind turbine gearbox?,2
How does regular maintenance and routine inspections help in reducing the maintenance costs of wind turbine gearboxes?,2
What are the challenges in collecting high-resolution and comprehensive sensor data for wind turbine gearbox performance analysis?,2
"How can access controls be implemented to protect the data's confidentiality, integrity, and availability in wind turbine sensor-based monitoring systems?",2
"How can the gearbox components be properly sealed to prevent contamination, and what measures can be taken to ensure the effectiveness of the sealing?",2
"What are the challenges in detecting and monitoring the degradation mechanisms of wind turbine gearboxes, particularly in remote or hard-to-reach locations?",2
"Are there any specific types of sensors or measurement techniques that are recommended for monitoring the temperature of wind turbine gearboxes, and what are the advantages and limitations of these methods?",2
What are the recommended methods for data cleaning and filtering in this context?,2
How do the failure modes of wind turbine gearboxes impact the overall performance and efficiency of wind turbines?,2
Can you provide more information on the role of data analytics in identifying and addressing the root causes of wind turbine gearbox failures?,2
What are the challenges in setting up and maintaining a wind turbine gearbox monitoring system?,2
How can the data from the various sensors be visualized and interpreted to aid in decision-making for maintenance and repairs?,2
"What are the specific consequences of a wind turbine gearbox failure, and what kind of downtime can be expected?",2
"Can you provide examples of past gearbox failure cases in the wind energy industry, and how data science techniques could have helped prevent or predict these failures?",2
"How does the model determine the severity of a potential failure, and what factors are taken into account in this determination?",2
What are the critical steps in early detection and prevention of wind turbine gearbox failures to reduce costs and ensure optimal performance?,1
What types of historical data are most valuable in training an anomaly detection model for wind turbine gearboxes?,2
"What are the specific challenges associated with monitoring wind turbine gearboxes for potential issues, and how can data scientists and subject matter experts overcome these challenges?",2
How does the size of the dataset used to train the anomaly detection model impact the AUC value?,2
"How are the relevant features, such as temperature, vibration, and load, identified using historical data in the feature engineering process?",2
"How can excessive loading cause plastic deformation, fatigue, and fracture of gears and bearings?",2
How can the data scientist can access the data related to the environmental factors affecting the wind turbine gearbox?,2
What are the specific consequences of poor calibration or maintenance of the sensor-based monitoring system on the data quality and availability?,2
Are there any industry standards or best practices for collecting and analyzing wind turbine gearbox data?,2
Can you explain the importance of early detection and prevention of wind turbine gearbox failures?,1
Can you explain the recommended preventive maintenance practices to ensure proper lubrication in wind turbine gearboxes?,2
Are there any specific design modifications that can be made to the wind turbine gearbox to make it more resistant to wind shear?,2
What are the challenges in predicting and preventing failures in wind turbine gearboxes and how can they be addressed?,2
"What are the potential challenges and limitations to using sensor data for anomaly detection in wind turbine gearboxes, and how can they be addressed?",2
What are the recommended regular inspections and cleaning procedures to prevent failures and extend the gearbox's lifespan?,2
What are the most common failure modes in wind turbine gearboxes and how can they be addressed through improved material selection?,2
"How do the various factors, such as load, temperature, humidity, and vibration, contribute to the degradation of the wind turbine gearbox, and how can they be measured and monitored?",2
"How can we ensure the interpretability of the machine learning models used for detecting and predicting wind turbine gearbox degradation, and what are the potential limitations of these models?",2
How is the performance of the wind turbine gearbox optimized using sensor data analysis?,2
What are the specific signs of damage to the gear teeth or other components that data scientists should look for during weekly inspections?,2
What are the best practices for setting up a vibration monitoring system for wind turbine gearboxes to ensure accurate and reliable measurements?,2
What measures can be taken to reduce downtime and increase efficiency in wind turbine gearboxes?,1
Can you provide more details on the rated capacity of a wind turbine and how exceeding it can cause damage to the gearbox?,2
Can you explain how design flaws and manufacturing defects can lead to specific failure modes in wind turbine gearboxes?,2
How can predictive maintenance strategies be integrated with sensor data analysis to optimize maintenance activities and reduce downtime in wind turbines?,2
"How can a condition monitoring system be improved to better detect and diagnose wind turbine gearbox failures, and what role does sensor data play in this improvement?",2
Can you provide an example of how to apply these normalization techniques to wind turbine gearbox sensor data?,2
What are the typical torque and bending moments measured in load monitoring and what do they indicate about the gearbox's condition?,1
Are there any specific data-driven approaches that are commonly used for monitoring and maintaining wind turbine gearbox components?,2
What are the common causes of gear tooth pitting and wear in wind turbine gearboxes?,2
How can the harsh operating conditions of wind turbine gearboxes impact the development and implementation of an anomaly detection model?,2
What specific maintenance practices and inspections can be implemented to prevent wind turbine gearbox failure?,2
Can you provide examples of statistical methods used to detect and remove outliers in wind turbine gearbox sensor data?,2
"Are there any limitations or challenges in using AE testing for anomaly detection in wind turbine gearboxes, and how can we address them in the model development process?",2
"What are the recommended high-quality lubricants and sealing materials for wind turbine gearboxes, and how can they be incorporated into the anomaly detection model?",2
How can tailoring data collection frequencies for wind turbine gearbox monitoring contribute to minimizing downtime and reducing maintenance costs?,2
Are there any specific regulations or standards that need to be considered when implementing a condition monitoring system for wind turbine gearboxes?,2
"How can data quality and quantity impact the accuracy and robustness of failure prediction models, and what measures can be taken to ensure high-quality data?",2
What specific oil quality sensors are commonly used in wind turbine gearboxes for monitoring the lubricating oil's condition?,2
How can we validate and verify the performance of the anomaly model for wind turbine gearboxes and ensure that it is detecting and preventing failures effectively?,2
"What are the critical cybersecurity considerations for the anomaly detection model, and how can we ensure its security?",2
How do data scientists work with subject matter experts to predict and prevent failures in wind turbine operations?,2
How do you ensure that the data quality and anomaly detection model performance are sufficient for making maintenance and operational decisions for wind turbine gearboxes?,2
Can you explain the importance of domain-specific knowledge in preparing sensor data for training an anomaly detection model?,2
"How can data from condition monitoring, oil analysis, and FEA be integrated to provide a more complete picture of wind turbine gearbox health, and what are the benefits of this integrated approach?",2
Are there any other monitoring methods or techniques that are used to detect potential failures or degradation in wind turbine gearboxes?,2
"What are the most common external factors, such as weather conditions, that impact the performance of the wind turbine gearbox and how do they affect its operation?",2
Can you provide more details on how phase space portraits and recurrence plots are used to analyze the behavior of wind turbine gearboxes?,2
How do temperature fluctuations affect the performance and lifespan of wind turbine gearboxes?,2
"How is the ""A2"" failure code assigned to misalignment issues in wind turbine gearboxes?",2
"Are there any specific data preprocessing techniques that are commonly used for wind turbine gearbox sensor data, but are often overlooked or underutilized in the industry?",2
What are the best practices for maintaining wind turbine gearboxes and how can sensor data analysis optimize maintenance schedules?,2
How can regular sensor calibration help prevent potential failure of the wind turbine gearbox?,2
Can you provide more information on how the sensor data is processed and analyzed to identify potential failures and provide alerts for maintenance actions?,2
What specific design improvements can be made through failure mode and effect analysis using sensor data and KPIs?,2
Can you explain the challenges in tailoring wind turbine gearbox anomaly detection models to the specific characteristics of wind turbine gearbox sensor data?,2
How can the effective anomaly detection model be integrated with the existing wind turbine gearbox monitoring systems?,2
How can the impact of sensor data noise or interference on the accuracy and reliability of data in wind turbine gearbox systems be quantified and communicated to stakeholders?,2
What are the primary sources of dust and particulate matter that can lead to abrasion and wear in the wind turbine gearbox?,2
"Are there any regulatory or industry standards related to data visualization and exploration techniques for wind turbine gearboxes, and how do they impact the choice and implementation of these techniques?",2
Can you discuss any specific challenges in implementing anomaly detection models for wind turbine gearboxes due to regulatory and compliance requirements?,2
Can you explain the specific sensor data that is collected for analyzing wind turbine gearboxes?,2
What are the industry standards and regulations related to power curve analysis and wind turbine maintenance?,2
"Can you provide more context on the types of wind turbines used and the operating conditions, as this may impact the choice of models and feature engineering techniques?",2
What are the potential challenges in deploying the anomaly detection model in a real-world wind turbine system?,2
How does tooth wear in wind turbine gearboxes occur and how can it be monitored through real-time sensor data?,2
What are the key performance metrics that should be used to evaluate the effectiveness of these anomaly detection models?,2
Can you provide examples of specific gearbox faults that can be detected using sensor data analysis?,2
"How can the wind turbine gearbox design, operating conditions, and maintenance history affect the interpretation of vibration data?",2
"How do you prioritize failure modes based on their severity, likelihood, and detectability, and what factors are taken into consideration during this process?",2
How can wind energy systems integrate predictive maintenance models with their existing maintenance strategies for wind turbine gearboxes?,2
Are there any specific types of sensors or sensor configurations recommended for optimal wind turbine gearbox monitoring and data collection?,2
How are the failure modes prioritized based on their criticality in a wind turbine gearbox FMEA?,2
Can you provide examples of issues detected by sensors in wind turbine gearboxes that may not require immediate intervention but can be scheduled for a later maintenance window?,2
"How can wind energy companies ensure that their anomaly detection models remain relevant and accurate over time, taking into account the evolving nature of wind turbine technology and the potential for concept drift?",2
How does the ISO 14242 standard account for the possibility of multiple failures occurring simultaneously in a wind turbine gearbox?,2
"How do environmental regulations, such as noise level restrictions and oil leak prevention, impact the design and implementation of anomaly detection models?",2
"What are the common causes of gear tooth defects and bearing defects in wind turbine gearboxes, and how do they manifest in vibration patterns?",2
What role does temperature monitoring play in preventing wind turbine gearbox failures?,2
"How does vibration analysis compare to other predictive and preventive maintenance techniques, such as visual inspections, oil analysis, and temperature monitoring, in terms of effectiveness and efficiency?",2
How can data security and integration issues be effectively addressed to ensure secure and reliable data-driven failure detection and diagnosis?,2
What methods are used for data transmission and storage in wind turbine gearbox monitoring systems?,2
"In what ways can contamination lead to seal failures in wind turbine gearboxes, and how can these failures be prevented or detected early?",2
Can you provide examples of real-world scenarios where improper data transformation and normalization led to suboptimal model performance or failure to detect genuine anomalies in wind turbine gearbox sensor data?,2
Can you explain the role of component replacement and condition monitoring in the preventive maintenance of wind turbine gearboxes?,2
What are the common causes of power fluctuations in wind turbine systems?,2
"How can anomaly detection techniques be applied to sensor data to identify potential failures in wind turbine gearboxes, and what are the challenges associated with this approach?",2
Can you provide examples of successful implementation of sensors and predictive models for wind turbine gearbox maintenance in real-world scenarios?,2
Can you explain how the insights provided by these anomaly models can be integrated with wind farm operators' existing maintenance strategies?,2
How does the marine environment in offshore wind farms accelerate degradation mechanisms compared to onshore installations?,2
What are the best practices for timely replacement of components in wind turbine gearboxes?,2
How often should post-installation checks be performed on wind turbine gearboxes?,2
"What are the common data quality and availability issues in wind turbine gearbox sensor data, and how can they be addressed to develop an effective anomaly detection model?",2
What are the potential consequences of excessive load on wind turbine gearboxes?,2
Can you explain how variations in wind speed and direction impact the vibration patterns and trends in the sensor data for a wind turbine gearbox?,2
"What are the specific gear tooth fracture patterns that indicate fatigue in wind turbine gearboxes, and how can they be distinguished from other failure modes?",2
What are the potential consequences of gear pitting and spalling in wind turbine gearboxes?,2
"Can you provide more information on how noise analysis is conducted to detect potential failures in the wind turbine gearbox, and what are the common noise patterns that indicate a failure?",2
"How can data from vibration analysis, acoustic emission testing, and oil analysis be used to inform and improve wind turbine gearbox maintenance strategies?",2
How do anomaly models contribute to reducing the risk of accidents and injuries in wind energy systems?,2
"What are the potential cost and time constraints in implementing a sensor-based wind turbine gearbox anomaly detection system, and how can they be addressed?",2
Can you provide more information on the specific cybersecurity regulations and industry standards that the model must comply with?,2
"Can you explain how contamination and lubrication failures occur in wind turbine gearboxes, and how predictive models can detect these issues?",2
How does temperature impact the degradation mechanisms and failure modes of wind turbine gearboxes?,1
How can data scientists use the information about environmental factors affecting sensor performance to improve predictive maintenance in wind turbine gearboxes?,2
What types of temperature monitoring are commonly used in wind turbine gearboxes and how do they help in identifying potential failure modes?,2
Can you provide more details on the security and privacy measures that need to be taken into account when deploying this model in the cloud?,2
"How is the data collected from the monitoring of temperature, vibration, and noise levels analyzed to detect and prevent gearbox failures?",2
How does the use of a CMS in wind turbine gearbox monitoring reduce downtime and minimize costs compared to traditional reactive maintenance?,2
"How can regular maintenance and inspections help detect and prevent the failure modes of wind turbine gearboxes, such as wear and tear, corrosion, and overload?",2
What are the visualization techniques that can be used to ensure accurate failure mode identification and diagnosis?,2
What are the most common sensors used to monitor wind turbine gearbox health and what specific data do they measure?,2
"How do anomaly models help optimize maintenance schedules for wind turbine gearboxes, and what are the potential benefits of this optimization?",1
"What are the high severity consequences of gearbox failures, and how can they be mitigated through proactive maintenance?",2
What are the most common causes of wind turbine gearbox failures?,2
How can data scientists effectively implement a condition monitoring system to detect insufficient lubrication in wind turbine gearboxes?,2
What are the specific oil analysis techniques that can be used to detect wind turbine gearbox failures?,2
How can wind energy systems ensure the accuracy and reliability of predictive maintenance models for wind turbine gearboxes?,2
What maintenance practices are commonly used for wind turbine gearboxes and how can they be improved with the help of historical data?,1
"How do experts make judgments on the performance of the anomaly detection model, and what are the key factors they consider?",2
How can predictive maintenance strategies be implemented for wind turbine gearboxes based on the monitoring of KPIs?,2
"Can you explain the impact of imbalance, misalignment, and mechanical wear on the overall efficiency of the wind turbine system?",2
Can you provide examples of the most common failure codes used for wind turbine gearbox failures?,1
How is the vibration pattern of a healthy wind turbine gearbox different from that of a faulty one?,2
"Can you provide more information on how the data used to train the anomaly detection model is collected, processed, and analyzed, and what methods are used to ensure the quality and relevance of the data?",2
How do variable operating conditions contribute to the development of these anomalies in wind turbine gearboxes?,2
How do changes in power output translate to specific mechanical issues in wind turbine gearboxes?,2
What are the challenges faced while integrating sensor data with other data sources for wind turbine gearbox performance analysis?,2
"How do you recommend collecting data on the KPIs for a wind turbine gearbox preventive maintenance program, and what tools or systems can be used for this purpose?",2
Can you explain the difference between using a desiccant breather and an air purge system in removing moisture from the wind turbine gearbox?,2
Can you provide any case studies or examples of successful prevention of wind turbine gearbox housing failure?,2
How does deflection of shafts contribute to misalignment over time?,2
What specific inspection methods can be used to detect spalling or pitting in wind turbine gearboxes?,2
"Can you provide any examples of how the failure modes of wear, pitting, spalling, and corrosion have led to significant issues in wind turbine gearboxes, and how preventive maintenance could have helped in those cases?",2
What are the potential challenges or limitations of using machine learning algorithms for predicting wind turbine gearbox failures?,2
How does t-distributed Stochastic Neighbor Embedding (t-SNE) help in visualizing high-dimensional wind turbine gearbox sensor data and detecting anomalies?,2
How can the data collected from condition monitoring technologies be used to improve the FMEA process and enhance the accuracy of failure mode identification and analysis?,2
Can you discuss any challenges in combining data-driven techniques with domain-specific knowledge for anomaly detection in wind turbine gearboxes?,2
"How can the use of data analytics techniques, such",2
What are the key failure modes in wind turbine gearboxes that the anomaly model should focus on detecting?,2
How can we ensure data security when storing and accessing wind turbine gearbox sensor data?,2
What specific temperature thresholds indicate an overheating issue in wind turbine gearboxes?,2
Can you provide examples of industry standards and best practices that should be developed and implemented for wind farm operators?,2
How can a better understanding of these factors help predict and prevent failures in wind turbine gearboxes?,2
What are the consequences of not performing regular oil analysis in wind turbine gearboxes?,2
How can regular maintenance and timely inspections help prevent wind turbine gearbox failure modes?,2
How are the seals and gaskets assessed for leaks during a visual inspection?,2
What are the potential consequences of not addressing the challenges associated with integrating sensor-based monitoring systems in wind turbine infrastructure?,2
Can you provide more details on the manufacturer's recommendations for maintaining wind turbine gearboxes?,2
Can you explain how viscometers and optical sensors measure the condition of the lubricating oil in wind turbine gearboxes?,2
How can regular inspections help in detecting thermal degradation in wind turbine gearboxes?,2
"What are the consequences of not addressing vibration-related failures in wind turbine gearboxes, and how can they impact the overall performance and reliability of wind turbine systems?",2
Can you provide examples of how wind turbine gearbox anomaly detection models have been improved by focusing on specific performance metrics?,2
Can you provide more details on the internal components that are checked during annual inspections?,2
"Are there any specific patterns in vibration, temperature, or acoustic emissions data that typically signify an imminent gearbox failure?",2
How are key performance indicators (KPIs) identified and monitored in wind turbine gearboxes for condition-based maintenance?,2
What are the most common types of sensors used to collect data on wind turbine gearboxes?,2
How can we optimize the maintenance intervals for wind turbine gearboxes to minimize the risk of wear-related failures while also minimizing costs?,2
How does ESA help in increasing the lifespan of wind turbine gearboxes?,2
What are the common causes of misalignment in wind turbine gearboxes and how can they be detected?,2
How does the use of historical data help in preventing costly downtime and maintenance for wind turbine gearboxes?,2
How does the model optimize the operation of the wind turbine gearbox based on the sensor data?,2
What are the typical frequency ranges for detecting increased overall vibration levels indicating mechanical issues or gear tooth damage in a wind turbine gearbox?,2
What are the specific indicators in oil analysis that help determine oil degradation?,2
What sensor types and placements would be most effective in detecting the various failure modes of wind turbine gearboxes?,2
"What are the current challenges in implementing predictive maintenance strategies for wind turbine gearboxes, and how can data scientists and SMEs work together to address these challenges?",2
"How is gear tooth failure detected through vibration analysis, and what are the common frequency ranges associated with it?",2
What are the specific manufacturer recommendations for oil analysis sensor usage and acceptable limits in wind turbine gearboxes?,2
How do the temperature sensors data help in identifying the health of the wind turbine gearbox and how it is correlated to the anomaly detection model?,2
"How can regular inspections, oil analysis, vibration monitoring, and temperature checks help in maintaining wind turbine gearboxes?",2
How can wind farm operators determine the appropriate balance between the upfront investment required for predictive maintenance and the potential cost savings from reduced downtime and improved performance?,2
Can you provide examples of the recommended practices and best practices for wind turbine operation and maintenance provided by the AWEA and NREL?,2
What are the key performance indicators that should be monitored to ensure the reliable and efficient operation of wind turbines using the anomaly detection system?,2
What are the limitations of the anomaly detection model and how can they be addressed?,2
"What are the specific requirements of each quality standard (ISO 16846:2016, IEC 61400-4:2012, ISO 13729-1:2018, ISO 13729-2:2018, ISO 16847:2016, and ISO 16848:2016) for wind turbine gearbox design and operation?",2
"How does the predictive model use data on wind speed, temperature, and other environmental factors to anticipate gearbox failure?",2
Can you provide examples of specific machine learning techniques that have been effective in predicting and preventing failures in wind turbine gearboxes?,1
"How often are the sensors collecting data, and is this frequency customizable?",2
How can the anomaly model be used to support the development of a risk-based maintenance program for wind turbine gearboxes?,2
How do acoustic emissions monitoring and performance monitoring differ in detecting wind turbine gearbox anomalies?,2
"How do cracks and fractures in wind turbine gearboxes develop, and what are the common locations for these issues?",2
"Can you explain the importance of performing physical tests to validate the chosen data collection frequencies and patterns, and what specific tests would you recommend?",2
"How can the wind turbine gearbox be aligned to prevent issues such as imbalance, misalignment, or wear?",2
What are the specific inspection techniques used to detect early signs of degradation in wind turbine gearbox components?,2
"What are the recommended temperature ranges for wind turbine gearboxes, and what are the consequences of exceeding these limits?",2
What are the best practices for conducting regular inspections to detect these failure modes?,2
Are there any new technologies or methods being developed to improve the maintenance and inspection of wind turbine gearboxes?,2
What are the advantages and disadvantages of using the Interquartile Range (IQR) in Robust Scaling compared to standard deviation in Z-Score Normalization?,2
How can data analytics and machine learning be used to predict and prevent wind turbine gearbox failures caused by insufficient lubrication and contamination?,2
Can you provide more details on how vibration analysis is used to detect potential failures in the gear or bearing components of a wind turbine gearbox?,2
How does real-time monitoring contribute to early detection and proactive maintenance of wind turbine gearboxes?,2
"What are the benefits of implementing a regular maintenance and inspection program for wind turbine gearboxes, and how does it help in reducing maintenance costs and extending the lifespan of the gearbox?",2
"What are the common causes of insufficient oil supply in wind turbine gearboxes, and how can they be detected and prevented?",2
Can you provide examples of machine learning algorithms and artificial intelligence tools that are being used to analyze data collected by CMS?,2
"Can you explain the process of visual inspections, vibration analysis, and oil analysis in detecting wind turbine gearbox failure modes?",2
How can the data collected from monitoring be used to improve the design and manufacturing of wind turbine gearboxes?,2
How is signal processing performed to remove noise and interference from the vibration data?,2
"How can the anomaly detection model distinguish between temperature anomalies caused by external factors (e.g., ambient temperature) and those caused by internal factors (e.g., component wear and tear)?",2
Can you provide examples of failure modes that can be detected through regular monitoring and analysis of sensor data?,2
"How do environmental factors, such as temperature and humidity, affect the failure modes in wind turbine gearboxes?",2
What strategies can be used to validate the performance of an anomaly detection model for wind turbine gearboxes?,2
What are the recommended practices to prevent contamination of the lubricant due to leaking seals in wind turbine gearboxes?,2
"How can machine learning models be used to predict wind turbine gearbox failures before they occur, enabling proactive maintenance and reducing downtime?",2
What are the scalability features designed in the model to handle large volumes of data during peak data processing times?,2
"How can the severity of failures in wind turbine gearboxes be quantified, and what role does the detectability of failures play in this context?",2
Are there any specific industry standards or guidelines for oil analysis in wind turbine gearboxes?,2
"How does the anomaly model account for the presence of noise or interference in the sensor data, and what measures can be taken to ensure that it is able to accurately detect anomalies in the data despite these factors?",1
How can the effectiveness of the feature engineering process be evaluated and improved over time?,2
Can you discuss any new or emerging technologies in sensor placement and condition monitoring for wind turbine gearboxes?,2
Are there any specific requirements or best practices for data management and storage when working with wind turbine gearbox sensor data?,2
What are the common causes of gear tooth pitting and how can it be detected using sensor data?,2
"What role do condition monitoring systems play in detecting potential failures in wind turbine gearboxes, and how can they help ensure the reliability and availability of the overall system?",2
Can you explain the process of developing a machine learning model for wind turbine gearbox sensor data analysis?,2
How do temperature sensors differentiate between normal and overheating conditions in wind turbine gearboxes?,2
How does vibration analysis help in detecting potential failure modes in wind turbine gearboxes?,2
What are the advantages and disadvantages of using wavelet denoising for removing sensor noise in wind turbine gearbox sensor data?,2
What are the potential consequences of failing to adhere to ethical and privacy considerations when handling wind turbine gearbox sensor data?,2
What measures can be taken to ensure that all components of wind turbine gearboxes meet the required quality standards?,2
"What are the specific lubrication and ventilation requirements for wind turbine gearboxes, and how can data be collected and analyzed to ensure they are being met?",2
What are the common factors that can cause changes in wind turbine gearbox sensor data collection frequencies?,2
What are the regulatory and industry standards for sensor-based monitoring and data-driven maintenance practices for wind turbine gearboxes?,1
"What are the current challenges in monitoring and responding to anomalies in wind turbine gearboxes, and how can the new model address these challenges?",2
Can you explain the common failure modes of wind turbine gearboxes that the anomaly detection model should be able to identify?,2
How can we determine the degradation mechanisms that are most relevant to our specific wind turbine gearbox design and application?,2
Can you explain the process of ensuring proper sealing to prevent contaminants from entering the gearbox?,2
"Can you explain the impact of ignoring anomalies detected by the anomaly detection model, and what are the potential consequences of delayed maintenance or failure in the wind turbine gearbox?",2
"Are there any specific early warning signs that can be identified through temperature monitoring, before the failure occurs?",2
What are the challenges in implementing real-time sensor data analysis in wind turbine gearboxes and how can they be overcome?,2
How does early detection and diagnosis of potential faults increase the overall efficiency and productivity of wind farms?,2
What are the common causes of contamination in wind turbine gearboxes and how can it be prevented?,2
How does the holistic data management strategy contribute to predicting and preventing failures in wind turbine gearboxes?,2
Can you explain how the results of an ISO 14242 analysis can be used to develop preventive maintenance plans for wind turbine gearboxes?,2
How can the predictive maintenance models be integrated with existing maintenance management systems and workflows?,2
Can you provide examples of real-world applications where an anomaly detection model for wind turbine gearboxes has prevented catastrophic failures and reduced downtime?,2
What are the typical symptoms of gear mesh misalignment and how can it be corrected during installation and maintenance?,2
"What are the best practices for conducting visual inspections of the gear teeth, and how often should they be performed?",1
What are the best practices for validating a sensor-based monitoring system for wind turbine gearboxes using real-world data?,2
"What are the challenges in analyzing wind turbine gearbox sensor data, and how can they be addressed?",2
What are the benefits of implementing shielded sensors and proper grounding in wind turbine gearboxes?,2
How can the accuracy and effectiveness of the anomaly detection model be evaluated and validated?,2
How can sensor data analysis enhance predictive maintenance in the renewable energy sector?,2
"What are the specific temperature ranges that are considered safe for wind turbine gearboxes, and what are the thresholds for high temperatures that can lead to thermal degradation?",2
What are the common causes of mechanical wear and misalignment in wind turbine gearboxes?,2
Can you provide any case studies or examples of successful wind turbine gearbox failure prevention and early detection?,2
"What types of data are typically available for wind turbine gearboxes, and how can they be used to develop an anomaly detection model?",2
"Can you explain the common degradation mechanisms that lead to failure in wind turbine gearbox components such as gears, bearings, and housings?",2
Are there any regulatory or industry standards related to anomaly detection in wind turbine gearboxes that we should be aware of?,2
"What are the specific components within the wind turbine gearbox that are most prone to wear and fatigue, and how can these be monitored to identify potential issues early on?",2
"How are the anomaly detection models trained, and what data is used for this purpose?",2
Are there any specific data fusion or integration techniques that can improve the accuracy or robustness of the anomaly model?,1
"How do environmental factors, such as temperature and sea conditions, impact sensor readings in offshore wind turbines?",2
"How does power curve analysis help in identifying potential problems with the gearbox's performance, and what are the typical power output changes that indicate a problem?",2
Are there any ongoing efforts or initiatives to update or revise the wind energy industry guidelines and standards for gearbox monitoring and data collection frequency?,2
Are there any limitations or drawbacks to using AUC as a metric for evaluating the performance of an anomaly detection model for wind turbine gearboxes?,2
"Can you provide any examples of catastrophic failures caused by the failure modes mentioned, and how could they have been prevented through preventive maintenance measures?",1
What are the common types of failures in wind turbine gearboxes and their impact on the overall turbine operation?,2
How can wind energy systems ensure that they have the necessary resources for regular monitoring and analysis of sensor data for wind turbine gearboxes?,2
How can a condition-based maintenance strategy be developed and integrated into the sensor-based monitoring system for wind turbine gearboxes?,2
How can we ensure that the lubricating oil is sufficient and effective in preventing wear and abrasion?,2
How does the size and complexity of the data impact the choice of tools and libraries for wind turbine gearbox anomaly model development?,2
What types of sensors are typically used to gather data for wind turbine gearbox maintenance and inspection optimization?,2
How can machine learning algorithms be used to improve the detection of the common signs of failure in wind turbine gearbox sensor data?,2
How can data analysis and machine learning algorithms be integrated with wind turbine gearbox maintenance to improve efficiency and reduce costs?,2
Can you provide any specific examples of wind turbine gearbox failures or anomalies that the model should be able to detect and classify accurately?,2
What are the consequences of not addressing sensor data noise or interference in wind turbine gearboxes?,2
Are there any regulations or standards that need to be considered when implementing an anomaly detection system for wind turbine gearbox sensors?,2
What specific environmental factors have the most significant impact on the performance of wind turbine gearboxes?,2
What are the most common sensors used to collect real-time data for wind turbine gearbox predictive models?,2
"What role do wind turbine gearbox design and manufacturing play in preventive maintenance, and how can manufacturers support operators in implementing effective preventive maintenance programs?",2
How can the wind turbine gearbox anomaly detection model be integrated with other wind farm management systems to optimize maintenance and operations?,2
How do these software tools ensure data security and privacy while handling sensitive wind turbine gearbox sensor data?,2
What are the best practices for collaborating with subject matter experts to develop an effective condition monitoring system for wind turbine gearboxes?,2
What are the specialized tools and techniques used in inspecting wind turbine gearbox components?,2
How does failure modes and effects analysis (FMEA) help in identifying the specific causes of high vibration levels in wind turbine gearboxes?,2
"Can you provide examples of successful sensor-based wind turbine gearbox anomaly detection systems, and what can be learned from them to improve the implementation and monitoring of such systems?",2
How often should the sensors be checked or calibrated to ensure accurate monitoring of wind turbine gearboxes?,2
"How do position sensors contribute to the overall health and performance monitoring of wind turbines, and what other types of sensors are typically used in conjunction with position sensors?",2
How can predictive maintenance models be integrated with existing maintenance workflows for wind turbine gearboxes?,2
"What other metrics, in addition to AUC, can be used to evaluate the performance of an anomaly detection model for wind turbine gearboxes?",2
"How does the wind direction, as measured by the compass, influence the occurrence of anomalies in the wind turbine gearboxes?",2
"How do oil debris sensors help in identifying early signs of gearbox failure, and what types of failures can they detect?",2
Can you explain how the data scientist can determine the relevant features for building an anomaly detection model?,2
What are the common failure prediction algorithms used in this context and how accurate are they in predicting future failures or degradation?,1
Can you provide examples of common failure modes in wind turbine gearboxes and the potential impact of each failure mode on the overall performance of the turbine?,2
How can we prioritize maintenance and inspection tasks for wind turbine gearboxes based on their criticality and potential risks?,2
"How can wind farm operators ensure that the predictive maintenance strategies for wind turbine gearboxes are cost-effective and efficient, considering the large number of turbines in a typical wind farm?",2
Are there any known interactions or dependencies between the different components of the wind turbine gearbox that should be considered in the anomaly model?,1
"How can the performance of sensor data-driven failure prediction models for wind turbine gearboxes be evaluated and validated, and what metrics are most relevant for assessing their effectiveness?",2
Can you provide more details on the specific sensors used for data collection and their accuracy levels?,2
"What are the most common failure modes and degradation mechanisms seen in wind turbine gearboxes, and how can data analysis help in identifying these issues?",2
What are the future trends in sensor technology and data analysis for monitoring and predicting wind turbine gearbox degradation?,2
How can data scientists help in monitoring the health of wind turbine gearbox using data analysis and machine learning techniques?,2
Can you provide any case studies or examples of real-world applications where these advanced techniques have been implemented in wind turbine gearboxes?,2
What specific particle count levels indicate potential issues in the wind turbine gearbox?,2
What are the recommended maintenance practices to prevent contamination in wind turbine gearboxes?,2
What are the recommended practices provided by the American Wind Energy Association (AWEA) and American Petroleum Institute (API) for wind turbine gearbox maintenance?,2
"How can the cost-benefit analysis of preventive maintenance measures for wind turbine gearboxes be performed, and what factors should be considered in this analysis?",2
What are the recommended methods for regular training and calibration of vibration sensors in wind turbine gearboxes?,2
Are there any regulatory requirements or industry standards that dictate data collection frequency or storage for wind turbine gearbox anomaly detection?,2
What are the specific mechanical stresses that wind turbine gearboxes commonly face?,2
What are the most common lubrication issues that can lead to wind turbine gearbox failures and how can they be detected?,2
"What environmental regulations and standards must the model comply with, and how can we ensure that it does?",2
"In feature engineering, what are the key types of features that have been found to effectively capture the variability in environmental conditions?",2
Can you explain how the RMSE threshold is determined for the wind turbine gearbox anomaly detection model to flag an anomaly?,2
What are the specific temperature thresholds for the wind turbine gearbox to operate within the recommended range?,2
What are the potential consequences of non-compliance with data privacy regulations when handling wind turbine gearbox sensor data?,2
How is the performance of the anomaly detection model evaluated and validated?,2
"What are the primary factors that affect the accuracy of CMS, ML algorithms, probabilistic models, and RUL prediction algorithms in wind turbine gearbox failure prediction?",2
Are there any specific types of wind turbines or gearboxes that are more prone to temperature-related failures?,2
"Are there any limitations to sensor-based monitoring in wind turbine gearboxes and if so, what are they?",2
"How can the impact of catastrophic gearbox failure be minimized in terms of downtime, repair costs, and efficiency loss?",2
What are the specific temperature thresholds for the lubricant and components that indicate a potential failure in the wind turbine gearbox?,2
Can you discuss the specific root cause analysis techniques used to identify the underlying failure modes or reasons for wind turbine gearbox failures?,2
How often should the sensors be calibrated and what is the process for calibrating them?,2
Are there any regulatory or industry standards that the anomaly detection model needs to comply with?,2
Can you elaborate on the key performance metrics used to evaluate the anomaly model's performance in detecting and predicting wind turbine gearbox failures?,2
"How does acoustic analysis help in detecting issues in wind turbine gearboxes, and what are the common sound patterns that indicate a problem?",2
"Can you explain the differences between tooth bending fatigue, pitting fatigue, spalling fatigue, and rolling contact fatigue in wind turbine gearboxes?",2
"Are there any specific types of lubricants recommended for wind turbine gearboxes, and how do they compare to other lubricants in terms of resisting degradation?",2
Can you provide more details on how the bootstrapping method is applied in the analysis of wind turbine gearbox data?,2
Are there any specific regulations or standards that need to be considered while developing an anomaly detection model for wind turbine gearboxes?,2
"What are the challenges and limitations of using vibration analysis in wind turbine gearboxes, and how can they be addressed?",2
How can wind farm operators ensure the compatibility of different computational resources for real-time anomaly detection in wind turbine gearboxes?,2
Can you explain the process of vibration analysis and oil debris monitoring in more detail?,2
Can you provide any case studies or examples of successful predictive maintenance implementations in wind turbine gearboxes?,1
"Are there any external factors, such as operator behavior or supply chain issues, that may impact the wind turbine gearbox performance and degradation?",0
"Can anomaly models be used to predict the remaining useful life of wind turbine gearbox components, and how accurate are these predictions?",1
"What are the common challenges in collecting and analyzing sensor data from wind turbine gearboxes, and how can they be addressed?",2
Can you explain the process of vibration analysis in detecting early signs of damage in wind turbine gearboxes?,2
"What are the specific wear, fatigue, and corrosion mechanisms that can lead to wind turbine gearbox failure?",2
"How do oil analysis sensors monitor the condition of the gearbox oil, and what are the specific parameters that indicate contamination, degradation, or insufficient lubrication?",2
"In what ways can insufficient cooling lead to wind turbine gearbox failures, and how can it be detected early using sensor data?",2
How can the impact of data quality issues on the effectiveness of FMEA and predictive maintenance be quantified and monitored?,2
"How can proactive management of sensor data quality, including addressing noise and interference, improve the reliability and efficiency of wind turbines?",2
How does acoustic emission testing detect and analyze high-frequency acoustic signals generated by wind turbine gearbox components?,2
How can the severity of failures be determined based on the analysis of sensor data?,2
Can you explain the role of communication and collaboration between different teams in preventing wind turbine failures?,2
Can you provide examples of how advanced signal processing techniques have been applied to improve fault detection and diagnosis in wind turbine gearboxes?,2
Can you provide any case studies or examples of how regular inspections and condition monitoring have helped prevent wind turbine gearbox failures in real-world scenarios?,2
What are the specific temperature ranges that are considered extreme for a wind turbine gearbox and how can they be measured?,2
What are the best practices for selecting and deploying sensors for wind turbine gearbox anomaly detection?,2
Can anomaly models be used to predict the remaining useful life of wind turbine components?,2
Can you explain the process of data preprocessing in the context of wind turbine gearbox sensor data?,2
How can wind turbine gearbox sensor data analysis and anomaly detection improve energy efficiency?,2
"What kind of lubricant maintenance is recommended for wind turbine gearboxes, and what are the benefits of regular maintenance?",2
"How is the reliability of the model ensured, and what measures are taken to prevent false positives or false negatives in anomaly detection?",2
"What are the challenges in data visualization and communication for the anomaly detection model's results, and how can they be addressed?",2
Can you provide any examples of how real-time anomaly detection and condition-based maintenance have improved wind turbine gearbox performance or reduced downtime?,1
Can you provide any case studies or examples of successful vibration analysis applications in wind turbine gearboxes?,2
"How does electrical noise from external sources affect the performance of vibration, current, and position sensors in wind turbine gearbox systems?",2
"What role does misalignment play in the development of gear teeth degradation mechanisms, and how can it be detected and corrected?",2
How can the performance of the machine learning models used for wind turbine gearbox anomaly detection be evaluated and improved over time?,2
How can predictive maintenance software help in detecting and preventing overheating issues in wind turbine gearboxes?,2
What are the best practices for lubrication management in wind turbine gearboxes to prevent degradation and failure?,2
How is SCADA data used in the analysis of wind turbine gearbox performance?,2
Can you provide any case studies or examples of successful implementation of anomaly detection models in wind turbine gearboxes that comply with regulatory and compliance requirements?,2
"How can appropriate data protection measures be implemented to ensure the confidentiality, integrity, and availability of the gearbox data?",2
"What specific sensors are used to collect data from the wind turbine gearbox, and what types of data do they measure?",2
How do the requirements of ISO 10818 impact the development of the anomaly detection model for a wind turbine gearbox?,2
"What are the most common machine learning algorithms used for predictive maintenance in wind turbine gearboxes, and what are their strengths and limitations?",2
What are the benefits of implementing continuous monitoring of wind turbine gearboxes?,2
How can the sensor-based monitoring system be designed to adapt to the changing conditions of wind turbine gearboxes over time?,2
Can you provide more details on the methodologies used for predicting the remaining useful life of a wind turbine gearbox using sensor data and other data sources?,2
"Can you explain how temperature, load, and contamination contribute to the degradation of lubricating oil in wind turbine gearboxes?",2
How do scheduled maintenance activities like inspections and oil changes help in preventing wind turbine gearbox failures?,2
Can you elaborate on the common data quality issues that may arise in wind turbine gearbox sensor data and how to address them?,1
Are there any challenges or limitations in using sensor data to detect and diagnose early stage failures in wind turbine gearboxes?,1
What are the potential consequences of not detecting failure modes early in wind turbine gearboxes?,2
"What are the best practices for inspecting and replacing worn-out components in wind turbine gearboxes, and how can data be used to optimize this process?",2
How can sensor data help in reducing false positives and negatives in detecting potential failures of wind turbine gearboxes?,1
What are the specific monitoring techniques that can be used to detect changes in vibration patterns or temperature in the gearbox?,2
How can we optimize the machine learning model's performance for predicting wind turbine gearbox failures?,2
"What specific signs of wear, contamination, and degradation can be identified through regular oil analysis in wind turbine gearboxes?",2
What are the recommended preventive maintenance measures beyond using high-quality lubricants and changing them regularly to reduce wear and tear on the gearbox's components?,2
How is regular monitoring and auditing performed to identify and address potential security vulnerabilities in the system?,2
How do anomaly models help reduce downtime in wind energy systems?,2
"What are the most common failure modes in wind turbine gearboxes, and how can they be classified using failure codes?",2
How do we select the most appropriate features and engineering techniques for building an effective wind turbine gearbox anomaly detection model?,2
Can you explain the process of calibrating sensors in wind turbine gearboxes and how it helps to mitigate the effects of environmental factors?,2
How does damage to seals and lubrication systems contribute to wind turbine gearbox failures?,2
How does inadequate lubrication or the use of incorrect lubricants result in increased wear and failure in wind turbine gearboxes?,2
What are the benefits of using a combination of different tools and platforms for wind turbine gearbox condition monitoring and maintenance?,2
What are the current challenges and future research directions in the development and implementation of CMS for wind turbine gearboxes?,2
Can you explain how the true positive rate (TPR) is calculated and how it is used to evaluate the performance of anomaly detection models for wind turbine gearboxes?,2
Are there any specific data visualization or exploration techniques that are useful for understanding the behavior and performance of the wind turbine gearbox?,1
Are there any specific lubricant maintenance practices that can help prevent or mitigate the effects of temperature and lubricant degradation on wind turbine gearbox efficiency?,2
Can you explain the process of developing an advanced analytics model to identify potential failure modes in wind turbine gearboxes?,2
"How can preventive maintenance strategies, such as vibration analysis and regular inspections, be optimized to detect and address degradation of components within the wind turbine gearbox?",1
What are the common challenges in maintaining a proper lubrication system design and maintenance in wind turbines?,2
"What are the typical ranges of sensor data for a healthy wind turbine gearbox, and how can we distinguish between normal and abnormal readings?",2
What are the most common failure modes of wind turbine gearboxes that should be closely monitored?,2
What are the challenges in implementing regular monitoring and analysis of sensor data for wind turbine gearboxes?,2
Are there any specific data analysis techniques or tools recommended for wind turbine gearbox monitoring and anomaly detection?,2
How do you determine which machine learning algorithms are best suited for detecting anomalies in wind turbine gearboxes?,2
What types of sensors are typically used to collect data for vibration analysis in wind turbine gearboxes?,2
"How can wind farm operators optimize the maintenance schedule for wind turbine gearboxes based on temperature and humidity data, and what are the benefits of such optimization?",2
Can you provide any case studies or examples of successful implementation of anomaly detection models for wind turbine gearbox sensor data?,2
How does event-based data collection differ from continuous data collection in terms of data storage and analysis requirements?,2
Can you provide more details on how thermography is used to detect potential failures or degradation in wind turbine gearboxes?,2
How can machine learning and data analytics techniques be applied to sensor data to improve failure prediction and maintenance planning for wind turbine gearboxes?,2
"How do vibration sensors, such as accelerometers and proximity probes, help in detecting potential issues in the wind turbine gearbox, and what are the typical vibration levels that indicate a problem?",2
What specific types of faults or anomalies in wind turbine gearboxes are being targeted for improvement in detection and mitigation through these research efforts?,2
Can you explain the process of converting sensor data into actionable insights for predictive maintenance?,2
How do you determine the severity of failures in wind turbine gearboxes and prioritize maintenance and repair activities?,2
What are the specific machine learning algorithms used in Siemens Gamesa Renewable Energy's CBMS and how do they help in detecting early signs of gear tooth damage?,2
How can monitoring lubrication data help detect potential issues and prevent failures in the wind turbine gearbox?,2
How can maintenance costs be reduced and optimal performance ensured through monitoring the wind turbine gearbox?,2
What are the specific safety standards from AWEA and IEC that anomaly detection models for wind turbine gearboxes should adhere to?,2
Can you elaborate on the importance of scaling and normalizing the data in the context of wind turbine gearbox anomaly detection?,2
How can regular monitoring of wind turbine gearboxes help in detecting issues early and preventing catastrophic failures?,2
Can ESA be used for predictive maintenance or just diagnostic purposes?,2
What specific software platforms and tools are available for the team to use in monitoring and updating the wind turbine gearbox anomaly model?,2
Are there any specific failure modes that the anomaly model should prioritize detecting and predicting?,2
How do temperature and vibration sensors help in detecting thermal and mechanical failures in wind turbine gearboxes?,2
How can the use of a robust condition monitoring program help prevent wind turbine gearbox failures?,1
How does the system predict potential failures in wind turbine gearboxes?,2
What are the other monitoring techniques used to detect failure modes in wind turbine gearboxes?,2
"What are the most common types of anomalies detected in wind turbine gearbox sensor data, and how do these organizations approach identifying and addressing them?",2
Can you provide any specific examples of failures in wind turbine gearboxes that were caused by inaccurate sensor readings due to environmental factors?,2
How do we validate and verify the performance of the anomaly detection model for the wind turbine gearbox application?,2
"Can you provide more information on the failure codes F001 to F005, what they represent and how they are used in identifying failures in wind turbine gearboxes?",2
What types of training and education programs are recommended for maintenance personnel working on wind turbine gearboxes?,2
"How was the severity and detectability of anomalies assessed in previous attempts, and what methods were found to be most effective?",2
"Can you provide more details on the real-world validation process, including how the labeled ground truth dataset is created?",2
What specific fail-safe mechanisms can be implemented to ensure reliable data transmission and prevent data loss during network failures or power outages?,2
"How can the data obtained from vibration analysis, oil analysis, and other NDT methods be integrated and analyzed to provide a comprehensive view of the wind turbine gearbox's health and performance?",2
How does the frequency of data collection impact the accuracy of predictive maintenance strategies for wind turbine gearboxes?,2
How can we ensure that the timeline for developing the wind turbine gearbox anomaly detection model aligns with other project timelines and does not cause delays?,2
"How do you envision the integration of the anomaly model with the existing monitoring and alerting systems, and what would be the timeline for implementation?",2
What are the effects of contamination on the wind turbine gearbox and how is it detected?,2
How can cost-effective solutions be implemented for condition monitoring of wind turbine gearboxes without compromising their reliability and longevity?,2
"Are there any other degradation mechanisms in wind turbine gearboxes besides wear, fatigue, corrosion, and overload that are important to monitor?",2
How can the system ensure data integrity and security while using wireless connectivity options for wind turbine gearbox anomaly detection systems?,2
How is the data security and privacy maintained while handling the sensor data?,1
How can the impact of failure modes on wind turbine gearbox reliability and availability be quantified?,2
"Have there been any past failures in the wind turbine gearboxes, and if so, what was the root cause and how was it detected?",0
"Can ESA be used on all types of wind turbines, or are there limitations based on the turbine's size, make, or model?",2
Can you suggest any specific data storage systems that are suitable for wind turbine gearbox sensor data?,2
"Have there been any previous attempts to integrate sensor data with other data sources, such as weather or operational data, for wind turbine gearbox performance analysis?",2
Can you explain how the predictive maintenance and prevention of failures in wind turbine gearboxes can be improved by focusing on these methods?,2
"Can you provide more information on the potential impact of false positives and false negatives on the safety of wind turbine operations, and how anomaly detection models can help mitigate these risks?",2
What are the specific temperature thresholds that indicate overheating in wind turbine gearboxes?,2
How does following the OEM's recommended maintenance schedule contribute to the overall reliability of the wind turbine gearbox?,2
Can you provide examples of maintenance and repair actions that are based on sensor data analysis?,2
Can you explain the relationship between insufficient lubrication and the risk of catastrophic failure in wind turbine gearboxes?,2
How can predictive maintenance be implemented effectively based on the anomaly detection model's predictions?,2
"What are the potential risks and limitations of using predictive maintenance for wind turbine gearboxes, and how can they be mitigated?",2
Are there any specific maintenance practices that can help mitigate the impact of environmental factors on wind turbine gearboxes?,2
Can you provide an example of a complex gearbox failure and how it was addressed through a failure modes and effects analysis approach?,2
Are there any specific industry standards or guidelines for monitoring and maintaining sensor data from wind turbine gearboxes?,2
Can you explain the role of data visualization in detecting and understanding anomalies in wind turbine gearbox sensor data?,2
Can you explain the impact of icing on wind turbine gearboxes and how it can be mitigated?,2
What specific requirements does the MAECPN0001 standard outline for wind turbine gearbox sensor data?,2
What are the limitations of using sensor data and feature engineering for wind turbine gearbox anomaly detection?,2
"How do physical factors, such as temperature, humidity, and vibration, affect the failure of wind turbine gearboxes?",2
How is the effectiveness of the sensor data analysis and management process measured and evaluated?,2
What are the specific design and manufacturing standards that wind turbine gearboxes need to comply with in order to meet certification requirements?,2
What are the specific environmental factors that contribute to uniform corrosion in wind turbine gearboxes?,2
"How does the multi-threshold approach work in practice, and what are its advantages over single-threshold methods?",2
How does the sensor data help in identifying the potential for catastrophic failure of the gearbox?,1
"How do the commonly used software tools, such as OSIsoft PI System and PTC's ThingWorx, compare to the more advanced analytics platforms like Predix and MindSphere in terms of data complexity handling?",2
"Can you provide specific examples of safety measures outlined in the IEC 61400-27 standard for wind turbine operation, maintenance, and emergency situations, particularly in relation to gearbox maintenance, repair, and emergency stop procedures?",2
How are the electrical signals analyzed to detect signs of failure in the gearbox?,2
What are the specific methods used to detect failure modes in wind turbine gearboxes before they occur?,1
"Are there any other environmental factors, besides temperature, humidity, wind speed and direction, and altitude, that can affect the potential failure modes of wind turbines?",2
What are the common challenges faced while accounting for environmental factors in past sensor data collection and analysis for wind turbine gearboxes?,2
How does Decimal Scaling Normalization handle data with different magnitudes compared to Robust Scaling?,2
"What are the most common failure modes associated with wind turbine gearboxes, and how can sensors help in detecting and preventing them?",2
What are the challenges in identifying and addressing sensor data noise or interference in wind turbine gearboxes?,2
How do material properties impact the susceptibility of wind turbine gearboxes to different types of wear?,2
Are there any specific machine learning algorithms or techniques that have proven to be particularly effective in detecting and diagnosing wind turbine gearbox failures?,2
"Can you provide any case studies or examples of how regular inspections, lubrication monitoring, and condition monitoring have helped prevent failures and extend the life of wind turbine gearboxes?",2
What are the safety implications of not addressing severe failure modes in wind turbine gearboxes?,2
Can you provide more details on how vibration analysis can be used to detect wind turbine gearbox degradation and failure?,2
What are the regulatory requirements or industry standards related to wind turbine gearbox maintenance and safety?,1
Can you provide examples of specific applications where ML algorithms and probabilistic models perform better than CMS and RUL prediction algorithms in wind turbine gearbox failure prediction?,2
"How does monitoring vibration, temperature, and current help in detecting early signs of bearing failure?",2
"Can you provide more information on the performance metrics used to evaluate the model, such as precision, recall, and F1 score, and how they are calculated?",2
Can you provide more details on the design defects that can lead to wind turbine gearbox failures?,2
How can advanced sensors and data analytics techniques improve the detectability of potential failures in wind turbine gearboxes?,2
What kind of misalignments or speed/torque changes can position sensors detect in wind turbine gearboxes?,2
How do the failure modes of wind turbine gearbox components differ from other industrial gearboxes?,2
How can the model provide clear explanations of its predictions and differentiate between various types of anomalies in wind turbine gearboxes?,2
"Can you provide examples of specific environmental factors that have caused anomalies in wind turbine gearboxes in the past, and how were these anomalies detected and addressed?",2
"What are the specific operational procedures that operators often fail to adhere to, leading to negative impacts on the gearbox?",1
How do anomaly models differ from traditional preventive maintenance strategies in wind turbine maintenance?,2
How do wear and tear of gears and bearings typically manifest in the sensor data?,2
How do failure codes help in identifying the root cause of a failure in a wind turbine gearbox?,2
Are there any specific challenges in developing an anomaly detection model for wind turbine fleets with mixed ages and types?,2
How is the historical data used in training the anomaly detection model for wind turbine gearboxes?,1
"Can you provide examples of catastrophic failures that have occurred in wind turbine gearboxes, and how might they have been prevented through better monitoring and maintenance?",2
How can the data on wind turbine gearbox failures be used to develop a more effective predictive maintenance program?,2
How can regular inspections and maintenance help to prevent failure modes in wind turbine gearboxes?,2
"How can the wind turbine gearbox anomaly detection models be used to support the development and deployment of new wind energy technologies, such as offshore wind, floating wind, and hybrid wind, and how can they address the specific challenges and opportunities of these technologies?",2
What are the most common failure modes and degradation mechanisms observed in wind turbine gearbox?,2
Can you provide examples of specific anomaly models that have been successful in predicting failures in wind turbine gearboxes?,2
What are the typical noise level thresholds for wind turbine gearboxes and what types of faults can cause excessive noise?,2
Are there any other sensors or parameters that can be monitored to detect and prevent wind turbine gearbox failures?,2
What are the most common failure modes observed in wind turbine gearboxes and how can data analysis help to address them?,2
Can you explain the process of cavitation analysis and how it can help detect potential failures in wind turbine gearboxes?,2
Can you explain the impact of bearing failure on the performance and lifespan of wind turbine gearboxes?,1
How can we determine the severity of these failure modes and their impact on the overall performance of the wind turbine?,2
How can the sensors be calibrated and maintained to ensure accurate and reliable data collection?,2
What are the benefits of effective design and implementation of wind turbine gearbox monitoring systems for wind farm operators?,2
How does the integration of multiple data sources improve the detectability of failures in wind turbine gearboxes?,2
"How do the KPIs for wind energy gearbox preventive maintenance programs compare to those in other industries, such as aerospace or heavy machinery?",2
How can the impact of high temperature on the wind turbine gearbox be mitigated to prevent failures caused by overheating?,2
What specific sensor data can be used to detect wear and abrasion in wind turbine gearboxes?,2
How can an anomaly detection model help in gaining insights into the performance and reliability of wind turbine gearboxes?,2
How does the size and capacity of wind turbines impact the effectiveness of AE analysis in detecting gearbox failures?,2
What types of sensors are typically used for event-based data collection in wind turbine gearbox monitoring systems?,2
How can we ensure that the data used for training the machine learning models is representative of the actual operating conditions of the wind turbine gearboxes?,2
Can you provide examples of how operational data can indicate degradation or damage in wind turbine gearboxes?,1
How can we ensure proper gearbox sealing to prevent insufficient lubrication?,2
"How does vibration lead to fatigue and failure in wind turbine gearboxes, and what are the specific components that are most susceptible to this type of failure?",2
"What are the challenges and limitations of using vibration analysis for wind turbine gearbox failure detection, and how can they be addressed?",2
What are the benefits of using thermography and ultrasonic testing in wind turbine gearbox inspections?,2
How can a cost-benefit analysis be conducted to accurately assess the feasibility of implementing a sensor-based monitoring system in wind turbine infrastructure?,2
Which encryption and secure communication protocols are best suited for ensuring data security in wind turbine sensor-based monitoring systems?,2
"Can you explain how lubrication issues can be detected and predicted by the model, and what are the consequences of poor lubrication in wind turbine gearboxes?",2
What are the best practices for maintaining and updating the anomaly detection model as new data becomes available or as the wind turbine gearbox system evolves?,2
"How do environmental factors, such as temperature and humidity, affect the likelihood of each failure mode occurring?",2
What are the best practices for avoiding overloading in wind turbine gearboxes?,2
"How can the operating environment contribute to sensor data noise or interference in wind turbine gearbox systems, and what measures can be taken to minimize these effects?",2
What are the calibration procedures for the sensors used in the study?,2
What are the potential consequences of increased energy consumption and reduced power output due to wind turbine gearbox efficiency loss?,2
"Is there a preferred deployment location or environment for the anomaly model, such as on-premises or cloud-based?",0
Can you provide examples of significant downtime and maintenance costs that have been prevented through effective sensor placement in wind turbine gearboxes?,2
"What are the common causes of contamination in wind turbine gearboxes, and how can monitoring particle count, water content, and temperature help detect early signs of contamination?",2
How do data scientists working in the renewable energy sector use sensor readings and predictive maintenance models to optimize wind turbine performance and longevity?,2
What specific robust anomaly detection algorithms would you recommend for detecting early-stage failures in wind turbine gearboxes?,2
"How does cyclic loading contribute to the failure of wind turbine gearboxes, and how can it be effectively monitored?",2
How can wind turbine operators prioritize maintenance strategies based on the severity levels and detectability ratings of failure modes?,2
How can we ensure that the use of machine learning models for predicting and preventing failures in wind turbine gearboxes is cost-effective and efficient?,2
How do you ensure that the preventive maintenance program remains effective over time?,2
Are there any specific safety measures that need to be taken during the visual inspection of wind turbine gearboxes?,2
"How do environmental factors, such as temperature and humidity, affect the corrosion of wind turbine gearbox components?",2
"What are the key performance indicators (KPIs) to monitor the health of wind turbine gearboxes, and how can data from these KPIs be used to predict and prevent failures?",2
What are the most common methods for monitoring wind turbine gearbox health and detecting potential failures?,1
What are the most common types of damage to gear teeth in wind turbine gearboxes and how can they be prevented?,2
Can you explain how overloading can cause gearbox failures in wind turbines?,2
What types of abnormalities in bearings can cause sudden changes in power output?,2
How can we ensure that the new model is generalizable and can be applied to different types and models of wind turbines?,2
What specific factors should be considered when determining the criticality of a wind turbine gearbox?,2
How can wind turbine operators determine the optimal frequency for inspections and condition monitoring?,2
"What kind of abnormal electrical patterns can current sensors detect in a wind turbine gearbox, and how can this information be used for maintenance purposes?",2
"What are the most common types of gearbox failures in wind turbines, and what are their usual causes?",2
What are the relevant performance metrics for the wind turbine gearbox that we should consider to detect anomalies?,2
"What are the common causes of lubricant contamination in wind turbine gearboxes, and how can it be prevented?",2
Can you provide more information on the interconnectedness of the challenges in developing an anomaly model for wind turbine gearbox performance?,2
What are the consequences of not maintaining accurate records in the supply chain of wind turbine gearboxes?,2
Can you explain the concept of pour point in relation to lubricant selection for wind turbine gearboxes?,2
Can you provide more details on the types of cybersecurity measures that need to be implemented to protect the model from unauthorized access?,2
Can you explain the key factors that contribute to the criticality of wind turbine gearbox components and how they can be incorporated into the anomaly detection system?,2
What are the future directions for improving the anomaly model and its application in the wind energy sector?,2
"Can you provide more details on the model development process, such as the type of anomaly detection model used and the evaluation methods?",2
Can you provide examples of common anomalies in wind turbine gearboxes and how they can be detected through data analysis?,2
"What communication protocols are currently used to transmit data from the wind turbines to the central system, and are there any limitations or constraints associated with these protocols?",2
What are the future trends in predictive maintenance for the wind energy industry and how can these systems be further improved?,2
Are there any best practices for monitoring and maintaining wind turbine gearboxes to ensure early detection of failure modes?,2
How is the continuous improvement of the gearbox's design and performance achieved?,2
"How can collaboration between data scientists and subject matter experts, such as maintenance engineers, improve the design and validation of wind turbine gearbox anomaly detection models?",2
"What types of sensors and data collection methods are most effective for detecting potential gearbox failures, and how can this data be analyzed to identify trends and patterns?",2
Can you discuss the role of data quality and accuracy in the effectiveness of wind turbine gearbox anomaly detection models?,2
What specific design modifications can be implemented to prevent fatigue-related housing failure in wind turbine gearboxes?,2
"What are the potential consequences of inadequate maintenance of wind turbine gearboxes, and how can it be prevented?",2
"What is the current data collection frequency for the wind turbine sensors, and what factors contribute to this frequency?",2
"What are the most common causes of wind turbine gearbox failures, and how can they be detected through sensor data analysis?",2
How can vibration analysis be used to detect potential issues in wind turbine gearboxes?,2
What are the key factors that predictive maintenance algorithms consider to predict gearbox failures?,2
What are the critical parameters in ISO 16092 that need to be considered while developing the anomaly detection model?,2
What specific vibration levels or patterns might indicate gear teeth breakage or other gearbox failures?,1
"Can you provide examples of specific anomalies that the anomaly detection model has successfully identified in the past, and how were these anomalies addressed?",2
What are the specific thresholds for the key performance indicators (KPIs) that suggest a need for maintenance or repair in wind turbine gearboxes?,2
What are the consequences of not considering potential sources of noise or interference when designing an anomaly detection model for wind turbine gearbox systems?,2
What are the challenges in ensuring the anomaly detection model's effectiveness and compliance with local regulations in different regions?,2
How does the use of data-driven analytics in preventive maintenance programs affect the warranty and insurance coverage for wind turbines?,2
How does real-time analysis provided by cloud-based resources allow for quick identification and resolution of issues in wind turbine gearboxes?,2
What are the best practices for maintaining and inspecting seals and gaskets in wind turbine gearboxes to prevent oil leakage?,2
How does inadequate installation lead to looseness or imbalance in wind turbine gearboxes?,2
Can you provide any examples of how the wind turbine gearbox preventive maintenance program has been adjusted based on continuous monitoring and evaluation?,2
What are the best practices for lubrication system maintenance to prevent gearbox overheating?,2
How can statistical process control (SPC) be used to detect changes in the wind turbine gearbox system that may indicate an anomaly or failure?,2
What are the most common lubrication issues that can lead to wind turbine gearbox failures?,2
What kind of logging and monitoring mechanisms are in place to detect potential security incidents?,2
Are there any specific materials or coatings used in wind turbine gearboxes to prevent failure modes?,1
"How does infrared thermography detect hotspots in wind turbine gearboxes, and what can be done to address them?",2
What are the recommended maintenance practices to prevent gear tooth pitting and spalling in wind turbine gearboxes?,2
How can reliability engineers validate the quality of wind turbine gearbox sensor data?,2
What are the key components of a robust condition monitoring program for wind turbine gearboxes?,2
"What are the key considerations from IEC 60034-18-1, IEC 60034-18-2, and IEC 60034-18-3 that need to be taken into account for the electro-mechanical systems in the model?",2
Can you explain how the vibration sensors measure mechanical vibrations in wind turbine gearboxes and what types of failures they can detect?,2
What are the key components of a wind turbine gearbox that are most susceptible to failure and require regular monitoring?,2
Can you provide examples of how non-stationarity in the data can impact the accuracy of time series analysis for predicting gearbox failures?,2
What are the specific visual inspection techniques recommended for wind turbine gearbox maintenance?,2
Can you provide any case studies or examples of successful implementation of these best practices in wind turbine gearboxes?,2
Could you provide any specific case studies or examples where the use of these advanced technologies has significantly improved the performance and longevity of wind turbine gearboxes?,2
Can you provide more details on how drift detection algorithms can be used to detect and correct drift in wind turbine gearbox sensor data?,2
"What are the best practices for validating the performance of the anomaly detection model using a separate dataset, and how can the results be interpreted and communicated to stakeholders?",2
How can machine learning algorithms or predictive models be applied to the data from these sensors to improve the accuracy and timeliness of anomaly detection in wind turbine gearboxes?,2
"Have there been any issues with sensor data noise or interference in the past, and how were they addressed?",1
"Can you explain how acoustic emission testing is performed on a wind turbine gearbox and what specific high-frequency sounds indicate wear, cracking, or other issues?",2
How can wind farm operators ensure that their maintenance staff is adequately trained to perform preventive maintenance on wind turbine gearboxes?,2
What are the key components of a wind turbine gearbox that we should focus on when detecting and diagnosing anomalies?,2
Can you discuss any challenges or limitations encountered while applying the preprocessing steps and anomaly detection algorithms to wind turbine gearbox data?,2
Can you provide examples of specific anomalies or deviations from normal behavior that sensor data can detect in wind turbine gearboxes?,2
"How does moisture or oxygen exposure lead to corrosion in wind turbine gearboxes, and what steps can be taken to mitigate this risk?",2
How do anomaly detection models identify misuse or errors in operator behavior?,2
What are the potential consequences of not implementing a CMS for wind turbine gearboxes?,2
Can you provide examples of predictive maintenance tools that can be used to improve the ability to detect wind turbine gearbox failures before they occur?,2
Can you provide any specific examples of successful deployment of anomaly detection models in wind energy operations?,2
"How do you determine the numerical scale for quantifying the severity of a wind turbine gearbox failure, and who is responsible for making these assessments?",2
Are there any specific regulatory or safety requirements related to the use of sensor data in wind turbine gearbox predictive maintenance?,2
"Are there any challenges in interpreting data from multiple sensors, such as synchronization or normalization issues?",2
"How do the different operating conditions, such as load, speed, and temperature, affect the performance and degradation of the wind turbine gearbox?",1
"How can preventive maintenance strategies, such as regular inspections, lubrication, and component replacement, help to improve the reliability and performance of wind turbine gearboxes?",2
"What are the potential challenges in implementing predictive maintenance models for wind turbine gearboxes, and how can they be addressed?",2
"Can you explain the process of conducting an FMEA in detail, including the steps involved and the potential challenges that may arise?",2
"How can data scientists and subject matter experts collaborate to develop predictive models for wind turbine gearbox failures, and what are the key considerations for developing such models?",2
Can you explain the impact of seasonal changes on wind turbine gearbox lubricating oil properties and the corresponding effect on oil analysis sensor readings?,2
How can sensor data analysis help in reducing unnecessary inspections and ensuring critical components are inspected more regularly?,2
Are there any regulations or standards that need to be followed when implementing these methods for detecting and diagnosing early-stage failure in wind turbine gearboxes?,2
"What are the most common failure modes in wind turbine gearboxes, and how can they be addressed through a detailed FMEA?",2
"Can anomaly detection models be used to predict the remaining useful life of wind turbine gearboxes, and what benefits could this provide?",2
How often should sensor data be collected and analyzed for effective monitoring of the wind turbine gearbox?,2
What is the significance of reducing noise in sensor data for accurate anomaly detection?,2
How can detectability of a failure mode be improved through monitoring and analysis of data?,2
What are the specific components of a wind turbine gearbox that are most likely to fail and should be monitored closely?,2
"What are the specific industry standards and regulations related to wind turbine gearbox temperature and overheating, and how can data be used to ensure compliance?",2
"How do the monitoring techniques for bearing failure, such as vibration analysis, temperature monitoring, and oil analysis, differ in terms of their effectiveness, cost, and complexity?",2
"How do the degradation mechanisms in wind turbine gearboxes manifest over time, and what are the warning signs that these models look for?",2
"What are the normal operating conditions for wind turbine gearboxes, and how can they be determined using sensor data?",2
How can the impact of contaminants on wind turbine gearbox temperature be quantified and modeled?,2
How can predictive maintenance strategies help in reducing downtime and maintenance costs of wind turbine gearboxes?,2
What are the key performance indicators that should be monitored to ensure the optimal health of the wind turbine gearbox?,2
How is the sensor data collected and transmitted to the system for analysis?,2
"How do variations in environmental conditions, such as temperature and humidity, affect the choice of sampling frequency for sensor data?",2
What are the primary benefits of using sensor data for predictive maintenance in wind energy systems compared to reactive maintenance?,2
"What are the specific goals and objectives of the International Renewable Energy Agency (IRENA), National Renewable Energy Laboratory (NREL), Wind Energy Technology Center (WETC), Offshore Renewable Energy (ORE) Catapult, European Academy of Wind Energy (EAWE), and Wind Energy Institute (WindEnergy) in the field of wind turbine gearbox sensor data analysis and anomaly detection?",2
How can one build trust and accountability with stakeholders when using wind turbine gearbox sensor data?,2
How can downtime and maintenance costs be reduced through the use of effective anomaly detection models for wind turbine gearboxes that have been improved through the preprocessing and cleaning of sensor data?,2
How can an anomaly model be built using real-time sensor data to detect substandard components in wind turbine gearboxes?,2
What are the potential consequences of not addressing misalignment in wind turbine gearboxes?,2
"How can we validate and verify the effectiveness of the chosen data transformation and normalization techniques for the wind turbine gearbox sensor data, and what metrics should we use for evaluation?",2
What are the consequences of not detecting and addressing failures in wind turbine gearboxes?,2
"What are the challenges in implementing anomaly models for wind turbine gearboxes, and how can they be addressed?",1
What quality standards are relevant to the anomaly detection model and how can they be maintained?,2
What skills and expertise are required for a team member to effectively maintain and update the anomaly detection model for wind turbine gearboxes?,1
How can data scientists ensure that the filtration system used to remove contaminants is effective and efficient for wind turbine gearboxes?,2
Can you provide more details on the challenges faced by the models that failed to detect anomalies in real-time sensor data?,2
How can we ensure that the new model is scalable and can handle large volumes of sensor data in real-time?,2
What are the potential impacts of insufficient bandwidth on the performance of wind turbine gearbox anomaly detection models?,2
Can you provide more information on the impact of extreme weather conditions on wind turbine gearbox performance and reliability?,2
How can the AUC value be used to inform decisions about maintenance and downtime for wind turbine gearboxes?,2
What are the specific performance issues and failure modes that can result from increased contamination in a wind turbine gearbox?,2
Can you explain the role of vibration analysis in detecting wind turbine gearbox failures?,1
Can you provide some examples of the specific data preprocessing techniques that can be used to detect and handle missing or corrupted data in wind turbine gearbox data?,2
What are the specific types of sensor data that should be collected for wind turbine gearboxes to effectively detect anomalies?,2
Can you provide some examples of hybrid approaches that combine multiple data fusion or integration techniques for wind turbine gearbox anomaly detection?,2
Can you explain how these anomaly models can help in reducing the risk of catastrophic failures in wind turbine gearboxes?,2
"How does regular maintenance, such as lubricant changes and leak checks, contribute to preventing wind turbine gearbox failures?",2
What are the common causes of lubrication failure in wind turbine gearboxes?,2
How can one monitor sensor readings for abnormalities to detect sensor data noise or interference?,2
"Can you explain the importance of regular monitoring and maintenance in preventing wind turbine gearbox failures, and what specific measures should be taken to ensure reliable performance?",2
How do wind turbine gearbox sensors data be used for post-maintenance analysis and failure root cause analysis?,2
Are there any specific challenges in applying machine learning techniques to the development of an anomaly model for wind turbine gearbox performance?,2
"Can you provide more information on how the location of wind turbines, such as coastal or offshore areas, affects the maintenance schedule and cost of the gearbox due to corrosion?",2
What are the most common indicators of wear and tear in gear teeth that the anomaly detection model should focus on detecting?,2
"How does SGRE's CBMS use vibration, temperature, and other sensor data to analyze and predict potential faults in wind turbine gearboxes?",2
"Can you provide more information on the data collection process, such as the frequency of data collection and the types of sensors used, as this may impact the choice of models and feature engineering techniques?",2
Are there any existing methods for monitoring wind turbine gearbox condition and predicting failures that can be improved with the use of an anomaly model?,2
"How does the area under the receiver operating characteristic curve (AUROC) differ from other performance metrics, and what advantages does it offer in assessing wind turbine gearbox anomaly detection models?",2
Are there any specific performance metrics or evaluation methods that have been used in the past to assess the accuracy of an anomaly model?,1
How does a Failure Modes and Effects Analysis (FMEA) help in prioritizing maintenance activities and reducing the risk of failure?,2
Can you provide examples of how deep learning libraries such as PyTorch and TensorFlow have been used for developing complex wind turbine gearbox anomaly detection models?,2
Can you provide examples of common advanced monitoring systems used to detect fatigue and overload in wind turbine gearboxes?,2
Are there any specific machine learning algorithms or techniques that have been found to be particularly effective for predictive maintenance of wind turbine gearboxes?,2
How do temperature and humidity affect the rate of wind turbine gearbox degradation compared to other factors such as load and usage?,2
How does the use of these advancements impact the overall lifespan of wind turbine gearboxes?,2
How can predictive maintenance reduce the severity of gearbox failures in wind turbines?,2
Can you explain the process of data analysis used in sensor-based monitoring for wind turbine gearboxes?,2
How can the implementation of reliability engineering tools and principles improve the overall performance and return on investment for wind turbine operators?,2
Are there any specific failure modes that have been particularly challenging to detect or prevent in the past?,1
How can we ensure that the maintenance and repair procedures are effective in extending the lifespan and improving the performance of the wind turbine gearboxes?,2
How can machine learning models help reduce maintenance costs and improve wind turbine performance?,2
How can the anomaly detection model prioritize maintenance based on the severity and detectability of each failure mode?,2
"How does the load distribution affect the wind turbine gearbox's lifespan, and which sensors are best suited to monitor these variations?",2
What are the best practices for implementing vibration analysis in wind turbine gearboxes?,2
What are the potential consequences of not addressing data quality issues in wind turbine gearbox sensor data?,2
"Can you explain the process of condition monitoring and predictive maintenance in more detail, including how often data should be analyzed and what actions are typically taken based on the analysis?",2
How are user authentication and authorization protocols implemented to limit access to sensitive data?,2
"How can wear and tear, fatigue, corrosion, and contamination be mitigated to prevent degradation mechanisms such as pitting, spalling, microcracking, and plastic deformation in wind turbine gearboxes?",2
"How can data scientists collaborate with subject matter experts to develop predictive maintenance strategies for wind turbine systems, and what are the key factors to consider in such collaborations?",2
"What specific temperature thresholds indicate an abnormal condition in the wind turbine gearbox, and how can these thresholds be used to trigger maintenance actions?",2
What are the potential consequences of not properly preprocessing and cleaning sensor data for wind turbine gearbox anomaly detection?,2
"How do the degradation mechanisms, such as abrasion, adhesion, fatigue, erosion, and corrosion, affect the different components of the gearbox, such as bearings and gear teeth?",0
How do the position sensors help in monitoring the condition of wind turbine gearboxes and what types of failures can be detected through position data?,2
"What data normalization techniques are commonly used for wind turbine gearbox sensor data, and how can they be applied in this case?",1
How does contamination of lubrication oil affect wind turbine gearbox performance and reliability?,2
How is the data collected from the sensors processed and analyzed for predicting failures in wind turbine gearboxes?,2
How does the severity and detectability of failure modes and degradation mechanisms impact the preventive maintenance plan for a wind turbine gearbox?,2
How can data from regular inspections and maintenance be used to improve wind turbine gearbox design and performance?,2
What methods are used to capture wind turbine gearbox failure data?,2
Can you explain how the different types of sensors work together to provide a comprehensive view of the gearbox's condition?,2
How does misalignment contribute to the failure of wind turbine gearboxes?,2
How can the use of sensors and predictive models increase the detectability of potential issues in wind turbine gearboxes?,2
What are the effects of lubricant contamination on wind turbine gearbox failure?,2
How can implementing a root cause analysis program help improve the overall performance and efficiency of the wind turbine gearbox?,2
What are the benefits of using performance monitoring in wind turbine gearboxes and what types of performance issues can be detected through this method?,2
Are there any specific challenges or limitations in monitoring the condition of lubricant in wind turbine gearboxes compared to other types of machinery?,2
How can the severity of each failure mode be quantified and prioritized for maintenance and repair?,2
How can the data on wind turbine gearbox failures be used to improve the safety of wind turbine operations?,2
"How can the reliability, availability, and longevity of the wind turbine gearbox be measured and reported?",2
How is the sensor data used to support a predictive maintenance strategy?,1
How can sensor data and FMEA be integrated to develop a comprehensive predictive maintenance strategy for wind turbine gearboxes?,2
What measures can be taken to ensure the collected data from the sensors is of high quality and free from noise and artifacts?,2
How do environmental factors affect the performance and lifespan of wind turbine gearboxes?,2
How can lubrication failure be detected and prevented in wind turbine gearboxes?,2
How do you ensure the data collected from the monitoring methods is accurate and reliable?,2
How does real-time monitoring using sensors and an anomaly model work to detect potential failures in wind turbine gearboxes?,2
"How do external factors such as weather, contamination, and operator error impact the FMEA analysis of wind turbine gearboxes?",2
"Can you provide examples of common issues that can affect wind turbine gearbox performance, and how they can be addressed through monitoring and analysis?",2
"What types of sensors are currently used to collect data from the wind turbine gearbox, and how accurate are they?",2
Can you explain how the data scientist can use the anomaly detection model to provide real-time alerts to maintenance personnel?,2
"What are the recommended methods for monitoring the condition of wind turbine gearboxes, and how often should inspections be conducted?",2
What are the best practices for selecting and applying lubricants in wind turbine gearboxes to ensure sufficient lubrication and prevent insufficient lubrication-induced failures?,2
What specific sensor data would be helpful to collect for monitoring the condition of wind turbine gearboxes and predicting failures?,2
What are the current challenges and future directions for incorporating external factors into wind turbine gearbox anomaly detection models?,1
"How can the wind turbine gearbox anomaly detection models be updated, maintained, and improved over time, considering the evolving nature of the wind energy sector and the technology advancements?",2
How can machine learning algorithms be applied to sensor data for predicting and preventing wind turbine gearbox failures?,1
Can you explain the role of regular oil analysis in detecting early signs of wear and tear caused by temperature and humidity fluctuations?,2
What are the specific supply chain issues that can lead to the use of poor quality components in wind turbine gearboxes?,2
How do advanced data analytics and machine learning algorithms help to improve the accuracy and effectiveness of predictive and preventative maintenance methods for wind turbine gearboxes?,2
How is the data collected by the sensors transmitted to the CMS and what are the challenges associated with data transmission in wind turbine gearbox monitoring?,2
Can you provide examples of how regular monitoring and analysis of sensor data has prevented gearbox failures in wind turbines?,2
Can you provide examples of manufacturing defects that commonly cause wind turbine gearbox failures?,2
How can the severity and detectability of failure modes in wind turbine gearboxes be accurately determined and quantified?,2
"How do abrasive wear, adhesive wear, fatigue wear, and corrosive wear differ in their severity and impact on wind turbine gearboxes?",1
Can you provide examples of specific degradation mechanisms that can be monitored through sensor data?,2
What are the best practices for implementing a wind turbine gearbox condition monitoring system?,2
How does the bearing temperature KPI help in identifying potential failures in wind turbine gearboxes?,2
Can you provide examples of machine learning algorithms that are commonly used for building anomaly detection models in wind turbine gearboxes?,2
What are the future trends in using sensor data for wind turbine gearbox maintenance and inspection practices?,2
How can data be collected and analyzed to monitor the condition of the lubricant in wind turbine gearboxes?,2
"What are the common causes of increased friction, insufficient lubrication, and overloading of the gearbox that can be detected through temperature monitoring?",2
Can you provide examples of catastrophic failures in wind turbine gearbox components that could have been prevented with early anomaly detection and predictive maintenance?,2
Can you provide any examples of specific proactive maintenance strategies that have been effective in preventing wind turbine gearbox failures?,2
Can you discuss any challenges faced in implementing the anomaly detection models in wind turbines and how they were addressed?,2
What are the best practices for monitoring the condition of wind turbine gearbox components and subcomponents?,2
How can we determine the appropriate maintenance strategies for different types of wind turbine gearboxes?,2
"How can the use of data-driven models, such as physics-informed machine learning, improve the accuracy of the anomaly model?",2
"How can data analysis of temperature, vibration, and oil pressure be used to identify trends and anomalies in wind turbine gearbox performance?",2
What are the challenges in integrating weather and operational data with sensor data in wind turbine gearboxes?,1
"How does vibration analysis provide a more detailed view of the gearbox's health, and what specific aspects of the vibration are analyzed?",2
What are the challenges in implementing a condition monitoring system for wind turbine gearboxes in terms of data management and analysis?,2
How is the data collected from the sensors processed and cleaned before it is fed into the anomaly detection models?,2
What are the recommended methods for detecting contamination in wind turbine gearboxes using sensor data?,2
"Can you provide more information on the deployment process of the anomaly detection model, including considerations for scalability, security, and ease of maintenance?",2
How do you ensure that the maintenance personnel have the necessary skills and knowledge to perform inspections and maintenance activities for wind turbine gearboxes?,2
Can you explain the factors that determine the optimal data collection frequency and pattern for wind turbine gearbox anomaly detection?,1
Can you provide any specific examples of failure modes caused by substandard components in wind turbine gearboxes?,2
"What are the most common failure modes in wind turbine gearboxes, and how can anomaly detection models help identify them?",2
Are there any specific regulatory requirements that impact the determination of sensor threshold values for wind turbine gearboxes?,2
How does specialized software process the collected sensor data to identify abnormal trends or patterns?,2
How can analyzing historical data improve component design in wind turbine gearboxes?,2
"Can you provide some examples of how unsupervised learning algorithms, such as principal component analysis and k-means clustering, have been used to detect anomalies in wind turbine gearbox sensor data?",2
"Can you provide an example of how the severity, occurrence, and detection of a failure mode are determined and calculated in the ISO 14242 standard?",2
Can the sensors' data be used to predict the remaining useful life of the wind turbine gearbox?,2
How can the performance of the anomaly detection system be evaluated and improved?,2
Can you provide any examples of catastrophic failures in wind turbine gearboxes that could have been prevented with proper preventive maintenance measures?,2
How often should lubricant replacement be performed to prevent failure modes in wind turbine gearboxes?,2
"How do condition monitoring systems improve the ability to detect the impact of environmental factors on wind turbine gearboxes, and what specific systems would you recommend?",2
Can you provide any specific examples of degradation mechanisms that can cause gradual degradation of wind turbine gearboxes over time?,2
Are there any specific failure codes or patterns that have been associated with specific failure modes or degradation mechanisms in the wind turbine gearbox?,0
How often should lubrication oil analysis be performed on wind turbine gearboxes for optimal predictive maintenance?,2
What are the key performance metrics for evaluating the effectiveness of a wind turbine gearbox anomaly detection model?,1
How can a condition-based maintenance program help extend the service life of wind turbine gearboxes and reduce the risk of downtime?,2
What are the recommended methods for monitoring temperature changes in wind turbine gearboxes to detect potential failures early?,2
Can you explain how the failure codes can be used to track and trend the failure patterns in wind turbine gearboxes?,2
How can we effectively set up alerts and notifications based on the model's output to minimize downtime?,2
How does regular maintenance and inspections help in preventing catastrophic damage in wind turbine gearboxes?,2
How is signal processing used to improve the signal-to-noise ratio in high-frequency data for wind turbine gearbox anomaly detection?,2
"Can you provide more details on the different degradation mechanisms such as wear, fatigue, and corrosion, and how they contribute to the development of failure modes in wind turbine gearboxes?",2
"How do you ensure the cost-effectiveness, feasibility, and safety of proactive maintenance strategies for wind turbine gearboxes?",2
How can we ensure the anomaly detection model's performance is accurately validated and tested using historical data?,2
Can you explain the process of conducting a failure mode and effect analysis in more detail?,2
How do encoders compare to other types of monitoring systems used in wind turbine gearboxes?,2
Can you provide examples of noise reduction techniques other than low-pass filters and wavelet denoising?,2
What are the key performance indicators (KPIs) that can be used to measure the effectiveness of maintenance and inspection programs in preventing oil leakage in wind turbine gearboxes?,2
"What are the potential benefits of using a proactive maintenance approach for wind turbine gearboxes, and how can the anomaly detection model support this approach?",2
"How does vibration analysis help in detecting potential failures in wind turbine gearboxes, and what type of changes in vibration patterns indicate a potential failure?",2
Can you suggest any specific data security measures that should be implemented to ensure the confidentiality and integrity of the data?,2
Can you provide examples of statistical and machine learning techniques that are commonly used for analyzing this type of data?,2
Can you provide more details on the types of sensitive data that needs to be protected with on-premises deployment for a wind turbine gearbox anomaly detection model?,1
"What are the key challenges in effective data collection, integration, and analysis for wind turbine gearbox anomaly detection?",2
How frequently should oil analysis be performed to effectively monitor for potential overheating issues?,2
Can you explain the impact of oil degradation on the overall performance of the wind turbine gearbox?,2
Could you provide an example of how multivariate plots have been useful in identifying anomalies in the wind turbine gearbox performance?,2
"Can you explain the differences between abrasive wear, adhesive wear, fatigue wear, and corrosive wear in the context of wind turbine gearboxes?",2
What are the potential challenges or limitations in using real-time sensor data to build an anomaly detection model for wind turbine gearboxes?,2
"How can the performance of the anomaly detection model be further improved through techniques such as data augmentation, transfer learning, or ensemble methods?",2
Are there any known patterns or trends in the historical sensor data that could indicate a potential failure?,1
What are the challenges in real-time anomaly detection in wind turbine gearboxes and how can they be addressed?,2
How can the analysis be re-run consistently and reliably after handling missing or corrupted data in wind turbine gearbox data?,2
"What are the other types of monitoring techniques that can be used to prevent wind turbine gearbox failures, besides temperature monitoring?",2
"What specific information can be gathered from oil analysis that can indicate mechanical wear, lubrication problems, or other faults in wind turbine gearboxes?",2
What are the recommended procedures for addressing potential issues with the gearbox before they lead to catastrophic failure?,2
How does the FMEA address the issue of detecting failure modes that may not be easily observable or measurable through regular inspections and condition monitoring?,2
Can you provide any examples of catastrophic failures in wind turbine gearboxes and how they could have been prevented through real-time sensor data analysis?,2
"What are the most common causes of wind turbine gearbox failures, and how can root cause analysis help prevent similar failures in the future?",2
How can understanding the severity and detectability of each failure mode help in prioritizing maintenance activities?,2
What are the key features that should be considered when creating new features through feature engineering?,2
Are there any specific types of wind turbines or gearbox designs that are more prone to failures and require more frequent maintenance?,2
How can transfer learning be applied in the context of predictive maintenance for wind turbine gearboxes?,2
How is vibration analysis used to detect potential failures in a wind turbine gearbox?,2
How do the failure detection and prevention strategies for wind turbine gearboxes differ from those for other types of industrial equipment?,2
What are the specific lubrication intervals recommended for wind turbine gearboxes to prevent insufficient lubrication?,2
"How do preventive maintenance measures, such as regular inspections and oil analysis, help in detecting potential issues before they lead to failure?",2
How do you evaluate the performance of a wind turbine gearbox anomaly model?,2
"How is the incident response plan implemented, and what steps are taken to ensure readiness in case of a security breach?",2
What are the key performance indicators (KPIs) for monitoring insufficient lubrication in wind turbine gearboxes?,2
How can the data scientist validate and test the anomaly detection model to ensure its accuracy and reliability?,2
What are the key performance indicators that can be used to measure the effectiveness of the implemented measures in addressing data quality issues in wind turbine gearbox sensor data?,2
"What are the most common causes of wind turbine gearbox failure, and how can data scientists use sensor data to monitor these specific issues?",1
"How can we ensure that the collected data is representative of real-world conditions, and what specific steps should be taken to analyze data distribution?",2
"How can thermography and ultrasonic testing be used to detect wind turbine gearbox failure, and what are their advantages and limitations compared to other monitoring techniques?",2
"What are the current limitations of wind turbine gearbox anomaly detection models, and how can they be improved through the use of advanced sensor technology, data fusion techniques, machine learning algorithms, and physics-based models?",2
How can the severity and detectability ratings of failure modes in wind turbine gearboxes be accurately assessed?,2
What are the challenges in developing advanced sensing technologies for wind turbine gearbox maintenance and how can they be addressed?,2
Can you provide any case studies or examples of successful implementation of sensor-based monitoring systems in wind turbines?,2
"How do the severity of failure modes vary, and what are the potential consequences of each failure mode on the wind turbine's performance and maintenance costs?",2
"How can data quality issues be addressed when building an anomaly model for wind turbine gearboxes, and what impact can they have on model accuracy?",2
How does regular oil analysis help in reducing downtime and minimizing maintenance costs in wind energy systems?,2
How can surface fatigue and subsurface fatigue be detected and mitigated in wind turbine gearboxes?,2
How do the specific failure modes and the monitoring system in place affect the ability to detect failures in wind turbine gearboxes?,2
How can machine learning techniques be applied to predict and prevent failures in wind turbine gearboxes?,2
What are the common damage mechanisms in bearings of wind turbine gearboxes?,2
"How can machine learning algorithms be used to predict wind turbine gearbox failures before they occur, and what are the benefits of early prediction for maintenance and reliability?",2
"Can you provide more details on how vibration analysis, thermography, and oil analysis are used for condition monitoring of wind turbine gearboxes?",2
"What are the best practices for monitoring sensor data for anomalies, and how can this be automated for multiple wind turbines in a wind farm?",2
"Can you explain how acoustic emission sensors help in detecting early-stage damage like micro-cracks or spalling, and what are the typical sound frequencies to look out for?",2
How can the data collected from monitoring the performance of wind turbine gearboxes be used to improve their design and efficiency?,1
How do performance and efficiency requirements impact the development of an anomaly detection model for wind turbine gearboxes?,2
What are the common maintenance actions taken for wind turbine gearboxes and how can they help prevent failures?,2
What are the best practices for addressing vibration issues in wind turbine gearboxes?,2
What are the best practices for maintaining and replacing the seals in wind turbine gearboxes?,2
Can you explain the concept of high cyclic loading and how it contributes to the failure of gearbox components in wind turbines?,2
"Can you provide more details on the specific preventive maintenance measures recommended for wind turbine gearboxes, such as lubrication and component replacement?",2
What are the best practices for regular inspections to detect early signs of housing cracking?,2
How does system configuration impact current and power measurements in wind turbine gearboxes?,2
How is the data collected and analyzed to understand the degradation mechanisms in wind turbine gearboxes?,2
"How do vibration sensors differentiate between misalignment, imbalance, and looseness in wind turbine gearboxes?",2
How do you balance the trade-off between the benefits of a higher sampling frequency and the increased data storage and processing requirements in practice?,2
What is the role of predictive maintenance in reducing downtime and maintenance costs for wind turbine gearboxes?,2
What are the specific sensor types used to monitor wind turbine gearboxes and how do they detect high loads and associated failure modes?,2
"What are the specific benefits of predictive maintenance in wind turbines, and how can it improve asset reliability?",2
What are the most common indicators of gear tooth and bearing damage in wind turbine gearboxes?,2
"What are the common causes of tooth cracking, pitting, and spalling in gear teeth in wind turbine gearboxes?",2
How have early stages of failure or degradation been detected and diagnosed in the past using sensor data?,1
"Are there any other parameters, besides particle count, viscosity, and additive concentration, that should be regularly monitored for effective wind turbine gearbox lubricating oil analysis?",2
Can you name some specific compact and non-invasive sensors suitable for wind turbine monitoring?,2
"What are the expected benefits of deploying the anomaly detection model, such as increased reliability, reduced maintenance costs, and improved performance?",2
"Can you explain the process of developing an anomaly detection model for wind turbine gearboxes, including data preprocessing and feature selection?",2
What are the common failure modes in wind turbine gearboxes and how can real-time monitoring help detect them?,2
"What are the specific components in wind turbine gearboxes that are most susceptible to wear, fatigue, corrosion, and pitting?",2
What are the challenges and limitations of using real-time monitoring and data fusion techniques in wind turbine gearboxes?,2
How can feedback from SMEs be incorporated into the predictive maintenance process?,2
How do multivariate analysis and machine learning algorithms help in modeling the complex interactions between multiple components of wind turbine gearboxes?,2
Can you provide any examples of the consequences of not implementing measures to reduce noise and interference in sensor data from wind turbine gearboxes?,2
"Can you explain how environmental conditions, such as temperature and humidity, can lead to the degradation of a wind turbine gearbox?",1
"How can wind farm operators ensure that the data collected from oil analysis sensors is accurate, reliable, and consistent across multiple turbines and sites?",2
Can you explain the importance of using a standardized failure coding system during inspections and how it helps in documenting and tracking failures?,2
"Can you provide more context on what constitutes a ""true anomaly"" in the context of wind turbine gearboxes?",2
What are the common preventive maintenance actions taken after identifying worn-out or damaged components during the visual inspection?,2
What are the most common patterns in sensor data that indicate a specific failure mode in wind turbine gearboxes?,2
"How is historical data used to inform the labeling of data points as ""normal"" or ""abnormal"" in this context?",2
What are the key performance indicators for monitoring wind turbine gearbox health?,2
"What are the challenges in predicting and preventing failures in wind turbine gearboxes, given the multiple degradation mechanisms and operating conditions that can affect each component?",2
Are there any specific statistical measures or ROC curves that are commonly used to evaluate the performance of the anomaly detection model?,2
What are the specific consequences of gearbox lubricant degradation due to high temperatures?,2
How is the data from these sensors used to predict potential failures before they occur?,2
How can we quantify the cost of insufficient lubrication in wind turbine gearboxes?,2
What are the current challenges and future research directions in the use of sensors and predictive models for wind turbine gearbox maintenance?,1
Can you provide examples of how predictive maintenance techniques have minimized downtime and reduced maintenance costs for wind farm operators?,2
"What are the challenges in implementing real-time anomaly detection and condition-based maintenance in wind energy systems, and how can they be addressed?",2
How does the failure of a wind turbine gearbox impact the overall cost of operation and maintenance?,1
What are the potential consequences of not performing regular maintenance on wind turbine gearboxes?,2
How does vibration analysis help in detecting potential failures in wind turbine gearboxes?,2
How can domain expertise be integrated with data analysis and machine learning techniques to improve the accuracy of failure detection in wind turbine gearboxes?,2
Can you explain how catastrophic failure occurs in wind turbine gearboxes due to high temperatures?,2
Can you provide more details on the impact of insufficient lubrication on the overall efficiency of the wind turbine?,2
How does increased temperature affect the performance and longevity of wind turbine gearboxes?,2
How often should each method be performed to ensure effective failure prediction and prevention?,2
How is the effectiveness of predictive maintenance techniques evaluated in the program?,2
"How does insufficient lubrication result in inadequate lubrication film thickness, leading to metal-to-metal contact and wear?",2
How is feature selection performed to identify the most relevant variables for anomaly detection?,2
How can we validate and verify the quality of wind turbine gearbox sensor data?,2
How can the insights gained from this data preprocessing be used to inform preventive maintenance strategies?,2
Can you explain in more detail the process of conducting a root cause analysis (RCA) to identify the underlying causes of wind turbine gearbox failures?,2
What are the best practices to prevent contamination of lubricant in wind turbine gearboxes?,2
What are the best practices for monitoring and maintaining wind turbine gearbox components to ensure their reliability and longevity?,2
What are the specific robust signal processing techniques that can be used to improve the accuracy and robustness of anomaly detection models in wind turbine gearboxes?,2
How do different lubrication management strategies impact the occurrence of gear tooth failure in wind turbine gearboxes?,2
Can you provide more details on the proper installation and alignment techniques for components in the gearbox?,2
Can you explain the process of setting up threshold limits and alarms for the anomaly detection model?,2
Can you provide examples of specific cases where vibration analysis helped prevent wind turbine gearbox failures and reduced maintenance costs?,2
How does proactive monitoring help in optimizing wind turbine performance and minimizing maintenance costs?,2
How can overheating issues be identified and diagnosed using sensor data?,2
"How do misalignment and eccentricity affect wind turbine gearbox performance and failure rates, and what measures can be taken to prevent these issues?",2
How does the severity of the failure mode impact the response time required for maintenance or replacement of the gearbox?,2
What are the best practices for maintaining and inspecting wind turbine gearboxes to ensure their longevity?,2
What are the recommended methods for validating and verifying the predicted anomalies to ensure a high degree of confidence in the model's predictions?,2
Can you explain the impact of insufficient lubrication on wind turbine gearbox components?,2
Can you explain how the data on wind turbine gearbox failures is collected and analyzed to identify common failure modes?,2
How is historical data used to set predefined thresholds for generating alerts in CMS?,2
How can the age and type of wind turbine fleets be effectively accounted for in the anomaly detection model to ensure accurate and reliable performance?,2
Can you provide examples of specific wind turbine gearbox failure scenarios and discuss how the sampling frequency influences the detection and prediction accuracy in those cases?,2
"What are the typical operating conditions for wind turbine gearboxes, and how can these variations affect the performance of the anomaly detection model?",2
How do regular visual inspections aid in detecting potential failures in wind turbine gearboxes and what are the best practices for conducting these inspections?,2
How can the visual inspection results be used to optimize the maintenance schedule and reduce downtime?,2
How do encoders contribute to improving the overall efficiency and reliability of wind energy systems?,2
"How does the proactive approach of analyzing sensor data and performing predictive maintenance improve the reliability and performance of the wind turbine gearbox, and what specific metrics are used to measure this improvement?",2
Can you provide any specific case studies or examples of wind turbine gearbox failure modes and their impact?,2
How can the data scientist and subject matter expert collaborate to ensure the anomaly detection model is aligned with industry standards and regulations for wind energy systems?,2
Can you discuss any specific preventive maintenance measures beyond regular lubrication and alignment checks that can help prevent failures in wind turbine gearboxes?,2
"How can data scientists ensure that the machine learning models used for predicting wind turbine gearbox failures are robust and accurate, considering the high cost of failure?",2
What are the best practices for inspecting wind turbine gearboxes to detect early signs of degradation and prevent failures?,2
How do wind turbine gearbox sensors and predictive models contribute to the overall maintenance strategy for wind turbines?,1
"What are the challenges in performing power curve analysis, and how can they be addressed?",2
What are the safety measures that should be taken when inspecting and maintaining wind turbine gearboxes to prevent accidents and injuries?,2
What types of machine learning algorithms are commonly used for wind turbine gearbox monitoring and what are their advantages and disadvantages?,2
"What are the specific factors that contribute to the harsh operating environment of wind turbine gearboxes, leading to unique failure modes?",2
"How do environmental factors, such as temperature and humidity, affect the performance and reliability of wind turbine gearboxes?",2
Can you explain how the size and location of gear tooth pitting and spalling impact the severity of wind turbine gearbox failures?,2
What are the specific environmental factors that can cause degradation and failure of wind turbine gearbox components?,2
How can we ensure that the anomaly model is able to detect new and emerging failure modes in wind turbine gearboxes?,2
Can you explain more about the specific types of vibration isolation mounts or damping materials that are most effective in reducing noise and interference in sensor data from wind turbine gearboxes?,2
"What is the process of model updating, and how frequently is it recommended to update the model with new data?",2
How can the data from different monitoring and maintenance tools be integrated and analyzed to gain a holistic view of wind turbine gearbox performance?,2
"How is the severity of fretting corrosion determined, and what methods are used to detect it?",2
How can the data from sensors be used to optimize the maintenance schedule for wind turbine gearboxes?,2
How do anomaly models help improve the detectability of failure modes in wind turbine gearboxes?,2
How do you handle the large amount of data generated by the sensors in wind turbines and how do you extract useful information from it?,2
Can you provide any case studies or examples of successful implementation of machine learning models for predicting failures in wind turbine gearboxes?,2
How can data scientists and subject matter experts use data analysis to identify the root causes of wind turbine gearbox failure and develop strategies for preventing similar issues in the future?,2
What are the best practices for careful handling and transportation of wind turbine gearboxes to prevent wear and tear and damage to components?,2
How do the predictive models developed using sensor data account for the variability in environmental conditions across different wind farm locations?,1
How can the anomaly detection model handle varying operating conditions and adapt to changing conditions in wind turbine gearboxes?,2
How does insufficient lubrication contribute to high temperatures in wind turbine gearboxes?,2
What methods are typically used to pinpoint sensors or variables exhibiting anomalous behavior in wind turbine gearbox sensor data?,2
"What are the challenges in implementing these software tools for wind energy organizations, and how can they be addressed?",2
"Are there any regulatory or industry standards for monitoring and maintaining wind turbine gearboxes, and how does sensor data fit into these standards?",2
"Can you provide any examples of real-world implementations of predictive maintenance in wind turbine gearboxes, and the results that were achieved?",2
What are the specific consequences of insufficient lubrication on the gear teeth and bearing races in wind turbine gearboxes?,2
What are the most common failure modes in wind turbine gearboxes and how can they be detected through vibration analysis and inspections?,2
Can you explain the specific types of sensors used to monitor wind turbine gearboxes and what parameters they measure?,2
What are the key performance indicators (KPIs) that can be used to monitor the wind turbine gearbox's performance and detect any anomalies or issues?,1
How are the sensor data and performance metrics used to determine the remaining useful life (RUL) of a wind turbine gearbox?,2
How can the data collected from regular visual inspections of wind turbine gearbox gear teeth be used to identify trends and patterns over time?,2
"How is the data collected on gearbox component condition, such as gear tooth wear and bearing degradation, and what specific metrics are used to assess their condition?",2
How does the wind turbine gearbox's design impact the sensor data and the anomaly detection model's accuracy?,2
What are the future directions for research and development in real-time anomaly detection and condition-based maintenance for wind energy systems?,2
"Can you explain how the FMEA is used to prioritize and plan maintenance, inspections, and condition monitoring activities for wind turbine gearboxes, and how this helps minimize downtime and maintenance costs?",2
How does the viscosity of the oil indicate the condition of the wind turbine gearbox?,2
Are there any recommended practices for adjusting data collection frequencies based on the specific needs of the wind turbine or manufacturer's preferences?,2
How is the degradation mechanism that leads to each failure mode identified and rated in terms of severity and detectability?,2
Can you provide any case studies or examples of the consequences of insufficient lubrication in wind turbine gearboxes?,2
Are there any specific types of wind turbines or gearboxes that benefit more from data-driven predictive maintenance?,2
Can you provide more information on how the data from the anomaly detection model can be used to improve the maintenance schedule and cost of wind turbine gearboxes?,2
"How do online sensors contribute to accurate trend analysis and real-time data collection for wind turbine gearboxes, and what types of sensors are commonly used?",2
"How can we ensure that the machine learning algorithms in the new model are interpretable and explainable, allowing maintenance teams to understand the likely cause and severity of identified anomalies?",2
Can you explain the role of condition monitoring system in the overall maintenance strategy of wind turbines?,2
Can you explain the process of identifying failure modes in wind turbine gearboxes and how data analysis is used to achieve this?,2
Can you provide examples of specific maintenance practices that can extend the lifespan of wind turbine gearboxes?,2
How can the integration of sensors with the wind turbine gearbox system affect the data collection process?,2
How can the model handle missing or corrupted data points in the sensor data?,1
What is the relationship between model accuracy and the presence of noise and interference in sensor data for wind turbine gearbox anomaly detection models?,2
Can you provide some examples of catastrophic failure modes in wind turbine gearboxes and their impacts on the system?,2
"Can you provide examples of some external factors, other than extreme weather conditions, that can cause degradation in wind turbine gearboxes?",2
What are the key performance indicators (KPIs) used to measure the effectiveness of wind turbine gearbox monitoring and predictive maintenance programs?,2
Can you explain how the performance metrics are affected by the threshold value used to classify the predictions as failures or non-failures?,2
How can we ensure that the sample of data collected is diverse and representative of the various operating conditions of wind turbine gearboxes?,2
"How does contamination of the lubricating oil affect wind turbine gearbox performance, and what measures can be taken to prevent it?",2
What techniques can be used to identify specific failure modes and causes in wind turbine gearboxes using sensor data?,2
Can you explain the relationship between load management and the prevention of excessive wear in wind turbine gearboxes?,2
What are the common sensors used to collect data for wind turbine gearbox anomaly detection?,2
What are the specific requirements and constraints that organizations should consider when implementing an anomaly detection system for wind turbine gearboxes?,2
What types of sensor data are most important in monitoring wind turbine gearbox health and performance?,2
Can you provide examples of model interpretability techniques that can be applied to the RUL prediction model for better understanding and trust in the model's outputs?,2
Can you explain how the data on wind turbine gearbox failures is used to improve the training of maintenance personnel?,2
How can regular maintenance and monitoring help detect potential gearbox failures caused by electrical and power fluctuations?,2
How does monitoring the normal operating condition of a wind turbine gearbox contribute to the overall performance and reliability of the wind turbine system?,2
Are there any new or emerging technologies being developed to improve corrosion detection and prevention in wind turbine gearboxes?,2
Can you explain how the severity of misalignment-induced failure modes is determined?,2
What are the advantages of using RMSE in the context of a wind turbine gearbox anomaly detection model compared to other types of datasets?,2
Can you provide examples of specific anomalies that the model can detect in wind turbine gearboxes?,2
"How do misalignment and insufficient lubrication contribute to the failure of wind turbine gearbox components, such as bearings and gears?",2
"How can the large amount of data required by the anomaly detection models be collected, processed, and stored in a cost-effective and efficient manner, considering the constraints of the wind energy sector?",2
"How can the severity of sensor data noise or interference be evaluated in wind turbine gearbox systems, and what factors should be considered in this evaluation?",2
"Can you explain the process of building predictive models for gearbox failure modes, degradation mechanisms, and failure reasons?",2
How does vibration analysis aid in detecting misalignment in wind turbine gearboxes?,2
How do the degradation mechanisms in wind turbine gearboxes vary between onshore and offshore wind turbines?,2
How can the severity of the failure in the wind turbine gearbox be determined and quantified?,2
How can the implementation of these trends and future directions improve the overall reliability of wind turbines?,2
Are there any specific data processing tools or software that are commonly used for analyzing wind turbine gearbox sensor data at different sampling frequencies?,2
Can you explain the importance of implementing a robust condition monitoring program for wind turbine gearboxes?,2
What methods are used to detect issues related to faulty components or sub-optimal operating conditions in wind turbine gearboxes?,2
"How do sensors fail, and what are the consequences of sensor failure for the wind turbine gearbox?",1
"Can you explain how time series analysis libraries such as Pandas, Numpy, and Scipy are used for data preprocessing and statistical analysis in this context?",2
Can you provide any examples of how predictive maintenance strategies have prevented significant failures and reduced maintenance costs in wind turbine gearboxes?,2
"Can changes in current/voltage sensors indicate a specific type of gearbox problem, or is it a general indicator?",2
How can domain knowledge be integrated with data preprocessing techniques and advanced machine learning algorithms to develop a robust and accurate anomaly detection model for wind turbine gearbox degradation?,2
How can the lifespan of wind turbine gearboxes be extended through regular monitoring and maintenance?,2
How can the impact of weather and environmental conditions on wind turbine gearbox temperature be modeled and accounted for in predictive maintenance?,2
"How do anomaly models help in root cause analysis, and what are the key benefits of this approach?",2
How does regular inspection help in detecting wear and corrosion in wind turbine gearboxes?,2
What specific aspects of temperature and lubricant degradation have the greatest impact on wind turbine gearbox efficiency?,2
"How can data-driven approaches, such as machine learning or AI, be integrated with these standards and guidelines to improve wind turbine gearbox monitoring and maintenance?",2
How can data from regular inspections and preventive maintenance activities be used to improve wind turbine gearbox lubrication practices and reduce the risk of failure?,2
"How can we determine the severity of the failures detected by the anomaly detection model, and what actions can be taken to prevent or mitigate them?",2
"What are the most common causes of gear tooth failure in wind turbine gearboxes, and how can they be addressed through maintenance and monitoring?",2
How does condition monitoring in wind turbine gearboxes contribute to the overall performance and efficiency of wind turbines?,2
Can you explain the process of data acquisition and preprocessing for wind turbine gearbox anomaly detection?,2
"What are the common causes of high loads in wind turbine gearboxes, and how can they be mitigated?",2
Are there any regulatory or safety standards that must be considered when implementing a sensor-based anomaly detection system for wind turbine gearboxes?,2
"What specific sensor data should be monitored to detect gearbox wear or damage, and how can this data be analyzed to detect anomalies?",2
How do misalignment and high load contribute to the failure modes in wind turbine gearboxes and how can they be mitigated?,2
Can you discuss the various model selection options and their strengths and weaknesses in detecting wind turbine gearbox anomalies?,2
Can you provide more information on the causes and effects of oil leakage in wind turbine gearboxes?,1
What are the recommended techniques for detecting missed anomalies in wind turbine gearbox data?,2
"What role do additives play in the lubrication of wind turbine gearboxes, and how can changes in additive levels signal potential problems?",2
Can you provide more details on the specific computational resources that will be available for running the anomaly detection model in real-time?,1
How do you ensure that the anomaly detection model is robust and generalizable to different wind turbine gearbox designs and operating conditions?,2
What are the specific inspections and maintenance tasks recommended for wind turbine gearboxes during regular maintenance?,2
Can you explain the role of remote monitoring systems in addressing the challenges of accessibility and data overload in wind turbine gearbox condition monitoring?,2
How can the performance and longevity of wind turbine gearboxes be enhanced through predictive maintenance?,2
What are the specific requirements and constraints for deploying an anomaly detection model for a wind turbine gearbox?,1
How is vibration analysis used to detect and prevent bearing failure in wind turbine gearboxes?,2
How do you ensure that the data quality issues are detectable and addressed in a timely manner?,2
What are the regulatory and safety considerations that must be taken into account when deploying a wind turbine gearbox anomaly detection model in a real-world setting?,2
What are the most effective machine learning algorithms or techniques for analyzing sensor data to detect early signs of wind turbine gearbox failures?,2
Can you provide more information on the failure codes used for the common failure modes in wind turbine gearboxes and what they represent?,2
What are the specific methods used for vibration analysis in wind turbine gearboxes to detect issues before failure?,2
How does poor lubrication contribute to the failure of wind turbine gearbox components?,2
Can you provide more information on how an effective anomaly detection model can help identify the most critical components to monitor and the most likely failure modes to detect in wind turbine gearboxes?,2
"How do different sensor technologies, such as vibration, temperature, and acoustic emission sensors, contribute to fault diagnosis in wind turbine gearboxes?",2
What ongoing monitoring and maintenance strategies are necessary to ensure the long-term health of wind turbine gearboxes?,2
"What are the common causes of abnormal vibration, temperature and current patterns in wind turbine gearboxes?",2
How do the failure modes of wind turbine gearboxes differ from those in other industrial machinery?,1
How can multiple on-premises systems be integrated for wind turbine gearbox anomaly detection?,2
Can you explain the relationship between vibration and the development of cracks in gear teeth and bearings?,2
"How can a cohesive, interdisciplinary effort among data scientists, maintenance engineers, and other stakeholders optimize wind turbine gearbox performance and minimize downtime?",2
Can you explain the role of SCADA systems in monitoring the condition of wind turbine gearboxes?,2
What are the best practices for maintaining wind turbine gearboxes to ensure proper lubrication and extend their lifespan?,2
"How can time-series analysis be used to predict failures in wind turbine gearboxes, and what are its advantages and limitations compared to other methods?",2
"How is the historical data typically split into training and testing sets, and what is the usual ratio of the split?",2
How does the amount of historical data available impact the accuracy and reliability of the anomaly detection model for wind turbine gearboxes?,2
How can network latency be minimized to ensure real-time anomaly detection in wind turbine gearboxes?,2
How can the performance of the anomaly detection model be validated and verified for various wind turbine gearboxes and fleet configurations?,2
"How can weather data, such as wind speed and direction, be used to optimize turbine operations and minimize wear and tear on components?",2
How do anomaly models determine the severity of detected anomalies and prioritize maintenance actions?,2
Can you explain how FMEA (Failure Mode and Effects Analysis) is performed using the data from these sensors?,2
"Can you provide examples of potential issues in wind turbine gearboxes that can be detected through condition monitoring, such as bearing damage, misalignment, or lubrication problems?",2
How can the model be validated and verified to ensure its accuracy and reliability in predicting and preventing failures in wind turbine gearboxes?,2
What are the specific challenges in addressing bearing failure in wind turbine gearboxes compared to other industrial equipment?,2
"How is the sensor data collected and transmitted to the system for analysis, and what are the common challenges in this process?",2
How can predictive maintenance contribute to increasing overall efficiency and productivity in the wind energy industry?,2
What are the benefits of using sensor data for predicting failures in wind turbine gearboxes compared to traditional maintenance methods?,2
"Are there any existing techniques or methods for wind turbine gearbox anomaly detection, and how does the proposed model compare to them?",2
How can domain knowledge and expertise be incorporated into the development of a wind turbine gearbox anomaly detection model?,2
"How can lightning strikes cause damage to wind turbine gearboxes, and what measures can be taken to protect them?",2
Can you provide more details on the crucial insights that can be derived from high-frequency data to predict and prevent failures in wind turbine gearboxes?,2
How can wind turbine gearbox sensor data be used to predict and prevent failures in the wind turbine system?,2
How can data availability be ensured to optimize the performance of anomaly detection models in wind turbine gearboxes?,2
Can you explain the impact of gear teeth wear and tear on the overall performance and lifespan of wind turbine gearboxes?,1
"Are there any other types of sensors or data sources that can be used for wind turbine gearbox anomaly detection, and how do they complement the existing sensor setup?",2
Can you explain the impact of wind turbine gearbox failures on other components of the wind turbine system?,2
"Are there any regulatory or industry standards related to the use of sensor data and statistical methods for monitoring and maintaining wind turbine gearboxes, and if so, what are they?",2
What are the recommended actions to prevent or mitigate the effects of high vibration levels in wind turbine gearboxes?,2
What are the best practices for establishing clear data ownership and usage agreements when working with wind turbine gearbox sensor data?,2
What are the current trends and future developments in wind turbine gearbox monitoring and condition-based monitoring systems?,2
How do you plan to build on the learnings from previous attempts in the development of the new anomaly detection model?,2
What are the specific failure modes and degradation mechanisms that the model should be able to interpret and understand?,2
Are there any specific regulatory compliance considerations for deploying an anomaly detection model in wind energy operations?,2
Can you provide examples of specific organizational needs that would drive the selection of one software tool over another for wind turbine gearbox sensor data analysis?,2
How do changes in oil viscosity help in detecting potential issues in the wind turbine gearboxes?,2
What are the specific checks that should be included in a regular preventive maintenance program for wind turbine gearboxes?,2
How can anomalies in sensor data be used to detect potential wind turbine gearbox failures?,2
How can data quality be ensured for accurate failure prediction in wind turbine gearboxes?,2
"How can monitoring vibration, temperature, pressure, and noise levels help in detecting potential wind turbine gearbox failures, and what are the thresholds for each parameter that indicate a potential failure?",2
How are data privacy and security best practices communicated and trained to personnel involved in handling sensor data?,2
How can we ensure the quality of sensor data in wind turbine gearbox maintenance and repair?,2
What specific data sources are most useful for wind turbine gearbox analysis?,2
How frequently should oil analysis be performed to monitor the lubricant's condition in wind turbine gearboxes?,2
"Can you provide more details about the data gathering process, such as what sensors are used and what type of data is collected?",1
How does reduced lubricant viscosity impact the overall efficiency of a wind turbine gearbox?,2
How frequently should performance monitoring be conducted to effectively detect misalignment?,2
"What kind of maintenance protocols would you suggest based on the predictive maintenance strategy, and how can we ensure that they are effective in reducing downtime and improving reliability?",2
"What are the potential consequences of not addressing the challenges in predicting the RUL of wind turbine gearboxes, and how can they impact the overall performance and maintenance of wind turbines?",2
"How can the anomaly detection model be used to predict and prevent failures, and what are the benefits of doing so for the wind energy sector?",2
How do changes in temperature and vibration measurements indicate potential failures in wind turbine gearboxes?,2
How can data analytics and machine learning techniques be used to predict and prevent seal failure in wind turbine gearboxes?,2
"What are the degradation mechanisms that are commonly observed in wind turbine gearboxes, and how can they be quantified using high-frequency data?",2
Can you provide some examples of the types of failures in wind turbine gearboxes that can be predicted and prevented through the monitoring and handling of missing or corrupted data?,2
Can you provide any case studies or examples of wind turbine gearbox failures due to gear teeth wear and tear and how they were prevented or addressed?,2
Can you explain the process of comparing the actual power output of a wind turbine to the expected power output based on wind speed in power curve analysis?,2
How can preventive maintenance measures be implemented to address potential issues identified in the anomaly model for failure modes and effects analysis (FMEA)?,1
How can the data from wind turbine gearbox sensors be used to predict and prevent catastrophic failures?,2
What specific types of wear and tear or damage can be identified by analyzing lubricant samples from wind turbine gearboxes?,2
"Are there any specific environmental factors or corrosive substances that can accelerate gear teeth degradation in wind turbine gearboxes, and how can their impact be minimized?",2
How can we ensure that the data collected is meaningful and relevant to the wind turbine gearbox and its operation?,2
Are there any regulatory or compliance requirements that the anomaly detection model should adhere to?,1
How often should regular inspections and oil analysis be performed on wind turbine gearboxes to ensure their long-term health and reliability?,2
Can you explain in more detail the degradation mechanism of abrasive wear in wind turbine gearboxes and what measures can be taken to prevent it?,2
How can wind turbine operators minimize the cost of preventive maintenance measures while maximizing their effectiveness in preventing gearbox failures?,2
What upgrades to the lubrication system would be most effective in reducing the risk of wind turbine gearbox failure?,2
How can on-site inspections and failure analyses help in developing an effective anomaly detection model for wind turbine gearboxes?,2
What are the most common factors that can negatively impact the Performance component of OEE in wind turbine gearboxes?,2
"How can data analysis techniques, such as machine learning and artificial intelligence, be used to improve the accuracy and efficiency of vibration analysis in wind turbine gearboxes?",2
How does the implementation of data-driven maintenance strategies impact the overall maintenance budget for wind farm operators?,2
Can you provide examples of how failure data has been used to modify designs of wind turbine gearboxes?,2
Can you provide more information on the best practices for maintaining,1
Can you explain the process of selecting the relevant sensors to be installed on the wind turbine gearbox components?,2
What are the challenges or limitations in implementing anomaly models for wind turbine gearbox predictive maintenance?,2
How can regular analysis of sensor data help in detecting and preventing failures before they occur in wind turbine gearboxes?,2
How the data is collected and analyzed for the FMEA process?,2
Are there any specific failure modes for wind turbine gearboxes that the anomaly detection model should prioritize detecting?,1
"What is the expected volume and velocity of the sensor data, and how can the model handle large-scale data processing?",1
"Can you provide more details on the specific AE signal patterns associated with common failure modes in wind turbine gearboxes, such as cracking and pitting?",2
Can you explain the impact of temperature and humidity on the performance and reliability of the wind turbine gearbox components?,2
Can you elaborate on how Area Under Curve (AUC) is used to evaluate the model's ability to distinguish between normal and abnormal operating conditions?,1
What are the specific environmental conditions that should be avoided during wind turbine gearbox storage to prevent corrosion and damage to components?,2
How can the anomaly detection model be scaled up or down depending on the size and complexity of the wind farm or the wind turbine fleet?,2
Can you provide more details on the data minimization strategy and how it helps in protecting sensitive data?,2
"What specific sensor data is most relevant to monitoring wind turbine gearbox health and performance, and how is this data collected and processed?",1
Are there any specific failure modes that have been more prevalent or critical in the wind turbine gearbox?,0
Can power curve analysis help in detecting changes in the performance of wind turbine gearboxes?,2
Can you provide any case studies or examples of wind turbine gearbox seal failure and how it was addressed?,2
How do regular maintenance and inspections support the early identification of issues with wind turbine gearbox components?,2
Are there any specific challenges or limitations in applying advanced signal processing and machine learning techniques to extract useful information from the sensor data in wind turbine gearboxes?,2
How does metallic content in the oil help in detecting damage or wear in the gearbox components?,2
"What are the challenges in implementing a sensor data-driven predictive maintenance approach for wind turbine gearboxes, and how can they be addressed?",2
How can the data scientist collaborate with the subject matter expert to predict and prevent failures in wind turbine gearboxes by understanding the specific degradation mechanisms affecting each component?,2
How does the sensor-based monitoring system collect high-quality data consistently and over a long period of time?,2
What are the best practices for ongoing support and monitoring of predictive maintenance systems for wind turbine gearboxes?,2
What are the key considerations when selecting machine learning algorithms for predictive maintenance of wind turbine gearboxes?,2
Can you provide examples of conditions or issues that can be detected by adhering to the ISO 16230 standard?,2
How is missing value imputation performed to ensure accurate anomaly detection in the presence of missing data?,2
"Can you provide any examples of specific cases where temperature and lubricant degradation have caused significant damage to wind turbine gearboxes, and how were these issues addressed?",2
"Can you explain the significance of using vibration, temperature, acoustic emissions, and oil debris sensors for monitoring the wind turbine gearbox?",2
"How can prioritizing failure modes based on severity, occurrence, and detectability help in developing a maintenance plan for wind turbine gearboxes?",2
"Are there any specific sensors used in wind turbine systems that are more prone to noise or interference, and if so, why?",1
"What are the challenges in implementing predictive maintenance strategies for wind turbine gearboxes, and how can they be addressed?",1
How are the failure codes being used to categorize and track different types of failures in wind turbine gearboxes?,2
How can we validate and verify the performance of these models in real-world scenarios?,2
How can regular inspections and condition monitoring help in early detection of wind turbine gearbox failures?,2
"Are there any limitations or challenges in using vibration analysis for wind turbine gearboxes, and how can they be addressed?",2
"What are the most common types of failures in wind turbine gearboxes, and what can be done to prevent them?",2
How does the use of FEA and CMS impact the maintenance schedule and cost of wind turbine gearboxes?,2
"What steps can be taken to improve the accuracy and sensitivity of the anomaly detection model, and what factors should be considered in this process?",2
Can you provide examples of unusual patterns in sensor data that the anomaly detection model might identify as potential gearbox failures?,1
"What are the most common types of wear and tear that affect wind turbine gearboxes, and how do they impact the performance and lifespan of the turbines?",2
"Can you provide examples of the most common failure modes of wind turbine gearboxes, and what causes them?",2
How can real-time sensor data be used to detect substandard components in wind turbine gearboxes?,2
What measures can be taken to ensure the reliable and sustainable generation of wind energy through predictive maintenance of wind turbine gearboxes?,2
"How does temperature monitoring help in identifying the root cause of the failure, such as increased friction, insufficient lubrication, or excessive load?",2
Have there been any challenges encountered in previous attempts to develop an anomaly model for wind turbine gearbox performance?,1
"How do semi-supervised learning algorithms, such as self-organizing maps and autoencoders, combine the strengths of supervised and unsupervised learning in predicting wind turbine gearbox failures?",2
"Can you explain the role of regular inspections, lubrication, and cleaning in preventing the failure modes of wear, pitting, spalling, and corrosion in wind turbine gearboxes?",2
What are the appropriate metrics to evaluate the performance of the anomaly model for wind turbine gearbox failures?,2
"What are the challenges faced by these organizations in the field of wind turbine gearbox sensor data analysis and anomaly detection, and how do they overcome them?",2
How can vibration analysis be integrated with other predictive maintenance strategies for wind turbines?,2
Can you discuss any specific preventive maintenance strategies that have been successful in preventing wind turbine gearbox failures?,2
"How is the normal operating condition of a wind turbine gearbox defined, and how is it used to detect anomalies?",1
How can wind turbine operators ensure that their maintenance practices are adequate to prevent gearbox failures?,2
How do changes in the gearbox's noise patterns indicate loose components or bearing failures?,2
What is the typical frequency range of vibration and acoustic emissions that can indicate potential gearbox issues?,2
What are the best practices for ensuring data privacy and security when deploying the RUL prediction model in real-world applications?,2
Can you provide any specific examples of how predictive maintenance has helped in reducing downtime and increasing efficiency in wind turbines?,2
What are the specific external contaminants that are commonly found in a wind turbine gearbox due to insufficient sealing?,2
How do you plan to ensure that the new anomaly detection model accurately assesses the detectability and severity of anomalies in wind turbine gearboxes?,2
How does monitoring the lubricant's condition help in detecting potential failures early on?,2
How can domain expertise be effectively leveraged in developing and implementing anomaly detection models for wind turbine gearboxes?,2
"How can regular maintenance activities, such as lubrication and cleaning, extend the lifespan of wind turbine gearbox components?",2
"How often should regular maintenance practices such as lubrication, oil analysis, vibration analysis, temperature monitoring, and visual inspection be performed?",2
"What are the major barriers to implementing a standard set of sensors and data analysis methods, and how can they be overcome?",2
How can predictive maintenance strategies contribute to reducing maintenance costs and improving overall system efficiency for wind energy?,2
"What are the challenges in implementing time series analysis for predicting wind turbine gearbox failures, and how can they be addressed?",2
"How can regular analysis of gearbox oil help in identifying contamination, degradation, or wear particles?",2
Can you explain how oil debris sensors in CMS help in detecting potential failures in wind turbine gearboxes?,2
How can a comprehensive monitoring and analysis program help in reducing downtime and maintenance costs for wind turbine gearboxes?,2
What are the potential consequences of not having a compatible data collection frequency and pattern with various data processing and storage capabilities in wind turbine gearbox monitoring systems?,2
"Are there any other similar standards or methodologies to ISO 14242 that are used in other industries, and how does ISO 14242 compare to them?",2
"Can you explain how dust and particulates cause abrasion and wear in wind turbine gearboxes, and what are the potential failure modes associated with this?",2
How are the normal operating conditions and potential failure indicators validated and updated over time to ensure their accuracy and relevance?,2
"What are the most effective diagnostic techniques for detecting degradation of wind turbine gearbox components, and how do they compare in terms of cost and accuracy?",2
What are the specific data security and privacy regulations that apply to wind turbine gearbox anomaly detection models?,2
Can you provide any case studies or examples of successful implementation of condition monitoring systems in wind turbine gearboxes?,2
"Can you provide more information on the severity of the failure modes in wind turbine gearboxes, and how regular inspections, vibration analysis, and oil analysis can help detect potential failures before they occur?",2
Can you provide examples of real-world wind turbine gearbox failures caused by false positives or false negatives in anomaly detection models?,2
What types of data are typically collected and analyzed for predictive maintenance of wind turbine gearboxes?,2
Are there any domain-specific techniques or approaches that can further improve the RUL prediction performance?,2
What are the consequences of not performing regular inspections and maintenance on wind turbine gearboxes?,2
How can we identify trends in the data after cleaning and analysis?,2
How can data scientists use oil analysis results to monitor the lubrication condition of wind turbine gearboxes and predict potential failures?,2
How can we evaluate and compare the performance of different data fusion and integration techniques for wind turbine gearbox anomaly detection?,2
How can we ensure that the anomaly detection model generalizes well to different types of wind turbines and operating conditions?,2
How can the anomaly detection model help in reducing downtime and maintenance costs for wind turbine gearboxes?,2
Can you provide more details on how bending fatigue occurs in wind turbine gearboxes and what measures can be taken to prevent it?,2
Can you provide more details on the specific data preprocessing techniques that can be used to address wind turbine gearbox data quality issues?,2
What are the common sensor data patterns and failure modes for different wind turbine technologies and vendors?,2
"How can wind turbine gearbox data analysis and predictive maintenance strategies benefit from other operational data, such as weather or energy output data?",2
Can you explain how oil analysis is used to monitor the condition of wind turbine gearboxes and what types of contamination can be detected through this method?,2
How can a comprehensive maintenance program for wind turbine gearboxes be integrated with the overall maintenance program for the entire wind turbine system?,2
How does real-time analysis provided by cloud-based resources improve the detectability of potential issues with wind turbine gearboxes?,2
What are the recommended actions to address leaks or issues with the lubrication system to prevent insufficient lubrication?,2
What are the common failure modes in wind turbine gearboxes and how can they be identified using historical data?,1
"How often should power output data be analyzed to ensure early detection of mechanical wear, lubrication problems, and other faults in wind turbine gearboxes?",2
"How can a decrease in efficiency be quantified in the context of a wind turbine gearbox, and what are the acceptable efficiency ranges for optimal operation?",2
Can you provide examples of specific mechanical issues or gear tooth damage that can be detected through vibration analysis in wind turbine gearboxes?,2
How can the data from the inspections and monitoring be used to predict and prevent future failures in wind turbine gearboxes?,2
How is data collected from the sensors and what data analysis techniques are commonly used?,2
Can you explain how the cost of repairs or replacements of wind turbine gearboxes is impacted by the severity of failure modes?,2
"In what ways do position and displacement sensors, such as encoders or laser sensors, help monitor the relative motion between components, and what issues can be detected through these sensors?",2
Can you explain how the vibration sensors specifically help in detecting potential anomalies in the wind turbine gearbox?,2
What are the consequences of not analyzing wind turbine gearbox sensor data regularly and thoroughly?,2
Can you explain how sensor types and quality can affect the selection of sensor threshold values?,2
What role does blockchain play in the predictive maintenance and failure prevention of wind turbine gearboxes?,2
Can you discuss the importance of regular inspections and maintenance activities in preventing gearbox failures?,2
"How do you ensure that the data collected from sensors is accurate and reliable, and what measures are taken to minimize data errors?",2
How do you measure the effectiveness of the maintenance activities performed on wind turbine gearboxes?,2
How can the data collected from wind turbine gearboxes be used to improve the design of future wind turbines?,2
Can you explain the process of selecting the appropriate lubricant for wind turbine gearboxes and its impact on the component's lifespan?,2
How is the detectability of wind turbine gearbox failures determined and what methods are used for inspections?,2
Can you provide more information on how the function of the gearbox is determined in the FMEA analysis?,2
How does the size of the wind turbine affect the vibration patterns and the analysis process?,2
"How does temperature affect the viscosity of the lubricant used in wind turbine gearboxes, and what are the consequences of this change in viscosity for the gearbox's performance and longevity?",2
"How do the threshold values for temperature, vibration, and noise levels in wind turbine gearboxes compare to those in other industrial machinery?",2
What are the key performance indicators (KPIs) used to measure the effectiveness of predictive maintenance models for wind turbine gearboxes?,2
Can you explain how the data from these sensors is used to improve the overall performance of the wind turbine?,2
"What are the most common causes of wind turbine gearbox failures, and how can these be detected using sensor technologies?",2
"How can regular inspections, vibration analysis, and oil analysis help reduce the need for costly repairs in wind turbine gearboxes?",2
How is the gearbox accessed at the top of the wind turbine tower for inspection?,2
How can we measure the effectiveness of predictive maintenance strategies for wind turbine gearboxes in reducing downtime and minimizing repair costs?,2
How do the failure codes help in determining the effectiveness of the corrective actions taken for wind turbine gearbox failures?,2
What are the potential cost savings from reducing unnecessary maintenance activities through optimized maintenance schedules?,2
How do power factor measurements help in detecting mechanical or electrical faults in a wind turbine gearbox?,2
How will MTTD and MTTF be calculated and used to evaluate the model's ability to predict and prevent catastrophic failures?,2
How can a robust predictive and preventive maintenance program ensure the optimal performance and longevity of wind turbine gearboxes?,2
"How can we ensure that the machine learning models for wind turbine gearbox anomaly detection are transparent, interpretable, and explainable to the relevant stakeholders?",2
Can you provide any specific case studies or examples where the use of accelerometers in wind turbine gearboxes has led to significant cost savings or improved performance?,2
Can you explain how an effective anomaly detection model can help identify early signs of degradation and prevent catastrophic failures in wind turbine gearboxes?,2
How does timely replacement of components contribute to reducing the risk of catastrophic failures in wind turbine gearboxes?,2
"How do the failure modes of wind turbine gearboxes, such as gear tooth damage, bearing failures, and seal failures, compare to those in other mechanical systems?",2
What are the challenges in identifying the underlying causes of wind turbine gearbox failures and preventing similar failures in the future?,2
How can we address the challenge of limited labeled data in wind turbine gearbox failure detection and what impact can it have on the performance of machine learning models?,2
"What are the challenges in implementing hybrid computing architectures for wind turbine gearbox anomaly detection, and how can they be addressed?",2
Are there any specific design or manufacturing defects that can make a wind turbine gearbox more susceptible to these failure modes?,2
"What types of sensors are typically used to monitor the temperature, vibration, and noise levels in wind turbine gearboxes?",2
Are there any specific failure codes defined by IEC or NEMA that are more relevant to wind turbine gearbox failures?,2
"How can the wind farm operators ensure the reliability and robustness of the anomaly detection model over time, and what measures can be taken to prevent false positives and false negatives?",2
How does the choice of normalization technique affect the performance of the anomaly detection model?,2
What are the recommended methods for analyzing oil samples to assess the overall health of the wind turbine gearbox system?,2
Can you explain how vibration analysis is performed on wind turbine gearboxes and what specific failure modes it can detect?,2
How can the model be updated to adapt to the changing condition of the wind turbine gearbox over time?,2
"How are the predictions from these models used to prevent failures and minimize downtime in wind turbines, and what are the specific cost savings and efficiency improvements that can be expected?",2
What specific parameters can be monitored in lubrication analysis to detect early-stage failure in wind turbine gearboxes?,2
What are the potential safety benefits of using anomaly models to predict and prevent wind turbine gearbox failures?,2
"Can machine learning models be used to predict other types of wind turbine failures or degradation, such as blade degradation or generator failure?",2
In what ways can the implementation of these measures contribute to the longevity of wind turbine gearboxes?,2
Can you explain the noise reduction requirements outlined in the certification standards and how they can be addressed in the anomaly detection model?,2
What are the most common failure modes in wind turbine gearboxes and how can they be detected using sensor data?,2
"What are the challenges in handling data availability and representativeness in wind turbine gearbox sensor data, and how can they be addressed during data preprocessing?",2
"How do these sensors and the CMS work together to enable preventive maintenance, reduce downtime, and minimize costs for wind turbine gearboxes?",1
"Can you provide more information on the specific machine learning algorithms that would be suitable for this approach, and what are the criteria for selecting these algorithms?",2
What are the specific types of noise and vibration generated by wind turbine gearboxes that make it challenging to distinguish between normal and abnormal conditions?,2
How can we evaluate and compare the performance of different data imputation and estimation techniques for wind turbine gearbox sensor data?,2
What are the emerging technologies or techniques that can be used to detect and prevent oil leakage in wind turbine gearboxes?,2
How does the sensor data help in reducing downtime and maintenance costs in the long term?,1
What strategies can be employed to ensure that the model scales efficiently for large data volumes and processes data in real-time?,2
How can the system prioritize the importance of low latency and high bandwidth in the design of the wind turbine gearbox anomaly detection system?,2
"Can anomaly models be used to predict potential failures in other components of wind energy systems, such as the blades or the generator?",2
How does thermal imaging assist in identifying issues with wind turbine gearboxes?,2
Can you explain how inadequate lubrication can lead to gear teeth and bearings failure in wind turbine gearboxes?,2
How can vibration analysis be integrated with other predictive maintenance strategies to optimize wind turbine performance and minimize the risk of failures?,2
"How does fatigue failure of the gearbox components manifest in sensor data, and what are the common causes of this type of failure?",2
What is the sampling frequency of the sensor data?,0
"What are the specific symptoms of electrical overloading, voltage fluctuations, and frequency variations in wind turbine gearboxes?",2
Can you provide some examples of different sensors and measurement principles used in multisensor data fusion for wind turbine gearbox anomaly detection?,2
How can wind farm operators ensure that maintenance practices are continuously adjusted based on changing conditions and new data?,2
Can you provide any examples of specific issues in wind turbine gearboxes that can be detected by these sensors?,2
Can you provide more details on the types of design or operational changes that can be implemented to prevent future failures in wind turbine gearboxes?,2
Are there any regulatory or industry standards for integrating sensor data with other data sources for wind turbine gearbox performance analysis?,2
Can you explain how insufficient lubrication and contamination contribute to wind turbine gearbox failures?,1
Can you explain how insufficient lubrication leads to wind turbine gearbox failures?,1
"How can the sensor data be used to detect and diagnose anomalies in the wind turbine gearbox that are caused by external factors, such as weather conditions or operator behavior?",1
How does mapping data to a common schema help in detecting anomalies in the wind turbine gearbox?,2
"What are the most common failure modes in wind turbine gearboxes, and how do anomaly models help detect them?",1
Are there any regulatory requirements or industry standards related to the monitoring and maintenance of wind turbine gearboxes that should be considered when implementing the anomaly detection model?,2
"How can vibration analysis data be integrated with other condition monitoring systems, such as temperature monitoring and oil analysis, to improve the overall failure prediction and prevention strategy for wind turbine gearboxes?",2
How can the longevity and reliability of a wind turbine gearbox be ensured?,2
"How can regular visual inspections be optimized to detect early signs of wind turbine gearbox failure, and what specific techniques or tools should be used during these inspections?",2
"What are the most common components in a wind turbine gearbox that fail and cause significant downtime, high repair costs, and efficiency loss?",1
"What are the common time intervals used for aggregating the data, and what are the pros and cons of each?",2
Are there any new technologies or innovations being developed to address the issue of contamination in wind turbine gearboxes?,2
What are the challenges in implementing condition-based maintenance in wind turbine gearboxes and how can they be addressed?,2
How can the wind energy industry collaborate to address the challenges and advance the research in predictive maintenance for wind turbine gearboxes?,2
What are the most common types of damage caused by wind turbine gearbox housing failure?,2
How do the external factors impact the maintenance schedule and cost of wind turbine gearboxes?,1
Can you elaborate on the best practices that are shared with employees to maintain a culture of data security awareness?,2
How can the data from wind turbine gearbox sensors be used to improve the decision-making process for wind farm operators and owners?,2
Can you provide more details on gear tooth inspection and what types of damage can be detected through this method?,2
How can standardization efforts be implemented and adopted by the wind energy industry to improve failure detection and diagnosis?,2
What are the future developments and trends in the use of current sensors for monitoring the condition of wind turbine gearboxes and detecting abnormalities?,2
How can the industry ensure the development of effective wind turbine gearbox anomaly detection models that meet the needs of various stakeholders?,2
How is the sensor data used to predict future failures or degradation in wind turbine gearboxes?,1
Can you provide examples of catastrophic failures caused by wind turbine gearbox failure modes?,2
"Are there any other safety standards or guidelines that should be considered while developing an anomaly detection model for a wind turbine gearbox, in addition to the ones mentioned?",2
"How does improper installation lead to wind turbine gearbox failures, and what measures can be taken to prevent it?",1
Can you suggest any other best practices or considerations that should be taken into account when building an anomaly detection system for wind turbine gearboxes?,2
What are the most common indicators of wind turbine gearbox failure in vibration analysis and oil analysis?,2
What are the benefits of using predictive maintenance in wind turbine gearboxes compared to reactive maintenance?,2
"How do the different monitoring and analysis techniques, such as time-domain analysis, frequency-domain analysis, and statistical methods, compare in detecting and quantifying noise or interference in wind turbine gearbox sensor data?",2
How does the complexity of the gearbox in offshore wind turbines contribute to its higher failure rate compared to onshore turbines?,2
What are the most important operational conditions that can contribute to wind turbine gearbox failures?,2
"How can inadequate maintenance contribute to the degradation of wind turbine gearboxes, and what specific maintenance practices would you recommend to prevent this?",2
What specific methods or tools can be used to perform vibration analysis on wind turbine gearboxes?,2
Are there any specific performance benchmarks or industry standards for wind turbine gearbox anomaly detection models that we should consider adhering to?,2
"Can you explain how extreme temperatures, high wind speeds, or excessive loads can be identified and addressed before they lead to failure in wind turbine gearboxes?",2
Can you explain how real-time monitoring of wind turbine gearboxes can help in reducing downtime and repair costs?,2
What are the specific risks associated with sensitive data related to wind turbine gearboxes being accessed by unauthorized parties?,2
How does the FMEA incorporate the latest advancements and best practices in wind turbine gearbox design and technology to prevent failure modes and improve reliability?,2
"What are the regulatory and industry standards for monitoring wind turbine gearboxes, and how can the sensor-based monitoring system comply with them?",2
Can you provide any examples of cross-industry collaboration or knowledge sharing related to wind turbine gearbox failure prevention and prediction?,2
"What are the most common failure modes of wind turbine gearboxes, and how can a condition monitoring system help to address these?",2
What are the potential cost savings of using sensor data to optimize wind turbine gearbox maintenance schedules?,2
How does the quality of sensor data impact the accuracy of the anomaly detection model for wind turbine gearboxes?,2
"How can we manage changes to the system, such as equipment upgrades or process changes, and ensure that the models continue to perform accurately?",2
What are the most common failure codes and degradation mechanisms in wind turbine gearboxes?,2
How can regular monitoring and proactive maintenance lead to significant cost savings and improved performance in wind turbine gearboxes?,2
"How is Failure Mode and Effects Analysis (FMEA) conducted for wind turbine gearboxes, and what are its benefits?",2
What methods are used for model validation to ensure the anomaly model's accuracy and reliability?,2
Can you explain the role of lubrication in preventing noise or interference in wind turbine gearboxes?,2
What are the typical maintenance actions taken based on the analysis of the sensor data?,2
How does the operating environment of a wind turbine gearbox affect the sensor data monitoring and anomaly detection?,2
"How does rain or humidity contribute to the contamination of lubricating oil, and what steps can be taken to ensure proper lubrication of the gear teeth?",1
Can you provide any examples of how data-driven maintenance strategies have been integrated with traditional maintenance practices for wind turbine gearboxes?,2
"What maintenance practices can help prevent wind turbine gearbox failures, and how often should they be performed?",2
"What are the most common failure modes observed in wind turbine gearboxes, and what measures can be taken to prevent them?",2
"What are the challenges in integrating sensor-based monitoring systems in existing wind turbine infrastructure, and how can they be addressed?",1
Can you provide more details on how FMEA is used to prevent wind turbine gearbox failures?,2
Are there any specific machine learning algorithms that are commonly used for analyzing preprocessed sensor data from wind turbine gearboxes?,2
What are the minimum necessary periods for retaining sensor data and how is this determined?,2
How does predictive maintenance help to identify potential issues before they escalate in wind turbine gearboxes?,2
How can data scientists help in predicting and preventing wind turbine gearbox failures?,2
"Are there any specific types of wind turbine gearboxes that are more prone to failure modes such as fatigue failure, wear and tear, corrosion, and overload?",2
What specific types of damage or wear should be checked for during a visual inspection of wind turbine gearbox gear teeth?,2
Can you explain the consequences of shaft misalignment in a wind turbine gearbox and how it is corrected?,2
"How is the failure codes, severity, and detectability assessed in the FMEA process for wind turbine gearboxes?",2
What are the limitations of using vibration analysis in detecting early-stage failure in wind turbine gearboxes?,2
What are the specific inspections and tests recommended for early detection of insufficient lubrication and contamination issues in wind turbine gearboxes?,2
How does the IEC 61400-26 standard guide the implementation of condition monitoring and health and usage monitoring systems in wind turbines?,2
"What are the specific types of sensors used for monitoring temperature, and what are their advantages and disadvantages?",2
Can you provide specific examples of the severity levels for each of the five common failure modes in wind turbine gearboxes?,2
What are the common failure modes in wind turbine gearboxes that can be detected through vibration analysis?,2
How does vibration analysis help in detecting misalignment in wind turbine gearboxes?,2
"What are the potential benefits of increasing the reliability and availability of wind turbines, reducing maintenance costs, and improving the economic viability of wind energy through these research efforts?",2
"Can you explain how oil analysis sensors detect contamination, degradation, or wear in the lubricating oil of the gearbox, and what are the acceptable limits for these parameters?",1
What specific vibration analysis techniques are most effective in detecting early signs of wind turbine gearbox failure?,2
How can wind energy system operators ensure the long-term reliability and availability of wind turbine systems through a proactive and preventive approach to gearbox maintenance?,2
What are the common operational data that are analyzed in wind turbine gearbox monitoring systems?,2
What are the specific data points that the wind turbine gearbox sensor measures?,2
How do the regulatory and industry standards for wind turbine gearboxes impact the safe and efficient operation of wind farms?,2
What are the specific inspection and maintenance intervals recommended for wind turbine gearbox components?,2
"Can you provide examples of how detecting changes in temperature, vibration, and noise patterns has helped prevent catastrophic failures and reduce maintenance costs in wind turbine gearboxes?",2
Can you elaborate on the process of identifying relevant features from the collected sensor data?,2
How do anomaly models support predictive maintenance in wind energy systems?,2
Can you provide any examples of how CMS has helped prevent costly failures in wind turbine gearboxes?,2
"What are the common maintenance standards for wind turbine gearboxes, and how can these be incorporated into the anomaly detection model?",2
What specific statistical process control or machine learning techniques are commonly used to analyze power output data in wind turbine gearboxes?,2
Can you provide any case studies or examples of successful wind turbine gearbox performance optimization through the strategies discussed?,2
"What are the most common causes of gear tooth pitting or cracking, and how can they be prevented?",2
Can you provide more details about the common failure modes in wind turbine gearboxes and how they affect the sensor data?,2
How does ESA help in reducing the overall maintenance costs of wind turbines?,2
What are the specific installation practices that can lead to misalignment in wind turbine gearboxes?,2
How can we ensure the compatibility of the data acquisition system with the sensors and other data sources used in the wind turbine gearbox anomaly detection system?,2
How can early detection of failures prevent significant damage and reduce maintenance costs in wind turbines?,1
How do high loads impact the sensor data and the failure modes in wind turbine gearboxes?,1
"What are the potential limitations or assumptions of time series analysis for predicting wind turbine gearbox failures, and how can they be addressed?",2
How can the implementation of an anomaly detection model and cloud-based resources reduce the severity of failures in wind turbine gearboxes?,2
How can inspections be used as an effective condition monitoring strategy for wind turbine gearboxes?,2
Can you explain the process of vibration analysis and how it helps in detecting potential issues in wind turbine gearboxes?,2
"What are the specific cyclic loading patterns that typically cause micro-cracks, deformation, or damage in wind turbine gearbox components?",2
What are the specific factors to consider when evaluating the cost of downtime for wind turbine gearboxes?,2
How can corrective action be taken effectively to prevent major problems in wind turbine gearboxes when potential failures are detected early through regular maintenance and inspection?,2
Can you explain the specific steps involved in using the anomaly model to support the FMEA process for a wind turbine gearbox?,2
Can you provide more details on the specific failure modes of wind turbine gearboxes that require monitoring through sensor data?,2
How is the performance of the data analysis techniques and machine learning algorithms used for wind turbine gearbox anomaly detection evaluated?,2
What are the key performance indicators that can be used to measure the reliability and availability of wind turbine gearboxes?,2
"What are the benefits of scheduling maintenance tasks based on the actual condition of the gearbox, rather than on a time-based maintenance schedule?",2
How does high temperature in a wind turbine gearbox affect the bearings and other components?,2
"How do the degradation mechanisms, such as wear, pitting, spalling, and corrosion, affect the different components of the wind turbine gearbox?",1
What are the best practices for designing a network infrastructure for a wind turbine gearbox anomaly detection system to ensure reliable and secure data transmission?,2
"What are the recommended actions when a potential failure is detected through vibration analysis, and how can the severity of the failure be determined?",2
"What are the typical signs of bending fatigue, axial cracking, and micropitting in wind turbine gearboxes, and how can they be detected?",2
"Can you provide examples of how ARIMA, LSTM, and GRU models have been used in the past for time series sensor data?",2
"What are the primary degradation mechanisms that cause gear tooth pitting, spalling, and bending fatigue in wind turbine gearboxes?",2
"How can condition monitoring be used to detect potential issues before they lead to catastrophic failures, and what are the most common methods used for condition monitoring?",1
"How are accelerometers or velocity sensors used to measure vibration signals in wind turbine gearboxes, and what are the key considerations for selecting the right sensor for the job?",2
How do reliability engineers determine the ability to detect failure modes before they occur?,2
Are there any industry-specific standards that should be prioritized when creating an anomaly detection model for wind turbine gearboxes?,1
"Can you provide examples of degradation mechanisms, such as fatigue, corrosion, or wear, that can be identified and addressed before they lead to failure?",2
What are the potential consequences of not performing regular monitoring and analysis of sensor data on wind turbine gearbox performance and maintenance costs?,2
"Can you explain the difference between spalling, flaking, and pitting in the context of bearing failure?",2
What types of sensors are typically used to collect data for wind turbine gearbox failure analysis?,2
How does the sensor-based monitoring system help prevent failures and ensure the efficient operation of wind turbine gearboxes?,2
What are the most common data quality issues encountered when analyzing wind turbine gearbox data?,2
How do the oil quality sensors differentiate between normal and abnormal changes in the lubricating oil's properties?,2
How does the IEC 61400-25 standard aid in the interoperability of the wind turbine gearbox sensor data?,2
"Can you explain the process of selecting the appropriate sensors for a specific wind turbine gearbox application, taking into account the gearbox design and configuration, as well as the specific requirements of the application?",2
How can understanding the different failure modes associated with each component improve the accuracy and sensitivity of an anomaly detection model for wind turbine gearboxes?,2
What are the specific components in a wind turbine gearbox that are most susceptible to wear and abrasion?,2
Can you provide examples of common failure modes and degradation mechanisms identified through historical data analysis?,2
Can you provide more details on the specific data analysis techniques used in identifying potential failures in wind turbine operations?,2
Can you provide examples of specific maintenance records and operational data that need to be protected as sensitive data in a wind turbine gearbox anomaly detection model?,2
How do the seal materials and design impact the leakage and the performance of the wind turbine gearbox?,2
How can the severity of catastrophic failures in wind turbine gearboxes be assessed?,2
"Can you provide examples of how the anomaly detection model can improve the performance, reliability, and maintenance costs of wind turbine gearboxes?",2
Are there any specific statistical or machine learning techniques that have proven to be effective in anomaly detection for wind turbine gearbox AE data?,2
Can you elaborate on how combining these algorithms with time-based and condition-based maintenance strategies enhances the reliability and availability of wind turbine gearboxes?,2
Can you explain the consequences of wind turbine gearbox failure and the importance of ensuring reliability and longevity of wind turbine gearboxes?,2
Could you provide more details on how the severity and detectability of failure modes vary depending on the specific component and operating conditions in a wind turbine gearbox?,2
How do physics-based models differ from time series analysis and machine learning models in predicting the RUL of wind turbine gearbox components?,2
"Can you provide examples of specific temperature-related anomalies that can indicate gearbox failure modes such as overheating, contamination, fatigue, and lubrication issues?",2
Are there any regional or national variations in wind energy industry guidelines and standards for gearbox monitoring and data collection frequency?,2
"How can the anomaly detection system be integrated with existing maintenance and repair workflows for wind turbine gearboxes, and what are the potential benefits and challenges of such integration?",2
How is power curve analysis used to detect deviations from the expected power curve in a wind turbine gearbox?,1
"How can we ensure that the anomaly detection model is robust and reliable over time, and what measures can be taken to maintain and update the model as new data becomes available?",2
Can you explain how gear mesh misalignment can cause resonance in wind turbine gearboxes?,2
Can you provide any examples of how a holistic approach to sensor threshold values has improved wind turbine gearbox performance and efficiency?,2
Can you provide more details on the feature engineering process and what features are typically extracted from the sensor data?,1
Can you provide more details on how sensor data is encrypted both at rest and in transit?,2
"How does insufficient lubrication, excessive loading, and environmental factors cause degradation and failure in wind turbine gearboxes?",1
"Can you explain the impact of exceeding the threshold values for temperature, vibration, and noise levels on the overall efficiency and lifespan of the wind turbine gearbox?",2
What are the best methods for collecting and preprocessing data from wind turbine gearboxes to optimize the anomaly detection model's performance?,2
What are the challenges in identifying AE signals in wind turbine gearboxes and how can they be addressed?,2
How does the quality of the oil in the wind turbine gearbox affect the performance of the sensors used for monitoring its condition?,2
What are the specific supervised learning methods used in model training to label data as normal or anomalous?,2
How does normalizing sensor data help in identifying anomalies and patterns in wind turbine gearboxes?,2
"How can severity and detectability ratings be assigned to the different anomalies detected in wind turbine gearboxes, and what are the criteria used for these ratings?",2
How does remote monitoring help in reducing downtime and maintenance costs for wind turbines?,2
Can you explain the process of lubricant analysis and how it helps detect potential failures in the gearbox?,2
How can thermal and oxidative degradation of lubricant be minimized in wind turbine gearboxes?,2
"Can you explain the difference between fatigue, surface fatigue, and wear as degradation mechanisms in wind turbine gearboxes?",2
How often should oil analysis be performed to ensure early detection of potential issues in wind turbine gearboxes?,2
Can you provide any examples of catastrophic failures that could have been prevented through regular vibration analysis and maintenance in wind turbine gearboxes?,2
What are the specific types of wear and pitting on gear teeth that the anomaly detection model should identify?,2
How do the monitoring techniques for wind turbine gearboxes compare to other monitoring methods used in wind energy systems?,2
What are the critical preventive maintenance practices that can help prevent wind turbine gearbox failures?,2
How can lack of maintenance lead to the failure of wind turbine gearboxes?,2
What are the specific challenges in implementing a condition monitoring system for wind turbine gearboxes in comparison to other industrial equipment?,2
How can root cause analysis be effectively implemented to prevent future gearbox failures?,2
What are the specific downtime and repair costs that can result from wind turbine gearbox failures?,2
How does insufficient maintenance affect the overall lifespan of wind turbine gearboxes?,2
"How can the sensor data be used to detect and diagnose emerging anomalies in the wind turbine gearbox, and what is the typical response time for these anomalies?",1
How are the maintenance activities prioritized based on the results of power curve analysis?,2
"What are the desired outcomes of implementing an anomaly detection model for wind turbine gearboxes, and how do these outcomes inform the data collection strategy?",2
How do position sensors monitor the position and movement of the gearbox components and what are the potential issues that can be detected using this data?,2
What are the common causes of oil degradation and contamination in wind turbine gearboxes?,2
"What are the ethical considerations when deploying an anomaly detection model in a wind farm, and how do you ensure data privacy and security?",2
How do the performance metrics used in wind turbine gearbox anomaly detection compare to those used in other industrial anomaly detection applications?,2
"What are the challenges associated with implementing a preventive maintenance program for wind turbine gearbox components, and how can they be addressed to ensure its success?",2
What are the challenges in monitoring wind turbine gearbox performance and detecting substandard components in real-time?,2
"Can you explain how machine learning algorithms like ARIMA, SARIMA, and LSTM are used in practice for predicting wind turbine gearbox failures?",2
How can domain-specific knowledge be integrated into the development and selection of anomaly models for wind turbine gearbox sensor data analysis?,2
How is the compatibility and interoperability of wind turbine components ensured through the use of the anomaly detection model?,2
Can you explain the role of lubrication in preventing wind turbine gearbox failures and which types of lubricants are recommended?,2
How often should sensor data be collected and analyzed to ensure early-stage failure or degradation in wind turbine gearboxes is detected in a timely manner?,2
"How can the use of advanced machine learning techniques, such as deep learning, improve the accuracy of the anomaly model?",2
What are the challenges in ensuring data compatibility and integration in wind turbine gearbox monitoring systems?,2
What measures can be taken to ensure transparency in methods when using wind turbine gearbox sensor data?,2
How do the specific design and configuration of the wind turbine gearbox impact the failure modes and effects analysis (FMEA)?,1
"Are there any challenges or limitations in implementing anomaly detection techniques for wind turbine gearboxes, and how can they be addressed?",2
What are the best practices for prioritizing maintenance efforts based on the severity and detectability of each failure mode in wind turbine gearbox components?,2
How do you think the model's performance can be further improved by considering other external factors apart from weather data?,2
Can you provide an example of a situation where mean/median imputation would be more appropriate than interpolation or KNN imputation for handling missing values in wind turbine gearbox sensor data?,2
"Can you provide any case studies or examples of successful predictive maintenance programs in wind turbine gearboxes, and what were the key factors that contributed to their success?",2
How do we ensure that the anomaly detection model is continuously monitored and maintained after deployment?,2
What are the recommended tools and techniques for conducting a thorough visual inspection of a wind turbine gearbox during major maintenance or overhaul activities?,2
How can contamination in a wind turbine gearbox be promptly addressed to prevent major problems?,2
"How can a condition monitoring system be implemented effectively for wind turbine gearboxes, and what specific types of data should be collected and analyzed?",2
Can you provide examples of the types of failure modes that are typically identified in a wind turbine gearbox FMEA?,2
How does poor material selection lead to failure in wind turbine gearbox components?,2
Can you provide any examples of specific failure modes associated with wind turbine gearboxes and their impact on the overall performance of the turbine?,2
"How does the model's performance in identifying and predicting failures impact the maintenance strategy for wind turbine gearboxes, and what are the potential benefits for maintenance teams?",2
How can the data from sensors be used to detect and diagnose specific failure modes in wind turbine gearboxes?,2
Can you explain how spectral profile analysis is used to detect and prevent failures in wind turbine gearboxes?,2
How can data scientists collaborate with subject matter experts to analyze current and power measurements data and identify potential issues with wind turbine gearboxes?,2
"How do changes in viscosity, particle counts, and the presence of specific contaminants indicate potential issues in wind turbine gearboxes?",2
How can data from various sources be integrated to develop a comprehensive predictive model for wind turbine gearbox failures?,2
How do monitoring objectives influence the choice of sensor threshold values in wind turbine gearboxes?,2
"How can the detectability of gearbox failure be improved, and what are the benefits of early detection for reducing maintenance costs and downtime?",1
What are the potential consequences of not addressing the issues detected by accelerometers in wind turbine gearboxes?,2
How do data scientists and subject matter experts work together to interpret the results of sensor data analysis and develop appropriate maintenance strategies?,2
Can you provide more details about the challenges and opportunities associated with integrating historical data analysis with domain knowledge for wind turbine gearbox anomaly detection?,2
"How can historical data be used to optimize maintenance intervals for wind turbine gearboxes, and what factors should be considered in this process?",2
Are there any specific challenges in analyzing sensor data from wind turbine gearboxes compared to other industrial equipment?,2
How do you plan to maintain and update the anomaly detection model over time to ensure its continued effectiveness?,2
"What specific data privacy regulations, such as GDPR, should be considered when working with wind turbine gearbox sensor data?",2
"How can data quality be ensured in wind turbine gearbox predictive maintenance models, and what are the consequences of poor data quality?",2
How do wind turbine gearboxes differ from other industrial gearboxes in terms of lubricating oil monitoring and maintenance?,2
"Can you provide examples of specific trends, patterns, or anomalies that data visualization techniques have helped identify in wind turbine gearbox sensor data?",2
What are the recommended actions to take if insufficient lubrication is detected in wind turbine gearboxes?,2
What are the best practices for proper installation and maintenance to prevent misalignment in wind turbine gearboxes?,2
Can you provide any examples of wind turbine gearbox failures that were detected and prevented using the preprocessing steps and anomaly detection algorithms?,2
What are the key performance indicators that can be used to evaluate the effectiveness of gearbox anomaly models in wind turbines?,2
"What are the potential consequences of not detecting wind turbine gearbox failure at an early stage, and how can predictive maintenance help mitigate these risks?",2
"What are the potential consequences of not detecting and addressing wind turbine gearbox failures early, and how can an effective anomaly detection model help mitigate these risks?",2
"What are the common challenges faced while integrating weather, operational, and sensor data?",2
"Can you provide more details on the common failure codes, such as pitting, spalling, tooth wear, tooth fracture, and bearing failure, and how to identify them?",2
How does misalignment affect wind turbine gearbox performance and what methods can be used to detect and prevent it?,2
How often should the sensor data be monitored and analyzed to ensure early detection of gearbox failures?,2
How can the predictive capabilities of an anomaly detection model be enhanced with a thorough understanding of wind turbine gearboxes and their maintenance practices?,2
What specific components can be identified for mechanical failures through vibration analysis?,2
What are the potential consequences of not maintaining the accuracy and effectiveness of machine learning models used for predictive maintenance in wind turbine gearboxes?,2
Can you provide examples of how following these data formats and standards can prevent failures and provide valuable insights for the maintenance and operation of wind turbines?,2
How can regular monitoring of sensor data help in detecting and preventing gearbox failures caused by high temperatures?,2
What are the most common tools and techniques used for monitoring the condition of wind turbine gearboxes?,2
Can you explain how sensitivity analysis is used to evaluate the impact of input variables on the wind turbine gearbox anomaly detection model's performance?,2
Can harsh environmental conditions affect the performance and reliability of wind turbine gearboxes?,2
How often should the accelerometers be calibrated or checked for accuracy in wind turbine gearboxes?,2
How does the severity of failure modes vary depending on the type of substandard component in wind turbine gearboxes?,2
How do these safety standards impact the development of condition monitoring systems for wind turbine gearboxes?,2
Are there any challenges or limitations in using sensor data for predicting failures in wind turbine gearboxes?,2
How can the anomaly detection model help in predicting and preventing failures in wind turbine gearboxes?,2
How does a good understanding of the system and operating conditions contribute to accurate labeling of data in wind turbine gearbox sensor data?,2
"Could you provide more information on the consequences of gearbox failures, such as downtime and repair costs, and how proactive maintenance strategies can minimize these impacts?",2
Can you provide examples of failure modes that are specific to certain geographical locations or environmental conditions?,2
"How can wind farm operators prioritize maintenance activities for wind turbine gearboxes, and what factors should be considered in this process?",2
How can advanced diagnostic techniques be used to detect failures in wind turbine gearboxes?,2
What are the best practices for storing and handling wind turbine gearbox oil to prevent contamination?,2
What are the consequences of not performing regular lubrication and inspections on wind turbine gearboxes?,2
"What are the limitations of using high-frequency data for wind turbine gearbox anomaly detection, and how can they be addressed?",2
What are the potential consequences of not addressing temperature extremes in wind turbine gearboxes and what are the best practices to prevent catastrophic failure?,2
How can data scientists collaborate with local authorities and industry experts to ensure all relevant regulatory and compliance requirements are met?,1
How can wind farm operators ensure that their maintenance and monitoring program is cost-effective and efficient?,2
How can inadequate lubrication lead to the overall failure of wind turbine gearboxes?,2
"How do temperature fluctuations affect the risk of condensation and water ingress in wind turbine gearboxes, and what are the potential consequences of this water ingress?",2
Can you provide any examples of how RCA and condition monitoring have been used to improve wind turbine gearbox preventive maintenance programs in real-world scenarios?,2
What are the future trends in data analysis for wind turbine gearboxes and how do they contribute to the advancement of wind energy technology?,2
What proactive maintenance actions have been found to be most effective in improving OEE and reducing the risk of equipment failures in wind turbine gearboxes?,2
What are the specific sensors and data acquisition systems used for event-based data collection in wind turbine gearboxes?,2
What are the specific benefits of scalable computational resources offered by cloud-based deployment for a wind turbine gearbox anomaly detection model?,1
Can you provide examples of specific anomalies in wind turbine gearboxes that can be detected using sensor data?,2
What are the most common causes of overheating in wind turbine gearboxes?,2
"Can you give examples of failure codes that are commonly used in the industry, and how can data scientists help in quantifying the severity and likelihood of failures?",2
Are there any industry standards or best practices for ensuring data quality in wind turbine gearbox sensor data?,2
Are there any specific data formats or standards that should be followed during data collection and preprocessing?,1
"What are the potential consequences of wind turbine gearbox failures, and how can they be prevented through preventive maintenance strategies?",2
"How do we determine the most relevant features for the anomaly model in wind turbine gearboxes, and what methods are used for feature engineering?",2
How can wind turbine operators ensure a clean and sustainable source of power through early detection of gearbox failures?,2
How can the detectability of failures in wind turbine gearboxes be improved through anomaly detection?,2
What specific techniques can be used to preprocess and clean sensor data from wind turbine gearboxes in order to minimize the impact of noise and interference?,2
Can you provide any case studies or examples of successful failure detection and prevention programs in wind turbine gearboxes?,2
Can you provide any case studies or examples of successful implementation of condition-based maintenance strategies in wind turbine gearboxes?,2
"How does probabilistic modeling differ from machine learning and fuzzy logic in predicting wind turbine gearbox failures, and what are the advantages and disadvantages of each method?",2
Can you provide examples of specific patterns or trends in sensor data that indicate impending failure modes in wind turbine gearboxes?,2
"Can you provide more details on how impact or shock events, visible as spikes in the vibration signal, can indicate broken teeth or tooth fractures in the wind turbine gearbox?",2
"How often should the wind turbine gearbox be monitored for vibration, temperature, oil analysis, power curve, and noise, and what are the recommended monitoring intervals for each metric?",2
How can the anomaly model be used to support the development of a predictive maintenance strategy for wind turbine gearboxes?,2
What are the best practices for addressing false positives and negatives in the context of wind turbine gearbox failure prediction?,2
How can one ensure that the use of wind turbine gearbox sensor data aligns with the principles of data minimization and purpose limitation?,2
How does the manufacturing process of the wind turbine gearbox contribute to its potential failure?,2
"What are the specific factors that contribute to gear tooth pitting, bearing degradation, and lubricant degradation in wind turbine gearboxes?",2
How is the historical and real-time sensor data being used in the model and what are the plans for future data collection and utilization?,2
What specific sensors are used to collect data for the anomaly detection model and what are the recommended sampling rates for these sensors?,2
How does contamination of the lubricant lead to failure in wind turbine gearboxes?,2
What are the key performance indicators that we should monitor to evaluate the effectiveness of the proactive maintenance strategies?,2
"How can machine learning algorithms be used to improve anomaly detection in wind turbine gearboxes, taking into account the challenges posed by noise and interference in sensor data?",2
Can you provide more details on the specific sensor data that the anomaly detection model should analyze for the wind turbine gearboxes?,2
How can the effectiveness of an anomaly model be evaluated and improved over time?,2
Are there any known issues or limitations with the wind turbine gearboxes that could impact the quality of the data or the performance of the anomaly detection model?,2
What are the best practices for analyzing and interpreting sensor data for wind turbine gearbox maintenance?,2
"What sensors and data sources are most relevant for predictive maintenance of wind turbine gearboxes, and why?",2
How do these more accurate predictions lead to more efficient and cost-effective maintenance strategies?,2
"Can you provide examples of statistical methods, machine learning algorithms, or deep learning models that have been effective in detecting anomalies in wind turbine gearboxes, and what are their strengths and limitations?",2
Can you provide any case studies or examples of successful implementation of machine learning algorithms for predicting wind turbine gearbox failures?,2
"How do current and power measurements help in identifying issues with the wind turbine gearbox, and what are the typical ranges for these measurements under normal operating conditions?",1
How is the severity of wind turbine gearbox failures determined and what factors are considered in this assessment?,2
How can wind farm operators ensure the quality and reliability of the data collected from wind turbine gearboxes?,2
Can you explain how visual inspections and vibration analysis support the detection of signs of wear and damage in wind turbine gearboxes?,2
Can you provide any specific examples of how real-time data analysis and predictive maintenance have improved wind turbine gearbox performance and longevity?,2
How does vibration analysis help in detecting fatigue-related failures in wind turbine gearboxes?,2
Can you provide more information on the relevant sensor data for detecting thermal and mechanical failures in wind turbine gearboxes?,1
What are the specific parameters that are used to define the expected power curve for a wind turbine gearbox?,2
"How do the organizations prioritize and address the severity of gearbox failures in wind turbines, and how does sensor data analysis enable timely maintenance and prevention?",2
How do data quality and availability impact the effectiveness of sensor-based monitoring for wind turbine gearboxes?,1
Are there any specific components or subcomponents of the gearbox that are more susceptible to failure due to environmental factors?,2
"Can the anomaly detection model be used for other types of wind turbine components, or is it specific to gearboxes?",2
How does the contextual data help in understanding the operating conditions of the wind turbine gearbox and how it is used in the anomaly detection model?,2
How can we prioritize communication and collaboration between data scientists and subject matter experts throughout the model development and implementation process?,2
How can the data collected by these sensors be used to determine the severity of the failure mode and the ability to detect it beforehand in wind turbine gearboxes?,2
How do the AWEA guidelines and NREL resources contribute to the analysis of sensor data for wind turbine gearboxes?,2
What are the common business objectives that organizations aim to achieve by implementing an anomaly detection model for wind turbine gearbox predictive maintenance?,2
"What are the key cost drivers in wind turbine gearbox predictive maintenance systems, and how can they be minimized?",2
"What are the most common root causes of poor lubrication in wind turbine gearboxes, and how can they be addressed?",2
"How can operational data, such as changes in speed or load, be used to detect increased stress on the wind turbine gearbox, and what threshold levels should be set to trigger an anomaly detection alert?",2
Can you explain the limitations of vibration analysis in detecting wind turbine gearbox failures and how sensor data can overcome these limitations?,2
How can data from regular maintenance inspections be used to develop a predictive maintenance model for wind turbine gearboxes?,2
How does the anomaly detection model provide early warning of potential failures in wind turbine gearboxes?,1
Can you explain the role of oil quality sensors in detecting potential failures in wind turbine gearboxes?,2
What are the best practices to optimize the reliability and performance of the wind turbine gearbox while complying with all relevant regulations and requirements?,2
What specific sensors are used in condition monitoring to collect data on wind turbine gearboxes?,2
What specific design parameters can be optimized to prevent wear and tear failure mode?,2
How often should preventive maintenance be performed on wind turbine gearboxes and what tasks are involved?,2
What are the specific proactive steps that can be taken to prevent gearbox failure due to thermal degradation?,2
What methods can be used to detect early signs of gear tooth damage in wind turbine gearboxes?,2
How can performance monitoring data be used to predict impending failures in wind turbine gearboxes?,1
"Can you provide more context on the importance of interpretability for performance metrics in wind turbine gearbox anomaly detection models, and how it affects collaboration with domain experts?",2
What are the specific maintenance activities that can be scheduled efficiently to minimize downtime?,2
How do heatmaps help in identifying high-risk areas of the wind turbine gearbox that require maintenance?,2
Are there any regional or jurisdiction-specific requirements that should be considered when developing an anomaly detection model for a wind turbine gearbox?,1
Can you provide examples of noise reduction techniques that can be applied to wind turbine gearbox sensor data?,2
"Can you explain how spalling, wear, abrasion, and adhesion occur in wind turbine gearboxes, and how they can be prevented?",2
How does the interaction between the wind turbine gearbox and other components of the wind turbine system impact overall performance and reliability?,2
Can you explain how the position sensors monitor the position and movement of the gearbox's components?,2
"How is detectability determined in FMEA for wind turbine gearboxes, and what methods are used to detect failures before they occur?",2
Can you provide any case studies or examples of successful anomaly detection in wind turbine fleets of different ages and types?,2
"What are the common causes of temperature changes, such as an increase, in a wind turbine gearbox, and how do they signal decreased lubrication or friction increase due to mechanical issues or gear tooth damage?",2
How do the materials of the gearbox components affect their failure modes and degradation mechanisms?,2
What are the potential consequences of not integrating data from multiple sources in wind turbine gearbox analysis?,2
"Can you explain how vibration analysis is performed on a wind turbine gearbox and what specific indicators are used to detect signs of wear, imbalance, or misalignment?",2
What are the challenges in implementing a comprehensive reliability analysis program for wind turbine gearboxes?,2
How can data from multiple wind turbines be integrated and analyzed to improve anomaly detection in wind turbine gearboxes?,2
"What role does preventive maintenance play in reducing wind turbine gearbox failures, and how can data analysis help in this regard?",2
"How can the model adapt to changing conditions of the gearbox, such as aging, maintenance, repair, and environmental or operational factors?",2
Can you provide any specific examples of how the anomaly detection system has identified potential failures in wind turbine gearboxes and prevented them from occurring?,2
What specific inspection techniques can be used to detect wear and fatigue in wind turbine gearboxes?,2
"What are the most common factors that contribute to wind turbine gearbox failures, and how can they be mitigated through regular inspections and maintenance?",2
"What are the challenges in implementing these data visualization techniques for wind turbine gearbox sensor data, and how can they be addressed?",2
How do heatmaps help in detecting anomalies in the sensor data of wind turbine gearboxes?,2
"How do the preprocessing techniques for wind turbine gearbox sensor data differ from those used for other types of sensor data, and what are the reasons for these differences?",2
"Are there any other factors, besides temperature, vibration, and noise levels, that can indicate early signs of wind turbine gearbox failure?",2
What are the critical components of wind turbine gearboxes that should be the primary focus of monitoring and maintenance efforts?,2
What is the typical failure rate and common failure modes of wind turbine gearboxes?,0
How is the remaining useful life of wind turbine gearbox components estimated using sensor data?,2
"Can you elaborate on the data preprocessing techniques required to handle noisy, missing, and imbalanced data in sensor readings?",2
How can condition monitoring techniques improve the ability to detect bearing failure before it happens?,2
How does the system ensure compliance with relevant regulations and industry standards related to data privacy and security?,2
How does the model incorporate the understanding of the underlying physics and engineering of the wind turbine gearbox system in the FMEA process?,2
Can you provide any case studies or examples of successful implementation of predictive maintenance for wind turbine gearboxes?,2
"What are the potential consequences of not detecting gearbox anomalies in wind turbines, and how can we use the model to prioritize maintenance and reduce downtime?",2
"Can you explain how the location of wind turbines, such as remote or offshore areas, affect the ability to detect and diagnose gearbox failure modes?",2
"Are there any specific data preprocessing techniques, such as feature engineering or outlier detection, that can improve the performance of the anomaly model?",2
"Are there any specific factors, such as wind speed, turbulence, or temperature, that have a significant impact on the normal operating conditions of wind turbine gearbox components?",2
What are the common causes of wind turbine gearbox failures and how do the sensors help in detecting these issues?,2
How is the data collected from the sensors cleaned and preprocessed before analysis?,2
How is the effectiveness of the evaluation process measured and evaluated?,2
Can you explain more about the tooth crack failure mode in wind turbine gearboxes and what sensors are best for detecting this type of failure?,2
Can you provide any additional metrics or factors that should be monitored to ensure the optimal performance of wind turbine gearboxes?,1
Can you explain the data preprocessing techniques used to handle missing values and outliers in sensor data?,2
What are the challenges in selecting appropriate sensors and sensor placement for condition monitoring of wind turbine gearboxes?,2
What are the key challenges in using sensor data to predict and prevent failures in wind turbine gearboxes and how can they be addressed?,1
How do manufacturers ensure the design and manufacturing process of wind turbine gearboxes minimize the risk of gear tooth failure?,2
"How can we ensure the accuracy and reliability of real-time anomaly detection models for wind turbine gearbox monitoring, and what are the best practices for validating and updating these models?",2
"How do operating conditions, such as temperature and humidity, impact the frequency and type of preventive maintenance required for wind turbine gearboxes?",2
What are the safety risks associated with inadequate monitoring and analysis of sensor data for wind turbine gearboxes?,2
How do sensors and other monitoring tools contribute to the detection and prevention of failures in wind turbine gearboxes?,2
Can you provide any real-world examples or case studies of successful anomaly detection in wind turbine gearboxes using AE testing?,2
How effective are current preventive maintenance programs in detecting potential wind turbine gearbox failures before they occur?,2
How often should vibration analysis be performed on wind turbine gearboxes to ensure early detection of potential failures?,2
Can you explain the importance of timely detection and resolution of issues in wind turbine operations?,2
"What are the most common causes of wind turbine gearbox failures, and how can data scientists and subject matter experts work together to prevent them?",2
What are the best practices for implementing regular inspections and condition monitoring systems to ensure the optimal performance of wind turbine gearboxes?,2
"How do temperature sensors, like thermocouples or RTDs, determine problems related to poor lubrication or excessive loading in wind turbine gearboxes?",1
"What are the best practices for monitoring gearbox condition in wind turbines, and how can this information be used to prevent gearbox failures?",2
"What are the key challenges in obtaining labeled data for failures in wind turbine gearboxes, and how can they be addressed?",2
"How can predictive maintenance techniques, such as machine learning algorithms, be applied to wind turbine gearbox data to detect and prevent failures?",2
What types of sensors are typically used to collect data on wind turbine gearboxes and how do they work?,2
How can data on failure codes be used to improve the design and manufacturing processes of wind turbine gearboxes?,2
How can the insights gained from sensor data analysis be communicated to the maintenance teams for effective implementation?,2
Can you provide any specific case studies or examples of wind turbine gearbox failures due to contamination?,2
"How can the domain knowledge of wind turbine operations, maintenance, and failure modes be integrated effectively with data-driven insights to improve the accuracy of the anomaly detection system?",2
Can you explain the specific advantages and disadvantages of using autoencoders for wind turbine gearbox anomaly detection compared to other machine learning algorithms?,2
How can wind turbine gearbox monitoring systems contribute to the overall reliability and performance of wind turbines?,2
What are the specific design and configuration factors of wind turbine gearboxes that data scientists should consider when conducting sensor data analysis and anomaly detection?,2
What are the specific environmental conditions and operating parameters that the predictive models should focus on to capture the variability across different wind farm locations?,2
What specific sensors are used to detect each failure mode in wind turbine gearboxes?,2
What are the specific parameters measured by sensors for vibration analysis and temperature monitoring in wind turbine gearboxes?,2
Can you provide any insights on how the wind energy industry is utilizing anomaly detection techniques for predictive maintenance and reducing downtime?,2
How can a data scientist collaborate with a subject matter expert to develop and implement a condition-based maintenance program for wind turbine gearboxes?,2
What data privacy regulations should be considered when handling sensitive information in the context of wind turbine gearbox anomaly detection?,2
What are the recommended cleaning procedures for wind turbine gearboxes to prevent overheating?,2
Can you explain the role of expert knowledge in interpreting the data from vibration analysis and diagnosing specific failure modes?,2
"How does RMSE compare to other evaluation metrics like precision, recall, and F1 score in assessing the performance of an anomaly detection model?",2
What are the potential environmental changes that can cause data drifts in wind turbine gearbox sensor data?,2
"Can you explain the relationship between the sampling frequency and the ability to detect different types of failures, such as wear and tear versus sudden overload?",2
"How does the organization ensure compliance with GDPR and CCPA, and what are the consequences of non-compliance?",2
Can you provide more details on the complexity of wind turbine gearbox design and how understanding it can help in developing a more effective anomaly detection model?,2
"What are the challenges in integrating data from different sources, such as sensors and weather data, for wind turbine gearbox analysis?",2
How can a comprehensive maintenance plan be developed and implemented to extend the life of the gearbox and reduce maintenance costs?,2
Can you provide more details on how false positive and false negative analysis is conducted for the wind turbine gearbox anomaly detection model?,2
What proactive maintenance measures can be taken once a potential gearbox failure has been detected through sensor data analysis?,2
What are the best practices for ensuring data security and privacy when using high-frequency data for wind turbine gearbox anomaly detection?,2
"What specific sensors are used to monitor the load, temperature, vibration, noise, lubrication, and contamination conditions in a wind turbine gearbox?",2
Are there any new or emerging technologies for detecting and preventing wear in wind turbine gearboxes?,2
How do temperature changes and noise contribute to the degradation of wind turbine gearboxes?,2
What are the benefits and limitations of using infrared thermography for condition monitoring in wind turbines?,2
"Can you provide any case studies or examples of successful implementation of machine learning or deep learning models for wind turbine gearbox anomaly detection, and what insights or lessons can be drawn from these examples?",2
Can you provide examples of existing hybrid models for wind turbine gearbox maintenance and their advantages over traditional models?,2
How can misalignment and improper leveling during installation lead to premature failure of wind turbine gearboxes?,2
Can you discuss any challenges or limitations in using sensor data for anomaly detection in wind turbine gearboxes?,2
Can you explain how statistical process control (SPC) charts are used to identify potential gearbox failures?,2
What are the recommended actions to be taken when an increase in temperature is detected by the sensors?,2
"How do wind turbine gearbox lubricating oil properties differ from other industrial equipment lubricating oils, in terms of particle count, viscosity, and additive concentration limits?",2
Can you provide examples of how field data analysis has been used to refine the understanding of normal operating conditions for wind turbine gearbox components?,2
How can we prioritize and address any issues related to data quality and availability promptly to prevent failures and ensure the optimal performance of wind turbine gearboxes?,2
What strategies can be employed to ensure that the chosen performance metric is relevant and effective for predicting and preventing failures in wind turbine gearboxes?,2
What are the most common failure modes in wind turbine gearboxes that can be detected through predictive maintenance models?,2
"How do extreme temperatures, humidity, and dust affect the quality of sensor data from wind turbine gearboxes?",2
How can domain expertise help in ensuring the model's relevance and effectiveness in the industry?,2
"Can you provide more details on how fatigue, corrosion, and erosion can cause failure codes F001, F002, and F003 in wind turbine gearboxes?",2
How often should calibration and maintenance be performed to minimize the impact of calibration issues on sensor data?,2
"What are the specific symptoms or indicators of pitting, micropitting, and wear on gear teeth in wind turbine gearboxes that sensor data can help detect?",2
"How can leakage be detected in wind turbine gearboxes, and what are the consequences of ignoring it?",2
"How does the model determine the threshold for identifying false negatives and false positives, and what are the implications of adjusting this threshold?",2
How do these software tools enable early detection of anomalies and support predictive maintenance strategies in wind turbine gearboxes?,2
"What are the challenges in applying vibration analysis to wind turbine gearboxes, and how can they be overcome?",2
How does monitoring power output in real-time and comparing it to historical data assist in identifying trends and abnormalities in wind turbine gearboxes?,2
Can you provide more details on how the anomaly detection model can predict and prevent failures before they occur?,2
How does the model validation process evaluate the model's ability to detect anomalies in real-time sensor data?,2
Can you explain the impact of high loads and temperature fluctuations on wind turbine gearbox failures?,2
"Can you explain the failure modes of gears, bearings, shafts, and housing in wind turbine gearboxes?",2
"What are the most common causes of wind turbine gearbox failures, and how can they be prevented?",2
Is there a team or individual responsible for maintaining and updating the anomaly model after deployment?,0
What are the best practices for monitoring sensor data and identifying patterns and trends in wind turbine gearboxes?,2
Can you explain the relationship between the size and type of wind turbine and the likelihood of gear tooth failure?,2
"How does regular oil analysis help in identifying and addressing issues related to fatigue, wear, contamination, over-utilization, oxidation, and inadequate additives in wind turbine gearboxes?",2
What are the challenges in implementing sensor-based monitoring systems and how can they be addressed?,2
"Are there any specific certification requirements for wind turbines in different regions, and how can these be addressed when developing an anomaly detection model?",2
What are the specific types of encoders used in wind turbine gearboxes and what are their advantages?,2
What measures are taken to minimize false positives and false negatives in the anomaly detection model?,2
What specific types of damage or wear in wind turbine gearboxes can be detected using vibration sensors?,2
"How can the use of data mining techniques, such as clustering and association rule mining, be used to detect and diagnose wind turbine gearbox anomalies?",2
How do statistical methods and machine learning algorithms compare to deep learning algorithms in detecting anomalies in wind turbine gearboxes?,2
Can you explain how wavelet transforms and empirical mode decomposition are being used in the signal processing and machine learning techniques for this application?,2
"How does insufficient lubrication contribute to wind turbine gearbox failures, and how can it be detected through monitoring?",2
What are the best practices for maintaining wind turbine gearboxes and preventing common failure modes?,2
How does the system mitigate degradation mechanisms through penetration testing and other security measures?,2
"How can the severity of GSWS failure mode be quantified, and what are the acceptable limits for this severity level in wind turbine gearboxes?",2
What are the continuous monitoring techniques used to detect potential failures before they occur in wind turbine gearboxes?,2
How does the use of sensor data in scheduling maintenance activities impact the safety of wind turbine operations?,2
How does high humidity lead to corrosion and reduced lifespan of wind turbine gearbox components?,1
"Can you discuss any specific cases where a low severity failure mode had a significant impact due to its high likelihood and low detectability, and how this was addressed?",2
How does the specific design and age of a wind turbine gearbox affect the recommended maintenance schedule for oil analysis?,2
How can wind farm operators ensure that their maintenance programs are robust and effective in preventing contamination-related failures?,2
Can you explain how oil analysis is used to identify degradation or damage in wind turbine gearbox components?,2
How is the data from these sensors used to perform failure modes and effects analysis (FMEA)?,2
"How is regular data cleaning and preprocessing performed, and what tools or software are commonly used for this task?",2
What role do condition monitoring technologies play in detecting and preventing wind turbine gearbox failures?,2
How can event-based data collection help in reducing the downtime and improving the performance of the wind turbines?,2
"How can load monitoring help in detecting potential issues in the wind turbine gearbox, and what are the normal load range limits for a wind turbine gearbox?",2
"What specific sensors are used to monitor the temperature, vibration levels, oil condition, load levels, and noise levels of a wind turbine gearbox?",1
"What are the common challenges and limitations in monitoring wind turbine gearbox temperature, and how can we overcome them?",2
What are the potential consequences of not following these best practices in building an anomaly detection system for wind turbine gearboxes?,2
How do the wind turbine gearbox standards and guidelines help in reducing the downtime and maintenance costs of wind turbines?,2
Can you provide examples of root causes that have been identified through RCA and the corresponding corrective actions taken?,2
Are there any specific monitoring techniques or tools that are commonly used to detect electrical and power-related issues in wind turbine gearboxes?,2
Can you provide more details on the machine learning algorithms used for predicting failures and identifying the root cause of issues?,2
Can you provide examples of common failure modes and degradation mechanisms in wind turbine gearboxes?,2
"How do contaminants enter the wind turbine gearbox, and what types of contaminants are most common?",2
"How does the wind turbine gearbox anomaly detection model's accuracy, robustness, and generalizability get assessed using these methods?",2
Can you discuss the trade-offs between using data imputation techniques versus robust statistical methods in the context of FMEA for wind turbine gearboxes?,2
"How can data-driven approaches, such as machine learning algorithms, be used to predict and prevent wind turbine gearbox failures?",2
How can data be collected and analyzed to monitor the condition of wind turbine gearboxes and detect potential issues?,2
"What are the key evaluation metrics that should be used to assess the performance of the anomaly detection model, and how do they relate to the unique needs and constraints of the wind energy sector?",2
How do the failure codes account for differences in the impact of failures based on their location in the wind turbine gearbox?,2
What are the key factors affecting the overall availability and productivity of wind turbine systems concerning gearbox performance?,2
"What are the regulatory or industry standards for monitoring and maintaining wind turbine gearboxes, and how can the new model comply with them?",2
"What are the challenges in implementing machine learning-based predictive maintenance for wind turbine gearboxes, and how can they be addressed?",2
"What are the desired outcomes of the anomaly model, and how do they align with the overall goals of the wind turbine maintenance team?",2
What are the specific regulations and industry standards that the anomaly detection model for the wind turbine gearbox must comply with?,2
Can you explain the specific data preprocessing techniques used to clean and prepare the sensor data for the anomaly model?,2
What are the most common failure modes observed in wind turbine gearboxes and how can they be addressed through design improvements?,2
How can the efficiency of wind turbine gearboxes be maintained despite the degradation mechanisms caused by high loads?,2
"Can you provide more details on the main components of wind turbine gearboxes (gears, bearings, and seals) and discuss their specific degradation mechanisms and failure modes?",2
"What are the key degradation mechanisms that are most challenging to detect using sensor data, and what alternative methods can be used for detection?",2
"Can you provide more details on the design and installation requirements for wind turbine gearboxes as per the ISO 16092 standard, and how can they be incorporated into the anomaly detection model?",2
Are there any industry standards or guidelines for implementing sensor-based monitoring systems for wind turbine gearbox degradation?,2
How can anomaly models help optimize maintenance schedules for wind turbine gearboxes in different environmental conditions?,2
"What are the benefits of using the risk priority number (RPN) in the ISO 14242 standard, as compared to other methods of assessing the criticality of failure modes?",2
How does addressing missing or corrupted data during the preprocessing stage contribute to the overall performance of the wind turbine gearbox?,2
How does the severity rating help in ensuring the wind turbine system's optimal performance?,2
How do these methods contribute to the overall efficiency and reliability of wind energy generation?,2
"What are the challenges in selecting relevant features from sensor data to detect and predict wind turbine gearbox degradation, and how can we address them?",2
How does the cost of gearbox failures in wind turbines compare to the cost of implementing on-premises deployment for data protection?,2
How do changes in temperature and humidity affect power output in wind turbine gearboxes?,2
Can you explain how insufficient lubrication and contamination of lubricant can lead to wind turbine gearbox failure?,2
How do temperature and load affect the lifespan of wind turbine gearboxes and their susceptibility to insufficient lubrication and contamination?,2
What specific KPIs should be monitored to ensure the optimal performance of wind turbine gearboxes?,2
What are the potential consequences of not detecting and preventing wind turbine gearbox failures?,2
What are the benefits of using sensor data for optimizing maintenance and inspection practices compared to traditional time-based maintenance methods?,2
How does regular monitoring and analysis of power curve data help ensure the long-term reliability and efficiency of wind turbine gearboxes?,2
How can the implementation of an anomaly detection model and cloud-based resources improve the performance of wind turbines?,2
Can you provide examples of specific anomalies or patterns in the sensor data that may indicate potential gearbox failures?,2
How do wind turbine gearbox sensors data be used for optimizing wind turbine performance and efficiency?,2
"Can you provide any examples of wind turbine gearbox failures that have occurred in the past, and how they could have been predicted and prevented using a predictive maintenance strategy?",2
"Are there any challenges in integrating wind turbine gearbox monitoring systems with other monitoring systems, and how can they be addressed?",2
"How does a condition monitoring program optimize maintenance activities, and how does it differ from time-based maintenance schedules?",2
What are the specific threshold values for each sensor to detect potential issues in the wind turbine gearbox?,2
"How can the model provide real-time alerts or notifications for detected anomalies, and what are the preferred communication channels?",1
How can wind farm operators ensure regulatory compliance while implementing an anomaly detection model for wind turbine gearboxes?,2
How does the anomaly detection model distinguish between normal wear and abnormal wear in wind turbine gearboxes?,2
Can you provide examples of specific cost savings and efficiency improvements that have been achieved through the use of anomaly models in wind turbine gearboxes?,2
How does contamination affect the failure modes of wind turbine gearboxes?,1
What are the challenges in selecting the optimal locations for sensor placement and how can they be addressed?,2
How is vibration analysis used to detect housing cracking in wind turbine gearboxes and what are its limitations?,2
"How can the sensor data be used to optimize the maintenance and replacement schedules for wind turbine gearbox components, and what benefits can be expected from this optimization?",2
What is the role of consulting with the Original Equipment Manufacturer (OEM) or a qualified wind turbine maintenance provider in developing a preventive maintenance plan for wind turbine gearboxes?,2
"How do anomaly models help in proactive maintenance, and what are the potential benefits of this approach for wind farm operators?",2
"How does the variation in environmental conditions, as measured by weather sensors, impact the severity and detectability of failures in wind turbine gearboxes?",2
What are the specific temperature ranges that can cause thermal degradation of the lubricant in wind turbine gearboxes?,2
How does lightning strikes pose a risk of damage to the wind turbine gearbox?,2
"What are the potential sources of electromagnetic interference for wind turbine gearboxes, and how can they be mitigated to ensure accurate sensor data?",2
Can you provide examples of some common gearbox faults in wind turbines and the diagnostic techniques used to detect them?,2
Can you provide more details on the impact of insufficient lubrication on wind turbine gearbox performance and failure rates?,1
How does the use of a sensor-based anomaly detection system impact the overall cost of ownership and return on investment for wind turbines?,2
"Are there any specific tools, libraries, or frameworks that have been used in the past for wind turbine gearbox anomaly model development?",1
"How do you measure the overall equipment effectiveness (OEE) for a wind turbine gearbox, and what is the target OEE for a wind turbine gearbox?",2
What methods are used to predict wind turbine gearbox failures and what data is required for accurate prediction?,2
How can regular maintenance and inspections reduce downtime and repair costs in wind turbine gearboxes?,2
What are the best practices for monitoring wind turbine gearbox performance and preventing failures?,2
How can the findings from the analysis of historical data be used to develop effective preventive maintenance strategies?,2
Can you provide more information about the specific sensors and monitoring systems used to detect and prevent wind turbine gearbox failures?,2
"Are there any specific tools or techniques that are commonly used for analyzing sensor data to detect changes in temperature, vibration, and noise patterns?",2
What are the best practices for regular and comprehensive data collection for wind turbine gearbox performance analysis?,2
What are the challenges in early detection of potential anomalies in wind turbine gearboxes and how can they be addressed?,2
How can the anomaly detection model help ensure compatibility and interoperability with other wind turbine components?,1
How do the availability and quality of data impact the selection of machine learning techniques for predicting wind turbine gearbox failures?,2
"Are there any specific industry guidelines or standards for preparing wind turbine gearbox sensor data for anomaly detection models, and how can we incorporate them into our data preparation process?",2
How does temperature affect the performance of a wind turbine gearbox and what temperature ranges are considered safe?,2
"How often should preventive maintenance, vibration analysis, and oil analysis be performed on wind turbine gearboxes to ensure early detection of potential failures?",2
"How do the selection of sensor type, placement, and preprocessing techniques impact the performance of the anomaly detection model for wind turbine gearboxes?",2
Can you provide any case studies or examples of wind turbine gearbox failures caused by environmental factors and how they were addressed?,2
Can you provide more insights into the future developments and research directions in the application of anomaly models for predicting the RUL of wind turbine gearbox components?,2
Can you provide more details on how to conduct regular FMEAs (Failure Mode and Effects Analysis) for wind turbine gearboxes?,2
How can machine learning models be adapted to account for the noisy and variable nature of sensor data in wind turbine gearboxes?,2
How can the proposed anomaly detection model be integrated with the existing monitoring and maintenance systems in a wind farm?,2
How is the evaluation process adapted to different gearbox designs and operating conditions?,2
Can you explain how interpolation can be used for imputing missing or corrupted data in the context of wind turbine gearbox sensor data?,2
How do physical processes play a role in wind turbine gearbox degradation and how can this knowledge be used to improve anomaly detection?,2
Can you provide more details on the degradation mechanisms that can affect the wind turbine gearbox and how to detect them?,2
Can you provide examples of specific wind turbine gearbox failures that have been predicted and prevented using sensor data analysis?,2
How can historical data be used to account for environmental factors in the anomaly detection model?,2
What are the safety measures that should be taken while monitoring the wind turbine gearbox using these sensors?,2
"What are the specific design considerations for wind turbine gearboxes in larger and higher capacity turbines to ensure they can handle increased loads, stresses, and rotational speeds?",2
"Can you provide more details about the deployment and monitoring of the predictive models in wind farms, including the integration with existing systems and processes?",2
What are the common sources of contamination that can lead to insufficient lubrication in wind turbine gearboxes?,2
What are the best practices for maintaining the lubrication system in wind turbine gearboxes?,2
Are there any specific data preprocessing or cleaning steps that need to be applied to the sensor data before using it for anomaly detection?,1
How can data scientists use the information from regular monitoring of the gearbox to predict and prevent failures?,2
What environmental factors have the most significant impact on wind turbine gearbox performance and failure rates?,1
Can you provide more information on the degradation mechanisms for wind turbine gearbox failures and how they can be addressed?,2
How does the degradation and failure of wind turbine gearboxes due to gear tooth pitting and spalling impact the overall efficiency and performance of wind energy conversion systems?,2
"How do the degradation mechanisms of fatigue, wear, corrosion, and erosion contribute to the different failure modes in wind turbine gearboxes?",2
What are the consequences of not addressing changes in power output in wind turbine gearboxes?,2
"How do nearby heat sources affect temperature sensors in wind turbine systems, and what measures can be taken to minimize their impact?",2
Are there any specific sensor data analysis tools or software that are commonly used in the industry?,1
"Can you provide more details on how the lubricating oil's condition is monitored through sensor data, and what specific parameters are used to determine the overall health of the system?",2
How does the predictive maintenance process contribute to extending the lifespan of wind turbine gearboxes?,2
What are the challenges in implementing a sensor-based predictive maintenance program for wind turbine gearboxes?,2
How do the complexity and availability of data impact the selection of anomaly detection techniques for wind turbine gearboxes?,2
Can you explain the process of regular audits and how they contribute to maintaining the security of the system?,2
Are there any ethical or privacy considerations that need to be taken into account when working with wind turbine gearbox sensor data?,1
"Can anomaly detection models identify specific supply chain problems, such as faulty components or sub-optimal operating conditions?",2
How do these advancements compare to traditional methods in terms of cost-effectiveness and reliability?,2
"How do the failure codes of tooth wear, tooth pitting, and tooth fracture differ in their impact on the wind turbine's operation?",2
"What are the potential consequences of not implementing an effective condition monitoring system for wind turbine gearboxes, and how can they be avoided?",2
What are the specific sensor types and locations recommended to optimize wind turbine gearbox failure detection and diagnosis?,2
"What are the safety considerations and protocols for addressing overheating in wind turbine gearboxes, and how can data be used to ensure they are being followed?",2
How is the specific failure mode information used in developing the anomaly detection model for wind turbine gearboxes?,1
How is the sensor data collected and transmitted for analysis?,2
"How do proactive maintenance strategies, such as condition monitoring and predictive maintenance, contribute to the reliable and efficient operation of wind energy systems?",2
Can you explain the process of implementing a condition monitoring program for wind turbine gearboxes?,2
Can you explain the role of environmental factors in wind turbine gearbox failures and how they can be accounted for in anomaly detection models?,2
What are the specific risks associated with wind turbine gearbox failure and how can they be mitigated?,2
"How can wind farm operators measure the effectiveness of their preventive maintenance programs, and what metrics should they use to track their success?",2
"What are the specific factors that contribute to the unique failure modes of wind turbine gearboxes, as compared to other industrial machinery?",2
Are there any specific design considerations for wind turbine gearboxes in onshore and offshore installations to address the unique challenges they face?,2
Can you provide examples of specific failure modes and degradation mechanisms that were successfully addressed in previous attempts?,2
What are the key performance indicators (KPIs) that are used to define the normal operating condition of a wind turbine gearbox?,2
"What are the challenges in implementing a comprehensive monitoring system using multiple sensor technologies for wind turbine gearboxes, and how can these be addressed?",2
What are the regulatory requirements and standards for sensor use and maintenance in wind turbine gearboxes?,2
How often should oil analysis be performed to ensure early detection of bearing damage?,2
How does the organization ensure the confidentiality of proprietary algorithms used in the wind turbine gearbox anomaly detection model?,2
How does the maintenance history of a wind turbine gearbox impact the severity assessment of a failure?,2
How can we integrate the anomaly detection model into the existing wind turbine monitoring and control systems?,2
How can the risk of housing failure be minimized during the installation process?,2
What are the potential consequences of not implementing a comprehensive preventive maintenance program in wind turbine gearboxes?,2
"What are the most common signs of insufficient design margins in wind turbine gearboxes, and how can they be addressed?",2
What were the most common failure modes and degradation mechanisms identified in the previous attempts to develop an anomaly detection model for wind turbine gearboxes?,2
What are the most common types of material defects that can lead to wind turbine gearbox failures?,2
What are the potential consequences of not meeting the necessary KPIs for the anomaly detection model in wind turbine gearbox systems?,2
"What are the specific consequences of wear and abrasion, corrosion, overheating, and fatigue failure caused by insufficient lubrication in wind turbine gearboxes?",2
"How does the ISO 14242 standard define and classify the different types of failure modes in wind turbine gearboxes, such as safe or hazardous, and local, regional, or global in nature?",2
What are the best practices for maintaining lubrication levels and quality in a wind turbine gearbox?,2
How often should the data from the sensors be collected and analyzed for effective condition monitoring?,2
Can you provide examples of specific statistical or machine learning models that have been effective in identifying wind turbine gearbox failure modes?,2
What are the most critical sensors in a wind turbine that provide data for the gearbox anomaly detection model?,2
"Can you provide guidance on the validation, testing, and monitoring of wind turbine gearbox anomaly detection models in IoT/OT systems?",2
"Can wind speed and direction have an impact on the wind turbine gearbox, and if so, what sensors can be used to measure these factors?",2
How can the use of preventive maintenance practices reduce the risk of failures caused by environmental factors in wind turbine gearboxes?,2
What are the legal and financial consequences of non-compliance with regulations for wind energy systems?,2
Are there any specific coating types or techniques that have been found to be particularly effective in preventing corrosion in wind turbine gearboxes?,2
"Can you describe the normal operating conditions of the wind turbine gearbox, including typical loads, temperatures, and vibrations?",2
How does the FMEA analysis account for multiple failures in the wind turbine system?,2
How do wind turbine operators and maintenance personnel interpret and act upon position sensor data to optimize gearbox performance and prevent failures?,2
"What are the most common degradation mechanisms in wind turbine gearboxes, and how can the model accurately detect them?",2
How can a proactive maintenance approach be effectively implemented based on the insights provided by the anomaly detection model?,2
How can the performance of the anomaly model for wind turbine gearbox sensor data be evaluated and validated?,2
How does implementing these strategies impact the overall maintenance and operation costs of wind farms?,2
How can costly downtime and catastrophic failures be prevented by implementing an effective anomaly detection system for wind turbine gearboxes?,2
"How do you calculate the performance metrics for the wind turbine gearbox anomaly detection model, and what are the most critical metrics to consider?",2
How can the data from wind turbine gearbox sensors be used to improve maintenance strategies and predict potential failures?,2
How can wind turbine operators ensure the reliability and robustness of their data analytics tools and techniques?,2
Can you explain how the size of a wind turbine gearbox might influence the choice of data collection frequency?,2
"How can operating conditions, such as temperature and humidity, impact the performance of wind turbine gearboxes?",2
What are the potential consequences of not addressing the degradation mechanisms in wind turbine gearboxes?,2
How can manufacturers balance the need for compliance with these regulations and the desire to reduce costs and time-to-market for wind turbine gearboxes?,2
What are the specific signal processing techniques that can be used to address sensor data noise or interference in wind turbine gearbox systems?,2
What are the data-driven decision-making processes that are used to optimize the operation of the gearbox?,2
"What are the most common indicators of gear tooth damage in wind turbine gearboxes, and how does vibration analysis help detect them?",2
Can you provide examples of data integration platforms that are suitable for wind turbine gearbox analysis?,2
How does a preventive maintenance program help improve the ability to detect failure modes before they happen in wind turbine gearboxes?,2
Can you provide more details on the different types of failures that can occur in wind turbine operations?,2
"Can you explain the process of conducting a failure modes and effects analysis (FMEA) for wind turbine gearboxes, and what are its benefits?",2
How can predictive maintenance reduce downtime and maintenance costs while improving the overall efficiency of the wind turbine system?,2
How can the IEC 61400-4 standard help in predicting and preventing wind turbine gearbox failures?,2
How is data collected from these condition monitoring techniques analyzed to build an anomaly model for predicting and detecting potential failures?,2
What specific sensors are used to monitor the KPIs of a wind turbine gearbox?,1
What are the challenges in integrating and analyzing data from multiple sensors for gearbox anomaly detection?,2
How can the certification requirements be used to predict and prevent failures in wind turbine gearboxes?,2
What are the potential consequences of not implementing predictive maintenance in wind energy systems?,2
"Can you explain in more detail the specific failure modes of wind turbine gearboxes, such as wear, fatigue, corrosion, and contamination, and how each of these can be monitored through sensor placement?",2
How is data collected during the inspection used to identify potential failure modes and assess the severity of the damage?,2
How is the data labeled as normal or abnormal in the training set for the anomaly detection model?,2
How does insufficient lubrication cause housing cracking and what are the consequences of it?,2
How can machine learning algorithms help predict and prevent failures in wind turbine gearboxes due to environmental factors?,2
Can you provide any specific examples of how early detection of gearbox anomalies has prevented catastrophic failures in wind turbines?,2
"Are there any other types of sensors or measurement techniques used to monitor wind turbine gearbox degradation besides vibration, temperature, and oil quality sensors?",2
How can wind farm operators benefit from improved reliability and availability of their turbines through this approach?,2
Can you explain how the data from these sensors is used to improve the maintenance of the wind turbine gearbox?,2
Can you give examples of common failure modes in the wind turbine gearbox and how they can be detected using sensor data?,2
How can regular lubrication and vibration analysis help in detecting potential failures in wind turbine gearboxes?,2
How do the sensors used in wind turbine gearboxes compare to those used in other industrial equipment?,1
How can regular inspections and preventive maintenance help detect and prevent wind turbine gearbox failures?,2
"How can we ensure that the model is not biased towards detecting anomalies in specific gearbox types or sizes, affecting its generalization capabilities?",2
How can wind farm operators balance the cost of preventive maintenance with the potential benefits of reduced downtime and extended asset life?,2
"How can the non-stationary behavior, sensor drift, and limited sensor access be addressed to distinguish between normal and abnormal signals in wind turbine gearbox sensor data?",2
How do you ensure the accuracy and reliability of the anomaly detection models developed using these data visualization techniques?,2
"Are there any constraints or limitations that should be considered in the development of the anomaly model, such as computational resources or data privacy concerns?",0
What are the benefits and limitations of using redundant sensors in wind turbine gearboxes?,2
How can the organization minimize downtime and reduce maintenance costs in wind turbine systems using FMEA and condition-based monitoring?,2
Can you explain the impact of high temperatures on the viscosity of the lubricant used in wind turbine gearboxes?,2
Can you provide any case studies or examples of catastrophic gearbox failures in wind turbines caused by fatigue-related failures?,2
What skills and expertise are necessary for a team to effectively analyze and interpret sensor data from wind turbines?,2
What are the common causes of increased operating temperature in wind turbine gearboxes?,2
Can you provide examples of potential failure modes and their causes in wind turbine gearboxes?,2
How does the data from these sensors help in detecting the early signs of gearbox failure?,2
How do you interpret the data from oil analysis sensors in wind turbine gearboxes to make decisions about maintenance?,2
How can data-driven decision making be integrated with anomaly detection models to improve wind turbine maintenance and operations?,2
Can you explain the impact of missing values in sensor data on the anomaly detection model's performance?,2
How can real-time sensor data analysis improve safety in wind turbine gearboxes?,2
How does the quality of sensor data impact the accuracy of the machine learning algorithm in detecting potential failures?,2
Are there any specific data transformation or normalization techniques that are required for the sensor data to be used in the anomaly model?,1
How can machine learning algorithms be applied to the integrated data analysis to predict and prevent failures in wind turbines?,2
How does the continuous monitoring of wind turbine gearboxes by a CMS help in identifying early signs of abnormalities or changes in the system?,2
Can you elaborate on the best practices for data analysis methods to improve failure detection and reduce false alarms?,2
What are the specific failure modes that can be detected through sensor data analysis?,2
"Are there any other types of sensors, besides vibration and temperature, that can be used to detect early-stage failure in wind turbine gearboxes?",2
How can data normalization and transformation help improve the accuracy of an anomaly detection model for wind turbine gearbox sensor data?,2
What are the consequences of not addressing missing or corrupted data in wind turbine gearbox data?,2
Can you provide any examples of how AE analysis has been used to detect and prevent catastrophic failures in wind turbine gearboxes?,2
Can you explain the significance of each sensor used in the monitoring system and their optimal placement?,2
How can domain knowledge be applied to improve the accuracy of the anomaly detection model in accounting for environmental factors?,2
"How can the availability of wind turbines be increased, and maintenance costs be reduced using the insights from the anomaly detection model?",2
Can you explain how changes in current and power consumption can be used to detect increased friction or wear in the wind turbine gearbox?,2
Can you explain how Root Mean Square Error (RMSE) is used to evaluate the accuracy of the anomaly detection model?,1
How can wind turbine operators ensure that their maintenance strategies are effective in reducing downtime and lowering maintenance costs?,2
How can the temperature and vibration data from these sensors be used to identify signs of wear and tear or fatigue in the gearbox?,2
"How do vibration sensors help in detecting specific issues like bearing damage, gear tooth wear, and imbalance, and what are the specific sensor data patterns that indicate these issues?",2
How can the anomaly detection model be tailored to address the unique needs and constraints of the wind energy sector?,1
"What is the sampling rate and duration for data collection, and how do they impact the performance of the anomaly detection model?",2
What are the criteria used for selecting the most relevant features in the gearbox's condition?,2
What are the common failure modes and effects analysis (FMEA) methods used to determine the severity of issues found during a visual inspection?,2
What are the specific sensor types used to monitor wind turbine gearboxes?,2
How do extreme weather conditions cause degradation in wind turbine gearbox components?,2
Can you provide examples of event-based features that can be used for wind turbine gearbox anomaly detection?,2
"What measures should be taken to ensure data quality, such as minimizing missing or erroneous values, during data collection?",2
How can data be preprocessed to remove noise and extract relevant features for predictive maintenance models?,2
How can the effects of insufficient lubrication be mitigated in wind turbine gearboxes?,2
"What are the specific types of wear, fatigue, and fracture that can occur in wind turbine gearboxes, and how can each be detected through sensor data?",2
Have there been any instances of sensor data being used to predict wind turbine gearbox failure or degradation?,1
How can advanced monitoring techniques help in predicting and preventing failures in wind turbine gearboxes?,2
Can you explain the specific encryption techniques used for securing data transmission and storage in wind turbine gearbox sensor data?,2
What are the potential challenges in implementing event-based data collection in wind turbine gearboxes?,2
How can regular maintenance and inspection help prevent catastrophic failures in wind turbine gearboxes?,2
What specific training and qualifications should wind turbine technicians have to perform maintenance and condition monitoring?,2
Can you explain how the sensor data is collected and processed in the predictive maintenance systems used in the wind energy industry?,2
What specific materials with low thermal expansion and good corrosion resistance are commonly used in wind turbine gearbox design?,2
Can you provide more details on how reliability-centered maintenance (RCM) is used to identify the most critical components of the wind turbine gearbox?,2
How can manufacturing defects in wind turbine gearboxes be detected and rectified?,2
"How can preventive maintenance strategies, like lubrication and timely repairs, help extend the lifespan of wind turbine gearboxes?",1
How does proper lubrication management contribute to preventing wind turbine gearbox housing failure?,2
"How can the performance and efficiency of wind turbine gearboxes be improved through the use of effective anomaly detection models, and what benefits can be expected in terms of reduced downtime and maintenance costs?",2
How can the anomaly model be used to support the development of a failure mode and effects analysis (FMEA) for the wind turbine gearbox?,1
What are the key factors to consider when choosing the right anomaly detection model for wind turbine gearboxes?,2
How can the anomaly model be validated and verified to ensure its accuracy and reliability?,2
Are there any specific parameters that have been found to be more reliable than others in indicating early stage failure?,2
"Can the anomaly detection model be integrated with other condition monitoring or predictive maintenance systems for wind turbines, such as vibration analysis or oil analysis?",2
"What are the consequences of wind turbine gearbox failure, including prolonged downtime and high maintenance costs?",2
"How can the model provide accurate predictive maintenance recommendations, including estimates for the remaining useful life of the gearbox components?",2
"How do anomaly models compare to other advanced monitoring techniques, such as acoustic emission analysis or thermography, in terms of cost, accuracy, and ease of implementation?",2
How often should the sensors be monitored to ensure early detection of potential issues in the wind turbine gearbox?,2
What are the best practices for lubrication management in wind turbine gearboxes to prevent bearing failure?,2
Can you provide examples of specific data analytics tools and techniques used for wind turbine gearbox monitoring and predictive maintenance?,2
How do the failure codes help in identifying the potential design improvements for wind turbine gearboxes?,2
"Can you discuss any regulatory or industry standards related to wind turbine gearbox maintenance and anomaly detection, and what are their implications for the development of predictive maintenance programs?",2
Could you provide more information on the ISO 14242 standard and how it is used for wind turbine gearboxes?,1
"What are the most common causes of wind turbine gearbox failures, and how do regular inspections and condition monitoring systems help prevent them?",2
How does inadequate lubrication contribute to the failure of wind turbine gearboxes?,2
"Can you explain how corrosion of the gearbox components can be detected through sensor data, and what are the common causes of corrosion?",2
"How can the performance of the anomaly detection model be evaluated and validated, and what metrics should be used for this purpose?",2
Can you provide examples of the type of data that is required for predictive maintenance of wind turbine gearboxes?,2
Can you provide any examples of how shielding of sensors has improved the performance of wind turbine gearbox systems?,2
How can data analysis help in detecting sensor failure modes and predicting potential failures in wind turbine gearboxes?,2
What are the most common installation and assembly errors that can cause failures in wind turbine gearboxes?,2
Can event-based data collection be integrated with other monitoring systems or is it a standalone approach?,2
How can the design of wind turbine gearboxes be optimized to minimize the impact of noise and interference on sensor data?,2
"Can you explain how the combination of different methods such as time-domain analysis, frequency-domain analysis, time-synchronous averaging and machine learning algorithms can provide a more comprehensive and accurate diagnosis of the wind turbine gearbox's condition?",2
How can patterns and trends in sensor data be used to predict potential issues in wind turbine gearboxes?,2
"Can you explain the process of model validation and maintenance, and what parameters need to be monitored for the model's performance?",2
How the FMEA process helps organizations to focus their maintenance efforts on the most critical components and failure modes?,2
How can advanced diagnostic techniques be used to detect vibration and temperature issues in wind turbine gearboxes?,2
Are there any specific data dimensionality reduction or feature selection techniques that are useful for the sensor data in the anomaly model?,1
Can you discuss any specific case studies where condition monitoring has helped prevent wind turbine gearbox failures?,2
How can the effectiveness of strategies to address sensor data noise or interference in wind turbine gearbox systems be evaluated and optimized over time?,2
How can wind farm operators minimize downtime and repair costs for wind turbine gearboxes through a comprehensive maintenance program?,2
How can the data collected by the sensors and analyzed by the CMS be used to improve the overall performance and efficiency of the wind turbine?,2
"What are the specific failure modes that the anomaly detection model should be able to detect, and how do they impact the performance of the wind turbine?",2
Can you provide more information on the role of predictive maintenance and condition-based maintenance in wind turbine gearboxes?,2
What specific inspections and frequency would you recommend for early detection of potential issues in the wind turbine gearbox?,2
Can you explain how time-domain features of the vibration signal can be used to detect and quantify gear tooth wear?,2
How do changes in the lubricant's temperature affect its properties and the sensor data?,2
Are there any other sensors or monitoring techniques used to detect wind turbine gearbox anomalies besides the ones mentioned?,1
How does the feature engineering process identify and extract relevant features from the sensor data to improve the model's performance?,2
How can harsh operating conditions and degradation mechanisms contribute to the high failure rate of wind turbine gearboxes?,2
"What are the best practices for continuously monitoring and improving the wind turbine gearbox anomaly detection system, and how can feedback be incorporated into the model refinement process?",2
How can effective failure prevention be achieved by improving the accuracy and reliability of anomaly detection models for wind turbine gearboxes through the preprocessing and cleaning of sensor data?,2
Are there any specific regulations or industry standards related to the protection of sensitive data in wind turbine gearbox anomaly detection models?,2
How can the size and weight of wind turbine gearboxes impact the data collection process and the development of the anomaly detection model?,2
What specific data sources would be most valuable for collecting information on wind turbine gearbox failures?,2
"Can you provide examples of failure modes that can be attributed to inadequate maintenance, sensor failure, or incorrect data interpretation?",2
How do the measurements from these sensors contribute to the overall health monitoring of the gearbox?,2
Can you provide any examples of past failures in wind turbine gearboxes and how they were detected and addressed?,2
Can you provide any case studies or examples of how condition monitoring has helped improve the reliability and efficiency of wind turbines in real-world scenarios?,2
"Can you explain how the signal-to-noise ratio (SNR) is affected by the choice of data collection frequencies and patterns, and how we can evaluate it effectively?",2
What are the specific requirements for the testing of components used in wind turbine gearboxes before they are used?,2
How can the data from sensors be used to support the development of a condition-based maintenance program for wind turbine,2
How does visual inspection support in identifying vibration-related failures in wind turbine gearboxes?,2
"Can you provide examples of electrical interference that can affect sensor data from wind turbine gearboxes, and what are some effective methods for electrical shielding?",2
Can you provide examples of proper operating procedures that help prevent damage to the gearbox?,2
Can you provide examples of specific sensor data that could indicate a potential failure or degradation in the wind turbine gearbox?,2
Are there any other environmental factors that need to be considered while building an anomaly detection model for a wind turbine gearbox?,2
How do temperature trends over time help in identifying patterns and anomalies in wind turbine gearbox operation?,2
"How does the lubrication system fail, and how can it be monitored to prevent failure?",2
How can the implementation of appropriate measures to prevent and detect failures in wind turbine gearboxes contribute to the long-term sustainability and success of the wind farm?,2
Can you explain the impact of not addressing the failures in wind turbine gearboxes and how it affects the overall performance and maintenance costs of wind energy infrastructure?,2
"How do power lines affect current sensors in wind turbine systems, and what measures can be taken to minimize their impact?",2
"How do the severity levels of the identified failure modes impact the overall wind turbine system, and what are the potential consequences of these failures?",2
How can the data collected from sensor-based monitoring be used to improve the design and manufacturing of wind turbine gearboxes?,2
"Can you provide more details on the continuous monitoring process, including how to ensure the model's effectiveness and gearbox operation within acceptable limits?",2
Can you provide any examples of catastrophic failures in wind turbine gearboxes that were caused by the lack of lubricant maintenance?,2
How can oil sensors indicate contamination or degradation in wind turbine gearboxes due to external factors?,2
What steps can be taken to ensure that sensor data is only used for its intended purpose?,2
What are the key considerations in deploying a wind turbine gearbox anomaly detection model in a real-world setting?,1
What are the specific maintenance and inspection practices recommended to detect potential gearbox failures before they occur?,2
"How do you measure the availability of the wind turbine, and what is the target availability for a wind turbine gearbox?",2
Can you explain the process of continuous monitoring of the gearbox's operating conditions and how it helps in identifying potential failures?,2
What are the best practices for setting up a condition monitoring system for wind turbine gearboxes?,2
How often should regular inspections be conducted to minimize the risk of wind turbine gearbox failures?,2
Can you provide any examples of successful predictive maintenance strategies for wind turbine gearboxes that have resulted in reduced maintenance costs and increased reliability?,2
How often should visual and thermal inspections be conducted on a wind turbine gearbox?,2
Can you provide any case studies or examples of successful implementation of wind turbine gearbox sensor data analysis and anomaly detection by these organizations?,2
What are the specific parameters that should be monitored for wind turbine gearbox health assessment?,2
How does continuous monitoring lead to improved asset utilization and increased energy production in wind turbine gearboxes?,2
"What are the potential consequences of misalignment in wind turbine gearboxes, and how can the model detect and predict this type of failure?",2
How can the data from wind turbine gearbox sensors be used to support the development and implementation of new technologies and approaches in the wind energy industry?,2
How can analyzing sensor data trends over time help in reducing maintenance costs for wind turbine gearboxes?,2
Can you provide examples of how predictive maintenance has improved the reliability and performance of wind turbine gearboxes in real-world applications?,2
How do the severity and the ability to detect wind turbine gearbox failures compare to other components of the wind turbine system?,2
How do you address the challenge of false positives and false negatives in the anomaly detection model?,2
Can you provide more details on the FMEA approach used to classify the severity of bearing failure in wind turbine gearboxes?,2
What are the most common manufacturing defects that can lead to wind turbine gearbox failure and how can they be detected?,2
What are the key performance indicators (KPIs) used to evaluate the effectiveness of anomaly models in wind turbine gearbox maintenance?,2
How does the acidity of the lubricating oil change when there are lubrication problems in wind turbine gearboxes?,2
Can physics-based models be used in conjunction with data-driven models to improve the accuracy and reliability of wind turbine gearbox anomaly detection?,2
How can the data from wind turbine gearbox sensors be used to reduce the overall cost of ownership and operation of the wind turbine system?,2
What are the benefits of using an anomaly detection model for predicting wind turbine gearbox failures?,2
How can wind turbine operators ensure that they are using the correct type and quantity of lubricant for their gearboxes?,2
What are the best practices for monitoring vibration and noise levels in wind turbine gearboxes to detect signs of overload?,2
How will the team ensure that the model is aligned with the business objectives and maintenance strategy in the long run?,2
"What are the challenges in implementing an effective condition monitoring system for wind turbine gearboxes, and how can they be addressed?",1
Can you provide examples of specific instances where electrical erosion or contamination have led to wind turbine gearbox failures?,2
How do the sensors' data contribute to the overall performance analysis and efficiency evaluation of the wind turbine system?,2
"How can wind turbine gearbox failure prediction algorithms be adapted and customized for different types and sizes of wind turbines, and what are the challenges and opportunities in developing and implementing these algorithms for various wind energy applications?",2
How does implementing a condition-based maintenance strategy impact the overall efficiency and cost of wind energy systems?,2
How can the data collected from monitoring these additional metrics and factors be analyzed and interpreted to optimize wind turbine gearbox performance?,2
What are the current challenges and future research directions in developing effective anomaly detection models for wind turbine gearbox failures due to gear tooth pitting and spalling?,2
How can we optimize the predictive and preventive maintenance strategies to minimize downtime and maintenance costs while ensuring the wind turbine gearbox operates within the recommended temperature range?,2
"Can you provide more details on the factors causing insufficient lubrication, component wear, and thermal stress in wind turbine gearboxes?",2
"How does the calculation of OEE as the product of Availability, Performance, and Quality help in measuring the overall efficiency of the wind turbine gearbox?",2
"Are there any specific domain-specific libraries, like Turbine, that are commonly used for wind turbine anomaly detection, and what advantages do they offer?",2
How is anomaly detection validation performed to ensure the accuracy of the results?,2
How do the guidelines for sensor data analysis and anomaly detection vary between different types of wind turbines?,2
"What are the potential ethical and legal considerations in implementing a data-driven approach for predicting failures in wind turbine gearboxes, and how can these be addressed?",2
"Can you discuss any potential limitations or assumptions of the anomaly detection model, and how these may impact the interpretation of the model's performance metrics?",2
"Can you discuss any specific challenges or limitations in conducting a failure modes and effects analysis for wind turbine gearboxes, and how they are addressed in the FMEA?",2
How do we handle the imbalance between positive and negative cases in our dataset while evaluating the performance of the model?,2
"Can you provide more information on how high cyclic loads, corrosion, wear, and high temperatures combine to cause housing degradation?",2
What are the common lubrication problems that can lead to failures in the wind turbine gearbox and how can they be detected using sensor data?,2
Can you provide any case studies or examples of successful time series analysis implementations for predicting wind turbine gearbox failures?,2
How do the standards IEC 61869-2 and IEC 61869-3 influence the design and implementation of the variable speed drives and power electronics in the anomaly detection model?,2
What are the best practices for detecting and addressing contamination issues in wind turbine gearboxes?,2
What are the most common design and manufacturing factors that can contribute to the failure of wind turbine gearboxes?,2
What are the specific sensors used in sensor-based monitoring for wind turbine gearboxes and how do they work?,2
"What are the most common causes of wind turbine gearbox failures, and how can a combination of these methods be used to gain a comprehensive understanding of the gearbox's condition and identify potential issues before they escalate into failures?",2
What are the most common factors that contribute to the degradation of lubricant properties in wind turbine gearboxes?,2
"Can you explain how vibration sensors, such as accelerometers, help in detecting specific issues like bearing damage, gear tooth wear, and imbalance in wind turbine gearboxes?",1
How will the anomaly scores be calculated and what threshold values will be used to determine if an anomaly is a failure?,2
Can you discuss any specific requirements or constraints that should be considered when selecting preprocessing techniques for wind turbine gearbox sensor data?,2
Are there any specific lubricant types or viscosity ranges that are recommended for use in wind turbine gearboxes in extreme temperature conditions?,2
How can the predictive maintenance models be used to optimize maintenance schedules and reduce unnecessary maintenance activities?,2
Can you provide more details about the specific failure modes of the wind turbine gearbox that the anomaly detection model should consider?,1
Can you provide more details on common failure modes of wind turbine gearboxes and how they typically manifest in sensor data?,2
Can you suggest any specific machine learning algorithms or techniques that would be suitable for developing predictive models for wind turbine gearbox failures?,2
How do access controls restrict access to sensor data and what types of access controls are typically implemented in the wind energy industry?,2
What are the specific benefits of improved reliability and reduced maintenance costs in wind turbine gearboxes?,2
"What are the challenges in implementing data-driven maintenance strategies for wind turbine gearboxes, and how can they be addressed?",2
How can data visualization techniques be used to detect and diagnose the root cause of wind turbine gearbox failures?,2
"What data normalization techniques are most suitable for wind turbine gearbox sensor data, and how do they affect the performance of the anomaly detection model?",2
How can data scientists use temperature monitoring data to develop predictive models for overheating in wind turbine gearboxes?,2
"What are the recommended actions to take when a wind turbine gearbox exceeds the alert or critical levels for temperature, vibration, or noise?",2
How is advanced signal processing used to enhance the effectiveness of vibration analysis in wind turbine gearboxes?,2
Can you provide examples of relevant sensors and data that should be collected for predictive maintenance of wind turbine gearboxes?,2
How does taking a proactive approach to maintenance ensure the safe and efficient operation of wind turbines?,2
Can you provide more information on the process for updating and calibrating the anomaly detection model over time to maintain its accuracy and reliability?,2
What are the common causes of mechanical failure in a wind turbine gearbox and how are they related to changes in noise level?,2
How can data scientists use machine learning algorithms and predictive analytics to improve the accuracy and efficiency of wind turbine gearbox condition monitoring and failure prediction?,2
Can you provide any examples of how data analysis has been used to improve the design and operation of wind turbine gearboxes in real-world applications?,2
What are the potential consequences of not detecting potential failures in wind turbine gearboxes early?,2
How can condition monitoring help predict and prevent failures in wind turbine gearboxes?,2
What are the specific wear and tear patterns that can be detected through vibration analysis in wind turbine gearboxes?,2
"How do the various anomaly detection techniques account for the impact of environmental factors (e.g., temperature, humidity) on wind turbine gearbox performance?",2
How can advanced diagnostic techniques help in detecting wind turbine gearbox failures?,2
How can wind turbine operators best collaborate with subject matter experts during the integration and implementation of the anomaly detection model?,2
What are the best practices for training maintenance personnel to detect and address potential issues in the wind turbine gearbox?,2
How can monitoring sensor data and building anomaly detection models help optimize the performance and extend the lifespan of wind turbine gearboxes?,2
How can the anomaly model be used to support the development of a reliability-centered maintenance (RCM) program for the wind turbine gearbox?,1
Can you discuss any new or emerging technologies that are being developed to improve the prediction and prevention of wind turbine gearbox failures?,2
"What are the typical signs of installation errors in wind turbine gearboxes, and how can they be avoided during maintenance and assembly?",2
How does regular FMEA help in improving the reliability and performance of the wind turbine gearbox?,2
What are the most common indicators of wear and aging in wind turbine gearboxes that our sensor data should focus on capturing?,2
"How is the centralized data storage system set up, and what measures are taken to ensure data security and privacy?",2
"Can you explain the relationship between lubricant quality and the degradation mechanisms of abrasive wear, adhesive wear, and fatigue?",2
"What specific sensors are commonly used for detecting wind turbine gearbox failures, and what types of data do they measure?",2
"Can you explain how changes in electrical current, as detected by current sensors, indicate a developing fault in wind turbine gearboxes?",2
How can regular maintenance and timely detection of anomalies help reduce downtime and repair costs for wind turbine gearboxes?,2
Are there any specific risks or challenges associated with developing a wind turbine gearbox anomaly detection model that we should be aware of and plan for?,2
"How do the acceptable limits for contaminants, degradation, and wear change based on the operating temperature of the wind turbine gearbox?",2
"How do high loads and contamination interact to exacerbate the degradation mechanisms in wind turbine gearboxes, and what are the best practices to mitigate their effects?",2
What are the common failure modes of wind turbine gearboxes that the sensor-based monitoring system should focus on detecting?,2
How can data privacy and security be ensured while analyzing historical data for predictive maintenance?,2
How do external factors like weather conditions and maintenance activities affect the time series analysis of wind turbine gearbox sensor data?,2
"How do you select the relevant features for the anomaly detection model, and what criteria are used for this selection?",2
Can you provide any specific case studies or examples where incorporating external factors in predictive maintenance models led to significant improvements in maintenance and operational efficiency?,2
What are the best practices for implementing a sensor data-driven predictive maintenance approach for wind turbine gearboxes?,2
What are the potential consequences of not addressing these challenges and continuing to use less effective predictive models?,2
How can the performance of anomaly detection techniques in wind turbine gearboxes be evaluated and validated?,2
How can the data from wind turbine gearbox sensors be used to improve the energy efficiency and performance of the wind turbine?,2
Can you explain the impact of inadequate lubrication on wind turbine gearbox performance and what steps can be taken to prevent it?,2
How can the sensors be protected from damage and how important is it to place them in easily accessible locations?,2
Can you provide an example of how FMEA has helped prevent a failure in a wind turbine gearbox?,2
What design considerations can be taken into account to ensure adequate wind turbine gearbox design and manufacturing?,2
How can temperature sensors be integrated with other monitoring systems to provide a comprehensive view of the wind turbine's condition?,2
Can you provide more details on the specific types of environmental conditions that can cause noise or interference in the sensor data from wind turbine gearboxes?,1
"Could you explain the data sampling rates for each sensor, and if there are any plans to change them in the future?",2
What are the best practices for implementing regular updates to the anomaly detection model in wind turbine systems?,2
What are the common causes of contamination and degradation in the lubricating oil used in wind turbine gearboxes?,2
"What types of particles are most commonly found in wind turbine gearbox lubricants, and what are the primary sources of these contaminants?",2
Can you explain how contamination and oxidation of the lubricant can lead to variations in sensor data?,2
"Can you provide examples of how the wind turbine gearbox design, manufacturing, and maintenance practices have been optimized for improved performance and reliability?",2
Can you provide more details about the specific sensor data that should be collected to identify anomalies caused by external factors in wind turbine gearboxes?,2
"How is data collected and analyzed in vibration analysis, and what are the best practices for ensuring accurate and reliable results?",2
What are the common techniques used for preprocessing the sensor data and removing noise or missing values?,1
Can you provide more details on how maintenance activities are planned and scheduled based on the predictions?,1
How can effective feature engineering contribute to building an accurate anomaly detection model for wind turbine gearboxes?,2
Can you explain the relationship between the size and location of gear tooth damage and the severity of the failure?,2
Can you provide more details about the role of historical data in training and evaluating the performance of anomaly models?,2
"How can the wind turbine gearbox system be effectively modeled and simulated to detect anomalies caused by external factors, and what tools and techniques are commonly used for this purpose?",2
Are there any specific environmental or operational conditions that can affect the performance of these sensors in wind turbine gearboxes?,2
"What is the significance of particle contamination in wind turbine gearbox failure, and how can it be detected and measured?",2
"Can AE analysis be used to predict the remaining useful life of wind turbine gearboxes, and what are the challenges in developing such predictive models?",2
"Can you explain how time-series analysis is used to detect trends, seasonality, and cyclical patterns in sensor data?",2
"Can you explain how sensors can be correctly mounted and calibrated to minimize the effects of vibration, temperature fluctuations, and electromagnetic interference on the sensor data?",2
"How do deep learning algorithms, such as CNN and LSTM networks, handle multivariate time-series data in wind turbine gearbox applications, and what are their advantages and limitations compared to other algorithms?",2
"What are the most common types of anomalies in wind turbine gearboxes, and how do they manifest in the data?",2
What are the best practices for implementing sensor technology and data analytics for wind turbine gearboxes in the renewable energy sector?,2
How is the data collection frequency determined and what factors are considered in this process?,2
"Can you provide more details on how oil analysis can detect insufficient lubrication, contamination, and degradation of the lubricant?",2
"What are the typical signs of lubricant degradation in wind turbine gearboxes, and how can they be identified?",2
What are the specific visual inspections recommended to detect insufficient lubrication in wind turbine gearboxes?,2
How does temperature monitoring help identify overheating and friction issues in wind turbine gearboxes?,2
What are the common failure modes in wind turbine gearbox and how can they be prevented?,2
How can the severity of wind turbine gearbox failures be determined and quantified?,1
What data preprocessing techniques are essential for building an accurate anomaly model using real-time sensor data from wind turbine gearboxes?,2
How do predictive models analyze sensor data to identify potential issues in wind turbine gearboxes?,2
How can we ensure the robustness of the anomaly detection model to different operating conditions and environments of wind turbines?,2
"What are the challenges in obtaining high-quality data for wind turbine gearboxes, and how can we overcome these challenges?",2
"How do operating conditions, such as temperature, humidity, and wind speed, affect the condition of wind turbine gearboxes and other components?",2
Can you provide any case studies or examples of successful wind turbine gearbox anomaly detection implementations in real-world settings?,2
Can you provide more details on the types of sensors used in these predictive maintenance systems and their importance in detecting potential failures?,2
"Can you provide any case studies or examples of catastrophic failures in wind turbine gearboxes due to corrosion, and how they were addressed?",2
How can predictive maintenance strategies be integrated with maintenance scheduling and planning for wind turbine gearboxes?,2
Can you describe common failure modes in wind turbine gearboxes and how they can be detected using sensor data and anomaly detection models?,2
How can real-time sensor data be used to monitor the health and performance of wind turbine gearboxes?,2
What specific types of high loads can cause accelerated wear in wind turbine gearboxes?,2
How does regular lubrication and maintenance help in maintaining the efficiency of wind turbine gearboxes?,2
What are the recommended maintenance practices to ensure proper lubrication and prevent contamination in wind turbine gearboxes?,2
"How can data preprocessing techniques, such as feature scaling and outlier detection, impact the performance of wind turbine gearbox anomaly detection models?",2
What are the key performance indicators (KPIs) to evaluate the effectiveness of the anomaly detection model for wind turbine gearbox sensor data with varying frequencies?,2
What are the potential ethical and regulatory considerations in using machine learning algorithms for predictive maintenance in the wind energy industry?,2
What types of contamination or degradation can oil quality sensors specifically detect in wind turbine gearboxes?,2
"What are the challenges in implementing a predictive maintenance program for wind turbine gearboxes, and how can they be addressed?",2
How can the reliable and efficient operation of wind turbine gearboxes be ensured through proper maintenance and inspection strategies?,2
Can you provide more information about the testing process and how it helps validate the gearbox's performance?,2
"What are the existing maintenance workflows for wind turbine gearboxes, and how can predictive maintenance systems be integrated with them?",2
"What are the potential impacts of not addressing missing or corrupted data, sensor noise, and outliers in wind turbine gearbox sensor data, and how can these be mitigated?",2
How can the impact of poor lubrication on wind turbine gearbox performance be quantified and communicated to stakeholders?,2
"How does precipitation, such as rain, snow, and ice, cause corrosion and damage to the wind turbine gearbox?",2
Can you explain the process of data analysis in vibration analysis and what tools or techniques are commonly used?,2
Are there any specific sensors or parameters in wind turbine gearboxes that require more frequent data collection for accurate anomaly detection?,2
What are the best practices for monitoring and diagnosing potential failures in wind turbine gearboxes?,2
What are the common mechanical failures that can cause the wind turbine gearbox failure modes?,2
What are the common signs of misalignment in wind turbine gearboxes that can be detected through performance monitoring?,2
How can data analysis and machine learning techniques be used to predict and prevent these failure modes?,2
What are the best maintenance practices to prevent high temperatures in wind turbine gearboxes?,2
"How do environmental factors, such as humidity, temperature, and dust, impact wind turbine gearbox performance and failure rates?",2
How can machine learning models be used to predict the remaining useful life of wind turbine gearboxes?,2
What are the specific differences in the load spectrum and operating conditions between onshore and offshore wind turbine gearboxes that contribute to their varying failure modes?,2
"What are the safety implications of catastrophic gearbox failures in wind turbines, and how can they be mitigated through regular monitoring and maintenance?",2
What are the most promising machine learning or AI techniques to improve wind turbine gearbox failure detection and diagnosis?,2
How can the lessons learned from the failure modes and maintenance experiences of wind turbine gearboxes be applied to other types of industrial gearboxes or power transmission systems?,2
Are there any specific types of dirt or foreign particles that are more commonly found in contaminating wind turbine gearboxes?,2
What are the potential cost savings from implementing wind turbine gearbox sensor data analysis and anomaly detection?,2
"Can you explain the role of quality standards, such as ISO and FAA, in ensuring the reliability and efficiency of wind turbine gearbox operations?",2
Can you provide any examples of successful fault diagnosis in wind turbine gearboxes using vibration analysis?,2
What strategies can be employed to address the challenge of limited sensor data availability in wind turbine gearboxes?,2
"Can you provide any examples of real-life scenarios where regular inspections, load monitoring, advanced control systems, design modifications, and preventive maintenance have helped in reducing the impact of wind shear on wind turbine gearboxes?",2
Can you provide any specific case studies or examples of successful wind turbine gearbox failure prediction and prevention programs?,2
What are the consequences of not addressing increased contamination issues promptly in a wind turbine gearbox?,2
What are the common causes of deviations from the expected power curve in a wind turbine gearbox?,2
Can you provide any case studies or examples of wind turbine gearbox failures and their impact on the overall turbine performance?,2
Can you explain the importance of regular maintenance and inspections in preventing wind turbine failures?,2
How is the actual power output of the wind turbine measured and recorded for power curve analysis?,2
What are the specific strategies used for deploying the model in an on-premises environment to reduce latency?,2
How does the use of a CMS impact the overall availability and efficiency of wind turbines?,2
Can you provide more details on the key performance indicators (KPIs) that are most relevant for wind turbine gearboxes in the context of anomaly detection?,2
"Can you explain how wear, corrosion, and fatigue contribute to degradation mechanisms in wind turbine gearboxes?",1
How can data analysis techniques and predictive maintenance strategies help prevent catastrophic failures in wind turbine gearboxes?,2
How does regular maintenance and timely replacement of the lubricant contribute to the reliable and efficient operation of the wind turbine?,2
What specific oil properties do the oil quality sensors monitor to detect early signs of gearbox degradation?,2
"What are the common causes of wind turbine gearbox failures, and how can these be detected using the sensors?",2
How is the data collected and processed for analyzing the power output data in wind turbine gearboxes?,2
How does CMS help in reducing maintenance costs for wind turbine gearboxes?,2
Can you provide more information on the training programs that help operators adhere to proper operating procedures?,2
Can you explain how the temperature sensors monitor the temperature of the gearbox and its components?,2
"How can misalignment be detected and corrected in wind turbine gearboxes, and what are the common causes of this issue?",2
What are the best practices to monitor temperature and vibration in wind turbine gearboxes to prevent contamination-related failures?,2
"How can data scientists use vibration patterns and frequency spectra to detect early warning signs of gearbox failures such as gear tooth wear, imbalance, and misalignment?",2
"Can you explain the differences between time-domain, frequency-domain, and time-frequency analysis in vibration analysis, and when each method is most appropriate?",2
What are the best practices for maintaining wind turbine gearboxes in accordance with NREL guidelines and API standards?,2
Are there any specific data analysis techniques that are more effective in identifying bearing failure in wind turbine gearboxes?,2
What are the most important features to extract from the collected data for effective anomaly detection in wind turbine gearboxes?,2
"How do position sensors measure the position of the gearbox components, and what kind of mechanical issues can they detect?",2
"How can the anomaly detection model be integrated with existing maintenance and asset management systems, and what benefits can be expected from this integration?",2
Can you provide examples of environmental sensors that can be used to collect data for anomaly models for wind turbine gearboxes?,2
What are the future directions for research and development in the application of machine learning for predictive maintenance of wind turbine gearboxes?,2
Can you explain the role of IEC 61400-25 and IEC 61400-26 standards in the communication between wind turbines and a wind farm control system?,2
What are the consequences of not monitoring the lubricant's condition in a wind turbine gearbox?,2
Can you explain how the materials used in the gearbox design impact its failure modes and effects analysis?,2
How can the severity of the failure modes be quantified and prioritized to determine the appropriate maintenance actions?,2
How do oil analysis sensors detect and measure the presence of metal particles in wind turbine gearbox lubricating oil?,2
How can sealing and filtration systems be optimized to prevent contaminants from entering the wind turbine gearbox?,2
"What are the challenges in collecting and processing sensor data from wind turbine gearboxes, and how can data preprocessing techniques address these challenges?",2
How can regular monitoring and maintenance extend the lifespan of wind turbine gearboxes?,2
Are there any specific data preprocessing techniques used to improve the performance of ML algorithms and probabilistic models in wind turbine gearbox failure prediction?,2
Can you explain how advanced analytics and machine learning algorithms can be used to identify trends and anomalies in sensor data for predicting potential failures?,2
"Are there any other methods used for condition monitoring in addition to vibration analysis, oil analysis, temperature monitoring, and performance monitoring?",2
"Can you explain how each failure mode, such as gear tooth pitting or spalling, contributes to the overall wind turbine gearbox failure?",1
What are the common failure modes and degradation mechanisms in wind turbine gearboxes that we should consider while developing an anomaly detection system?,2
What are the specific failure modes and effects that can occur due to the degradation of lubricant in a wind turbine gearbox?,2
How can contamination in wind turbine gearboxes lead to surface-initiated fatigue damage such as spalling?,2
How do the complexity of the gearbox system and the quality of historical data impact the performance of ML algorithms and probabilistic models in predicting wind turbine gearbox failures?,2
How are the failure modes of a wind turbine gearbox detected and monitored through regular inspections and maintenance?,2
What are the potential cost savings from minimizing downtime and reducing maintenance costs through early detection and diagnosis of anomalies in wind turbine gearboxes?,2
What are the challenges faced while conducting FMEA process for wind turbine gearbox and how can they be overcome?,2
Are there any regulatory or compliance requirements that need to be considered in the development of the anomaly model?,0
"Can you provide more information on the data sources used to train and validate the anomaly detection model, and how the quality and quantity of data impact the model's performance?",2
How can the data collected be visualized and analyzed to detect anomalies in wind turbine gearboxes?,2
How can machine learning models be integrated with existing maintenance practices and workflows for wind turbine gearboxes?,2
How can the anomaly detection model differentiate between normal and abnormal operating conditions during the initial training phase?,2
"Can you provide more details on the specific failure modes in the wind turbine gearbox, such as wear and tear on gears and bearings, corrosion, fatigue failure, damage from foreign objects, and lubrication failures?",2
What maintenance history data should be collected and analyzed to support the development of an anomaly detection model for wind turbine gearboxes?,2
How do we determine which normalization technique would be most appropriate for a given dataset?,2
What are the challenges and limitations of using sensor data to detect and diagnose anomalies in wind turbine gearboxes?,2
How does sensor drift affect the performance of the anomaly detection model?,2
How do maintenance practices impact the performance and degradation of a wind turbine gearbox?,1
Can you provide examples of specific issues in wind turbine gearboxes that can be detected through sensor data?,2
What are the specific types of load that can impact the performance of a wind turbine gearbox?,2
Can the anomaly model be used to predict the remaining lifespan of wind turbine gearboxes?,2
"Can you provide more details on the types of sensors used to collect data for the anomaly detection model, and how they are used to detect increases in vibration, temperature, and noise levels?",2
"What specific predictive maintenance techniques are commonly used for wind turbine gearboxes, besides vibration analysis, oil analysis, thermography, and acoustic emissions testing?",2
How does vibration analysis help in detecting potential wind turbine gearbox failures?,2
What are the potential consequences of inaccurate sensor readings in wind turbine gearboxes?,2
What methods can be used to ensure early detection of potential failures in wind turbine gearboxes?,2
What types of sensors are commonly used in wind turbine gearbox monitoring and what specific conditions do they measure?,2
Can you provide any examples of real-world implementations of sensor data monitoring in wind turbine gearboxes that have resulted in successful catastrophic failure prevention?,2
"What are the potential impacts of unplanned downtime on wind turbine operations, and how can preventive maintenance strategies help mitigate these risks?",2
What are the specific benefits of scalability and cost-effectiveness in cloud-based deployment of anomaly detection models for wind turbine gearboxes?,2
Are there any specific data normalization techniques that should be applied to the sensor data before training the anomaly model?,1
What are the current industry standards and best practices for wind turbine gearbox maintenance and failure prevention?,2
"How can data from multiple sources, such as vibration analysis and thermography, be integrated to improve fault detection and diagnosis in wind turbine gearboxes?",2
"How can the data from wind turbine gearbox sensors and monitoring systems be used to predict and prevent failures, and what are the key performance indicators to track?",2
What are the best practices for updating and improving anomaly detection models to maintain compliance and prevent failures in wind turbine gearboxes?,2
Can you provide more details on the optimization techniques used for reducing training time and improving accuracy during model training?,2
Can you explain the process of proper lubrication and the importance of regular oil analysis in preventing high vibration levels?,2
How do current sensors compare to other types of sensors used in wind turbines for detecting abnormalities?,2
"How can the sensor data be used to detect and diagnose specific types of wind turbine gearbox failures, such as pitting or spalling?",2
What are the recommended methods for regular inspections of wind turbine gearboxes?,2
What measures can be taken to prevent dust and particulate matter from accumulating in the gearbox and causing wear and tear?,2
"What are the key challenges in implementing predictive maintenance and failure prevention strategies for wind turbine gearboxes, and how can they be addressed?",2
"What are the potential consequences of not following the ISO 14242 standard in the maintenance and operation of wind turbine gearboxes, and how can the standard help mitigate these risks?",2
"How does the breakdown of lubricant's chemical properties contribute to the failure of wind turbine gearboxes, and what types of lubricants are recommended for these applications?",2
"How does mean imputation impact the performance of an anomaly detection model, and what are its limitations?",2
How does an effective condition monitoring system contribute to reducing maintenance costs and improving the reliability of wind turbine gearboxes?,2
"How is precision used to assess the accuracy of anomaly detection models, and what are its advantages over other performance metrics?",2
How can the model be regularly maintained with new data and design changes while ensuring its accuracy and interpretability?,2
"What are the recommended actions to be taken in case of a gear tooth pitting, fracture, oil contamination, bearing failure, or seal failure?",2
What are the consequences of erosion and overheating in wind turbine gearboxes?,2
"How can temperature monitoring be used to detect potential wind turbine gearbox failures, and what are the recommended monitoring techniques?",2
"Are there any other components in wind turbine gearboxes, apart from gear teeth, bearings, housing, seals, and shafts, that are at risk of being substandard?",2
How can a standardized data format and communication protocol be established for existing wind turbine infrastructure?,2
Can you provide any case studies or examples of the impact of contamination on wind turbine gearboxes?,2
Can you provide examples of specific scenarios where an abnormal data point might indicate a potential issue in a wind turbine gearbox?,2
"What types of sensors are commonly used to monitor wind turbine gearbox conditions, and what specific parameters do they measure?",2
How can the subject matter expert support the data scientist in understanding the wind turbine gearbox system and its components to ensure the anomaly detection model is effective?,2
Can you provide any case studies or examples of wind turbine gearbox failures caused by insufficient lubrication and contamination?,2
How do different grid connection and power fluctuation conditions affect the failure rates of wind turbine gearboxes?,2
"What are the most common sources of contamination in wind turbine gearboxes, and how can they be minimized?",2
What are the recommended methods for surface protection and corrosion prevention in wind turbine gearboxes?,2
How can high operating temperature in wind turbine gearboxes be managed to prevent poor lubrication and subsequent damage?,2
How can the data collected by the sensor-based monitoring system be used for improving the design and operation of wind turbine gearboxes in the future?,2
Can you provide examples of how high loads and cyclic stresses contribute to gear teeth degradation and failure?,2
How can data scientists effectively integrate condition monitoring systems with maintenance management systems to ensure timely responses to alarms or warnings in wind turbine gearboxes?,2
Are there any known challenges or limitations in implementing variable data collection frequencies for wind turbine gearbox monitoring?,2
"Can you provide more details on the failure codes for wind turbine gearbox failures, such as DIN 40100 and ISO 13727?",1
What are the key performance indicators that can be used to measure the effectiveness of condition monitoring in wind turbine gearboxes?,2
Can you provide any examples of unconventional or innovative approaches to monitoring wind turbine gearbox health and predicting failures using sensor data and machine learning?,2
"Can you explain the process of data preprocessing in more detail, including how noise, outliers, and other sources of error are removed?",2
How can the team ensure that the model aligns with industry best practices and regulations for wind turbine gearboxes?,2
What communication protocols are commonly used for transmitting sensor data and other information in wind turbine gearbox anomaly detection systems?,2
"How can temperature anomalies in the gearbox components indicate potential issues such as overheating, friction, or lubrication problems?",2
"How do the anomaly detection techniques handle the large volumes of data generated by wind turbine gearboxes, especially in the context of real-time monitoring and analysis?",2
"Are there any specific operating conditions, such as the number of starts and stops, rotational speed, and load on the turbine, that have a more significant impact on the gearbox's maintenance schedule and cost?",2
How can regular visual inspections be used to detect early signs of wind turbine gearbox housing failure?,2
"How can monitoring temperature and lubricant degradation in wind turbine gearboxes be performed, and what are the recommended monitoring techniques and intervals?",2
How can data from sensors and predictive models be used to optimize the performance and lifespan of wind turbine gearboxes?,2
What specific types of metallic wear particles indicate tooth damage in wind turbine gearboxes?,2
"What are the common causes of imbalance in wind turbine gearbox rotating components, and how can they be corrected?",2
How can predictive maintenance strategies be tailored to the specific needs of a wind turbine asset?,2
How can the sensor-based monitoring system minimize false alarms and missed detections for wind turbine gearbox failures?,2
What methods are used to identify the root causes of gearbox issues through sensor data analysis?,2
How can we ensure that the dimensionality reduction or feature selection techniques do not lead to loss of critical information or loss of performance in the anomaly detection model?,2
"What are the challenges in ensuring data privacy, ownership, quality, security, and transparency in wind turbine gearbox sensor data and how to address them?",2
How does the use of open-source tools and methods for data analysis and anomaly detection impact the maintenance and reliability of wind turbine gearboxes?,2
How do the monitoring techniques for wind turbine gearboxes impact the overall maintenance strategy for wind turbines?,2
"How can machine learning models be trained effectively to detect and predict failures in wind turbine gearboxes, and what data would be required for this?",2
How can domain-specific knowledge be incorporated into sensor data analysis to improve the accuracy and reliability of failure prediction in wind turbine gearboxes?,2
Can you provide any case studies or examples of catastrophic failures in wind turbine gearboxes due to overheating and how they were prevented or addressed?,2
What specific sensor data would be most useful for training the machine learning algorithms in the new model?,2
How do we evaluate the trade-offs between upfront costs and long-term control over the system in the decision-making process for a wind turbine gearbox anomaly detection model deployment?,1
Can you provide examples of electrical and magnetic interference that can affect the quality of sensor data from wind turbine gearboxes?,2
What are the specific methods used to identify the critical parameters for the anomaly model?,2
What are the challenges faced while conducting a FMEA for a wind turbine gearbox and how can they be overcome?,2
Can you provide an example of how root cause analysis can prevent similar failures in the future for wind turbine gearboxes?,2
"How is misalignment detected in wind turbine gearboxes using sensor data, and what are the common causes of misalignment?",2
How can regular inspections and maintenance help ensure the optimal performance and long service life of wind turbine gearboxes?,2
Can you discuss any regulatory or industry standards that need to be considered while implementing predictive maintenance systems in wind energy?,2
"How can we validate the performance of the anomaly detection model for wind turbine gearbox sensor data, and what are the key performance metrics to consider?",2
How do the Wind Turbine Directory (WTDi) and the International Electrotechnical Commission (IEC) 61400 series help in standardizing the diagnosis and classification of failures in wind turbine components?,2
What are the most common methods for analyzing and interpreting data from condition monitoring techniques to ensure the early detection and prevention of wind turbine gearbox failures?,2
How does humidity and contamination in the operating environment affect the degradation mechanisms of wind turbine gearboxes?,2
"How do acoustic emissions and cavitation indicate early-stage failure in a wind turbine gearbox, and what equipment is needed to monitor these parameters?",2
"Have there been any previous attempts to develop an anomaly detection model for the wind turbine gearbox, and if so, what were the outcomes and learnings from those attempts?",1
How do weather sensors help in identifying potential wind turbine gearbox failures caused by external factors?,2
Are there specific patterns or trends in the sensor data that are indicative of contamination in the gearbox?,2
Can you provide more details on how to implement a failure mode and effects analysis (FMEA) approach to evaluate the severity of gear teeth wear and tear?,2
"What are the potential consequences of contamination in wind turbine gearbox lubrication, and how can it be prevented?",2
How can machine learning algorithms be applied to sensor data to improve wind turbine gearbox maintenance?,2
How does data analysis help in improving the overall reliability and efficiency of wind turbine systems?,2
"How does thermal expansion impact the clearances between gears, and what are the potential consequences of these changes?",2
Can you provide more details about the operational patterns and maintenance history that should be monitored to prevent failures in wind turbine gearboxes?,2
"In case of limited data availability, how can we balance the need for data transformation and normalization with the risk of losing important information or patterns in the wind turbine gearbox sensor data?",2
"What are the typical frequency ranges for these AE signals, and how do they compare to the frequency ranges of common noise sources in wind turbines?",2
"How can the use of contaminated lubricants lead to wind turbine gearbox failure, and what measures can be taken to prevent it?",2
How does overloading cause housing cracking and what are the typical signs of it?,2
Are there any specific performance metrics that the anomaly detection model should optimize for?,1
"How can we evaluate and validate the performance of the anomaly detection model for wind turbine gearbox performance, and what metrics should be used for this evaluation?",2
Can you explain the process for detecting wind turbine gearbox failures and how it is typically carried out?,2
What are the best practices for implementing condition monitoring and preventive maintenance strategies for wind turbine gearboxes?,2
What are the key performance indicators (KPIs) used to measure the effectiveness of a predictive maintenance strategy in wind energy systems?,2
What specific data points should be collected and preprocessed for the anomaly detection model to predict wind turbine gearbox failures effectively?,2
Can you explain the role of domain expertise in identifying and diagnosing failure modes and degradation mechanisms associated with wind turbine gearboxes?,2
Can you explain the process of anonymizing sensor data and how it helps protect the identity of wind turbines and their locations?,2
Are there any specific advanced modeling techniques that have shown promising results in detecting anomalies in wind turbine gearboxes?,2
How can data analysis and machine learning algorithms be used to predict and prevent insufficient lubrication in wind turbine gearboxes?,2
"Can you explain how false positives and false negatives in the anomaly detection model can be minimized, and what potential consequences of these errors should be mitigated?",2
How can machine learning algorithms and predictive models enhance the accuracy and efficiency of anomaly detection in wind turbine gearbox sensor data?,2
Can you provide more details on how condition monitoring is used to detect potential failures in wind turbine gearboxes?,2
Can you provide any data or case studies on the costs and benefits of different wind turbine gearbox maintenance strategies?,2
How is the sensor data analyzed to detect potential issues in wind turbine gearboxes?,2
What are the specific consequences of a catastrophic failure of a wind turbine gearbox?,2
Are there any specific types of lubricating oil that are more resistant to degradation caused by temperature and humidity?,2
"Are there any specific industry standards or guidelines for addressing sensor data noise or interference in wind turbine gearbox systems, and how can they be implemented in practice?",2
Can you explain how the severity of wear in wind turbine gearboxes can be affected by the operating conditions?,2
How do safety implications and downtime required to repair the failure mode factor into the severity rating?,2
"Can you explain the importance of regular oil sampling and analysis, and how it can help detect potential issues with the gearbox?",1
Are there any specific tools or technologies that can be used to detect potential issues in the gearbox early?,2
"What are the consequences of not addressing potential issues identified through these techniques, and how can a proactive maintenance approach prevent these consequences?",2
Can you provide more information on the best practices for preventive maintenance to prevent wind turbine gearbox failures?,1
How can remote monitoring and diagnostics be integrated with other systems to improve the overall efficiency of wind turbines?,2
Can anomaly detection models provide real-time alerts for potential issues in wind turbine gearboxes?,2
How can the FMEA process be integrated with other reliability analysis techniques to enhance the overall reliability of wind turbine systems?,2
What quality standards are commonly considered in the wind energy industry for gearbox design and operation?,1
What are the most common catastrophic failure modes in wind turbine gearboxes?,2
Can you provide an example of how machine learning and artificial intelligence have been used in wind turbine gearbox predictive maintenance?,2
Can you provide examples of specific model selection techniques used in predictive maintenance for wind turbine gearboxes?,2
What are the specific maintenance or repair actions that can be taken based on the sensor data to prevent failures?,2
What are the best practices for implementing and integrating the anomaly detection model into the wind energy system?,2
"How can data transparency be ensured when collecting, storing, analyzing, and using wind turbine gearbox sensor data?",2
How does vibration analysis help detect gear tooth wear and bearing failure?,2
Are there any regional or international differences in the implementation or interpretation of these standards and guidelines for wind turbine gearbox monitoring and maintenance?,2
Can you explain the relationship between increased vibration levels and the different types of gearbox failures?,2
Can you provide examples of how data from condition monitoring methods is analyzed to assess the severity of issues and prioritize maintenance activities?,2
Can you discuss the role of collaboration between data scientists and subject matter experts in developing an effective anomaly detection model for wind turbine gearboxes?,2
"How can the data from the anomaly detection model be used to improve the design and manufacturing of wind turbine gearboxes, and prevent the occurrence of anomalies in the first place?",2
What are the challenges in implementing sensor-based maintenance for wind turbine gearboxes?,2
How can wind farm operators balance the cost of preventive maintenance measures with the potential impact of gearbox failures on energy production and maintenance costs?,2
"How is the historical data used to train the anomaly detection model, and what types of data are most useful for this purpose?",2
What are the best practices for installing and maintaining sensors in wind turbine gearbox systems to minimize the potential for sensor data noise or interference?,2
"What are the potential challenges in implementing the proposed maintenance program, and how can they be addressed?",2
How can power curve analysis help in predicting catastrophic failures in wind turbine gearboxes?,2
Are there any specific types of sensor data that are more important than others in detecting and predicting failures in wind turbine gearboxes?,2
"What are the typical thresholds for high wind speeds, imbalanced rotors, and gear mesh misalignment that can lead to high loads in wind turbine gearboxes?",2
What role does explainability play in the development and deployment of wind turbine gearbox predictive maintenance systems?,2
How frequently should temperature monitoring be performed to ensure early detection of anomalies in the wind turbine gearbox?,2
"Can you provide more details on the failure codes (LUB, CON, WER, COR, FAT) and degradation mechanisms (AW, ADW, SF, COR, ERO) associated with insufficient lubrication and contamination in wind turbine gearboxes?",2
What are the best practices for ensuring the availability and quality of sensor data for building an effective anomaly detection model?,2
What are the specific types of sensors used to collect data on wind turbine gearbox performance?,2
"What are the key factors to consider when developing proactive maintenance strategies for wind turbine gearboxes, such as condition-based, predictive, and preventive maintenance?",2
How can operating conditions and maintenance practices impact the severity and detectability of failure modes in wind turbine gearboxes?,2
How is the effectiveness of the anomaly detection algorithms monitored and evaluated over time?,2
How is the data from vibration sensors processed and analyzed to detect and diagnose failure modes in wind turbine gearboxes?,2
Could you provide more information on the specific failure codes associated with each failure mode?,2
"Are there any specific environmental factors, such as dust or salt, that can affect the performance and longevity of wind turbine gearboxes and the sensors used to monitor them?",2
How can the proposed maintenance program be scaled up to monitor large wind farms with multiple wind turbine gearboxes?,2
Are there any specific brands or models of wind turbines that are more compatible with ESA?,2
"How does the anomaly detection model ensure the privacy and security of the monitored data, especially when it is transmitted or stored in a networked or cloud-based environment?",2
How can advanced materials be used to increase the reliability and performance of wind turbine gearboxes?,2
What are the most common types of sensors used for wind turbine gearbox anomaly detection and what are their advantages?,2
Can you explain the impact of not performing regular monitoring and analysis of the sensor data on the wind turbine gearbox performance and maintenance costs?,1
"How does damage to bearings manifest in sensor data, such as vibration, temperature, and acoustic emissions?",2
What are the recommended practices for prompt replacement of the lubricant in a wind turbine gearbox?,2
How can we ensure that the machine learning models for wind turbine gearbox anomaly detection are robust and generalizable to different turbine types and operating conditions?,2
"What specific failure codes are most commonly associated with wind turbine gearbox components, and what are their typical causes?",2
How can machine learning and artificial intelligence techniques be used to improve the accuracy of wind turbine gearbox failure prediction models?,2
How is the data being collected and analyzed to optimize wind turbine performance?,2
Can you provide examples of maintenance activities that can be scheduled based on the insights from a condition monitoring program?,2
"Can you explain the process of visual inspection for wind turbine gearboxes, and what components are typically inspected?",1
What are the common challenges in implementing a continuous and iterative process for updating the anomaly model?,2
How can the data on wind turbine gearbox failures be used to prioritize areas for improvement in the design and manufacturing processes?,2
"What are the specific benefits of early detection of wind turbine gearbox failures, and how can we quantify these benefits?",2
How can regular inspections and maintenance help in detecting and preventing the failure modes?,2
How can the design and configuration of the wind turbine gearbox be optimized to minimize its failure modes and effects analysis?,2
"How can changes in power output be used to detect mechanical wear, lubrication problems, or other faults in wind turbine gearboxes?",1
"What are the challenges associated with transferring the anomaly detection model for wind turbine gearbox performance to different turbine models or operating conditions, and how can these be addressed?",2
Can you provide any examples of catastrophic damage caused by wind turbine gearbox housing failure?,2
Can you provide more information on how timely detection and addressing of anomalies can prevent major issues in the wind turbine gearbox?,2
Are there any new technologies or advancements in the field of corrosion prevention for wind turbine gearboxes?,2
What are the common causes of wind turbine gearbox anomalies that the anomaly detection model should focus on?,2
How is the data collected from these sensors analyzed and what tools or techniques are used for analyzing this data?,2
What measures can be taken to ensure the quality and relevance of historical data used for building an anomaly detection system for wind turbine gearboxes?,1
"How can a failure modes and effects analysis (FMEA) be used to identify potential failure modes, causes, severity, and detectability in the wind turbine gearbox?",2
What are the common degradation mechanisms and failure codes for wind turbine gearboxes and how can they be prevented?,2
What are the specific types of sensor data that are most relevant for predicting wind turbine gearbox failures?,2
"How do the external factors impact different types of wind turbine gearboxes, such as those used in onshore and offshore wind farms?",1
How often should we perform regular inspections and lubricant changes to ensure the wind turbine gearbox operates within the recommended temperature range?,2
What specific sensor data can be used to detect and diagnose emerging anomalies in wind turbine gearboxes?,2
Can you provide more details on the industry best practices used in setting up condition monitoring systems for wind turbine gearboxes?,2
"What are the future trends in computational resources for wind turbine gearbox anomaly detection, and what opportunities do they present for wind farm operators?",2
"How can regular visual inspections help in tracking the gearbox's performance over time, identifying trends, and making data-driven decisions about maintenance and repair?",2
"Can you provide examples of high severity failure modes in wind turbine gearboxes, and what measures have been taken to prevent or mitigate their impact?",2
"How is the current FMEA model used for predicting and preventing failures, and how is it being improved?",2
What are the most promising machine learning algorithms and techniques for detecting and predicting wind turbine gearbox failures?,2
How does insufficient lubrication impact the performance and lifespan of the wind turbine gearbox?,2
"What are the typical temperature ranges for wind turbine gearbox components during operation, and how do these ranges vary between different types of gearboxes?",2
What are the specific reporting requirements that must be considered to ensure safe and efficient operation of the wind turbine gearbox?,1
What are the specific vibration levels or patterns that could indicate potential issues in the wind turbine gearboxes?,2
How can the data scientist use the common language and framework provided by the wind industry standards to analyze and interpret the data related to wind turbine gearbox failures?,2
"What are the best practices for implementing a sensor data-driven failure prediction system for wind turbine gearboxes, and what are the key challenges and limitations of such a system?",2
How do predictive maintenance models determine the optimal maintenance schedule for wind turbine gearboxes?,2
"How do environmental factors, such as temperature and humidity, affect vibration analysis results for wind turbine gearboxes?",2
What are the best practices for installing and calibrating temperature sensors in wind turbine gearboxes?,2
Can the anomaly detection model predict the remaining useful life of a wind turbine gearbox based on the potential failures?,2
Are there any potential drawbacks or limitations of using ESA as a predictive maintenance tool for wind turbine gearboxes?,2
Are there any industry standards or best practices for dealing with noise or interference in sensor data from wind turbine gearboxes?,1
Are there any specific types of load monitoring that are more effective in detecting potential failures in wind turbine gearboxes?,2
Can you provide examples of severe failure modes in wind turbine gearboxes and the consequences of not addressing them promptly?,2
Can you explain how condition monitoring systems contribute to the early detection of wind turbine gearbox failures?,2
How can a well-designed anomaly model optimize maintenance schedules for wind turbine gearboxes?,2
What specific supply chain issues can lead to substandard components in wind turbine gearboxes?,2
How often should the lubricating oil's condition be monitored in wind turbine gearboxes to ensure early detection of issues?,2
Can you provide any examples of specific issues detected early through operational data monitoring that led to reduced downtime and increased efficiency in wind turbine gearboxes?,2
What are the specific temperature and humidity ranges that can have the most significant impact on sensor performance in wind turbine gearboxes?,2
How do we ensure that the data preprocessing is reproducible and scalable for future use?,2
What are the common sensor readings that are monitored in both onshore and offshore wind turbines for predictive maintenance?,2
What specific environmental factors have the most significant impact on wind turbine gearbox failures?,2
"How frequently can we expect to receive updates to the sensor data, and how will that impact the development and testing timeline?",2
How does continuous monitoring of wind turbine gearboxes lead to improved maintenance planning and increased asset lifespan?,2
"How can the impact of inadequate maintenance on wind turbine gearbox failure be quantified, and what are the most common maintenance practices that can lead to failures?",2
Can you provide any specific case studies or examples where these sensors have helped in detecting potential issues in wind turbine gearboxes and preventing failures?,2
What are the specific factors that should be considered when selecting a maintenance practice for wind turbine gearboxes?,2
How can wind farm operators prioritize these measures effectively to prevent failures and ensure the reliable operation of their wind turbines?,2
What are the most common bearing failures in wind turbine gearboxes and what are their causes?,2
How can we ensure that the implemented models are robust and can handle the complexity of wind turbine gearboxes?,2
"How can wind farm operators monitor temperature and humidity levels in wind turbine gearboxes, and what monitoring systems are currently available in the market?",2
"How does the anomaly detection model account for the differences in vibration patterns between the various components of the wind turbine gearbox, such as gears, bearings, and shafts?",2
How can training programs be optimized to ensure that all stakeholders have a clear understanding of wind turbine gearbox performance metrics and maintenance best practices?,2
"How can data-driven insights from sensor-based monitoring be communicated effectively to stakeholders, such as wind farm operators and maintenance personnel?",2
"What are the challenges in implementing data imputation, noise reduction, calibration, monitoring, and validation techniques for wind turbine gearbox sensor data?",2
"Are there any specific challenges or limitations in building an anomaly detection model for wind turbine gearboxes, and how can these be addressed?",2
How can the use of high-quality materials and lubricants prevent catastrophic failures in wind turbine gearboxes?,2
How do regular inspections and condition monitoring systems help reduce downtime and maintenance costs in wind energy systems?,2
What methods can be used to detect and monitor degradation mechanisms in real-time?,2
"How could we incorporate expert knowledge, such as historical data or manufacturer guidelines, into the anomaly detection model?",2
What are the best practices for monitoring current and power measurements in wind turbine gearboxes to ensure their optimal performance and longevity?,2
Can you explain the process of establishing thresholds for vibration data analysis in wind turbine gearboxes?,2
What is the significance of monitoring current draw in wind turbine gearboxes?,2
"Can you explain the consequences of a catastrophic failure in a wind turbine gearbox, and how can it impact the overall performance of the wind turbine?",2
Can you provide guidance on establishing the desired false positive and false negative rates for the anomaly detection model?,2
"What are the potential consequences of gearbox failures, such as downtime, repair costs, and safety risks, and how can they be minimized through predictive maintenance strategies?",2
What are the recommended methods for validating and verifying the effectiveness of selected data collection frequencies and patterns in wind turbine gearbox monitoring?,1
How can the system minimize the effects of higher latency and lower bandwidth in wireless connectivity options for wind turbine gearbox anomaly detection systems?,2
Can you provide examples of cost-benefit analyses that we should consider when implementing proactive maintenance strategies for wind turbine gearboxes?,2
What are the specific maintenance practices that can prevent thermal degradation in wind turbine gearboxes?,2
"What are the common causes of gear tooth pitting or cracking, bearing failure, shaft failure, and gearbox housing deformation in wind turbine gearboxes?",2
Are there any specific regulations or policies that influence the work of these organizations in the field of wind turbine gearbox sensor data analysis and anomaly detection?,2
"What are the most common degradation mechanisms and failure modes in wind turbine gearboxes, and how can they be identified through sensor data analysis?",2
What are the specific indicators of gear tooth pitting and bearing spalling in the context of wind turbine gearboxes?,2
What are the key performance indicators (KPIs) that can be used to evaluate the effectiveness of the predictive maintenance models and the overall maintenance program?,2
How do time series analysis techniques help in identifying anomalies in wind turbine gearbox data?,2
How can wind farm operators ensure that their maintenance practices are in compliance with any relevant regulations and industry standards?,2
How is the rotor speed or wind speed data collected and used in power curve analysis?,2
Can you provide any case studies or examples of wind turbine gearboxes that have experienced issues with sensor data noise or interference?,2
Can you provide examples of specific anomalies or potential failures that can be detected through wind turbine gearbox monitoring?,2
Can you provide examples of predictive models that have been successful in detecting and predicting failures in wind turbine gearboxes?,2
"Are there any potential applications or benefits of wind turbine gearbox sensor data analysis and anomaly detection beyond predicting and preventing degradation, such as improving energy efficiency or reducing maintenance costs?",1
Can vibration analysis and oil analysis be used together to detect and diagnose vibration-related failures in wind turbine gearboxes?,2
Can you explain how the condition monitoring system can help improve the reliability of the wind turbine gearbox?,2
How can the anomaly model be refined based on feedback from real-time sensor data?,2
"Are there any other unsupervised learning algorithms, besides clustering, autoencoders, and isolation forests, that are suitable for anomaly detection in wind turbine gearboxes?",2
How can data analysis be used to improve communication and collaboration between different stakeholders involved in wind turbine gearbox design and manufacturing processes?,2
How do the severity and detectability ratings of different types of anomalies in wind turbine gearboxes impact the choice of anomaly detection techniques?,2
"How does the severity of failure modes in wind turbine gearboxes range, from minor degradation to catastrophic failure, and what are the key indicators of each stage?",2
"What are the key challenges in collecting and analyzing data related to wind turbine gearbox failures, and how can they be addressed?",2
Can you provide any examples of real-world applications where effective preprocessing of wind turbine gearbox sensor data has led to significant improvements in anomaly detection and predictive maintenance?,2
What are the specific maintenance and repair actions that can be taken when anomalies are detected early?,2
"How do the different types of bearing failure occur, and what are the consequences of each type of failure?",1
"What are the typical symptoms of gear tooth pitting, and how can it be detected through vibration analysis?",2
How can we ensure the quality and consistency of the sensor data for machine learning analysis?,2
What specific tools or techniques are used to measure and analyze wind turbine gearbox vibrations to detect failure modes?,2
What are the consequences of not monitoring wind turbine gearbox health and performance?,2
Can you provide any specific examples of foreign particle ingress incidents in wind turbine gearboxes and how they were addressed?,2
"How does the model account for the potential uncertainty in the imputed data values, and how is this uncertainty propagated through the failure modes and effects analysis (FMEA)?",2
How can regular temperature monitoring of the gearbox and its components help in detecting insufficient lubrication?,2
How can considering multiple sources of data improve the accuracy of detecting and quantifying anomalies in wind turbine gearbox sensor data?,2
Can you provide examples of specific failure modes and degradation mechanisms associated with wind turbine gearboxes?,2
"How does the specific design, operating conditions, and maintenance practices of a wind turbine gearbox affect the severity of the failure mode caused by contamination of the lubricating oil?",2
"Can anomaly models be used to monitor other components of wind turbines, such as blades or generators, and how do they compare to other monitoring techniques?",1
How does the model handle the variability in the behavior of wind turbine gearboxes over time?,2
What are the common causes of gear tooth pitting and spalling in wind turbine gearboxes?,2
How can collaboration with local experts and regulatory bodies be facilitated to ensure the anomaly detection model meets all relevant requirements?,2
"What are the most common causes of impact loading in wind turbine gearboxes, and how can this type of loading be minimized?",2
Can you provide examples of wind turbine gearbox failures that could have been prevented through sensor-based monitoring?,2
What are the consequences of not addressing potential failures in wind turbine gearboxes in a timely manner?,2
Can you explain the importance of preventive maintenance measures in preventing wind turbine gearbox failures?,1
Can you provide examples of responsible data sharing in the context of wind turbine gearbox sensor data?,2
Can you provide examples of how identifying the root cause of anomalies can prevent wind turbine gearbox failures?,2
"What are the specific oil degradation parameters, such as viscosity and acidity, that are affected by oxidation and chemical breakdown?",2
"Can you explain the advantages and disadvantages of using mean, median, or mode imputation for handling missing values in the wind turbine gearbox sensor data?",2
How is the FEA simulation conducted to ensure accurate representation of loads and stresses?,2
Can you explain more about the data preprocessing techniques used to account for noise and interference in wind turbine gearbox sensor data?,2
What are the consequences of not detecting and preventing contamination in wind turbine gearboxes?,2
"Can you provide more information on the continuous monitoring and updating of the model, and how it can help address the dynamic operating conditions of wind turbine gearboxes?",2
Can you explain more about the data analysis techniques that can be used to identify and remove outliers or anomalies in sensor data from wind turbine gearboxes?,2
How does analyzing vibration data in real-time help in detecting potential failures early in wind turbine gearboxes?,2
Can you provide more details on how time series analysis is used to identify trends and patterns in wind turbine gearbox performance data?,2
How do operational experiences of technicians and engineers contribute to identifying changes in normal operating conditions for wind turbine gearbox components?,2
How can regular inspections and lubricant analysis help in detecting and preventing gearbox degradation?,2
What specific manufacturer guidelines should be followed to ensure proper installation of wind turbine gearboxes?,2
What are the consequences of wind turbine gearbox failures if not addressed promptly?,2
"Can anomaly models be used to monitor all types of wind turbines, regardless of their size or manufacturer?",2
How is the timely maintenance and repair carried out based on the sensor data analysis?,1
How can a comprehensive and integrative approach to developing an effective anomaly detection model for wind turbine gearboxes be implemented in practice?,2
What are the specific components of a wind turbine gearbox that are most prone to failures and require regular monitoring?,2
What are the most common causes of wind turbine gearbox failure and how can condition monitoring techniques help prevent them?,2
What are the potential consequences of not adhering to industry standards and best practices for wind turbine gearboxes?,2
"How often should a regular maintenance schedule be implemented for a wind turbine gearbox, considering the severity of potential failures?",2
"How is the performance of the anomaly detection model evaluated, and what metrics are used to assess its accuracy and sensitivity?",2
"How can the insights gained from integrated sensor, weather, and operational data be used to optimize wind turbine performance?",1
"What are the benefits of implementing a preventive maintenance program for wind turbine gearboxes, and what are the typical maintenance activities involved?",2
How is the data for power curve analysis collected and processed?,2
Can you provide examples of specific failures that can be prevented through predictive maintenance in wind turbine gearboxes?,2
Can you explain the process of selecting which sensor data to use in developing machine learning models for predictive maintenance?,2
"How can regular inspections and condition monitoring help prevent failures in wind turbine gearboxes, and what specific techniques are most effective?",2
"How can the sensor data be used to optimize the gearboxes' design, and what are some examples of modifications that have been made based on this data?",2
"Can you provide any examples of catastrophic failures caused by electrical overloading, voltage fluctuations, or frequency variations in wind turbine gearboxes?",2
Can you provide any case studies or examples of successful OEE improvement in wind turbine gearboxes?,2
How do severity and detectability ratings impact the choice of maintenance and monitoring tools for wind turbine gearboxes?,2
"How do wind turbine gearbox sensors compare to other condition monitoring techniques, such as visual inspection or thermography?",2
"What are the specific types of sensors used for vibration, acoustic, temperature, and oil debris monitoring in wind turbine gearboxes?",2
How frequently should sensor data be analyzed for optimal performance of wind turbine gearboxes?,2
How do the age and usage of a wind turbine gearbox affect the likelihood of failure?,2
Can you explain the role of regular updates and revisions to the industry standards and guidelines in ensuring the accuracy and effectiveness of wind turbine gearbox sensor data analysis and anomaly detection?,2
"How do operating conditions, maintenance practices, and environmental factors affect the degradation mechanisms of wind turbine gearboxes?",2
What are the recommended calibration intervals for different types of sensors used in wind turbine gearboxes?,2
"What are the recommended corrective actions to be taken when tooth damage, bearing wear, or lubrication problems are detected through oil analysis?",2
"Can you explain the process of data cleaning and preprocessing in more detail, and what are the most common techniques used to remove noise and outliers?",2
"How are the performance and effectiveness of the data visualization and exploration techniques evaluated, and how are they improved over time?",2
"How does lubrication oil analysis help in detecting early-stage gearbox failure, and what specific changes in the oil's properties should we look out for?",2
"What are the key factors that contribute to wind turbine gearbox failures, and how can these failures be prevented through effective maintenance practices?",2
How do the detectability and severity of degradation mechanisms in wind turbine gearboxes impact maintenance and repair costs?,2
How can preventive maintenance help in detecting and correcting misalignment before it leads to failure?,2
"What are the potential consequences of not addressing wind turbine gearbox failures, and how can the anomaly detection model help prevent these consequences?",2
"What are the potential consequences of undetected anomalies in wind turbine gearboxes, and how can an effective anomaly detection model help prevent them?",2
Can you provide an example of how the ISO 14242 standard has been used in a real-world wind farm to improve the safety and reliability of the wind turbine gearboxes?,2
How does optimizing performance and reducing maintenance costs contribute to the overall availability of wind turbine components?,2
"Can you explain the process of setting up a sensor monitoring system for wind turbines, including the calibration and maintenance requirements?",2
"Can AE sensors be used to monitor the health of other types of industrial machinery, such as generators or compressors?",2
What strategies are employed for training and validating the predictive models using the collected data to ensure their generalizability and accuracy?,2
Can on-premises deployment be used in conjunction with cloud-based solutions for added security in wind turbine gearbox anomaly detection models?,2
What are the common causes of wind turbine gearbox failures?,1
How often should the sensor data be monitored and analyzed for identifying unusual patterns?,2
Can you provide any specific examples of how early detection of failure modes has helped prevent catastrophic failures in wind turbine gearboxes?,2
How can machine learning algorithms be used to develop an anomaly detection model for wind turbine gearboxes?,2
How can domain-specific knowledge be integrated into the time series analysis process to improve the accuracy and reliability of predictions?,2
What types of sensors are commonly used in wind turbine gearbox monitoring systems and what parameters do they measure?,2
"How does the model handle the variability in wind turbine gearbox designs and operating conditions, and what measures are taken to ensure the model's generalizability?",2
"What are the specific steps involved in conducting a root cause analysis, such as FMEA, event tree analysis, or fault tree analysis, for a potential anomaly in a wind turbine gearbox?",2
"How do wind turbine gearbox efficiency and reliability compare to other types of power generation systems, such as fossil fuel or nuclear power plants?",2
"How do oil condition sensors, such as viscometers, particle counters, and spectrometers, help in monitoring the condition of the oil in the wind turbine gearbox, and what are the specific oil properties that should be monitored?",2
"How are the alerts generated by the anomaly detection models communicated to the wind farm operators, and how are they expected to respond?",2
What specific sensors are used to monitor the condition of the lubricant in a wind turbine gearbox?,2
How can root cause analysis be used to identify components prone to failure or degradation in wind turbine gearboxes?,2
How can monitoring and maintenance strategies be optimized based on the understanding of the factors contributing to wind turbine gearbox failures due to gear tooth pitting and spalling?,2
How does the AUC value change when different anomaly detection models are used for wind turbine gearboxes?,2
How do predictive maintenance strategies differ from traditional reactive maintenance approaches in wind turbine gearbox maintenance?,2
Can you provide examples of specific rules that can be defined based on domain knowledge and operational expertise to detect anomalies caused by external factors in wind turbine gearboxes?,2
Can you provide any specific examples of how adhering to these safety standards can lead to early detection and prevention of failures in wind turbine gearboxes?,2
How does the anomaly model alert the maintenance team about the potential failures?,2
Can you provide examples of the consequences of wind turbine gearbox failure and how they are used to determine the severity?,2
What measures can be taken to ensure continuous monitoring of wind turbine gearboxes without interruptions?,2
"What are the key performance metrics that should be continuously monitored for wind turbine gearboxes, and why are they important?",2
Can you provide any examples of catastrophic failures in wind turbine gearboxes and how they could have been prevented through early detection and effective condition monitoring?,2
How do machine learning algorithms identify early-stage degradation in wind turbine gearboxes?,2
What are the potential consequences of not accounting for environmental factors in the anomaly detection model for wind turbine gearboxes?,2
Can the oil quality sensors provide information about the type of wear occurring in the gearbox components?,2
Can you explain the process of signal processing techniques used to extract relevant features and characteristics from the sensor signals for gearbox fault detection and diagnosis?,2
What are the common techniques for feature engineering in wind turbine gearbox anomaly detection?,2
How can data scientists and subject matter experts collaborate to develop predictive maintenance strategies for wind turbine gearboxes?,1
"What are the benefits of using anomaly detection libraries like PyOD, and what pre-built algorithms and tools do they provide for anomaly detection?",2
"How do regular inspections, testing, lubrication, and component replacement help detect and address potential failures in wind turbine gearboxes?",2
How does insufficient lubrication contribute to wind turbine gearbox failures?,2
"How can following OEM recommendations for specific wind turbine models contribute to effective gearbox monitoring and maintenance, and how do these recommendations align with the IEC standards?",2
Can you provide any case studies or examples of successful implementation of sensor data analysis and anomaly detection in wind turbine gearboxes?,2
How can the sensor data be used to detect overloading of the wind turbine gearbox and prevent it from exceeding its design limits?,2
How can data analysis be used to optimize the performance of wind turbine gearboxes and minimize the risk of failure?,2
Are there any specific features or data points that you think are crucial to be included in the model for predicting wind turbine gearbox failures?,2
What are the specific types of machine learning models that are most suitable for predicting wind turbine gearbox failures?,2
How does early detection of potential issues in wind turbine gearboxes improve the overall performance and reliability of the wind turbine?,2
What specific oil analysis methods can be used to detect changes in the viscosity and other properties of the lubricant due to low temperatures?,2
How do SCADA systems and condition monitoring systems differ in their approach to monitoring wind turbine gearboxes?,2
Are there any specific data integration techniques that are recommended when building an anomaly detection model for wind turbine gearbox sensor data?,2
How can the selected sensors and data analysis techniques be optimized to ensure early detection and prevention of wind turbine gearbox failures?,2
"Can you explain how varying loads, up to 20 times the rated load, affect the gearboxes and contribute to distinct failure modes?",2
Can you explain the specific types of sensors used in wind turbine gearbox monitoring and what parameters they measure?,1
How can we determine an appropriate time horizon for evaluating the ROI of the anomaly detection model?,2
Can you explain how the failure modes are determined for the wind turbine gearbox?,2
"How can the use of condition monitoring technologies, such as vibration analysis and thermography, be optimized for wind turbine gearbox maintenance?",1
"Are there any external factors, such as weather conditions, that could impact the performance of the wind turbine gearbox and should be considered in the anomaly model?",0
Can you provide more information on the causes and effects of housing cracking in wind turbine gearboxes?,1
How are potential failures identified and prioritized in the sensor data analysis process?,2
How can the data collected from wind turbine gearboxes be used to identify opportunities for improvement in gearbox design or manufacturing?,2
What are the key performance indicators used to measure the effectiveness of real-time anomaly detection and condition-based maintenance systems?,2
Can you provide more details on the common failure modes found in wind turbine gearboxes and their root causes?,2
Is there a specific performance metric or evaluation method that should be used to assess the accuracy and effectiveness of the anomaly model?,0
"How often are these sensors typically monitored, and is there a system in place to alert maintenance personnel when abnormalities are detected?",2
How can the organization ensure the accessibility of real-time alerts for timely action to address detected anomalies in wind turbine gearboxes?,2
How can we ensure continuous improvement of the anomaly detection system for wind turbine gearboxes?,2
What are the potential limitations of using low-pass filters for noise reduction in wind turbine gearbox sensor data?,2
How is statistical analysis used in wind turbine gearbox monitoring and what are its benefits?,2
What measures can be taken to prevent failures and reduce downtime based on the analysis of wind turbine gearbox failure data?,2
"What types of foreign particles typically cause contamination in wind turbine gearboxes, and how can it be prevented?",2
"What are the best monitoring techniques for detecting and preventing gearbox failure, and how can they be integrated into a comprehensive maintenance program?",1
How can data analytics and machine learning techniques be used to predict and prevent GSWS failure mode in wind turbine gearboxes?,2
How can predicted failures be compared to actual failures to validate and refine the predictive models?,2
Can you explain how employee training is conducted and what topics are covered to ensure a secure and responsible use of sensor data?,2
How can insufficient lubrication be detected and prevented in wind turbine gearboxes?,2
What are the best practices for integrating historical data analysis with domain knowledge to develop an effective anomaly detection system for wind turbine gearboxes?,1
How can operators balance the cost of implementing a sensor monitoring system with the potential benefits of reduced downtime and maintenance costs?,2
How can RMSE be used to compare the performance of different anomaly detection models for the wind turbine gearbox?,2
"How can we assess the robustness of the anomaly detection model against noisy or incomplete data, which may be common in real-world operating conditions?",2
What are the specific components in a wind turbine gearbox that are most susceptible to wear and degradation from overheating?,2
How can data analytics and machine learning techniques be used to improve the accuracy and effectiveness of wind turbine gearbox failure prediction and prevention?,2
"Are there any limitations or drawbacks to using AE analysis in wind turbine gearboxes, and how can they be addressed?",2
How can legal and regulatory compliance be maintained when sharing wind turbine gearbox sensor data with external parties?,2
Can you provide examples of machine learning models that have been successfully used for predicting failures in wind turbine gearboxes?,2
How do you measure the impact of gearbox failure rate and MTBF on the overall efficiency and profitability of wind energy generation?,2
"Are there any specific challenges or considerations when designing wind turbine gearboxes for compliance with international regulations, such as IEC and ISO standards?",2
"Can you explain the difference between scheduled, condition-based, and predictive maintenance practices for wind turbine gearboxes?",1
What are the most common types of bearing damage in wind turbine gearboxes and how can they be detected through sensor data analysis?,2
Can you discuss any potential limitations or challenges in using these evaluation methods for the anomaly detection model?,2
"What are the specific safety risks associated with each level of failure mode, and how can they be mitigated?",2
How can we ensure the reliability and accuracy of the anomaly detection model in wind turbine gearbox applications?,1
Can the model be integrated with other existing systems or tools for predictive maintenance and repair?,2
"How do vibration, temperature, and acoustic emission sensors measure the condition of wind turbine gearboxes?",2
"How do sensors measure the load to ensure it does not exceed a safe threshold, and what are the specific safe load limits for the wind turbine gearbox?",2
What specific SCADA systems have been commonly used for wind turbine gearbox anomaly model development?,2
"Are there any specific oil analysis tests or parameters that are recommended after major maintenance activities, such as gearbox rebuild or repair?",2
"Can you provide more details on the load and speed ranges of the wind turbine gearbox, and how they impact the failure modes and causes?",2
How do maintenance engineers determine the appropriate action to take based on the severity of the alert generated by CMS?,2
How does sensor-based predictive maintenance reduce the risk of catastrophic failures in wind turbine gearboxes?,2
"What are the potential consequences of not detecting anomalies in wind turbine gearboxes, and how can the anomaly detection model help prevent them?",2
"How is the performance of the anomaly detection system continuously monitored, and what are the key metrics used for this purpose?",2
Are there any regulatory or industry-specific guidelines for monitoring and maintaining wind turbine gearboxes that should be taken into account when developing the anomaly detection model?,2
"Can anomaly models be used to detect anomalies in other renewable energy systems, such as solar panels or batteries?",2
How can the anomaly model be integrated with other wind turbine control and monitoring systems?,2
"How can remote monitoring be implemented to detect anomalies in wind turbine gearboxes, and what are the benefits of doing so?",2
What are the best practices for preparing sensor data for training an anomaly detection model for wind turbine gearbox sensor data?,2
How do the operating speeds and loads of the wind turbine impact the gear mesh forces and bearing loads?,2
How can the anomaly model be used to support the development of a proactive maintenance strategy for the wind turbine gearbox?,1
"How can the model be made robust to noise, variability, and uncertainty in the data?",2
Can you provide more information on the impact of housing cracking on load management in wind turbine gearboxes?,2
Can event-based data collection be used for other components of wind turbines or is it specific to gearboxes?,2
"Can you provide examples of the types of data that are typically collected for wind turbine gearboxes, and how are they used in maintenance practices?",2
How does cross-validation help improve the reliability of the sensor-based monitoring system for wind turbine gearboxes?,2
What are the specific environmental factors that can contribute to the thermal and chemical degradation of lubricants used in wind turbine gearboxes?,2
What are the best practices for implementing a condition-based monitoring system for wind turbine gearboxes using these methods?,2
Can you provide guidance on how to promote a culture of responsible data practices within the wind energy industry?,2
What specific types of sensors are commonly used to collect data for predicting wind turbine gearbox failure or degradation?,2
How can the severity of insufficient lubrication be quantified and prioritized in a maintenance program?,2
"How does precipitation, such as rain or snow, affect the wind turbine gearbox, and what sensors can be used to measure these effects?",2
How can adjusted gearbox geometry be determined based on sensor data analysis?,2
How are maintenance and inspection practices currently optimized using sensor data?,1
Can you discuss the impact of high wind speeds on wind turbine gearboxes and how it can be managed?,2
What specific types of anomaly models are commonly used in wind turbine gearbox sensor data analysis?,2
Can you explain the process of conducting an FMEA analysis for wind turbine gearboxes and how it helps in identifying potential failure modes?,2
"How does vibration in the wind turbine gearbox occur due to environmental factors, and what sensors can be used to measure vibration levels?",2
How can data be collected and analyzed to continuously improve the predictive maintenance strategies for wind turbine gearboxes?,2
How can condition monitoring systems be used to detect insufficient lubrication in wind turbine gearboxes?,2
Can you explain the process of measuring vibration levels and frequencies in wind turbine gearboxes?,2
"What measures can be taken to ensure the secure transfer of sensitive data from on-premises to other systems or parties, if necessary?",2
"Can you explain the methods used for preprocessing the sensor data, such as removing noise and normalizing it, and how this contributes to the accuracy of the predictive models?",2
"What types of sensors are typically used in a wind turbine gearbox condition monitoring program to collect data on temperature, vibration, acoustic emissions, and oil debris?",2
Can you explain the process of assigning severity and detectability ratings in the FMEA framework for the wind turbine gearbox?,2
"Can event-based data collection be used for other components in wind turbines, and not just the gearboxes?",2
How can data scientists work with subject matter experts to develop a comprehensive maintenance and inspection plan for wind turbine gearboxes?,2
How can the wind turbine gearbox sensor data be used to improve the overall efficiency and performance of the wind turbine system?,2
"How do environmental factors, such as dust, dirt, and humidity, impact the performance and reliability of onshore and offshore wind turbine gearboxes?",2
Can you provide any case studies or examples of wind farm operators who have successfully implemented real-time anomaly detection and condition-based maintenance in their operations?,2
Can you provide more details on how the initiation and growth of subsurface cracks in gear tooth pitting occur due to repeated cyclic loading?,2
What are the potential consequences of not considering the age and type of the wind turbine fleet when developing the anomaly detection model?,2
How can proper alignment of the gearbox components prevent contamination-related failures?,2
"What are the challenges of implementing a predictive maintenance strategy for wind turbine gearboxes, and how can they be addressed?",2
What specific design factors can lead to failure modes in wind turbine gearboxes?,2
What are the critical maintenance activities that can prevent degradation mechanisms in wind turbine gearboxes?,2
What is the recommended frequency for oil sampling and analysis in wind turbine gearboxes?,2
How often should the sensors be calibrated to ensure accurate readings?,1
How do we determine which features are most relevant for detecting specific types of faults in wind turbine gearboxes?,2
How are model validation and testing performed to ensure the accuracy and reliability of predictive maintenance models for wind turbine gearboxes?,2
"How can insufficient lubrication cause damage to the wind turbine gearbox, and what are the consequences of this damage?",1
Is the sensor data subject to any noise or interference that could affect the accuracy of the anomaly model?,0
How can the collected data be used to improve the design of wind turbine gearboxes in the future?,2
How can wind turbine gearbox monitoring systems help in reducing downtime and lowering repair costs?,2
"What are the most common causes of tooth bending fatigue and pitting fatigue in wind turbine gearboxes, and how can the anomaly detection model accurately identify these issues?",2
"Are there any industry standards or regulations related to wind turbine gearbox failure prevention and prediction, and how do they influence the FMEA process?",2
How does the organization ensure compliance with data protection regulations while using the wind turbine gearbox anomaly detection model?,2
Can you explain the role of model validation in wind turbine gearbox anomaly detection and how it helps to minimize the consequences of false positives and false negatives?,2
What specific manufacturing processes can lead to substandard components in wind turbine gearboxes?,2
Can you provide any case studies or examples of successful implementation of anomaly detection models in wind turbine gearboxes?,2
What are the specific types of precipitation that have the most significant impact on wind turbine gearboxes?,2
"How do time series analysis, clustering, and regression models differ in their approach to detecting anomalies in wind turbine gearbox sensor data?",2
"How do machine learning algorithms like regression models, artificial neural networks, and support vector machines differ in predicting the RUL of a wind turbine gearbox?",2
"Can you provide more details on how specific weather conditions, such as high winds and icing, contribute to the increased wear and tear on wind turbine gearboxes?",2
"What are the consequences of a wind turbine gearbox failure, and how can an anomaly detection model help prevent such failures?",2
"Can you explain how regular preventive maintenance, like inspections and lubrication, can help detect potential failures early and prevent catastrophic gearbox failures in wind turbines?",2
"How do you determine the most suitable predictive model for this application, taking into account factors like complexity, interpretability, and performance?",2
How is Overall Equipment Effectiveness (OEE) calculated and what factors contribute to its improvement?,1
"Are there any specific challenges or limitations in detecting and quantifying noise or interference in wind turbine gearbox sensor data, and how can they be addressed?",2
"In your experience, what are the most common challenges in setting sensor threshold values for wind turbine gearboxes, and how can they be addressed?",2
How do different types of sensors compare in terms of accuracy and reliability for monitoring wind turbine gearboxes?,2
Can you provide more details on the use of failure mode and effect analysis (FMEA) in wind turbine gearbox maintenance and what factors are considered in classifying the severity of failure modes?,2
"How can the impact of environmental factors, such as temperature and humidity, on wind turbine gearbox data be accounted for?",2
Are there any limitations or challenges in implementing ML algorithms and probabilistic models for wind turbine gearbox failure prediction compared to CMS and RUL prediction algorithms?,2
How effective are regular inspections and condition monitoring in detecting and preventing wind turbine gearbox failures?,2
What are the best practices for preventive maintenance to detect and prevent vibration-related failures in wind turbine gearboxes?,2
"How does drone technology reduce the need for manual inspections in wind turbine gearboxes, and what are the safety and efficiency gains associated with using drones?",2
How do machine learning methods differ from statistical methods in their approach to identifying anomalies in sensor data?,2
What are the current industry standards or best practices for wind turbine gearbox sensor data collection frequencies for anomaly detection?,2
"How can we ensure that the preprocessing of the sensor data is accurate, reliable, and relevant to the anomaly detection model for the wind turbine gearbox?",2
"What are the advantages and disadvantages of using statistical methods, distance-based methods, density-based methods, and neural networks for anomaly detection in wind turbine gearboxes?",2
What are the specific impacts of high humidity on wind turbine gearboxes and how does it contribute to failure modes such as rust and condensation?,2
How can the performance of predictive models for wind turbine gearbox maintenance be improved through machine learning and artificial intelligence techniques?,2
Can you provide examples of how advanced analytics and machine learning algorithms can be used in predictive maintenance for wind turbine gearboxes?,2
What are the key performance indicators that can be used to monitor the health of wind turbine gearboxes in the presence of wind shear?,2
How can the effectiveness of preventive maintenance measures for wind turbine gearbox overheating be evaluated and improved through data analysis?,2
Can you provide an example of a root cause analysis of a wind turbine gearbox failure?,2
How can the data scientist and subject matter expert work together to identify key performance indicators (KPIs) for monitoring wind turbine gearbox health and predicting potential failures?,2
"What are the common causes of oil leakage in wind turbine gearboxes, and how can they be prevented?",2
"How is the anomaly detection model evaluated for accuracy and reliability, and what are the most important metrics to consider?",2
"What are the most common causes of corrosion in wind turbine gearboxes, and how can they be prevented?",2
Can you provide examples of potential failures in wind turbine gearboxes that the anomaly detection model should aim to predict?,1
"Can you provide examples of the most common indicators of bearing failure, gear tooth failure, and contamination in the sensor data?",1
"How can we ensure that the model is scalable and adaptable to accommodate new turbine designs, technologies, or operational changes in the future?",2
What are the potential consequences of insufficient data connectivity and bandwidth on the accuracy and reliability of the wind turbine gearbox anomaly detection model?,2
"How do data normalization, transformation, and feature scaling improve data distribution?",2
How can the loose or damaged seals be detected and repaired to prevent oil leakage and contamination in wind turbine gearboxes?,2
What are the typical vibration level thresholds that indicate a potential issue in the gearbox?,2
Are there any regulations or standards that require monitoring power output data in wind turbine gearboxes for fault detection?,2
How is the severity and detectability of the failure determined during the RCA and how does it affect the maintenance actions taken?,2
How do different types of wind turbine fleets affect the failure modes and degradation mechanisms of the gearboxes?,2
"Can you provide any case studies or examples of successful implementation of wind turbine gearbox anomaly detection models using data analysis techniques, sensor selection, and interpretable machine learning algorithms?",2
How can domain knowledge from subject matter experts enhance the accuracy and reliability of anomaly models for wind turbine gearboxes?,2
"How does acoustic emission testing work in the context of wind turbine gearboxes, and what types of failures can it detect?",2
What are the recommended measures for reducing electromagnetic interference in wind turbine gearboxes?,2
"How do we ensure that the anomaly detection model is robust and reliable over time, and how do we maintain it?",2
"What are the best practices for monitoring and analyzing wind turbine gearbox health to ensure reliability, availability, and safety?",2
"How does time series analysis compare to other predictive maintenance approaches for wind turbine gearboxes, such as condition-based monitoring or reliability-centered maintenance?",2
What are the threshold values or conditions for these sensors that indicate a potential anomaly in the gearbox?,0
"How does temperature, as measured by the thermometers, affect the performance of the wind turbine gearboxes?",2
"How do wind turbine gearbox temperature sensors compare to other types of condition monitoring systems, like vibration analysis, in terms of effectiveness and reliability?",2
"How is the threshold for labeling data points as ""normal"" or ""abnormal"" determined in the context of wind turbine gearboxes?",2
Can you provide examples of specific anomalies that can be detected using real-time monitoring and data fusion techniques in wind turbine gearboxes?,2
Can you provide more details on how vibration analysis and temperature monitoring are performed using sensor data?,2
Can you provide any examples of data breaches in the wind energy industry and how they could have been prevented with proper data privacy and security measures?,2
"What are the recommended maintenance and monitoring practices for the anomaly detection model, and how often should they be performed?",2
"What are the consequences of not addressing wind turbine gearbox failures, and how can they impact the overall performance and efficiency of the wind turbine?",2
How does the FMEA account for the cumulative effects of multiple failure modes and their impact on the overall performance and reliability of the wind turbine gearbox?,2
"What are the challenges in monitoring wind turbine gearbox conditions using sensor data, and how can they be addressed?",2
How does improper lubrication management contribute to wear and tear in wind turbine gearboxes?,2
What are the key safety risks associated with wind turbine gearbox failures and how can they be mitigated?,2
"Are there any specific data quality issues, such as missing or erroneous data, that can affect the performance of the anomaly detection model and how can they be addressed?",2
What are the specific preventive maintenance measures that can be taken to prevent misalignment in wind turbine gearboxes?,2
How does the anomaly detection model take into account the specific design and operational characteristics of different wind turbine gearbox models and configurations?,2
What are the most common statistical techniques used to analyze wind turbine gearbox sensor data?,2
How can the results of time series analysis be used to inform maintenance schedules and improve the overall efficiency of wind turbine operations?,2
How can data from various KPIs be integrated and analyzed to provide a comprehensive view of the wind turbine gearbox's health and performance?,2
What are the challenges associated with retrofitting or upgrading existing wind turbine gearboxes to improve their reliability and longevity?,2
What are the advantages of using visual and endoscopic inspections in detecting wind turbine gearbox issues compared to other monitoring techniques?,2
Can you rank the failure modes based on their severity and detectability?,2
"How can the impact of external factors, such as weather conditions, be accounted for in the calculation and interpretation of OEE in wind energy?",2
"What are the specific data points that should be collected for wind turbine gearbox analysis, and how do they contribute to predictive maintenance strategies?",2
How can the use of substandard components significantly reduce the reliability of wind turbine gearboxes?,2
What types of sensor data are most important to monitor for anomalies in wind turbine gearboxes?,2
How does the type of gearbox used in wind turbines affect the choice of predictive maintenance techniques?,2
How do the failure modes in wind turbine gearboxes differ from those in other industrial gearboxes?,2
How do anomaly models help ensure a safer and more reliable energy infrastructure in wind energy systems?,2
In what ways does material degradation occur in wind turbine gearboxes and how does it lead to housing cracking?,2
What are the specific inspections and maintenance practices recommended to detect signs of wear and tear before failure in wind turbine gearboxes?,2
"What are the potential challenges in implementing such a model, and how can they be mitigated?",2
What are the key performance indicators to evaluate the effectiveness of an anomaly model in wind turbine gearbox maintenance?,2
How does a failure reporting and corrective action system (FRACAS) help in tracking and trending failures in wind turbine gearboxes?,2
How do wind turbine OEMs and third-party service providers incorporate the recommended data collection frequency into their maintenance and service offerings?,2
How can edge computing improve response times and system efficiency in wind turbine gearbox predictive maintenance?,2
"How do the different types of ML algorithms, such as ANN, SVM, and RF, compare in terms of their performance in wind turbine gearbox failure prediction?",2
Can you provide more details on the specific components of wind turbine gearboxes that are most prone to failure and require monitoring?,2
How does the trending of oil analysis results over time help in detecting abnormalities in wind turbine gearboxes?,2
How do the different types of lubricants affect the degradation of wind turbine gearboxes?,2
Can you explain the significance of different metals detected through spectrochemical analysis in lubrication oil?,2
"How does anonymization differ from pseudonymization, and when is it appropriate to use one over the other?",2
What are the specific OSHA regulations and AWEA guidelines that should be followed for wind turbine gearbox maintenance and safety?,2
"Can you provide examples of real-world use cases where anomaly detection models have been successfully implemented in wind turbine gearboxes, and what were the key success factors and challenges in these cases?",2
Are there any specific regulatory bodies that we should consult with regarding the development and deployment of the anomaly detection model?,2
How do you recommend addressing any issues that are identified during the evaluation of a wind turbine gearbox preventive maintenance program?,2
Can you provide more information on the types of preventive maintenance practices that are most effective in identifying and addressing potential issues with wind turbine gearboxes before they become more serious?,2
How does insufficient lubrication contribute to the failure modes of wind turbine gearboxes?,2
How can wind farm operators optimize their maintenance schedules and resources to balance the costs of preventive maintenance and the risks of gearbox failures?,2
How can regular inspections and condition monitoring help in detecting and preventing wind turbine gearbox failures?,1
"Can you provide any case studies or examples of wind turbine gearbox failures caused by high loads, vibration, or poor lubrication?",2
What methods can be used to validate the model's performance over time and ensure that it remains effective as new data is collected?,2
How can we ensure that the model can detect anomalies in real-time and efficiently in different operating conditions of the wind turbine?,2
Can you provide any case studies or examples of misalignment-related failures in wind turbine gearboxes?,2
Can you explain how oil analysis is performed and what types of degradation or contamination can be detected through this method?,2
How often should the anomaly detection model be updated with new data to ensure its accuracy over time?,2
Are there any other sensors or parameters that are important to monitor in wind turbine gearboxes beyond the ones listed here?,2
"What are the common issues with wind turbine blades, gearbox, or generator that power curve analysis can help detect?",2
"How does overloading of the gearbox impact the different components, and what are the potential consequences of such overloading?",1
Can you explain the difference between time-domain analysis and frequency-domain analysis in the context of wind turbine gearbox monitoring?,2
"What are the challenges in developing a predictive maintenance strategy for wind turbine gearboxes, and how can they be addressed?",2
"How can foreign objects and debris in the wind turbine gearbox contribute to gear teeth degradation and failure, and how can this be prevented?",2
How is the data collected from the sensors processed and analyzed to identify abnormal behavior or failures in wind turbine gearboxes?,2
How does contamination of the gearbox occur and what are the potential consequences of this contamination?,2
Can you explain the different types of sensors used in wind turbine gearbox monitoring and their respective advantages and disadvantages?,2
"How does the severity of missing or corrupted data in wind turbine gearbox data compare to other types of data issues, such as outliers or errors?",2
How can we validate and verify the performance of the machine learning models for wind turbine gearbox anomaly detection in real-world scenarios?,2
How often should the lubricant be replaced in a wind turbine gearbox as a part of the preventive maintenance program?,2
How can the anomaly detection model be integrated with other monitoring or maintenance systems in the wind turbine or the wind farm?,2
How can the anomaly model be integrated with existing monitoring and alerting systems for the wind turbine gearbox?,1
Can the anomaly detection model be customized for different types of wind turbine gearboxes or is it a one-size-fits-all solution?,2
Can you explain how predictive models help in optimizing maintenance schedules for wind turbine gearboxes?,2
How do ISO standards ensure manufacturing and quality in the development of wind turbine gearboxes?,2
How does misalignment cause common failure modes in wind turbine gearboxes?,2
"What are the best practices for ensuring compliance with the wind turbine gearbox standards and guidelines during the design, operation, and maintenance phases?",2
Can you provide more details on the advanced monitoring and diagnostic tools used to detect insufficient lubrication in wind turbine gearboxes?,2
What are the future trends and developments in sensor technology and data analytics for wind turbine gearboxes and the renewable energy sector?,2
"Can you provide more information on the underlying mechanisms of each failure mode, and how the model can use this information to predict and prevent failures?",2
What specific weather sensors would be most useful to integrate with sensor data from wind turbine gearboxes?,1
How do wear particles and degraded lubricant build-up in the gearbox as a result of inadequate maintenance practices?,2
"What are the potential limitations or challenges of using data visualization and exploration techniques for wind turbine gearboxes, and how can they be addressed?",2
"What are the common causes of wind turbine gearbox failures, and how can anomaly detection models help identify these issues?",1
What are the recommended actions when temperature sensors detect abnormal temperature increases in wind turbine gearboxes?,2
Can you explain in detail about any specific case study or example where these advancements have significantly improved wind turbine gearbox reliability and reduced maintenance costs?,2
"How is predictive maintenance implemented for wind turbine gearboxes, and what benefits does it provide?",2
How are reliability engineering tools like FMEA used to determine the severity and detectability of failures in wind turbine gearboxes?,2
How are hot spots identified through temperature sensor data in wind turbine gearboxes?,2
Can you provide any specific examples of cyber attacks or human errors that can lead to data integrity issues in wind turbine gearbox sensor data?,2
"Can you explain the process of performing a regular FMEA analysis for wind turbine gearboxes, and what specific failure modes and causes should be monitored?",2
Can you explain how the data splitting method is used in the validation of the wind turbine gearbox anomaly detection model?,2
How can the use of data visualization techniques enhance the analysis and interpretation of wind turbine gearbox sensor data?,2
What are the common design defects that can lead to failure in wind turbine gearboxes?,2
How does continuous monitoring of the wind turbine gearbox using sensor data ensure the accuracy and reliability of the anomaly detection model?,1
What are the challenges that may arise while ensuring the quality of historical data on wind turbine gearboxes and how can they be addressed?,2
How can the validity and reliability of the data collected from wind turbine gearboxes be ensured for the development of an accurate anomaly model?,2
"Can you explain the process of feature engineering in more detail, including specific techniques used to extract relevant features from raw data?",2
Are there any specific design considerations for wind turbines in coastal areas to mitigate the impact of saltwater corrosion?,2
What are the specific challenges related to data collection and analysis in wind turbine gearbox systems?,2
"What are the common causes of temperature, vibration, and noise exceeding the normal threshold values in wind turbine gearboxes?",2
How can regular monitoring help in detecting and correcting data drifts in wind turbine gearbox sensor data?,2
What are the benefits of monitoring temperature and oil analysis in wind turbine gearboxes?,2
What are the common mechanical stresses that wind turbine gearboxes are subjected to and how do they impact the performance and lifespan of the gearbox?,2
What model selection criteria should be considered when developing a wind turbine gearbox anomaly detection model for IoT/OT systems?,2
How did the different types of sensor data and machine learning techniques used in previous attempts impact the performance of the anomaly detection models?,2
"What are the common causes of fatigue, wear, and corrosion in wind turbine gearboxes, and how can they be prevented?",2
What methods are used to identify the root cause of the deviation in power curve analysis?,2
"How will the model's outputs be presented to the end-users, and what actions are expected to be taken based on the model's alerts?",2
Can you discuss the potential impact of operator behavior on the wind turbine gearbox performance and how it can be monitored using sensor data?,2
"Can you provide examples of scenarios where a high precision score is more important than a high recall score, and vice versa, in the context of wind turbine gearbox failure prediction?",2
How can a holistic approach to predicting and preventing wind turbine gearbox failures benefit wind farm operators?,2
"What are the specific external factors, such as weather conditions, temperature, and humidity, that have the most significant impact on wind turbine gearbox performance and failure rates?",2
What are the benefits of using sensor data for predicting and preventing failures in wind turbine gearboxes compared to traditional maintenance methods?,2
What are the specific sensor data points that can indicate the degradation of lubricant and potential failures in a wind turbine gearbox?,2
Are there any known patterns or trends in the sensor data that could indicate a potential failure?,0
"What measures can be taken to predict and prevent wind turbine gearbox failures, and how can data analysis contribute to these efforts?",2
"How do vibration patterns change in the gearbox when there is imbalance, misalignment, or mechanical wear, and can you provide examples of each?",1
"Can you explain the specific requirements of each industry standard (IEC 61400-4, ISO 13372, DNV-GL SE-0127, IEC 61400-25, and IEC 60081) and how they contribute to the design and evaluation of an anomaly detection model for wind turbine gearboxes?",2
"How can the use of data fusion techniques, such as combining sensor data from multiple sources, improve the accuracy of the anomaly model?",2
"Can you explain how regular inspections, lubrication, and cleaning contribute to minimizing wind turbine downtime and reducing repair costs?",2
"What are the most effective predictive maintenance strategies for wind turbine gearboxes, and how do they differ from reactive maintenance?",2
Can you explain the process of cleaning the wind turbine gearbox and why it is important in preventing oil leakage?,2
What specific design elements of wind turbine gearboxes should data scientists be aware of when analyzing their performance and monitoring for potential failures?,2
How can the insights gained from this process help in optimizing the maintenance and monitoring strategies for wind turbine gearboxes?,2
What specific environmental factors have the most significant impact on wind turbine gearbox performance and longevity?,2
Can the anomaly model be used for other types of wind turbines or is it specific to the gearbox?,2
How do manufacturing defects contribute to the common failure modes in wind turbine gearboxes and how can they be detected during the manufacturing process?,2
How do the sensor threshold values differ among turbines from different manufacturers?,1
What are the potential benefits and limitations of using sensor technologies and data analysis for predicting and preventing wind turbine gearbox failures?,2
Can you explain more about the process of selecting the appropriate anomaly model for predicting the RUL of wind turbine gearbox components?,2
"What specific failure modes should we prioritize when monitoring wind turbine gearboxes, and how can chosen frequencies and patterns help in detecting these failures?",2
"Are there any other sensors or data points that are considered important for the anomaly detection model of the wind turbine gearbox, but are not included in the above list?",2
"What are the potential impacts of the proposed anomaly detection model on the wind energy sector, and how can it contribute to the transition towards a more sustainable and renewable energy future?",2
What are the future directions for research and development in wind turbine gearbox fault diagnosis and anomaly detection using sensor data analysis and machine learning techniques?,2
How can we incorporate domain knowledge from the subject matter expert into the anomaly detection model to improve its accuracy and reliability?,2
What are the benefits of using temperature monitoring as a fault detection technique in wind turbine gearboxes?,2
How can wear and fatigue of gear teeth be detected early and prevented in wind turbine gearboxes?,2
How does the use of an anomaly detection system lead to improved asset reliability and reduced maintenance costs for wind turbine gearboxes?,2
How can we ensure that the predictive models developed by data scientists are physically meaningful and accurately represent the failure mechanisms of wind turbine gearboxes?,2
What are the specific maintenance records and inspection reports that should be included in the data collection process?,2
How can data scientists ensure that the predictive models developed for wind turbine gearboxes are interpretable and actionable for SMEs?,2
"What are the common types of anomalies and failures in wind turbine gearboxes, and how can the model detect them before they occur?",2
"How can data scientists and subject matter experts work together to develop a comprehensive maintenance schedule for wind turbine gearboxes, and what factors should be considered in this process?",2
What are the recommended lubrication techniques and intervals to prevent lubrication-related seal failure?,2
"How often should regular inspection and maintenance of sensors and their connecting cables be performed, and what are some specific checks that should be included in these inspections?",2
What are the key performance indicators that should be monitored to assess wind turbine gearbox health?,2
What are the specific causes of high vibration levels in wind turbine gearboxes and how can they be addressed?,1
"Can you provide examples of normal operating conditions and limits for wind turbine gearboxes, and how can they be defined using sensor data?",2
"Can you provide any case studies or examples of successful anomaly detection in wind turbine gearboxes, and what factors contributed to their success?",2
What are the specific components of a wind turbine gearbox that are most prone to failure and require monitoring?,2
How can wind farm operators prioritize the monitoring and maintenance of wind turbine gearboxes in their operations?,2
"How do wind turbine gearbox manufacturers ensure the reliability and accuracy of position sensors, and what are the industry standards for position sensor performance in wind turbine applications?",2
How do substandard components in wind turbine gearboxes contribute to increased maintenance costs?,2
What are the specific safety standards that need to be addressed when developing an anomaly detection model for a wind turbine gearbox?,2
How do wind turbine gearbox sensors data be used for real-time monitoring and anomaly detection?,2
How can understanding the specific degradation mechanisms help in developing an effective maintenance and inspection program for wind turbine gearboxes?,2
How can data from wind turbine gearbox sensors be used to improve reliability and maintenance strategies?,2
"How effective are regular inspections, vibration analysis, and oil analysis in detecting substandard components in wind turbine gearboxes?",2
Can you explain the role of lubrication in preventing the common failure modes in wind turbine gearboxes and what are the recommended lubricants and maintenance schedules?,2
How do wind farm specific needs and resources affect the choice of wind turbine gearbox monitoring and maintenance tools?,2
How are the relevant features selected from the collected data for analysis?,2
"Are there specific temperature thresholds that, when exceeded, indicate the need for immediate maintenance or repair?",2
Can you provide more details about the common failure modes of wind turbine gearboxes and how they can be identified using historical data?,2
How do the IEC and IEEE standards help in implementing a condition-based maintenance strategy for wind turbine gearboxes?,2
How can wind farm operators ensure the accuracy and reliability of sensor data from wind turbine gearboxes?,2
What are the best practices for setting appropriate thresholds for monitoring the performance of wind turbine gearboxes?,1
What are the common causes of bearing failure in wind turbine gearboxes and how can they be identified using sensor data?,2
How is historical data collected and used to train these anomaly models?,2
How can data quality and resolution impact the effectiveness of wind turbine gearbox condition monitoring using sensor data?,2
How do changes in temperature and vibration patterns help in detecting potential gearbox failures?,2
"What are the potential consequences of not detecting and addressing gearbox failures in a timely manner, and how can the anomaly detection model help to mitigate these risks?",2
How do wind turbine gearbox anomalies caused by external factors differ from those caused by internal factors?,2
Can you explain the process of how regular oil analysis helps in identifying potential failures in wind turbine gearboxes?,2
Can you explain the concept of fusion of multiple sensor data in the context of fault detection and diagnosis in wind turbine gearboxes?,2
Can you explain how the presence of saltwater in coastal areas contributes to the corrosion of wind turbine gearboxes?,2
Can you explain the difference between condition-based maintenance and predictive maintenance in the context of wind turbine gearboxes?,2
"Can you provide more information on the type and reliability of sensor data available for wind turbine gearboxes, and how it can be used to detect anomalies?",2
"How can anomaly detection models help optimize the performance of wind turbines, and what are the potential benefits of this optimization?",2
What are the long-term cost benefits of regular monitoring and maintenance of wind turbine gearboxes to prevent fatigue-related failures?,2
How can the anomaly detection model be adapted to account for the changes in the operating conditions of the wind turbine fleet?,2
How does the anomaly model help in reducing the risk of downtime and maintenance costs?,2
How does the transportation and installation process impact the longevity of a wind turbine gearbox?,1
What are the specific benefits of using predictive maintenance in reducing catastrophic failures and maintenance costs for wind energy systems?,2
What are the key considerations when selecting the optimal data collection frequency for wind turbine gearbox monitoring?,2
Are there any specific temperature thresholds that are commonly used in the industry to trigger alerts for potential failures in wind turbine gearboxes?,2
How can real-time temperature monitoring data be used to prevent overheating issues in wind turbine gearboxes?,2
"What are the best practices for validating and verifying the performance of wind turbine gearbox anomaly detection models, and how can the effectiveness of these models be evaluated in real-world scenarios?",2
What are the best practices for monitoring and maintaining wind turbine gearboxes to ensure their optimal performance and reliability?,2
Can you provide examples of how weather data has been used in conjunction with sensor data for wind turbine gearbox performance analysis?,2
"Can you provide more details on how operational data, such as wind speed, power output, and turbine orientations, can be used to improve anomaly detection models?",2
Can you explain how vibration analysis is used to detect potential failures in wind turbine gearboxes?,1
What are the best practices for predicting and preventing failures in wind turbine gearbox maintenance using a data-driven approach?,2
"What are the recommended threshold values for vibration, temperature, and rotational speed, and how are they determined?",2
How do the failure modes of wind turbine gearboxes differ from other types of gearboxes?,2
In what ways can optimizing monitoring and maintenance strategies through appropriate data collection frequencies prolong the lifespan of wind turbine components?,2
How do the machine learning algorithms used by SGRE and GE Renalsence Energy in their CBMS differ from each other?,2
"Can you provide more information on the differences between walkaround surveys, permanent monitoring systems, and online systems for monitoring vibration in wind turbine gearboxes?",2
"How are changes in the gearbox's parameters, such as temperature and vibration, linked to potential lubrication problems?",2
What are the future research directions and opportunities in developing advanced anomaly detection models for wind turbine gearboxes and other complex industrial systems?,2
Are there any specific design or material choices that can help mitigate the effects of temperature and humidity on wind turbine gearboxes?,2
"What are the most common machine learning algorithms used for predicting wind turbine gearbox failure or degradation, and what are their strengths and limitations?",2
What are the best practices for protecting wind turbine gearboxes from extreme temperatures and humidity during transportation and installation?,2
"Are there any limitations or constraints on the model's complexity, such as computational resources or runtime requirements, that should be considered during model selection and hyperparameter tuning?",2
"What are the specific sensors present in the wind turbine system that monitor the condition of the gearbox, such as vibration, temperature, or oil quality sensors?",0
"What are the specific vibration patterns that indicate each type of failure in wind turbine gearboxes, such as gear tooth failure, bearing failure, and misalignment?",2
What specific types of vibration patterns should a data scientist look for in the vibration sensor data to identify potential bearing wear or misalignment issues?,2
Are there any specific data preprocessing steps required before applying the anomaly detection algorithms?,1
"Can you provide examples of advanced analytics and machine learning algorithms that can improve the ability to detect and predict potential gearbox failures, and how do they work?",2
"What safety risks are associated with wind turbine gearbox failures, and how can the anomaly detection model help mitigate these risks?",2
"What are the specific requirements of the IEC 61400-4, IEC 61400-6, and IEC 61400-7 standards for wind turbine gearbox monitoring and maintenance?",2
"How can the anomaly detection system be adapted or scaled to different types, sizes, or configurations of wind turbine gearboxes, and what are the potential limitations or trade-offs of such adaptation or scaling?",2
How can the use of data analysis to identify areas for improvement in wind turbine gearbox design and manufacturing processes lead to more efficient and sustainable energy production?,2
Can you provide more insights into how Weibull analysis and Fault Tree Analysis (FTA) are used in probabilistic models for wind turbine gearbox failure prediction?,2
"How can data scientists determine the optimal oil viscosity for wind turbine gearboxes, and what are the consequences of using the wrong oil viscosity?",2
"What are the challenges in detecting and preventing failures in wind turbine gearboxes, and how can we overcome them?",2
"How does moisture contribute to wind turbine gearbox housing failure, and what measures can be taken to prevent it?",2
Are there specific data patterns or trends that the anomaly detection model should focus on to predict gearbox failures more accurately?,2
What are the key performance indicators that can be used to measure the effectiveness of a wind turbine gearbox maintenance and monitoring program?,2
How does a condition-based maintenance program differ from a traditional time-based maintenance program?,2
Can you provide more details on the critical components of a wind turbine gearbox that we should focus on when selecting data collection frequencies and patterns?,2
What are the challenges in aligning sensor data with other data sources for wind turbine gearbox analysis?,2
Can you explain how the magnitude and direction of errors are considered in the Root Mean Square Error (RMSE) calculation?,2
How can a thorough understanding of wind turbine gearboxes and their maintenance practices enhance the predictive capabilities of an anomaly detection model?,1
Can you explain the importance of selecting the right lubricant for wind turbine gearboxes and how it is chosen?,2
Are there any ongoing research or development efforts aimed at improving the detection and mitigation of noise or interference in the sensor data from wind turbine gearboxes?,1
Can you provide more details on the specific regulatory and compliance requirements that the wind turbine gearboxes must meet?,2
"Can you provide more details on the specific degradation mechanisms, such as temperature, vibration, and load, and how they contribute to wind turbine gearbox failures?",2
How do these anomaly models ensure regulatory compliance in wind turbine operations?,2
How can wind turbine operators ensure the compatibility of existing systems with on-premises deployment for the protection of sensitive data?,2
"How can the use of alternative materials, such as composite materials, reduce the risk of degradation mechanisms in wind turbine gearboxes?",2
Can you explain the specific data cleaning techniques used to ensure the accuracy and reliability of the wind turbine gearbox data?,2
How can we minimize the risk of false negatives in the anomaly detection system while maintaining a low rate of false positives?,2
Can you provide examples of failure modes and reasons in wind turbine gearboxes that can be detected using high-frequency data?,2
Can you elaborate on how the ROC curve is used to assess the performance of the wind turbine gearbox anomaly detection model?,2
How do subject matter experts interpret the data and provide guidance on regulatory requirements and common failure modes?,2
Can you provide more information on the specific procedures for timely detection and resolution of issues in wind turbine operations?,2
How do temperature sensors help in detecting potential failures in wind turbine gearboxes?,2
How can the anomaly model be used to support the development of a reliability-centered maintenance program for wind turbine gearboxes?,2
"Can you explain the impact of high and low temperatures on the different components of the wind turbine gearbox, such as gears and bearings?",2
Are there any limitations or challenges in implementing ESA in wind turbine gearboxes?,2
"How is the severity, likelihood, and detectability of each failure mode typically evaluated in a failure mode and effects analysis (FMEA)?",2
"Can ESA detect mechanical failure modes, such as corrosion or fatigue, or is it limited to electrical signals?",2
"How does overloading affect wind turbine gearboxes, and what measures can be taken to prevent it?",2
Can you explain the severity ratings used for wind turbine gearbox failures and how they are determined?,2
Can you explain the relationship between operating temperature and lubricant degradation in a wind turbine gearbox?,2
How can vibration analysis data be used to optimize the performance and efficiency of wind turbine gearboxes?,2
How does a Condition Monitoring System (CMS) help in reducing false alarms and ensuring accurate data?,2
How can sensor data fusion be used to enhance the performance of machine learning algorithms for fault diagnosis in wind turbine gearboxes?,2
Can you explain how ice and snow accumulation affects the performance of a wind turbine gearbox and what are the mitigation strategies?,2
"What are the potential ethical and legal considerations associated with the use of sensor data for failure prediction in wind turbine gearboxes, and how can these be addressed?",2
"What are the specific challenges in implementing a sensor-based monitoring system for wind turbine gearboxes, and what are some potential solutions to these challenges?",2
"What are the safety hazards associated with oil leakage in wind turbine gearboxes, and how can they be mitigated?",2
What are the recommended methods for record keeping in wind turbine gearbox maintenance?,2
"What are the key parameters that the sensors measure, and how do they contribute to the identification of relevant features for the anomaly detection model?",2
Can you provide any examples of successful anomaly detection models for wind turbine gearboxes and the performance metrics used in those cases?,2
Are there any new or emerging technologies for monitoring wind turbine gearbox efficiency and detecting potential issues related to temperature and lubricant degradation?,2
"Can you provide more details on the specific sensors used to monitor wind turbine gearbox conditions, such as loads, temperatures, vibrations, and lubrication?",2
What materials and manufacturing processes should be used to meet the required standards for wind turbine gearboxes?,2
"What are the challenges in integrating external factors into the anomaly detection model, and how can they be addressed?",2
Are there any specific regulations or standards that need to be followed while performing the maintenance activities for wind turbine gearboxes?,2
What are the specific challenges in detecting overheating in wind turbine gearboxes and how can it be addressed?,2
How can the effectiveness of the proposed machine learning-based approach be evaluated and compared with traditional maintenance strategies in the wind energy sector?,2
Can you explain the relationship between the size and capacity of a wind turbine and the performance of its gearbox?,1
Can you provide examples of specific anomaly detection techniques used in the industry for wind turbine gearboxes?,1
How do temperature fluctuations in the surrounding environment affect the performance of temperature sensors in wind turbine gearbox systems?,2
"How is the severity of failure modes classified in wind turbine gearboxes, and what are the most common failure modes that can impact wind turbine operation?",2
How can the data on wind turbine gearbox failures be used to improve the procurement and supply chain management of wind turbine components?,2
How can data from vibration monitoring be integrated with other operational data to improve overall wind turbine performance and maintenance?,2
How can condition monitoring help in identifying trends or anomalies that may indicate a wind turbine gearbox failure?,2
Can you explain how predictive maintenance strategies can help improve the accuracy of the anomaly detection model?,2
Are there any specific external factors that have been found to significantly impact wind turbine gearbox performance?,1
Are there any specific data visualization techniques that can help in understanding the performance of the wind turbine gearbox and identifying potential anomalies?,1
How can regular lubricant sampling and analysis help in detecting contamination and degradation of the lubricant in a wind turbine gearbox?,2
"How is the quality of the sensor data ensured, and what measures are taken to address any issues with data quality?",2
How can we prevent potential failures and issues related to regulatory and compliance requirements during the development process?,2
Can you provide any examples of how machine learning algorithms have been applied to wind turbine gearbox data for predictive maintenance?,2
Can you provide any examples of catastrophic gear tooth failure in wind turbine gearboxes and the resulting impact on power generation and safety?,2
What are the specific temperature ranges that can negatively affect the viscosity of the lubricant used in wind turbine gearboxes?,2
Can you explain the relationship between the sensor data sampling rate and the ability to detect and prevent failures in wind turbine gearboxes?,2
"How can data from lubricant analysis, visual inspections, and vibration analysis be integrated and analyzed to optimize predictive maintenance strategies for wind turbine gearboxes?",2
What are the specific benefits of using edge computing devices for real-time anomaly detection in wind turbine gearboxes?,2
"How do maintenance intervals impact the performance and reliability of wind turbine gearboxes, and what are the best practices for determining these intervals?",2
How can the condition-based monitoring system predict potential failures in wind turbine gearboxes?,2
"Can you provide more information on how the threshold values for temperature, vibration, and noise levels are determined for different wind turbine gearbox designs and configurations?",2
Are there any specific data visualization techniques that have been helpful in understanding wind turbine gearbox sensor data and detecting anomalies?,1
"Are there any other parameters besides temperature, vibration, and noise that can indicate early stage failure in wind turbine gearboxes?",1
How is the oil level and condition evaluated during a visual inspection?,2
How does regular oil analysis and vibration monitoring help in detecting and preventing failures in wind turbine gearboxes?,2
Can you explain the role of data analysis in identifying potential failures in wind turbine operations?,2
"What are the most common causes of wind turbine gearbox failures, and how can sensor data help detect them?",2
What are the most critical sensor parameters to monitor for wind turbine gearbox health?,2
"What are the most common failure modes in wind turbine gearboxes, and how do they differ in severity and detectability?",2
"How do pressure sensors help in monitoring the lubricating oil pressure of the wind turbine gearbox, and what changes in pressure might indicate issues with the lubrication system?",2
How do temperature and humidity fluctuations impact the elasticity and durability of the metal components used in wind turbine gearboxes?,2
"How often should vibration analysis be performed on wind turbine gearboxes, and how does the frequency vary depending on the turbine size, age, or operating conditions?",2
"How can the data from wind turbine gearbox sensors and monitoring systems be used to optimize their performance and energy production, and what are the key performance indicators to track?",2
Can you provide examples of how feature engineering has helped to detect and diagnose specific failures in wind turbine gearboxes?,2
How do we determine the optimal machine learning algorithm for predicting wind turbine gearbox failures?,2
"What are the challenges in integrating sensor, weather, and operational data in the wind energy industry, and how can they be overcome?",2
Can you provide any case studies or examples of how these failure modes have led to significant issues in wind turbine gearboxes in the past?,2
"How can data quality, change management, and continuous improvement be effectively addressed during the implementation of proactive maintenance strategies for wind turbine gearboxes?",2
What are the challenges in interpreting sensor data for wind turbine gearbox failure detection and how can they be addressed?,2
How does a condition monitoring program help in identifying the root cause of wind turbine gearbox failure modes?,2
Can you provide examples of specific stainless steel or nickel alloys that are commonly used in wind turbine gearboxes for corrosion resistance?,2
"What are the primary challenges in implementing predictive maintenance for wind turbine gearboxes, and how can they be addressed?",2
"What are the key performance indicators for monitoring wind turbine gearbox health, and how can they be accurately measured and analyzed in the presence of noise and interference?",2
Can you explain the recommended process for changing the gearbox oil and how it can help prevent gearbox failures?,2
How can wind turbine operators ensure that the implemented thermal management system is working optimally?,2
How often should ESA be performed to ensure the early detection of gearbox failure modes?,2
"How do temperature, humidity, and vibration conditions impact the performance and lifespan of wind turbine gearboxes, and what measures can be taken to mitigate these effects?",2
Can you explain the process of tooth cracking in wind turbine gearboxes and how it can be detected during inspections?,2
What methods are being used to detect and diagnose failures early through condition monitoring and predictive maintenance techniques?,2
How can subject matter experts contribute to the development and optimization of wind turbine gearbox monitoring systems?,2
How often should the gearbox temperature and lubricating oil be inspected and monitored?,2
How are failure codes assigned to different failure modes and reasons in wind turbine gearboxes?,2
How do temperature and lubricant degradation impact the efficiency of the wind turbine gearbox?,1
Can you explain how acoustic emission sensors work and what kind of failures they can detect in wind turbine gearboxes?,2
What are the key challenges in implementing anomaly models for wind turbine monitoring and how can they be addressed?,2
"How can we ensure that the model's predictions are not biased towards one class, especially when there is a high imbalance between positive and negative cases?",2
"What are the specific parameters that the sensors should measure, and at what frequency should the data be collected to ensure high-quality and reliable data?",2
Can you provide examples of materials with better mechanical or thermal properties that can be selected based on sensor data analysis?,2
What are the potential consequences of not detecting and diagnosing anomalies in wind turbine gearboxes?,2
Are there any specific failure modes in wind turbine gearboxes that would necessitate a higher or lower data collection frequency?,2
"Can you provide examples of how finite element analysis (FEA) has been used to simulate mechanical behavior in wind turbine gearboxes, and how this information is used to identify failure modes?",2
Have there been any previous attempts to integrate sensor data with other data sources for wind turbine gearbox performance analysis?,1
"Can you explain how insufficient lubrication can lead to gear tooth failure, bearing failure, and lubricant failure in wind turbine gearboxes?",2
Can you explain the impact of water ingress on wind turbine gearboxes and what steps can be taken to prevent it?,2
Can you provide more details on the impact of failure rate on the updating frequency of the anomaly detection model?,2
How do the accuracy and frequency of sensors impact the performance of anomaly models in wind turbines?,2
Are there any specific performance metrics or benchmarks that should be considered for evaluating the effectiveness of the wind turbine gearbox failure prediction model?,2
How does high temperature affect the lubricant in a wind turbine gearbox and what are the potential consequences?,2
"What are the primary challenges in implementing this approach for predictive maintenance in wind turbine gearboxes, and how can they be addressed?",2
What are the key performance metrics for evaluating the effectiveness of a wind turbine gear,2
How do the anomaly detection techniques identify patterns in the sensor data that deviate from normal behavior?,1
How can a cost-benefit analysis be conducted to identify potential savings and benefits of integrating sensor-based monitoring systems in wind turbines?,2
How can the analysis of wind turbine gearbox failure data help improve maintenance practices?,2
