questions,answers,round
"What are the key parameters that are typically monitored in an electric battery system, both in terms of physical characteristics (e.g. temperature, voltage) and operational metrics (e.g. state of charge, efficiency)?","
When performing failure modes and effects analysis (FMEA) on an electric battery system, there are several key parameters that should be monitored in order to ensure the reliability and performance of the system. These parameters can be divided into two categories: physical characteristics and operational metrics.

Physical characteristics that should be monitored in an electric battery system include:

* Temperature: Both the overall temperature of the battery pack and the temperature of individual cells should be monitored. Extreme temperatures, either too high or too low, can lead to reduced performance and decreased lifespan of the battery.
* Voltage: The voltage of individual cells and the overall battery pack should be monitored. Voltage can provide information about the state of charge and overall health of the battery.
* Current: The current flowing in and out of the battery should be monitored. This can help to identify any issues with the battery's ability to charge or discharge.
* Resistance: The internal resistance of the battery cells should be monitored. An increase in resistance can indicate a decrease in the battery's ability to hold a charge.

Operational metrics that should be monitored in an electric battery system include:

* State of charge (SOC): The SOC of the battery is a measure of the amount of energy currently stored in the battery, expressed as a percentage of the total energy storage capacity.
* State of health (SOH): The SOH of the battery is a measure of the overall health of the battery, taking into account factors such as the battery's age, number of charge/discharge cycles, and any degradation that has occurred.
* Efficiency: The efficiency of the battery is a measure of how much of the energy stored in the battery is actually able to be used.
* Degradation mechanism: The degradation mechanism of the battery is the process by which the battery's performance and capacity decrease over time. This can be caused by a variety of factors, including temperature, voltage, current, and the number of charge/discharge cycles.

In terms of failure modes, common failure modes for battery systems include:

* Thermal runaway: This occurs when the battery's temperature increases uncontrollably, leading to a fire or explosion.
* Degradation of electrolyte",0
"What is the desired level of sensitivity and specificity for the anomaly detection model, and what are the consequences of false positives and false negatives in this application?","
For an electric battery, the desired level of sensitivity in the anomaly detection model would be high. This is because early detection of battery degradation or failure can help prevent catastrophic failures, reduce downtime, and increase the overall reliability of the system. A high sensitivity model would be able to identify potential issues in the battery's performance before they become critical, allowing for preventive maintenance to be performed.

The desired level of specificity would also be high, as false positives can lead to unnecessary maintenance and downtime. A high specificity model would be able to accurately distinguish between normal and abnormal battery behavior, reducing the number of false alarms.

The consequences of false positives in this application can include increased maintenance costs, unnecessary downtime, and reduced productivity. False negatives, on the other hand, can lead to catastrophic failures, safety hazards, and increased downtime.

In summary, for electric battery, the anomaly detection model should have high sensitivity and high specificity to ensure early detection of battery degradation or failure, reduce false alarms, and prevent catastrophic failures.

Regarding the information about the asset class, electric battery, the following information can be provided:

* Component: The battery cell, which is the basic unit of the battery, and the battery management system (BMS) which is the system that manages the charging and discharging of the battery.
* Subcomponent: The anode, cathode, separator, electrolyte, and current collector in the battery cell. The BMS includes the control unit, monitoring unit, and protection unit.
* Failure mode: The battery cell can fail due to several reasons such as short-circuit, open-circuit, and internal resistance increase. The BMS can fail due to software errors, sensor failures, and communication errors.
* Failure reason: The failure of the battery cell can be due to degradation mechanisms such as corrosion, thermal runaway, and aging. The failure of the BMS can be due to design errors, manufacturing defects, and software bugs.
* Failure code: The failure of the battery cell can be coded as ""CE"" for cell failure, and the failure of the BMS can be coded as ""BMSF"" for battery management system failure.
*",0
"Are there any external factors that can affect the performance of the battery and should be considered when building the anomaly detection model, such as temperature or humidity?","Yes, there are several external factors that can affect the performance of an electric battery and should be considered when building an anomaly detection model. Temperature and humidity are two important factors that can impact battery performance and reliability.

* Temperature: Electric batteries can be sensitive to extreme temperatures, both high and low. Elevated temperatures can increase the rate of chemical reactions inside the battery, leading to faster degradation and reduced performance. On the other hand, low temperatures can reduce the battery's ability to deliver power, leading to decreased performance and potential failure.
* Humidity: High humidity levels can lead to condensation and moisture buildup inside the battery, which can cause corrosion and other forms of degradation. This can ultimately lead to a decrease in battery performance and a higher risk of failure.

Other external factors that can affect battery performance and should be considered in an anomaly detection model include:

* Charging and discharging cycles: The number of times a battery is charged and discharged can impact its overall lifespan and performance. Batteries that are frequently charged and discharged may degrade faster than those that are used less frequently.
* Mechanical stress: Vibration, shock, and other forms of mechanical stress can cause damage to the battery's internal components, leading to reduced performance and potential failure.
* Electrical stress: Overcharging, short-circuits, and other forms of electrical stress can cause damage to the battery and reduce its performance and lifespan.

When performing a failure modes and effects analysis (FMEA) for an electric battery, it is important to consider all of these factors and any others that may be relevant to the specific application. By identifying potential failure modes and their causes, it is possible to develop a comprehensive anomaly detection model that can help to prevent failures and ensure the battery's reliable operation.",0
"Are there any specific failure modes that are more common in electric battery systems, such as thermal runaway, degradation of capacity, or reduced lifespan?","Yes, there are several common failure modes in electric battery systems. Some of the most common ones include:

1. Thermal Runaway: This is a failure mode that can occur when the battery's temperature rises uncontrollably, leading to a fire or explosion. This can be caused by a variety of factors, including manufacturing defects, damage during handling or use, or overcharging.
2. Degradation of Capacity: Over time, the capacity of an electric battery can degrade, leading to reduced range or runtime. This can be caused by a variety of factors, including the natural aging process, high temperatures, and high discharge rates.
3. Reduced Lifespan: Electric batteries have a finite lifespan, and will eventually need to be replaced. This can be caused by a variety of factors, including the natural aging process, high temperatures, and high discharge rates.
4. Failure Code: The failure code for an electric battery system can vary depending on the specific failure mode. For example, a thermal runaway failure might be coded as ""TR"", while a degradation of capacity failure might be coded as ""DC"".
5. Degradation Mechanism: The degradation mechanism for an electric battery system can also vary depending on the specific failure mode. For example, the degradation mechanism for a thermal runaway failure might be ""overcharging"", while the degradation mechanism for a degradation of capacity failure might be ""aging"".
6. Severity: The severity of a failure mode in an electric battery system can vary, but is typically considered to be high due to the potential for fire or explosion.
7. Ability to Detect: The ability to detect a failure mode in an electric battery system can vary, but is typically considered to be moderate. This is because some failure modes, such as thermal runaway, can be difficult to detect until it is too late. However, other failure modes, such as degradation of capacity, can often be detected through regular monitoring of the battery's performance.
8. Preventive Maintenance: Preventive maintenance can help to prevent some failure modes in an electric battery system. This can include regular inspections for damage or wear, monitoring the battery's temperature and discharge rate, and ensuring that the battery is not overcharged. Additionally,",0
Is there any seasonality or cyclical behavior in the sensor data that should be taken into account when building the anomaly detection model?,"
When performing FMEA for an electric battery, there are several factors to consider including the component, subcomponent, failure mode, failure reason, failure code, degradation mechanism, severity, and detectability.

Component: The electric battery can be broken down into several components, including the anode, cathode, separator, electrolyte, and battery management system (BMS).

Subcomponent: Each component can be further broken down into subcomponents. For example, the anode may consist of the anode current collector, anode active material, and anode tab.

Failure mode: Failure modes for an electric battery can include electrical, thermal, mechanical, or chemical failures. Examples include short-circuit, overcharge, over-discharge, thermal runaway, and corrosion.

Failure reason: Failure reasons can be caused by factors such as design defects, manufacturing defects, abuse, or wear and tear. For example, a design defect may cause a short-circuit, while abuse may cause thermal runaway.

Failure code: Failure codes can be used to classify the type of failure. Common failure codes for batteries include open-circuit, short-circuit, and internal resistance increase.

Degradation mechanism: Degradation mechanisms can include capacity fade, increased internal resistance, and loss of electrolyte. These mechanisms can be caused by factors such as cycling, calendar aging, and high-temperature exposure.

Severity: The severity of the failure can range from minor to catastrophic. For example, a minor failure may result in a decrease in battery capacity, while a catastrophic failure may result in a fire or explosion.

Detectability: The ability to detect failures before they occur can be improved through preventive maintenance. This can include monitoring the battery's voltage, current, temperature, and other parameters. Anomaly detection models can also be used to detect abnormal behavior in the sensor data.

Regarding seasonality or cyclical behavior in the sensor data, it is essential to consider the operating conditions of the battery. For example, if the battery is used in a location with extreme temperatures, the battery's performance may be affected by the temperature. Similarly, if the battery is used in a cyclic application, such as electric vehicles, the",0
Are there any computational or resource constraints that need to be considered when building the anomaly detection model?,"When building an anomaly detection model for an electric battery in the industrial asset class, there are several computational and resource constraints that need to be considered to ensure the model is effective and efficient.

1. Data processing requirements: The model will require access to a large amount of data on the battery's performance, including voltage, current, temperature, and other relevant metrics. This data may be collected at high frequencies, resulting in a large volume of data that must be processed and analyzed. As a result, the model must be capable of efficiently processing and analyzing large datasets in a timely manner.

2. Computational resources: The model must be designed to run on existing hardware and infrastructure without placing undue strain on the system. This may involve optimizing the model to use minimal computational resources, such as memory and processing power.

3. Battery capacity and lifetime: Electric batteries have a finite capacity and lifetime, and it is important to consider these factors when building an anomaly detection model. The model should be designed to detect and prevent failures that could significantly reduce the battery's capacity or lifespan, while avoiding unnecessary alerts or maintenance activities that could further reduce the battery's lifespan.

4. False positives and false negatives: Anomaly detection models can be prone to false positives (flagging normal behavior as an anomaly) and false negatives (failing to detect actual anomalies). It is important to balance the need for high sensitivity (detecting all anomalies) with the need for low false positive rates, to avoid overwhelming maintenance staff with unnecessary alerts.

5. Cost and complexity: Finally, the model should be cost-effective and relatively simple to implement and maintain, to ensure that it can be widely adopted in the industry. This may involve using off-the-shelf software and tools, or building custom solutions that can be easily integrated into existing maintenance workflows.",0
Are there any regulatory or safety requirements that need to be considered when building the anomaly detection model?,"Yes, when building an anomaly detection model for an electric battery in an industrial asset class, there are several regulatory and safety requirements that must be taken into consideration. These can include:

1. Compliance with industry standards: The National Fire Protection Association (NFPA) and the International Electrotechnical Commission (IEC) have established safety standards for energy storage systems, including electric batteries. The model should be designed to comply with these standards.
2. Safety certifications: The electric battery and the anomaly detection system should be certified to relevant safety standards, such as UL, CE, or ROHS.
3. Thermal runaway prevention: Electric batteries can experience thermal runaway, a condition where the battery's temperature increases uncontrollably, leading to a fire or explosion. The anomaly detection model should be able to detect early signs of thermal runaway and trigger an emergency shutdown.
4. Overcharge and over-discharge protection: Overcharging or over-discharging an electric battery can cause damage and reduce its lifespan. The model should be able to detect and prevent these conditions.
5. Short-circuit protection: Short-circuits can cause overheating, fire, or explosion. The model should be able to detect and prevent short-circuits.
6. Environmental considerations: The model should be able to detect and prevent environmental conditions that can damage the battery, such as extreme temperatures, humidity, or vibration.
7. Cybersecurity: The model should be designed with cybersecurity in mind to prevent unauthorized access or tampering.
8. Data privacy: The model should comply with data privacy regulations, such as GDPR or CCPA, if it collects or processes personal data.
9. Redundancy and fail-safe mechanisms: The model should include redundancy and fail-safe mechanisms to ensure that the battery remains safe and functional even in the event of a failure.

By considering these regulatory and safety requirements, the anomaly detection model can help ensure the safe and reliable operation of the electric battery in an industrial asset class.",0
"How is the Battery Management System (BMS) currently monitoring and controlling the battery cells' charging and discharging, and are there any specific algorithms or techniques used for anomaly detection?","
When it comes to monitoring and controlling the charging and discharging of battery cells, the Battery Management System (BMS) typically uses a combination of sensors, algorithms, and control strategies.

Sensors:

The BMS uses various sensors to monitor the battery cells' voltage, current, temperature, and other critical parameters. These sensors provide real-time data on the battery cells' condition, enabling the BMS to detect anomalies and prevent failures.

Algorithms and Techniques:

The BMS uses several algorithms and techniques for anomaly detection, including:

1. Coulomb Counting: This technique measures the total charge and discharge cycles of the battery cells. By tracking the amount of charge and discharge, the BMS can detect anomalies such as overcharging or overdischarging.
2. State of Charge (SoC) Estimation: This algorithm estimates the remaining battery capacity based on the battery's voltage, current, and temperature. By accurately estimating the SoC, the BMS can prevent overcharging or overdischarging.
3. State of Health (SoH) Estimation: This algorithm estimates the battery's overall health based on its capacity, internal resistance, and other parameters. By monitoring the SoH, the BMS can detect degradation and predict battery failures.
4. Fault Detection and Isolation (FDI): This technique identifies and isolates faults in the battery cells or the BMS. FDI algorithms can detect anomalies such as short circuits, open circuits, and sensor failures.
5. Model-Based Diagnosis (MBD): This technique uses mathematical models to simulate the battery cells' behavior and detect anomalies. MBD algorithms can detect anomalies such as cell imbalance, aging, and degradation.

Failure Modes and Effects Analysis (FMEA):

The following are some common failure modes and effects analysis (FMEA) for battery cells and the BMS:

1. Cell Failure Modes: Common cell failure modes include overcharging, overdischarging, short-circuit, and thermal runaway. These failures can lead to safety hazards, reduced battery life, and performance degradation.
2. BMS Failure Modes: Common BMS failure modes include",0
"Are there any specific failure modes or degradation mechanisms that the predictive maintenance strategy should prioritize, and what are the associated criticality levels?","When it comes to an electric battery, there are several failure modes and degradation mechanisms that a predictive maintenance strategy should prioritize. Here are some of the most critical ones, along with their associated criticality levels:

1. Capacity Fade: This is a decrease in the battery's energy storage capacity, which can be caused by a variety of factors, including degradation of the anode and cathode materials, and the formation of solid-electrolyte interphase (SEI) layers. Capacity fade can lead to a reduction in the battery's overall runtime and efficiency, and can be difficult to detect before it becomes a significant problem. Criticality level: High.
2. Power Fade: This is a decrease in the battery's ability to deliver peak power, which can be caused by factors such as degradation of the cathode material, and the formation of SEI layers. Power fade can lead to a reduction in the battery's ability to support high-power applications, such as electric vehicles. Criticality level: High.
3. Increased Internal Resistance: This is an increase in the electrical resistance within the battery, which can be caused by factors such as the formation of SEI layers, and the growth of dendrites (microscopic, conductive structures that can form on the surface of the anode). Increased internal resistance can lead to a reduction in the battery's efficiency, and can be difficult to detect before it becomes a significant problem. Criticality level: High.
4. Thermal Runaway: This is a catastrophic failure mode that can occur when the battery's internal temperature becomes too high, leading to a rapid and uncontrolled increase in temperature. Thermal runaway can be caused by factors such as overcharging, short-circuits, and the use of substandard battery components. Thermal runaway can lead to the release of toxic gases, and the risk of fire or explosion. Criticality level: Very high.
5. Mechanical Failure: This is a failure mode that can occur when the battery's physical components become damaged or degraded, leading to a loss of function. Mechanical failure can be caused by factors such as vibration, shock, and exposure to extreme temperatures. Mechanical failure can lead to a loss of electrical",0
"Have there been any past failures or incidents within the battery system, and if so, what sensor data patterns were observed leading up to those events?","Yes, there have been past failures and incidents within battery systems. Some common failure modes and their corresponding effects on electric battery systems are:

1. **Failure Mode:** Battery Cell Degradation
   **Failure Reason:** This can be caused by several factors, including:
   - High operating temperature
   - Overcharging or deep discharging
   - High charge/discharge rates
   - Manufacturing defects
   **Degradation Mechanism:** The battery's internal resistance increases, leading to a decrease in capacity and efficiency. This can also result in thermal runaway, which can cause a fire or explosion.
   **Severity:** High, as this can lead to a complete loss of battery capacity and potential safety hazards.
   **Ability to Detect:** This can be detected using sensors that monitor battery temperature, voltage, and current. Regular capacity testing can also help identify degradation.

2. **Failure Mode:** Battery Management System (BMS) Failure
   **Failure Reason:** This can be caused by:
   - Software bugs
   - Electrical overstress
   - Thermal stress
   - Manufacturing defects
   **Degradation Mechanism:** The BMS fails to manage the battery cells properly, leading to overcharging, over-discharging, or imbalanced charging/discharging. This can cause cell degradation or failure.
   **Severity:** High, as this can lead to battery failure and potential safety hazards.
   **Ability to Detect:** This can be detected using sensors that monitor BMS performance and functionality. Regular BMS software updates and testing can also help identify potential issues.

3. **Failure Mode:** Mechanical Failure
   **Failure Reason:** This can be caused by:
   - Vibration
   - Shock
   - Thermal stress
   - Manufacturing defects
   **Degradation Mechanism:** The battery's physical components, such as the casing or internal connectors, can become damaged or loose, leading to a decrease in battery performance or safety hazards.
   **Severity:** Medium to high, depending on the extent of the damage.
   **Ability to Detect:** This can be detected using visual inspections and sensors that monitor",0
"Are there any external factors, such as environmental conditions or usage patterns, that could impact the battery system's performance or failure rates?","Yes, there are several external factors that could impact the performance and failure rates of an electric battery system. These include:

1. Temperature: Both high and low temperatures can negatively affect battery performance and increase the risk of failure. High temperatures can cause the battery to degrade more quickly, while low temperatures can reduce the battery's capacity and power.
2. Humidity: High humidity levels can lead to corrosion of the battery components, which can cause a decrease in performance and an increase in failure rates.
3. Vibration: Vibration from the surrounding environment or from the operation of the equipment that the battery is connected to can cause internal damage to the battery, leading to failure.
4. Usage patterns: The way the battery is used can also impact its performance and failure rates. For example, frequent deep discharges can cause the battery to degrade more quickly, while storing the battery in a discharged state can also lead to failure.
5. Maintenance: Proper maintenance, such as regular inspection and cleaning of the battery terminals, can help to prevent corrosion and other forms of damage that can lead to failure.
6. Charging and discharging cycles: The number of charging and discharging cycles the battery goes through will also affect its performance and failure rates. Over time, these cycles can cause the battery to degrade, leading to a decrease in capacity and an increase in failure rates.
7. Battery Management System (BMS) : A Battery Management System (BMS) is an electronic system that manages a rechargeable battery (or a battery pack) and provides essential information about the battery's state, such as voltage, current, temperature, state of charge, and state of health. A BMS can also prevent the battery from being overcharged or over-discharged, which can lead to failure.
8. Storage : The way the battery is stored can also affect its performance and failure rates. For example, storing the battery at high or low temperatures, or in a discharged state, can lead to failure.

It is important to consider all of these factors when performing a failure modes and effects analysis (FMEA) of an electric battery system, as they can all contribute to the component's failure modes, failure reasons, failure codes, degradation mechanisms, severity,",0
Are there any regulatory or safety requirements that need to be considered when developing the anomaly detection model?,"Yes, when developing an anomaly detection model for an electric battery in an industrial asset class, there are several regulatory and safety requirements that must be taken into consideration. These can include:

1. Compliance with industry standards: The National Fire Protection Association (NFPA) and the International Electrotechnical Commission (IEC) have established safety standards for energy storage systems, including electric batteries. These standards cover design, installation, and maintenance requirements to minimize the risk of fire, explosion, and other hazards.

2. Safety certifications: The electric battery and its components should be certified to relevant safety standards, such as UL, CE, or IECEx. These certifications ensure that the battery meets certain safety requirements and has been tested for compliance.

3. Thermal runaway prevention: Thermal runaway is a major safety concern in electric batteries, as it can lead to fire or explosion. The anomaly detection model should be able to detect early signs of thermal runaway and trigger an emergency shutdown or other safety measures.

4. Overcharging and over-discharging protection: Overcharging or over-discharging can damage the battery and reduce its lifespan. The anomaly detection model should be able to detect these conditions and trigger alerts or automatic shutdowns.

5. Environmental considerations: The electric battery should be designed and operated in a way that minimizes the risk of environmental harm, such as leaks or spills. The anomaly detection model should be able to detect any signs of environmental damage and trigger appropriate action.

6. Cybersecurity: As with any industrial asset, electric batteries can be vulnerable to cyber attacks. The anomaly detection model should include cybersecurity measures to protect against unauthorized access or tampering.

7. Regular maintenance and inspections: Regular maintenance and inspections can help prevent failures and extend the lifespan of the electric battery. The anomaly detection model should be able to identify any components that require maintenance or replacement and trigger alerts or work orders.

By considering these regulatory and safety requirements, the anomaly detection model can help ensure the safe and reliable operation of the electric battery in an industrial asset class.",0
"Can you explain the process for triggering emergency shutdowns, alerts, or maintenance work orders when the model detects early signs of thermal runaway, overcharging, over-discharging, or environmental damage?","
Certainly! For an electric battery, there are several potential failure modes that could trigger emergency shutdowns, alerts, or maintenance work orders. Here, I will discuss the process for triggering emergency shutdowns or alerts for the following failure modes: thermal runaway, overcharging, over-discharging, and environmental damage.

1. Thermal Runaway:

Thermal runaway is a dangerous failure mode in which an increase in temperature causes a further increase in temperature, leading to a catastrophic failure of the battery. To detect early signs of thermal runaway, the battery management system (BMS) should monitor the temperature of each cell in the battery pack. If the temperature of a cell exceeds a predetermined threshold, the BMS should trigger an alert or emergency shutdown. The threshold may vary depending on the type of battery and the application, but a typical value may be 120-150°C. The severity of thermal runaway is high, and it is critical to detect and mitigate this failure mode before it leads to a catastrophic failure.

2. Overcharging:

Overcharging occurs when the battery is charged with a higher voltage than its rated voltage. Overcharging can cause the battery to heat up, leading to a reduction in battery life or even a catastrophic failure. To detect early signs of overcharging, the BMS should monitor the charging voltage and current. If the charging voltage or current exceeds a predetermined threshold, the BMS should trigger an alert or emergency shutdown. The threshold may vary depending on the type of battery and the application, but a typical value may be 0.1-0.3 C for the charging current. The severity of overcharging is moderate, and it is important to detect and mitigate this failure mode before it leads to a reduction in battery life.

3. Over-discharging:

Over-discharging occurs when the battery is discharged with a higher current than its rated current. Over-discharging can cause the battery to heat up, leading to a reduction in battery life or even a catastrophic failure. To detect early signs of over-discharging, the BMS should monitor the discharging voltage and current. If the discharging",1
"Can you provide more details on the specific criteria that we should use to evaluate the performance of the anomaly detection model, and how we can prioritize these criteria during the development process?","Sure, I'd be happy to help! When evaluating the performance of an anomaly detection model for electric battery systems, there are several key criteria to consider:

1. **Accuracy**: This refers to the model's ability to correctly identify true anomalies (i.e., failures or degradation mechanisms) and true normal conditions. A high accuracy indicates that the model is reliable in its predictions.
2. **Precision**: Precision is the measure of the model's ability to avoid false positives, or incorrectly identifying normal conditions as anomalies. A high precision indicates that the model is unlikely to raise unnecessary alarms.
3. **Recall**: Recall is the measure of the model's ability to identify all true anomalies. A high recall indicates that the model is unlikely to miss any failures or degradation mechanisms.
4. **F1 score**: The F1 score is the harmonic mean of precision and recall, and provides a single metric that balances both criteria. A high F1 score indicates that the model has both high precision and high recall.
5. **Explainability**: For a reliability engineer, it is important to understand how the model is making its predictions. A model that is transparent and explainable can help build trust and confidence in its predictions, and can also help identify areas for improvement.
6. **Computational efficiency**: In an industrial setting, it is important to consider the computational resources required to run the model. A model that is computationally efficient can be run more frequently, providing more timely predictions and alerts.

During the development process, these criteria can be prioritized based on the specific needs and constraints of the application. For example, if the primary goal is to identify critical failures as early as possible, then recall may be given higher priority than precision. On the other hand, if the goal is to minimize false alarms, then precision may be given higher priority.

To balance these criteria, it may be helpful to use a weighted scoring system that assigns different weights to each criterion based on their relative importance. This can help ensure that the model is optimized for the specific needs of the application, while still maintaining a reasonable level of performance across all criteria.",1
"What are the potential consequences of false positives and false negatives in the context of anomaly detection for electric batteries in IoT/OT systems, and how can we minimize the impact of these errors?","
For electric batteries, false positives and false negatives in anomaly detection can have significant consequences. A false positive occurs when the system incorrectly identifies a normal condition as an anomaly, resulting in unnecessary maintenance or replacement of the battery. This can lead to increased costs, downtime, and reduced overall system reliability.

A false negative, on the other hand, occurs when the system fails to detect an actual anomaly, leading to battery failure and potential system downtime. This can result in safety risks, increased maintenance costs, and reduced system availability.

To minimize the impact of these errors, it is important to implement a robust anomaly detection system that utilizes a combination of techniques, such as statistical process control, machine learning, and physical models. These techniques can help to improve the accuracy and reliability of the system, reducing the likelihood of false positives and false negatives.

In addition, it is important to perform regular preventive maintenance on the batteries, such as visual inspections, voltage and resistance measurements, and capacity testing. This can help to detect potential issues before they become critical, allowing for proactive maintenance and replacement of batteries as needed.

Another important aspect is to have a clear understanding of the failure modes, failure reasons, and degradation mechanisms of the battery. This information can be used to develop a predictive maintenance strategy that takes into account the specific characteristics of the battery and the operating conditions.

Furthermore, it is essential to have a clear and well-defined failure code system, that allows to track and trend the battery performance, and identify the root cause of the failure. This can help to improve the overall system reliability and reduce the impact of false positives and false negatives.

Finally, it is important to have a clear communication and collaboration between the maintenance team, the operators and the data scientists, in order to ensure that the anomaly detection system is well understood, well-calibrated and well-maintained, and that the maintenance actions are taken in a timely and efficient manner.",1
What are the key performance indicators or metrics that can be used to evaluate the effectiveness of the anomaly detection model in ensuring the safety and reliability of industrial electric batteries?,"To evaluate the effectiveness of an anomaly detection model for industrial electric batteries, there are several key performance indicators (KPIs) that can be used:

1. False Positive Rate: This measures the number of healthy battery components that are incorrectly identified as faulty by the model. A lower false positive rate indicates better performance.
2. False Negative Rate: This measures the number of faulty battery components that are not detected by the model. A lower false negative rate indicates better performance.
3. Precision: This measures the proportion of identified faults that are true faults. A higher precision indicates better performance.
4. Recall: This measures the proportion of true faults that are identified by the model. A higher recall indicates better performance.
5. Accuracy: This measures the overall proportion of correct predictions made by the model. A higher accuracy indicates better performance.
6. F1 Score: This is the harmonic mean of precision and recall, and provides a balanced measure of the model's performance. A higher F1 score indicates better performance.
7. Root Mean Square Error (RMSE): This measures the difference between the predicted and actual values of the battery parameters. A lower RMSE indicates better performance.
8. Mean Time Between Failures (MTBF): This measures the average time between battery failures. A higher MTBF indicates better reliability.
9. Mean Time To Repair (MTTR): This measures the average time taken to repair or replace a faulty battery component. A lower MTTR indicates better maintainability.
10. Battery Efficiency: This measures the energy efficiency of the battery. A higher efficiency indicates better performance.

By monitoring these KPIs, the reliability engineer can evaluate the effectiveness of the anomaly detection model in ensuring the safety and reliability of industrial electric batteries.",1
Can you provide any specific examples of how understanding these parameters and metrics has helped in improving the reliability and performance of electric battery systems in real-world applications?,"Sure, I'd be happy to provide some examples of how understanding the parameters and metrics of electric battery systems, including failure modes, effects analysis (FMEA), failure reasons, failure codes, degradation mechanisms, severity, and detectability, can help improve the reliability and performance of these systems in real-world applications.

1. Identifying and addressing failure modes: By performing an FMEA of an electric battery system, engineers can identify potential failure modes and take steps to address them before they occur. For example, in an electric vehicle (EV) application, an FMEA may reveal that the battery's cooling system is prone to leaks, which could lead to a loss of cooling and ultimately a thermal runaway event. To mitigate this risk, engineers could design the cooling system with redundant components or add sensors to detect leaks early and alert the driver to take corrective action.

2. Understanding degradation mechanisms: Battery degradation is a complex process that can be influenced by many factors, including temperature, charge/discharge cycles, and the age of the battery. By understanding the specific degradation mechanisms that affect a particular battery system, engineers can design the system to minimize these factors and extend the battery's useful life. For example, in a stationary energy storage application, engineers may use a thermal management system to keep the battery at a moderate temperature, which can help slow down degradation mechanisms such as lithium plating and electrolyte decomposition.

3. Improving detectability: By adding sensors and monitoring systems to a battery system, engineers can detect failures or degradation before they become catastrophic. For example, in an electric grid energy storage application, sensors can monitor the battery's voltage, current, and temperature in real-time, allowing operators to detect and address issues before they lead to a failure. This can help improve the reliability and availability of the battery system, which is critical for applications such as grid stabilization and frequency regulation.

4. Implementing preventive maintenance: By understanding the failure modes and degradation mechanisms of a battery system, engineers can develop a preventive maintenance program that includes regular inspections, testing, and maintenance activities. For example, in an EV application, the battery management system (BMS) may include features such as cell balancing, which can help prevent individual",1
"What are the current benchmarks or industry standards for anomaly detection in electric batteries within IoT/OT systems, and how can we use these to guide the development and evaluation of our model?","For electric battery systems in IoT/OT systems, there are several industry standards and benchmarks for anomaly detection that can be used to guide the development and evaluation of a failure modes and effects analysis (FMEA) model.

1. ISO 12405: This international standard specifies the requirements for the reliability, abuse tolerance, and abuse testing of secondary lithium-ion batteries for the use in electric road vehicles. It includes requirements for the design, manufacturing, and testing of these batteries.

2. IEC 62619: This international standard specifies the requirements for the reliability, abuse tolerance, and abuse testing of secondary lithium-ion batteries for the use in electric industrial trucks. It includes requirements for the design, manufacturing, and testing of these batteries.

3. SAE J2928: This Society of Automotive Engineers (SAE) standard specifies the requirements for the reliability, abuse tolerance, and abuse testing of nickel-metal hydride (NiMH) batteries for the use in hybrid electric vehicles. It includes requirements for the design, manufacturing, and testing of these batteries.

4. Battery Council International (BCI): BCI is a trade association that represents battery manufacturers and suppliers. They have developed a set of best practices and guidelines for the design, manufacturing, and testing of lead-acid batteries.

5. US Advanced Battery Consortium (USABC): USABC is a collaborative organization that includes representatives from the U.S. Department of Energy, U.S. automakers, and battery manufacturers. They have developed a set of performance and durability targets for electric vehicle batteries.

When developing an FMEA model for electric battery systems in IoT/OT systems, it is important to consider these industry standards and benchmarks as a guide for the following:

* Identifying the components, subcomponents, and failure modes of the battery system
* Determining the failure reasons and degradation mechanisms that can lead to these failure modes
* Assigning severity levels to the failure modes based on their potential impact on the system
* Identifying methods for detecting and preventing these failure modes through preventive maintenance

It is also important to evaluate the performance of the FMEA model by comparing it to these industry standards and benchmarks",1
"Can you provide more details on the specific regulatory requirements for the electric battery system, such as ISO 12405-1 and UN 38.3, and how they impact the model development and implementation?","Sure, I'd be happy to provide some information on that.

ISO 12405-1 and UN 38.3 are both standards that are relevant to the design and testing of electric battery systems.

ISO 12405-1 is a standard for ""Road vehicles - Electrically propelled vehicles - High-voltage electrical systems - Part 1: General information and requirements"" and it provides general information and requirements for the design and integration of high-voltage electrical systems in road vehicles, including electric battery systems. This standard is important to consider in the development of an electric battery system model as it outlines the general safety and performance requirements that the system must meet.

UN 38.3 is a standard for ""Test Specifications for the Approval of Electrically Propelled Road Vehicles"" and it outlines the test specifications and procedures for the approval of electrically propelled road vehicles, including electric battery systems. This standard is important to consider in the development of an electric battery system model as it outlines the specific testing requirements that the system must pass in order to be approved for use in road vehicles.

When developing and implementing an electric battery system model, it is important to take into account the specific requirements of these standards, as well as any other relevant regulations, in order to ensure that the system is safe, reliable, and compliant. This may include designing the system to meet specific performance and safety requirements, as well as implementing testing procedures to ensure that the system meets these requirements. Additionally, it is important to keep in mind that these regulations may change over time, so it is important to stay informed of any updates or revisions to the standards in order to ensure that the system remains compliant.",1
"Can you provide more information on the regulatory and safety requirements related to environmental, quality, cybersecurity, and data privacy for battery systems in the industrial asset class?","Sure, I'd be happy to provide some information on the regulatory and safety requirements related to environmental, quality, cybersecurity, and data privacy for battery systems in the industrial asset class.

1. Environmental Regulations:

Industrial battery systems must comply with various environmental regulations, including those related to the handling, storage, and disposal of batteries and their components. For example, the European Union's Battery Directive sets out rules for the collection, treatment, and recycling of industrial batteries. In the United States, the Environmental Protection Agency (EPA) has regulations governing the handling and disposal of lead-acid batteries, which are commonly used in industrial settings.

2. Quality Requirements:

Industrial battery systems must meet stringent quality requirements to ensure their reliability and performance. These requirements may include standards set by organizations such as Underwriters Laboratories (UL) and International Electrotechnical Commission (IEC). For example, UL 1973 covers stationary battery systems used for emergency power supply, and IEC 62904 outlines the requirements for industrial-scale lithium-ion batteries.

3. Cybersecurity Requirements:

As with other industrial assets, battery systems are increasingly connected to digital networks and therefore subject to cybersecurity risks. Industrial battery systems must be designed and implemented with appropriate cybersecurity measures to protect against unauthorized access, data breaches, and other security threats. This may include measures such as encryption, secure communications protocols, and access controls.

4. Data Privacy Requirements:

Battery systems may collect and store sensitive data, such as usage patterns, performance metrics, and maintenance records. As such, they are subject to data privacy regulations, such as the European Union's General Data Protection Regulation (GDPR) and the California Consumer Privacy Act (CCPA). These regulations set out requirements for the collection, use, and protection of personal data, as well as the rights of individuals to access and control their data.

5. Failure Modes and Effects Analysis (FMEA):

In addition to the above regulatory and safety requirements, it is important to conduct a thorough Failure Modes and Effects Analysis (FMEA) of the battery system's components and subcomponents. This analysis should consider the following factors:
",1
Can you provide any examples of past incidents or failures in industrial electric batteries that highlight the importance of regulatory and safety requirements in an anomaly detection model?,"Sure, I can provide an example of a past incident or failure in industrial electric batteries that highlights the importance of regulatory and safety requirements in an anomaly detection model.

In 2013, there was an incident involving a battery system on a Boeing 787 Dreamliner aircraft. The aircraft was equipped with a lithium-ion battery system, which is a type of rechargeable battery commonly used in industrial and commercial applications. However, the battery system on the Dreamliner was found to have several issues, including thermal runaway, which can cause the battery to overheat and potentially catch fire.

The incident led to the grounding of all Boeing 787 Dreamliners for several months, and resulted in significant financial losses for Boeing. The incident also highlighted the importance of regulatory and safety requirements for battery systems, as well as the need for effective anomaly detection models.

In response to the incident, the Federal Aviation Administration (FAA) issued an emergency airworthiness directive requiring operators to modify the battery system to prevent thermal runaway. The directive also required operators to implement a number of safety measures, including regular inspections and testing of the battery system.

The incident underscores the importance of regulatory and safety requirements in ensuring the safe and reliable operation of industrial electric batteries. Anomaly detection models can play a critical role in identifying potential issues before they escalate into catastrophic failures. By analyzing data from sensors and other monitoring systems, these models can identify patterns and anomalies that may indicate a potential failure mode. This allows organizations to take proactive measures to prevent failures and ensure the safety and reliability of their battery systems.

In terms of the information you requested about the asset's component, subcomponent, failure mode, failure reason, failure code, degradation mechanism, severity, and ability to detect them before it happens via preventive maintenance, here is some general information about industrial electric batteries:

* Component/Subcomponent: The components of an industrial electric battery include the anode, cathode, separator, and electrolyte. The subcomponents include the battery cells, battery management system, and cooling system.
* Failure Mode: Failure modes in industrial electric batteries can include thermal runaway, short-circuit, and capacity fade.
* Failure Reason:",1
"Can you explain the key performance indicators and failure modes that are specific to the electric battery being monitored, and how they can be incorporated into the anomaly detection model?"," Sure, I'd be happy to help. As an expert in failure modes and effect analysis (FMEA) of asset reliability, I can provide information about the key performance indicators (KPIs) and failure modes of an electric battery.

When it comes to electric batteries, there are several key performance indicators that are commonly used to monitor their health and performance. These include:

1. State of Charge (SoC): This indicates the remaining capacity of the battery as a percentage of its total capacity.
2. State of Health (SoH): This is a measure of the overall health of the battery, taking into account factors such as its capacity, internal resistance, and impedance.
3. Charge/Discharge rate: This measures the speed at which the battery is charged or discharged.
4. Temperature: This is an important factor in battery health, as excessive heat can lead to degradation and failure.
5. Efficiency: This measures the amount of energy that is lost during charging and discharging.

Failure modes of electric batteries can be broadly categorized into two types: functional failures and safety failures.

Functional failures occur when the battery is unable to perform its intended function, such as providing power to an electric vehicle. Examples of functional failures include:

1. Capacity fade: This is a gradual reduction in the battery's capacity to hold a charge.
2. Increased internal resistance: This can lead to a decrease in efficiency and an increase in heat generation.
3. Reduced cycle life: This refers to the number of times the battery can be charged and discharged before its performance begins to degrade.

Safety failures, on the other hand, can lead to hazardous conditions such as fire or explosion. Examples of safety failures include:

1. Thermal runaway: This occurs when the battery's internal temperature increases uncontrollably, leading to a fire or explosion.
2. Short circuit: This can occur when the battery's internal components come into contact with each other, leading to a rapid discharge of energy.
3. Overcharging: This can lead to excessive heat generation and damage to the battery's internal components.

To incorporate these KPIs and failure modes into an anomaly detection model, it is important to",1
Can you provide any case studies or examples of how understanding and addressing these factors has helped prevent failures and improve the safe and efficient operation of a battery system?,"Sure, I'd be happy to provide an example of how failure modes and effects analysis (FMEA) can be used to prevent failures and improve the safe and efficient operation of a battery system, in this case, a lithium-ion battery system used in electric vehicles.

A lithium-ion battery system is composed of various sub-components such as the cathode, anode, separator, electrolyte, and battery management system (BMS). In this example, we will focus on the cathode, which is a key component of the battery, as its failure can lead to a significant decrease in battery performance and safety.

Failure mode: The cathode can fail due to several reasons, including:

* Crushing or puncturing of the cathode, which can cause internal short circuits and lead to thermal runaway.
* Corrosion of the cathode, which can reduce the battery's energy density and lifespan.
* Delamination of the cathode, which can cause a loss of electrical contact and a decrease in battery performance.

Failure reason: The cathode can fail due to:

* Mechanical stress, such as that caused by vibration or impact.
* Thermal stress, such as that caused by overcharging or overdischarging.
* Chemical stress, such as that caused by exposure to moisture or impurities.

Failure code: The cathode failure can be coded as:

* C-C: Cathode crushing or puncturing
* C-COR: Cathode corrosion
* C-DL: Cathode delamination

Degradation mechanism: The cathode degradation can occur due to:

* Electrochemical degradation, such as that caused by the formation of solid-electrolyte interphase (SEI) layer.
* Thermal degradation, such as that caused by high operating temperatures.
* Mechanical degradation, such as that caused by the cycling of the battery.

Severity: The severity of the cathode failure can be rated as:

* 10: Catastrophic, leading to a complete loss of battery function and a risk of fire or explosion.
* 7: Crit",1
"Can you provide more information on the types of sensors that are most effective in detecting anomalies in electric batteries, and how we can evaluate their sensitivity and effectiveness?","Sure, I'd be happy to help! When it comes to monitoring the health and performance of electric batteries, there are several types of sensors that can be used to detect anomalies and evaluate their sensitivity and effectiveness. Here are some examples:

1. Temperature Sensors: These sensors measure the temperature of the battery cells, which is an important parameter to monitor as excessive heat can lead to thermal runaway and failure. Temperature sensors can be placed inside the battery cells or on the exterior of the battery pack.
2. Voltage Sensors: These sensors measure the voltage of each battery cell, which can indicate the state of charge (SOC) and state of health (SOH) of the battery. Voltage sensors can help detect issues such as imbalanced charging or discharging, which can lead to premature failure.
3. Current Sensors: These sensors measure the current flowing in and out of the battery, which can help detect issues such as overcurrent or undercurrent conditions that can lead to battery failure.
4. Impedance Spectroscopy Sensors: These sensors measure the impedance of the battery cells, which can provide information about the internal resistance and health of the battery. Impedance spectroscopy can help detect issues such as aging, degradation, or damage to the battery.
5. Gas Sensors: These sensors measure the presence of gases such as hydrogen, oxygen, or carbon monoxide, which can indicate internal short circuits or other forms of battery failure.

To evaluate the sensitivity and effectiveness of these sensors, there are several methods that can be used, including:

1. Laboratory Testing: This involves testing the sensors in a controlled laboratory environment, using battery simulators or actual battery cells, to evaluate their performance under different conditions.
2. Field Testing: This involves installing the sensors in real-world battery systems and monitoring their performance over time, under different operating conditions and usage patterns.
3. Data Analysis: This involves analyzing the data collected by the sensors to identify patterns, trends, or anomalies that may indicate battery failure or degradation. This can be done using statistical analysis, machine learning algorithms, or other data analysis techniques.

When evaluating the sensitivity and effectiveness of the sensors, it is important to consider several factors, including:

1. Accur",1
"Can you provide more information on how FMEA is used to identify potential failure modes, failure reasons, degradation mechanisms, severity, and detectability of battery system failures?","Sure, I'd be happy to help!

Failure Modes and Effects Analysis (FMEA) is a systematic approach used to identify and evaluate potential failure modes in a system, in this case, an electric battery. The FMEA process involves identifying the components and subcomponents of the battery, their failure modes, the reasons for those failures, the degradation mechanisms, and the severity and detectability of the failures.

1. Component/Subcomponent: The first step in the FMEA process is to identify the components and subcomponents of the battery. This may include the battery cells, the battery management system (BMS), the casing, and the electrical connections.
2. Failure Modes: Once the components and subcomponents have been identified, the next step is to identify the ways in which they can fail. For example, a battery cell may fail due to a short circuit, overcharging, or overdischarging.
3. Failure Reasons: After identifying the failure modes, the next step is to determine the reasons for those failures. This may include factors such as manufacturing defects, wear and tear, or abuse.
4. Degradation Mechanisms: The degradation mechanisms are the processes that lead to the failure of the battery. For example, the degradation mechanism for a battery cell may be the formation of solid-electrolyte interphase (SEI) layers, which can reduce the efficiency of the battery.
5. Severity: The severity of the failure is a measure of the impact of the failure on the overall system. This can be rated on a scale of 1 to 10, with 10 being the most severe.
6. Detectability: The detectability of the failure is a measure of how easy it is to detect the failure before it causes a problem. This can also be rated on a scale of 1 to 10, with 10 being the easiest to detect.

The FMEA process can help to identify potential failure modes and their causes before they occur, allowing for preventive maintenance to be performed. This can help to increase the reliability and availability of the battery system, and reduce the risk of unexpected failures.

It is important to note that FMEA is a living document that should be reviewed and updated regularly as new information becomes available or when changes are",1
"Are there any known patterns or trends in the sensor data that are indicative of early signs of failure or degradation, and how can they be incorporated into the anomaly detection model?","
When it comes to electric battery systems, there are several key factors to consider when performing failure modes and effects analysis (FMEA) and implementing an anomaly detection model. Here are some of the most important considerations:

1. Component and Subcomponent:
The electric battery system can be broken down into several key components, including the battery cells, battery management system (BMS), thermal management system, and mechanical components such as casings and connectors. Each of these components can have different failure modes and mechanisms.

2. Failure Mode and Reason:
Common failure modes for battery cells include thermal runaway, electrical short circuit, and capacity fade. These failures can be caused by factors such as overcharging, overdischarging, high temperature, and mechanical damage. The BMS is responsible for monitoring and controlling the battery cells, and common failure modes include communication failures, software errors, and faulty sensor readings. The thermal management system can fail due to issues such as leaks, blockages, or malfunctions in the cooling or heating components. Mechanical components can fail due to issues such as corrosion, fatigue, or damage during handling or transportation.

3. Failure Code and Degradation Mechanism:
Failure codes for battery cells can include open circuit, short circuit, and internal resistance increase. The degradation mechanism for battery cells can include capacity fade, power fade, and increased impedance. The degradation mechanism for the BMS can include software bugs, communication errors, and sensor drift. The degradation mechanism for the thermal management system can include degradation of the cooling or heating components, leaks, or blockages. Mechanical components can degrade due to factors such as corrosion, wear, and fatigue.

4. Severity and Ability to Detect:
The severity of a failure mode can vary depending on the specific application and use case. For example, a battery cell failure in a hybrid vehicle may have a lower severity than in an electric vehicle. The ability to detect a failure mode can be improved through the use of sensor data and anomaly detection models. Common sensors used in battery systems include temperature sensors, voltage sensors, current sensors, and impedance sensors. By monitoring these sensors and looking for anomalies, it is possible to detect early signs of failure or degradation.

5. Incorpor",1
"How can the reliability and safety of battery systems be improved through the use of an anomaly detection model, and what are the key performance indicators to measure its effectiveness?","To improve the reliability and safety of battery systems through the use of an anomaly detection model, the following steps can be taken:

1. Identify the key components of the battery system: The first step is to identify the critical components of the battery system, such as the cells, battery management system (BMS), thermal management system, and mechanical components.
2. Determine the failure modes and effects: Once the key components have been identified, the next step is to determine the possible failure modes and their effects on the system. This can be done through techniques such as failure modes and effects analysis (FMEA) or fault tree analysis (FTA).
3. Develop an anomaly detection model: Based on the identified failure modes, an anomaly detection model can be developed to identify early signs of degradation or failure. This model can be based on machine learning algorithms, statistical process control, or other techniques.
4. Implement the anomaly detection model: Once the model has been developed, it can be implemented in the battery system to monitor the key performance indicators (KPIs) and identify any anomalies.
5. Define KPIs: The KPIs to measure the effectiveness of the anomaly detection model can include metrics such as false positive rate, false negative rate, detection time, and overall system availability.
6. Perform preventive maintenance: Based on the anomalies detected, preventive maintenance can be performed to address the potential failures before they occur. This can include actions such as cell replacement, software updates, or system redesign.

The key performance indicators to measure the effectiveness of the anomaly detection model can include:

1. False positive rate: The percentage of normal conditions that are incorrectly identified as anomalies.
2. False negative rate: The percentage of anomalies that are not detected.
3. Detection time: The time taken to detect an anomaly after it has occurred.
4. Overall system availability: The percentage of time that the battery system is available and functioning correctly.
5. Root cause analysis: The ability to identify the root cause of the anomaly and take corrective action to prevent future occurrences.
6. Cost-benefit analysis: The cost of implementing the anomaly detection model compared to the benefits in terms of improved reliability and safety.",1
"What are the specific computational resource limitations of the IoT devices used in the electric battery system, and how do they impact the choice of anomaly detection algorithms?","When performing failure modes and effect analysis (FMEA) for an electric battery system, it is important to consider the computational resource limitations of the IoT devices used in the system. These limitations can include processing power, memory, and energy consumption, and can significantly impact the choice of anomaly detection algorithms used to monitor the battery's health and performance.

One of the main constraints for IoT devices used in battery systems is energy consumption. These devices are often battery-powered and need to operate for long periods of time, in some cases years, without the need for replacement. As a result, algorithms that require a lot of computational power or consume a lot of energy may not be suitable for these devices.

Another constraint is the memory and storage capacity of the IoT devices. These devices typically have limited memory and storage capacity, which can impact the ability to store and process large amounts of data. This can be a problem for anomaly detection algorithms that require a lot of data to be stored and processed in order to detect anomalies.

In addition, IoT devices used in battery systems often have limited processing power. This can impact the ability to run complex algorithms, such as machine learning algorithms, which require a lot of computational power.

When choosing anomaly detection algorithms for an electric battery system, it is important to consider these computational resource limitations. Algorithms that are lightweight, low-power, and require minimal data processing and storage are generally the best choice for IoT devices used in battery systems. Examples of such algorithms include threshold-based algorithms, which can detect anomalies by comparing sensor data to predefined thresholds, and rule-based algorithms, which can detect anomalies by applying a set of predefined rules to the sensor data.

Another important aspect to consider is the ability to detect the anomaly before it happens via preventive maintenance. This can be done by using predictive maintenance algorithms, which can forecast the failure based on the sensor data and the historical data. These algorithms can help to identify potential issues before they become critical and can help to prevent failures and reduce downtime.

In summary, when performing FMEA for an electric battery system, it is important to consider the computational resource limitations of the IoT devices used in the system, such as energy consumption, memory and storage capacity, and processing power. These limitations can impact the choice of anom",1
"How does the Battery Management System (BMS) currently handle the detection and mitigation of anomalies, and are there any existing strategies that we can leverage for our model?","For an electric battery, the Battery Management System (BMS) plays a crucial role in handling the detection and mitigation of anomalies. The BMS is responsible for monitoring and managing the battery's state, including voltage, current, temperature, and state of charge. It uses various strategies to detect and mitigate anomalies, such as:

1. **Voltage monitoring:** The BMS measures the voltage of each cell in the battery to detect any abnormal voltage levels that could indicate a fault.
2. **Current monitoring:** The BMS measures the current flowing in and out of the battery to detect any abnormal current levels that could indicate a fault.
3. **Temperature monitoring:** The BMS measures the temperature of each cell in the battery to detect any abnormal temperature levels that could indicate a fault.
4. **State of charge estimation:** The BMS estimates the state of charge of the battery to ensure that it is operated within its safe operating limits.
5. **Cell balancing:** The BMS balances the charge levels of each cell in the battery to ensure that they are all at the same state of charge, which can help prevent anomalies.
6. **Fault detection and diagnosis:** The BMS uses various algorithms to detect and diagnose faults in the battery, such as model-based approaches, machine learning algorithms, and rule-based systems.
7. **Communication with other systems:** The BMS communicates with other systems in the vehicle, such as the power electronics and the thermal management system, to ensure that the battery is operated within its safe operating limits.

To leverage these strategies for your model, you can consider the following:

1. **Data-driven approaches:** You can use data from the BMS to develop data-driven models that can predict battery anomalies based on historical data. This can help you detect anomalies before they become critical.
2. **Model-based approaches:** You can use physics-based models to predict battery anomalies based on the underlying physical principles that govern battery behavior. This can help you detect anomalies that may not be apparent in the data.
3. **Machine learning algorithms:** You can use machine learning algorithms to develop predictive models that can learn from the data and improve their predictions over time. This can help you detect anomalies with high accuracy and",1
"Are there any specific considerations for the Battery Management System (BMS) when implementing a real-time anomaly detection system, such as compatibility or integration issues?","
Yes, there are several considerations for the Battery Management System (BMS) when implementing a real-time anomaly detection system:

1. Data compatibility: The BMS should be able to provide real-time data in a format that is compatible with the anomaly detection system. This may require data preprocessing or data translation capabilities within the BMS or the anomaly detection system.

2. Data integration: The BMS and the anomaly detection system should be able to communicate with each other seamlessly. This may require the use of standardized communication protocols, such as CAN bus or Modbus, or the development of custom communication interfaces.

3. Cybersecurity: The BMS and the anomaly detection system should be designed with cybersecurity in mind to prevent unauthorized access or data breaches. This may involve implementing encryption, authentication, and access control mechanisms.

4. Algorithm compatibility: The anomaly detection algorithm used in the system should be compatible with the BMS and the battery chemistry used. For example, some algorithms may not work well with certain types of batteries, such as lithium-ion batteries, due to their complex behavior and degradation mechanisms.

5. Degradation mechanisms: The BMS should be able to monitor and detect various degradation mechanisms in the battery, such as capacity fade, increased internal resistance, and thermal runaway. The anomaly detection system should be able to identify and diagnose these degradation mechanisms in real-time and provide recommendations for preventive maintenance.

6. Preventive maintenance: The anomaly detection system should be able to provide recommendations for preventive maintenance based on the data collected by the BMS. This may include suggestions for battery replacement, reconditioning, or balancing.

7. Failure modes and effects analysis (FMEA): The BMS and the anomaly detection system should be designed with FMEA in mind to identify potential failure modes and their effects on the battery system. This can help prevent catastrophic failures and reduce downtime.

8. Redundancy and fault tolerance: The BMS and the anomaly detection system should be designed with redundancy and fault tolerance in mind to ensure that the battery system can continue to operate safely and efficiently in the event of a failure.

9. Scalability: The BMS and the anomaly detection",1
"Are there any other external factors, besides temperature, humidity, altitude, and usage patterns, that can affect battery performance and failure rates in an IoT/OT setting?","Yes, there are several external factors, in addition to temperature, humidity, altitude, and usage patterns, that can affect battery performance and failure rates in an IoT/OT setting for an electric battery asset class. These include:

1. Charging practices: The way batteries are charged can significantly impact their performance and lifespan. Factors such as the charging rate, temperature, and charging efficiency can all affect the overall health of the battery.

2. Vibration and shock: Electric batteries used in IoT/OT devices can be subjected to significant vibration and shock, which can lead to internal damage and failure.

3. Electrical interference: Electrical interference from other devices or sources can cause damage to the battery, leading to reduced performance and increased failure rates.

4. Battery chemistry: The specific chemistry of the battery can also impact its performance and failure rates. For example, lithium-ion batteries are known to be sensitive to high temperatures and can degrade over time.

5. Manufacturing defects: Defects in the manufacturing process can lead to premature failure of the battery.

6. Maintenance practices: Proper maintenance practices, such as regular inspection and cleaning, can help to prevent battery failure. Neglecting maintenance can lead to a higher failure rate.

7. Battery age: The age of the battery can also impact its performance and failure rates. Over time, batteries can degrade and lose their capacity, leading to failure.

8. Storage conditions: The conditions in which batteries are stored can also impact their performance and failure rates. For example, storing batteries in extreme temperatures or in areas with high humidity can lead to degradation and failure.

In terms of failure modes, common failure modes for electric batteries include:

1. Thermal runaway: This occurs when the battery's internal temperature rises uncontrollably, leading to a fire or explosion.

2. Short circuit: This occurs when the battery's internal components come into contact with each other, leading to a rapid discharge of energy.

3. Capacity fade: This occurs when the battery's capacity to hold a charge decreases over time.

4. Open circuit: This occurs when the battery's internal circuit is broken, preventing it from providing power.

5. Deg",1
How can we ensure that the labeled data used for training the anomaly detection model is representative of the real-world operating conditions of the industrial asset class?,"To ensure that the labeled data used for training the anomaly detection model is representative of the real-world operating conditions of the industrial asset class (in this case, electric battery), you can follow these steps:

1. Collect data from various sources: Gather data from different sources such as sensors, battery management systems, and manual inspections to ensure that the data is diverse and comprehensive.
2. Include data from different operating conditions: Collect data from a range of operating conditions, including normal, abnormal, and fault conditions. This will help the model to detect anomalies under different operating scenarios.
3. Use data from different battery types and ages: Collect data from different types of batteries and ages to ensure that the model can detect anomalies in batteries with different characteristics.
4. Include data from different environments: Collect data from batteries operating in different environments, such as varying temperatures, humidity levels, and vibration conditions.
5. Use real-world data: Use data that reflects the actual operating conditions of the battery as closely as possible. This may include data from batteries operating in the field, as opposed to data from laboratory experiments.
6. Perform data validation: Validate the data to ensure that it is accurate, complete, and free from errors. Remove any outliers or irrelevant data points.
7. Perform data augmentation: Use data augmentation techniques to increase the size of the dataset and improve the model's ability to generalize. This may include techniques such as adding noise, rotating, or scaling the data.
8. Perform model validation: Validate the model using a separate dataset to ensure that it can accurately detect anomalies in the battery. Use metrics such as precision, recall, and F1 score to evaluate the model's performance.

By following these steps, you can ensure that the labeled data used for training the anomaly detection model is representative of the real-world operating conditions of the electric battery.",1
Could you provide more details on the specific industry standards and regulations we need to adhere to while building the anomaly detection model for the electric battery?,"Sure, when building an anomaly detection model for an electric battery, it is important to consider relevant industry standards and regulations. Here are some of the most important ones:

1. ISO 12405: Road vehicles - Electric and hybrid electric vehicles - Reliability testing - This standard specifies the requirements and testing procedures for the reliability of electric and hybrid electric vehicles, including their batteries. It includes requirements for testing the battery's performance, durability, and safety.
2. IEC 62619: Secondary lithium-ion cells for the propulsion of electric road vehicles - Safety specifications - This standard specifies the safety requirements for lithium-ion batteries used in electric road vehicles. It includes requirements for the design, testing, and marking of the batteries.
3. IEC 62904: Secondary lithium-ion cells for the propulsion of electric road vehicles - Test methods for determining the ability of the cell to perform in a module - This standard specifies the test methods for determining the ability of a lithium-ion cell to perform in a module, including tests for electrical, thermal, and mechanical performance.
4. SAE J2928: Electric and Hybrid Vehicle Power System Degradation and Failure Mode/Effect Analysis - This standard provides a framework for analyzing the degradation and failure modes of electric and hybrid vehicle power systems, including batteries. It includes a process for identifying potential failure modes, assessing their severity, and determining the ability to detect them before they occur.
5. UL 2580: Standard for Safety for Energy Storage Systems and Equipment - This standard provides safety requirements for energy storage systems and equipment, including batteries. It includes requirements for mechanical and electrical safety, as well as testing procedures.

When building an anomaly detection model for an electric battery, it is important to consider these industry standards and regulations to ensure that the model is able to accurately detect potential failures and anomalies, while also ensuring the safety and reliability of the battery. The failure modes and effects analysis (FMEA) should include the identification of potential failure modes, assessment of their severity, and determination of the ability to detect them before they occur. The model should also be able to identify the component, subcomponent, failure mode, failure reason, failure code, and de",1
"How can we ensure the privacy and security of the user data while implementing the anomaly detection model, and what are the best practices to follow for data protection?","When implementing an anomaly detection model for an electric battery, it is important to ensure the privacy and security of user data. Here are some best practices to follow for data protection:

1. Data Encryption: Encrypt user data both at rest and in transit to prevent unauthorized access. Use strong encryption algorithms such as AES-256.
2. Secure Data Transmission: Use secure communication protocols such as HTTPS or SSH to transmit data between the asset and the analytics platform.
3. Access Control: Implement strict access controls to ensure that only authorized personnel can access user data. Use role-based access control (RBAC) or attribute-based access control (ABAC) to define access policies.
4. Data Anonymization: Anonymize user data to protect user privacy. Remove personally identifiable information (PII) and use techniques such as pseudonymization or aggregation to protect user data.
5. Regular Security Audits: Conduct regular security audits to identify vulnerabilities and ensure that data protection measures are effective.
6. Data Minimization: Collect only the data that is necessary for the anomaly detection model. Avoid collecting unnecessary data that could compromise user privacy.
7. User Consent: Obtain user consent before collecting and processing user data. Provide users with clear and concise information about how their data will be used.
8. Incident Response Plan: Develop an incident response plan to address any data breaches or security incidents. The plan should include steps to contain the incident, notify affected users, and conduct a post-incident review.
9. Employee Training: Train employees on data protection best practices and ensure that they understand the importance of protecting user data.
10. Regular Updates: Keep software and firmware up to date to ensure that known vulnerabilities are addressed.

By following these best practices, you can ensure the privacy and security of user data while implementing an anomaly detection model for an electric battery.",1
"What are the potential consequences of false positives and false negatives in this application, and how can we balance the trade-off between sensitivity and specificity?","
For the industrial asset class of electric batteries, false positives and false negatives can have significant consequences. A false positive occurs when the system incorrectly identifies a battery as needing maintenance or replacement, even though it is still functioning properly. This can lead to unnecessary maintenance activities, increased costs, and potential downtime.

A false negative, on the other hand, occurs when the system fails to detect a battery that is actually experiencing issues and needs maintenance or replacement. This can result in battery failure, reduced performance, and potential safety risks.

Balancing the trade-off between sensitivity and specificity is crucial in this application. Sensitivity refers to the ability of the system to correctly identify batteries that need maintenance or replacement, while specificity refers to the ability of the system to correctly identify batteries that do not need maintenance or replacement.

To balance the trade-off between sensitivity and specificity, it is important to consider the costs and consequences of both false positives and false negatives. This can be achieved by:

1. Gathering accurate and comprehensive data on the electric batteries, including their component parts, failure modes, and degradation mechanisms.
2. Conducting a thorough failure modes and effects analysis (FMEA) to identify potential failure modes, their causes, and the consequences of failure.
3. Establishing clear and objective criteria for maintenance and replacement, based on the battery's performance, safety, and cost implications.
4. Implementing a robust monitoring and diagnostic system that can accurately detect and predict battery issues, while minimizing false positives and false negatives.
5. Continuously reviewing and updating the maintenance and replacement criteria, based on the latest data and analysis.

By following these steps, it is possible to balance the trade-off between sensitivity and specificity, and ensure that electric batteries are maintained and replaced in a timely and cost-effective manner, while minimizing the risks of false positives and false negatives.",1
Can you provide more details on the role of the BMS in managing the charging and discharging of the battery and how it can affect the battery's performance and lifespan?,"Sure, I'd be happy to provide more information about the role of the Battery Management System (BMS) in managing the charging and discharging of batteries, and how it can affect battery performance and lifespan.

The BMS is an electronic system that monitors and controls the charging and discharging of rechargeable batteries, such as lithium-ion batteries commonly used in electric vehicles and energy storage systems. Its primary function is to ensure the safe and efficient operation of the battery by managing its temperature, voltage, and current.

One of the key functions of the BMS is to prevent overcharging and over-discharging of the battery, which can lead to reduced performance and lifespan. Overcharging can cause the battery to heat up, which can lead to thermal runaway and even fire or explosion. On the other hand, over-discharging can cause the battery to reach a voltage that is too low, which can damage the battery cells and reduce their capacity.

The BMS uses various sensors to monitor the battery's voltage, current, and temperature, and employs algorithms to determine the state of charge (SOC) and state of health (SOH) of the battery. Based on this information, the BMS can adjust the charging and discharging rates to ensure optimal battery performance and lifespan.

Failure modes and effects analysis (FMEA) of the BMS can help identify potential failure modes and their impact on the battery's performance and lifespan. Some common failure modes of the BMS include:

* Communication failure between the BMS and other system components
* Sensor failure or drift
* Software errors or bugs
* Overvoltage or undervoltage protection failure
* Overcurrent protection failure
* Thermal management failure

The severity of these failure modes can vary, depending on the specific application and operating conditions. For example, a communication failure between the BMS and other system components may result in a minor degradation in battery performance, while a thermal management failure can lead to catastrophic failure of the battery.

The ability to detect these failure modes before they occur can be improved through preventive maintenance strategies, such as regular software updates, sensor calibration, and functional testing. The BMS can also provide real-time monitoring and diagnostic information, which can help identify",1
"Could you provide examples of anomalies that can be detected through monitoring key battery parameters, and what actions should be taken in response to these anomalies?","Sure, I'd be happy to help! As a reliability engineer with expertise in failure modes and effects analysis (FMEA) of battery systems, here are some examples of anomalies that can be detected through monitoring key battery parameters, along with recommended actions:

1. **Abnormal voltage:** Battery cells should have a relatively stable voltage level when charging and discharging. A sudden drop or rise in voltage can indicate a fault in the cell or the battery management system (BMS). Actions to take:
* Check the BMS for any malfunctions or errors.
* Perform a visual inspection of the battery cells for any signs of damage or degradation.
* Check the charging and discharging current to ensure they are within the recommended limits.
2. **High temperature:** Battery cells can generate heat during charging and discharging, but excessive heat can cause damage to the cells and reduce their lifespan. Actions to take:
* Check the cooling system to ensure it is functioning properly.
* Check the ventilation system to ensure it is providing adequate airflow.
* Perform a visual inspection of the battery cells for any signs of damage or degradation.
3. **High resistance:** The internal resistance of a battery cell can increase over time due to degradation, which can reduce its efficiency and capacity. Actions to take:
* Check the BMS for any malfunctions or errors.
* Perform a visual inspection of the battery cells for any signs of damage or degradation.
* Check the charging and discharging current to ensure they are within the recommended limits.
4. **Reduced capacity:** Over time, the capacity of a battery cell can decrease due to degradation. Actions to take:
* Check the BMS for any malfunctions or errors.
* Perform a visual inspection of the battery cells for any signs of damage or degradation.
* Check the charging and discharging current to ensure they are within the recommended limits.
5. **Short circuit:** A short circuit can occur when there is a direct path between the positive and negative terminals of a battery cell, which can cause excessive heat and even fire. Actions to take:
* Shut down the system immediately and disconnect the battery.
* Perform a visual inspection of the battery cells for any signs of damage",1
"How does exposure to extreme temperatures, vibration, and shock lead to mechanical failure in batteries, and what countermeasures can be taken to mitigate these risks?","Exposure to extreme temperatures, vibration, and shock can lead to mechanical failure in batteries through several failure modes, including:

1. **Component Failure:** Extreme temperatures can cause the battery's internal components to fail. For example, the separator material can become brittle and crack, or the current collector can become deformed.
2. **Electrolyte Freezing:** At low temperatures, the electrolyte in a battery can freeze, which can cause the battery to lose capacity and fail.
3. **Thermal Runaway:** Exposure to high temperatures can cause a battery to go into thermal runaway, where the battery's internal temperature continues to rise, leading to a fire or explosion.
4. **Vibration and Shock:** Vibration and shock can cause the battery's internal components to move or shift, leading to mechanical failure. This can be especially problematic in applications where the battery is subjected to frequent or high-magnitude vibrations or shocks.

The following countermeasures can be taken to mitigate these risks:

1. **Temperature Control:** Use temperature control measures, such as cooling systems or insulation, to keep the battery within its operating temperature range.
2. **Vibration and Shock Protection:** Use vibration and shock protection measures, such as mounts or dampers, to reduce the impact of external forces on the battery.
3. **Regular Inspections:** Regularly inspect the battery for signs of wear or damage, and replace any components that show signs of failure.
4. **Proper Handling:** Properly handle and store the battery, following the manufacturer's instructions, to minimize the risk of damage.
5. **Battery Management Systems:** Use battery management systems (BMS) to monitor the battery's temperature, voltage, and current, and to prevent overcharging or overdischarging.

The failure modes, failure reasons, failure codes, degradation mechanisms, severity, and ability to detect them before they happen for batteries exposed to extreme temperatures, vibration, and shock are as follows:

1. **Component Failure:** Failure mode: cracking, deformation; Failure reason: exposure to extreme temperatures; Failure code: T-xxx; Degradation mechanism: fatigue, creep; Severity:",1
What are the recommended maintenance and inspection practices that can help prevent failures and extend the lifespan of the electric battery in industrial asset class?,"As a reliability engineer with expertise in failure modes and effects analysis (FMEA), I recommend the following maintenance and inspection practices to prevent failures and extend the lifespan of electric batteries in industrial asset class:

1. Routine Inspections: Regular visual inspections of the battery system, including cables, connectors, and casings, can help identify any signs of damage, wear, or corrosion. Loose connections, for example, can cause increased resistance, leading to overheating and failure.

Failure mode: Loose connections can result in overheating, arcing, or short-circuits.
Failure reason: Vibration, thermal expansion, and corrosion can cause connections to loosen over time.
Failure code: Open or high resistance connections.
Degradation mechanism: Electrical and thermal stress.
Severity: High, as it can lead to catastrophic failures.
Ability to detect: High, through visual inspections and electrical testing.

2. Temperature Monitoring: Monitoring the temperature of the battery system is crucial, as excessive heat can accelerate degradation and reduce lifespan.

Failure mode: Overheating can cause thermal runaway, leading to fire or explosion.
Failure reason: Poor thermal management, high current loads, or internal short-circuits.
Failure code: Over-temperature conditions.
Degradation mechanism: Thermal stress.
Severity: Very high, as it can lead to catastrophic failures.
Ability to detect: High, through temperature sensors and thermal imaging.

3. Charge Management: Proper charging practices are essential to prevent overcharging or undercharging, which can lead to capacity loss or premature failure.

Failure mode: Overcharging or undercharging can cause capacity loss, increased resistance, or thermal runaway.
Failure reason: Incorrect charging parameters, faulty chargers, or aging batteries.
Failure code: Overcharged or undercharged conditions.
Degradation mechanism: Electrochemical degradation.
Severity: Medium to high, as it can reduce lifespan and efficiency.
Ability to detect: Medium, through charge level monitoring and data analysis.

4. Preventive Maintenance",1
"Can you provide more information about the operational metrics that are typically monitored in the battery system, and how they relate to the physical characteristics?","Sure, for an electric battery system, there are several operational metrics that are typically monitored to ensure the health and reliability of the system. These metrics include:

1. Voltage: This is a measure of the electrical potential difference between the positive and negative terminals of the battery. Voltage is a key indicator of the battery's state of charge (SoC) and state of health (SoH). A decrease in voltage over time can indicate a decrease in the battery's capacity.
2. Current: This is a measure of the rate of flow of electric charge. Current can be used to calculate the power being delivered by the battery and can also be used to detect any abnormal current flow that may indicate a failure.
3. Temperature: This is a measure of the battery's temperature. Temperature can affect the performance and life of the battery. High temperatures can increase the rate of degradation, while low temperatures can reduce the battery's capacity.
4. Resistance: This is a measure of the opposition to the flow of electric current. An increase in resistance can indicate a decrease in the battery's capacity or a failure in the battery's internal components.
5. Capacity: This is a measure of the amount of energy that a battery can store. A decrease in capacity over time can indicate a decrease in the battery's performance and life.
6. Efficiency: This is a measure of the amount of energy that is delivered by the battery compared to the amount of energy that is stored. A decrease in efficiency can indicate a decrease in the battery's performance.
7. Degradation Mechanism: The most common degradation mechanisms in battery systems are:
* Loss of Active Material: The active material in the battery can degrade over time, leading to a decrease in capacity.
* Electrolyte Degradation: The electrolyte in the battery can degrade over time, leading to a decrease in conductivity and an increase in resistance.
* Electrode Corrosion: The electrodes in the battery can corrode over time, leading to a decrease in conductivity and an increase in resistance.
* Thermal Degradation: High temperatures can cause the degradation of the battery's internal components, leading to a decrease in capacity and an increase in resistance.

Failure Modes:",1
What are the specific industry standards and safety certifications that the anomaly detection model should consider for an electric battery in industrial asset class?,"When performing failure modes and effects analysis (FMEA) for an electric battery in the industrial asset class, there are several industry standards and safety certifications that should be taken into consideration for anomaly detection. These may include:

1. ISO 12465:2011 - Electrically propelled road vehicles - Battery-electric and plug-in hybrid electric vehicles - Reliability testing and accelerated life testing. This standard outlines the methods for reliability and accelerated life testing of battery systems used in electric vehicles.
2. IEC 62619:2017 - Secondary lithium-ion cells for the propulsion of electric road vehicles - Test methods for determining the ability of the cell to limit propagation of internal failures. This standard specifies test methods for determining the ability of lithium-ion cells to limit propagation of internal failures, which is important for safety in electric vehicles.
3. IEC 62904:2018 - Secondary lithium-ion cells for the propulsion of electric road vehicles - Reliability and abuse testing. This standard specifies the reliability and abuse testing for lithium-ion cells used in electric vehicles.
4. UL 2580:2013 - Standard for Safety for Energy Storage Systems and Equipment. This standard covers the safety requirements for energy storage systems and equipment, including batteries, for use in stationary and mobile applications.
5. UL 1973:2016 - Standard for Batteries for Use in Electric Vehicles. This standard covers the safety requirements for batteries used in electric vehicles.
6. ANSI/CAN/UL 2054 - Standard for Household and Commercial Batteries. This standard covers the safety requirements for batteries used in household and commercial applications.
7. IEC 60079-0:2018 - Explosive atmospheres - Part 0: General requirements. This standard covers the general requirements for equipment used in explosive atmospheres, including batteries.
8. IEC 60079-11:2011 - Explosive atmospheres - Part 11: Equipment protection by intrinsic safety ""i"" - This standard covers the use of intrinsic safety for",1
"How does the BMS ensure safety and reliability through monitoring and controlling various parameters such as voltage, current, temperature, and state of charge (SoC)?","For an electric battery, the Battery Management System (BMS) is responsible for monitoring and controlling various parameters to ensure safety and reliability. The BMS typically monitors the following parameters:

1. Voltage: The BMS measures the voltage of each cell in the battery to ensure that they are operating within the recommended range. If the voltage of a cell is too high or too low, the BMS can trigger an alert or take corrective action to prevent damage to the battery.
2. Current: The BMS measures the current flowing in and out of the battery to ensure that it is not being overcharged or discharged. The BMS can also limit the current to protect the battery from damage due to high current levels.
3. Temperature: The BMS monitors the temperature of the battery cells to ensure that they are operating within the recommended range. If the temperature of a cell is too high or too low, the BMS can trigger an alert or take corrective action to prevent damage to the battery.
4. State of Charge (SoC): The BMS estimates the remaining capacity of the battery by measuring the voltage, current, and temperature of the cells. This information is used to determine when the battery needs to be charged and to prevent overcharging or deep discharging.

The BMS uses various techniques to ensure safety and reliability, including:

1. Failure Modes and Effects Analysis (FMEA): The BMS identifies potential failure modes and their effects on the battery system. This information is used to design the battery system to prevent failures and mitigate their effects if they do occur.
2. Degradation Mechanisms: The BMS monitors the degradation mechanisms of the battery cells, such as aging, corrosion, and thermal runaway. The BMS can take corrective action to prevent or mitigate the effects of these degradation mechanisms.
3. Preventive Maintenance: The BMS can perform preventive maintenance tasks, such as balancing the cells, to ensure that the battery system operates reliably over its lifetime.
4. Fault Detection and Diagnosis: The BMS can detect and diagnose faults in the battery system, such as short circuits, open circuits, and overvoltage or undervoltage conditions. The BMS can take corrective",1
"How does the thermal management system maintain the battery's temperature within a safe range, and what sensors are used to monitor temperature and air flow readings?","An electric battery, particularly in the context of industrial or large-scale applications, requires an effective thermal management system to maintain its temperature within a safe range. This is crucial because extreme temperatures can accelerate the degradation mechanisms of the battery, reduce its performance, and in some cases, pose safety risks. The thermal management system typically involves a combination of cooling and insulation solutions, depending on the battery chemistry and application.

For liquid-cooled batteries, a cooling plate or cold plate is attached to each battery module or cell. A coolant, usually water or a water-glycol mixture, is circulated through the cooling plates to absorb and dissipate the heat generated by the battery. This system helps maintain a stable temperature for the battery.

For air-cooled batteries, ambient air is passed through the battery pack or individual cells to remove the heat. Fans or blowers are often used to increase the airflow rate, ensuring efficient heat dissipation.

Sensors play a vital role in monitoring the thermal management system and ensuring the battery operates within the desired temperature range. The following sensors are commonly used for this purpose:

1. Temperature sensors: These sensors measure the temperature of the battery cells or the surrounding environment. Thermocouples, resistance temperature detectors (RTDs), and thermistors are common temperature sensor types. They are typically attached to the surface of the battery cells or integrated into the battery management system (BMS).
2. Airflow sensors: These sensors measure the airflow rate in air-cooled battery systems. Vane anemometers, hot-wire anemometers, and turbine flow meters are common airflow sensor types. They can be placed in the air intake or exhaust path to monitor the effectiveness of the thermal management system.
3. Humidity sensors: These sensors measure the relative humidity of the surrounding environment. Excessive humidity can lead to condensation and increased moisture levels, which can negatively impact battery performance and safety. Capacitive, resistive, and thermal sensors are common humidity sensor types.

To perform a failure modes, effects, and criticality analysis (FMECA) for the thermal management system and sensors, you would need to identify potential failure modes, their effects on the system, the likelihood of detection, and their criticality. This information can be used",1
"Can you provide more details about the specific environmental conditions that could affect battery performance, such as extreme temperatures or high humidity levels?","Sure, I'd be happy to provide some information about how environmental conditions can affect the reliability of electric battery systems.

When it comes to electric batteries, there are several environmental factors that can impact their performance and reliability, including:

1. Temperature: Both extreme high and low temperatures can negatively impact battery performance. High temperatures can cause the battery to degrade more quickly, reducing its overall lifespan. In contrast, low temperatures can limit the battery's ability to deliver power, resulting in reduced performance and efficiency.
2. Humidity: High humidity levels can lead to condensation on battery components, which can cause corrosion and other forms of damage. This is of particular concern in batteries that are installed in outdoor environments, where they may be exposed to rain or other forms of moisture.
3. Vibration: Batteries that are installed in vehicles or other mobile equipment may be subject to significant vibration, which can cause components to loosen or fail over time. This is why it's important to use vibration-resistant components and to securely mount the battery in place.
4. Dust and dirt: Dust and dirt can accumulate on battery components, leading to reduced performance and increased wear and tear. This is why it's important to keep batteries clean and free of debris, and to use breathable battery covers and other protective measures.
5. Chemical exposure: Batteries can be sensitive to exposure to certain chemicals, such as sulfuric acid or other corrosive substances. This is why it's important to use protective coatings and to keep batteries away from sources of chemical exposure.

In terms of specific failure modes and effects analysis (FMEA) for battery components, here are some examples:

1. Component: Battery cells
Failure mode: Cell failure due to thermal runaway
Failure reason: Overcharging, short-circuiting, or internal defects
Failure code: D001
Degradation mechanism: Electrolyte breakdown, thermal stress, or mechanical failure
Severity: High (can result in fire or explosion)
Ability to detect: Moderate (may be detected through temperature monitoring or other diagnostic tools)

2. Component: Battery management system (BMS)
Failure mode: Communication failure between BMS and other system",1
"Can you explain in more detail how temperature, specifically high and low extremes, affects the degradation and reduction of capacity and power in a battery system?","
Certainly! Temperature, particularly high and low extremes, can significantly affect the degradation and reduction of capacity and power in a battery system. Here is a detailed explanation of the various components, subcomponents, failure modes, failure reasons, failure codes, degradation mechanisms, severity, and detectability associated with temperature-related issues in battery systems:

Component/Subcomponent: Battery cells

Failure Mode: Capacity fade

Failure Reason: Temperature extremes, both high and low, can cause capacity fade in battery cells. At high temperatures, the electrolyte in the battery can decompose, which can lead to the loss of active material and a decrease in capacity. At low temperatures, the battery's internal resistance increases, which can reduce the amount of current that can be supplied to the load, leading to a decrease in capacity.

Failure Code: CF (Capacity Fade)

Degradation Mechanism: The degradation mechanism associated with temperature-related capacity fade is the loss of active material in the battery cells. This can occur due to the decomposition of the electrolyte at high temperatures or the formation of solid-electrolyte interphase (SEI) at low temperatures, which can consume active lithium and reduce the amount of active material available for charge and discharge.

Severity: High. Capacity fade can significantly reduce the amount of energy that can be stored in the battery system, which can impact the performance and reliability of the overall system.

Ability to Detect: Capacity fade can be detected using methods such as charge/discharge testing, impedance spectroscopy, and post-mortem analysis. However, these methods may not be able to detect capacity fade until it has reached a significant level.

Failure Mode: Power fade

Failure Reason: Temperature extremes can also cause power fade in battery cells. At high temperatures, the increased ionic conductivity of the electrolyte can lead to an increase in internal resistance, which can reduce the amount of power that can be supplied to the load. At low temperatures, the decrease in ionic conductivity of the electrolyte can have a similar effect.

Failure Code: PF (Power Fade)

Degradation Mechanism: The degradation mechanism associated with temperature-",1
"What are the potential challenges and limitations of implementing a real-time anomaly detection system for the electric battery system, and how can we address them?","Reliability engineer: An electric battery system is a complex assembly of various components, each of which can experience different failure modes and degradation mechanisms. Implementing a real-time anomaly detection system for an electric battery system can be challenging due to the following reasons:

1. Complexity of the system: An electric battery system consists of various sub-components, such as the cathode, anode, electrolyte, separator, current collectors, and battery management system (BMS). Each of these components can experience different types of failures and degradation mechanisms, making it challenging to develop a comprehensive anomaly detection system.
2. Variability in failure modes: The failure modes of battery components can vary depending on the operating conditions, such as temperature, humidity, and cycling conditions. This variability can make it challenging to develop a robust anomaly detection system that can accurately detect and diagnose failures in real-time.
3. Lack of standardized failure codes: There is no standardized failure code system for battery systems, which can make it challenging to develop a consistent and reliable anomaly detection system.
4. Limited access to sensor data: In some cases, there may be limited access to sensor data, which can make it challenging to develop a comprehensive anomaly detection system.
5. Cost and complexity: Developing a real-time anomaly detection system for battery systems can be costly and complex, requiring significant expertise in battery technology, data analysis, and machine learning.

To address these challenges, we can take the following steps:

1. Develop a comprehensive understanding of the battery system and its components, including their failure modes and degradation mechanisms.
2. Develop a standardized failure code system for battery systems, which can help in developing a consistent and reliable anomaly detection system.
3. Implement a multi-sensor data acquisition system that can provide real-time data on various battery parameters, such as voltage, current, temperature, and impedance.
4. Develop machine learning algorithms that can analyze the sensor data and detect anomalies in real-time.
5. Implement a preventive maintenance program that can detect and address potential failures before they occur.
6. Collaborate with industry partners and research institutions to develop a standardized approach to battery anomaly detection and diagnostics.

In summary, implementing a real-time anomaly detection system for",1
"What are the specific safety standards from UL, IEC, and NFPA that should be considered when building an anomaly detection model for industrial IoT battery systems?","When building an anomaly detection model for industrial IoT battery systems, there are several safety standards from UL, IEC, and NFPA that should be considered to ensure the safety and reliability of the system. Here are some of the key standards to consider:

1. UL 1973: Standard for Batteries for Use in Electric Equipment
This standard covers the safety requirements for batteries used in electric equipment, including industrial IoT battery systems. It includes requirements for construction, testing, and labeling of batteries, as well as marking and instruction requirements.
2. UL 62133: Safety of Secondary Lithium Cells and Batteries for the Mitigation of Safety Risks Arising from Rechargeable Nature
This standard covers the safety requirements for secondary lithium cells and batteries used in various applications, including industrial IoT battery systems. It includes requirements for construction, testing, and labeling of batteries, as well as marking and instruction requirements.
3. IEC 61000-6-3: Electromagnetic Compatibility (EMC) - Part 6-3: Emission Standard for the Industrial, Scientific and Medical (ISM) Radio-Frequency Range
This standard covers the electromagnetic compatibility requirements for industrial IoT battery systems. It includes requirements for the emission of radio-frequency energy from the system.
4. IEC 62133-2: Secondary Lithium-Ion Cells and Batteries for the Mitigation of Safety Risks Arising from Thermal Runaway - Part 2: Test Methods
This standard covers the test methods for evaluating the safety of secondary lithium-ion cells and batteries used in industrial IoT battery systems. It includes test methods for evaluating the risk of thermal runaway.
5. NFPA 855: Standard for Fire Protection for Energy Storage Systems
This standard covers the fire protection requirements for energy storage systems, including industrial IoT battery systems. It includes requirements for fire suppression, detection, and alarms.

When building an anomaly detection model for industrial IoT battery systems, it is important to consider these safety standards to ensure that the system is safe, reliable, and compliant with industry regulations. The model should be designed to detect anomalies that could lead to",1
"What are the key performance indicators (KPIs) to monitor for optimizing battery performance, extending battery lifespan, and ensuring safe and efficient operation?","For an electric battery, the following key performance indicators (KPIs) should be monitored to optimize battery performance, extend battery lifespan, and ensure safe and efficient operation:

1. State of Charge (SoC): This indicates the remaining capacity of the battery as a percentage of its full capacity. Monitoring SoC helps to prevent overcharging and deep discharging, which can damage the battery.

2. State of Health (SoH): This indicates the overall condition of the battery, including its capacity and internal resistance. SoH can be used to predict the remaining useful life of the battery.

3. Charge/Discharge Rate: This indicates the rate at which the battery is charged or discharged. Monitoring the charge/discharge rate can help to prevent overcharging or deep discharging, which can damage the battery.

4. Temperature: This indicates the temperature of the battery. Monitoring the temperature is important because extreme temperatures can damage the battery and reduce its lifespan.

5. Efficiency: This indicates the efficiency of the battery, which is the ratio of the energy output to the energy input. Monitoring the efficiency can help to identify any issues with the battery that may be affecting its performance.

6. Degradation Mechanisms: This includes monitoring the degradation mechanisms that can affect the battery, such as corrosion, thermal runaway, and capacity fade. Identifying and addressing these issues can help to extend the lifespan of the battery.

7. Failure Modes: This includes monitoring the failure modes of the battery, such as short-circuit, open-circuit, and thermal runaway. Identifying and addressing these issues can help to prevent battery failure and ensure safe operation.

8. Preventive Maintenance: This includes monitoring the battery's maintenance needs, such as cleaning, tightening connections, and replacing worn-out components. Regular preventive maintenance can help to extend the lifespan of the battery and prevent failures.

9. Severity: This indicates the severity of the impact of a failure mode on the battery's performance, safety, and operation. A high severity rating indicates that the failure mode has a significant impact on the battery's performance, safety, or operation.

10. Ability to Detect:",1
"What are the key regulatory considerations for sensor data use in the electric battery system, and how can they be addressed in the anomaly detection model design?","When it comes to the use of sensor data in an electric battery system, there are several key regulatory considerations that should be taken into account in the design of an anomaly detection model. These include:

1. Data privacy: It is important to ensure that any personal data collected from the battery system is handled in accordance with relevant data protection laws, such as the General Data Protection Regulation (GDPR) in the European Union. This can be addressed by implementing appropriate data protection measures, such as encryption and anonymization, and by providing clear privacy policies to users.
2. Cybersecurity: Electric battery systems can be vulnerable to cyber attacks, which can result in the loss or theft of sensitive data or even cause physical damage to the system. To address this, it is important to implement robust cybersecurity measures, such as firewalls, intrusion detection systems, and secure communication protocols.
3. Safety: Electric battery systems can pose safety risks if not properly designed and maintained. To address this, it is important to incorporate safety considerations into the anomaly detection model, such as the use of redundant sensors and safe failure modes.
4. Compliance with industry standards: Electric battery systems may be subject to various industry standards, such as those set by organizations like Underwriters Laboratories (UL) or the International Electrotechnical Commission (IEC). It is important to ensure that the anomaly detection model is designed in compliance with these standards.

To address these regulatory considerations in the design of an anomaly detection model for an electric battery system, it may be helpful to:

1. Conduct a thorough risk assessment to identify potential data privacy, cybersecurity, safety, and compliance issues.
2. Implement appropriate data protection, cybersecurity, and safety measures to address identified risks.
3. Consult with relevant industry organizations and legal experts to ensure compliance with relevant regulations and standards.
4. Regularly review and update the anomaly detection model to ensure that it remains compliant and effective as regulations and industry standards evolve.",1
Are there any specific data quality issues or data cleaning techniques that should be considered when building the anomaly detection model for the battery system?,"
When building an anomaly detection model for a battery system, there are several data quality issues and data cleaning techniques that should be considered to ensure accurate and reliable results:

1. Missing data: Battery systems can have large amounts of missing data due to issues with sensors or data transmission. It is important to identify and handle missing data by either imputing or removing it, depending on the amount and pattern of missingness.
2. Outliers: Battery systems can generate noisy and erratic data, which can include outliers. It is important to identify and handle outliers, as they can significantly impact the performance of the anomaly detection model. Outliers can be handled by removing them, or by using robust statistical methods that are less sensitive to outliers.
3. Drift: Over time, the behavior of a battery system can change due to factors such as aging, wear, and environmental conditions. This can result in drift, where the distribution of the data changes over time. It is important to account for drift in the anomaly detection model, as it can lead to false positives or false negatives.
4. Noise: Battery systems can generate noisy data due to factors such as electrical interference, sensor noise, and measurement error. It is important to preprocess the data to reduce noise, for example by using filters or smoothing techniques.
5. Bias: Battery systems can be subject to various forms of bias, such as sensor bias, measurement bias, and selection bias. It is important to identify and correct for bias, as it can lead to inaccurate results.
6. Data quality: The quality of the data used to train the anomaly detection model is critical. Poor quality data, such as data with errors, inconsistencies, or inaccuracies, can lead to poor performance of the model. It is important to ensure that the data is of high quality, for example by using data cleaning techniques such as data normalization, data transformation, and data validation.
7. Data volume: Battery systems can generate large volumes of data, which can be challenging to process and analyze. It is important to ensure that the anomaly detection model can handle large volumes of data efficiently, for example by using techniques such as data sampling, data compression, and data partitioning.

By considering these data quality issues and data cleaning techniques, you can",1
"Can the anomaly detection model predict the remaining useful life of a battery based on the identified external factors, and how accurate are these predictions?","
Yes, an anomaly detection model can predict the remaining useful life (RUL) of a battery based on identified external factors. However, the accuracy of these predictions depends on several factors, including the quality of the data used to train the model, the complexity of the model, and the specific operating conditions of the battery.

To predict the RUL of a battery, the anomaly detection model would typically use data from various sensors embedded in the battery, such as voltage, current, and temperature sensors. This data can be used to identify patterns of behavior that are indicative of battery degradation or failure.

The model would then use these patterns to predict the RUL of the battery, taking into account any identified external factors that may affect battery performance. For example, if the battery is exposed to high temperatures or high loads, this may accelerate the degradation process and reduce the RUL.

In terms of accuracy, the predictions of an anomaly detection model can vary widely. In general, the more accurate the data used to train the model, and the more complex the model itself, the more accurate the predictions are likely to be. However, it's important to note that even the most sophisticated models can't account for every possible variable or unexpected event that may affect battery performance.

To improve the accuracy of RUL predictions, it's important to use high-quality data that is representative of the battery's operating conditions. This may involve collecting data over an extended period of time, under a range of different conditions, and using advanced signal processing techniques to extract meaningful features from the data.

Additionally, it's important to regularly update and retrain the anomaly detection model as new data becomes available. This can help to ensure that the model remains accurate and up-to-date, and can adapt to changes in the battery's operating conditions or degradation patterns.

Overall, while an anomaly detection model can provide valuable insights into the RUL of a battery, it's important to approach these predictions with a degree of caution and to use them as one tool among many in a comprehensive asset management strategy.",1
"What are the criticality levels associated with the different failure modes in the battery system, and how should the anomaly detection model prioritize them?","
When performing a failure modes and effects analysis (FMEA) on an electric battery system, there are several key failure modes to consider, along with their associated criticality levels and anomaly detection methods. The criticality level of a failure mode is determined by its severity, frequency, and detectability. The anomaly detection model should prioritize failure modes with high criticality levels, as they are more likely to result in significant consequences if not addressed.

Here are some examples of common failure modes in electric battery systems, along with their criticality levels and recommended anomaly detection methods:

1. **Cell failure due to internal short circuit:** This failure mode can result in a rapid decrease in battery capacity or even a thermal runaway event, leading to a fire or explosion. The criticality level is high, and it is difficult to detect before it happens. Anomaly detection methods should include regular testing of individual cells, monitoring for changes in cell voltage and temperature, and implementing a robust cell balancing system.
2. **Loss of electrolyte due to evaporation or leakage:** This failure mode can result in a decrease in battery capacity and an increase in internal resistance. The criticality level is medium, and it can be detected by monitoring the electrolyte level and checking for signs of leakage.
3. **Mechanical failure due to vibration or shock:** This failure mode can result in damage to the battery cells or the battery management system (BMS). The criticality level is medium, and it can be detected by monitoring the battery's physical condition and implementing vibration and shock mitigation measures.
4. **Failure of the BMS:** This failure mode can result in a loss of communication between the battery cells, leading to a decrease in battery performance and safety. The criticality level is high, and it can be detected by monitoring the BMS for errors or malfunctions and implementing redundant systems.
5. **Failure of the thermal management system:** This failure mode can result in overheating or freezing of the battery cells, leading to a decrease in battery performance and safety. The criticality level is high, and it can be detected by monitoring the battery's temperature and implementing a robust thermal management system.

In general, the anomaly detection model should prioritize failure modes with high criticality levels, such as cell failure due to internal short circuit or BMS",1
"How do the degradation mechanisms and critical failure modes vary between different battery chemistries (e.g., Lithium-ion, Nickel-Metal Hydride, Lead-acid)?","
When it comes to different battery chemistries, such as Lithium-ion (Li-ion), Nickel-Metal Hydride (NiMH), and Lead-acid batteries, there are distinct degradation mechanisms and critical failure modes that can affect their performance and reliability.

1. Lithium-ion Batteries:

Degradation Mechanisms:

* Solid Electrolyte Interface (SEI) layer growth: The SEI layer, formed on the anode, is critical for Li-ion battery operation. However, its continuous growth can reduce ionic conductivity, leading to capacity fade and internal resistance increase.
* Lithium plating: During fast charging or discharging, lithium ions can plate on the anode's surface, forming dendrites that can cause internal short-circuits and thermal runaway.
* Graphite exfoliation: Graphite, used as the anode material, can exfoliate due to mechanical stress, leading to capacity fade.

Critical Failure Modes:

* Thermal runaway: This occurs due to excessive heat generation, often caused by internal short-circuits, leading to fire or explosion.
* Capacity fade: Gradual loss of battery capacity due to degradation mechanisms, reducing the energy storage capability.

Failure Codes:

* Overcharge (OC): Exceeding the maximum charging voltage or current.
* Over-discharge (OD): Discharging below the minimum allowed voltage.
* Short-circuit (SC): An internal or external electrical connection between the anode and cathode.

Ability to Detect Before Failure:

* Capacity fade can be detected via regular capacity tests.
* Increased internal resistance can be measured using impedance spectroscopy.
* Thermal runaway can be detected by monitoring battery temperature and voltage.

2. Nickel-Metal Hydride Batteries (NiMH):

Degradation Mechanisms:

* Corrosion of nickel-rich oxides: The cathode material, nickel-rich oxides, can corrode over time, reducing the battery's energy density and power capability.
* Growth of",1
"What are the common external factors that can affect the performance of electric batteries, and how can they be accounted for in the anomaly detection model?","When performing failure modes and effects analysis (FMEA) for an electric battery, there are several external factors that can affect the performance of the battery, which should be accounted for in an anomaly detection model. Some of the common external factors include:

1. Temperature: Both high and low temperatures can affect the performance of electric batteries. High temperatures can cause the battery to degrade faster, while low temperatures can reduce the battery's capacity. Anomaly detection models should account for temperature fluctuations and ensure that the battery is operating within its recommended temperature range.
2. Humidity: High humidity levels can cause condensation to form on the battery, which can lead to corrosion and other forms of degradation. Anomaly detection models should monitor humidity levels and alert operators if they exceed recommended levels.
3. Vibration: Vibration can cause damage to the battery's internal components, leading to reduced performance and increased failure rates. Anomaly detection models should monitor vibration levels and alert operators if they exceed recommended levels.
4. Charging/Discharging cycles: The number of charging and discharging cycles can affect the battery's overall lifespan. Anomaly detection models should monitor the battery's usage patterns and alert operators if the number of cycles is approaching the battery's rated capacity.
5. Battery Management System (BMS): The BMS is responsible for managing the battery's charging and discharging cycles, as well as monitoring its overall health. Anomaly detection models should monitor the BMS's performance and alert operators if any issues are detected.
6. Maintenance: Proper maintenance, such as cleaning and inspections, can help prevent degradation and reduce the risk of failure. Anomaly detection models should monitor maintenance schedules and alert operators if maintenance is overdue.

To account for these factors in an anomaly detection model, it is important to first understand the battery's specific failure modes and effects. This can be done through a detailed FMEA analysis, which identifies potential failure modes, their causes, and their effects on the battery's performance. Once these failure modes have been identified, appropriate sensors and monitoring systems can be implemented to detect anomalies and alert operators before they become critical.

For example, temperature sensors can be used to monitor the battery's temperature",1
"Are there any specific algorithms or techniques that the BMS currently uses for anomaly detection, and how can we incorporate those methods into our model?","When it comes to electric battery systems, there are several algorithms and techniques that battery management systems (BMS) use for anomaly detection. These methods can be broadly classified into two categories: hardware-based and software-based techniques.

Hardware-based techniques include:

1. **Voltage and current monitoring:** The BMS measures the voltage and current of each cell in the battery pack to detect any abnormalities.
2. **Temperature monitoring:** The BMS measures the temperature of each cell to detect overheating or overcooling.
3. **Cell balancing:** The BMS equalizes the voltage of each cell in the battery pack to prevent overcharging or overdischarging.

Software-based techniques include:

1. **Model-based diagnosis:** The BMS uses a mathematical model of the battery pack to predict the behavior of the system and detect any deviations from the expected behavior.
2. **Machine learning algorithms:** The BMS uses machine learning algorithms to analyze historical data and detect patterns that indicate an anomaly.
3. **Fault tree analysis:** The BMS uses fault tree analysis to identify the possible causes of an anomaly and determine the most likely cause.

To incorporate these methods into your model, you can follow these steps:

1. Identify the relevant failure modes and effects analysis (FMEA) for the electric battery system. This will help you to understand the possible failure modes, their causes, and their consequences.
2. Determine the most appropriate techniques for anomaly detection based on the identified failure modes and their causes. For example, if the failure mode is overcharging, then voltage and current monitoring may be the most appropriate technique.
3. Implement the selected techniques in your model. This may involve developing custom algorithms or integrating existing software tools.
4. Validate the model using historical data and test it under different operating conditions to ensure that it can accurately detect anomalies.
5. Implement a preventive maintenance program that includes regular inspections and testing to detect any potential failures before they occur. This can help to prevent catastrophic failures and extend the life of the battery system.

It is important to note that the selection of the appropriate techniques for anomaly detection will depend on the specific application and operating conditions of the electric battery system. Therefore, it is essential to",1
"Can you provide more details on the degradation mechanisms that can cause failure modes in the battery cell, such as corrosion, thermal runaway, and aging?","Sure, I'd be happy to provide more details on the degradation mechanisms that can cause failure modes in battery cells, specifically focusing on corrosion, thermal runaway, and aging.

1. Corrosion: Corrosion is a degradation mechanism that can occur in battery cells due to the presence of moisture, impurities, or high temperatures. This can lead to the failure of the battery cell due to the formation of corrosive byproducts that can damage the internal components of the cell. The failure mode associated with corrosion is often a short circuit, which can result in a fire or explosion. The severity of this failure mode is high, and the ability to detect it before it happens is low, as it often requires destructive testing to identify. The failure code for corrosion-related failures is typically ""C"" for corrosion.

2. Thermal Runaway: Thermal runaway is a catastrophic failure mode that can occur in battery cells due to a rapid increase in temperature. This can be caused by a number of factors, including overcharging, short-circuits, or internal defects. During thermal runaway, the battery cell can reach temperatures of several hundred degrees Celsius, leading to the release of toxic fumes and the risk of fire or explosion. The severity of this failure mode is high, and the ability to detect it before it happens is low, as it often occurs rapidly and without warning. The failure code for thermal runaway failures is typically ""T"" for thermal.

3. Aging: Aging is a degradation mechanism that occurs in battery cells over time due to the natural degradation of the materials used in the cell. This can lead to a decrease in the capacity of the cell, an increase in internal resistance, and a decrease in the overall performance of the battery. The failure mode associated with aging is often a gradual decline in performance, which can result in the battery being unable to meet the required performance specifications. The severity of this failure mode is moderate, and the ability to detect it before it happens is high, as it can be identified through regular monitoring of the battery's performance. The failure code for aging-related failures is typically ""A"" for aging.

It is important to note that these degradation mechanisms can interact with each other, and the",1
Are there any specific communication protocols or interfaces used for data exchange between the battery components and the Battery Management System (BMS)?,"Yes, there are specific communication protocols and interfaces used for data exchange between the battery components and the Battery Management System (BMS) in an electric battery system. Some of the commonly used protocols are:

1. Serial Peripheral Interface (SPI): It is a simple, full-duplex, serial data link for point-to-point communication. It is commonly used for communication between the BMS and the individual battery cells or modules.
2. Controller Area Network (CAN): It is a high-speed serial communication protocol that is commonly used in automotive applications. It is used for communication between the BMS and other vehicle systems, such as the powertrain control module.
3. I2C (Inter-Integrated Circuit): It is a low-speed, multi-master, multi-slave, serial communication protocol that is commonly used for communication between the BMS and other sensors or microcontrollers.
4. Simple Network Management Protocol (SNMP): It is a standard protocol used for collecting and organizing information about managed devices on IP networks and for modifying that information to change device behavior. It is used for remote monitoring and management of the BMS and the battery system.
5. Modbus: It is a serial communication protocol used for transmitting information between electronic devices. It is used for communication between the BMS and other devices such as inverters, chargers, and energy management systems.

The interfaces used for data exchange between the battery components and the BMS include:

1. Analog-to-Digital Converter (ADC) inputs: These are used to measure the voltage, current, and temperature of the battery cells and modules.
2. Digital inputs/outputs (I/Os): These are used to monitor the state of the battery system, such as the charging state, fault conditions, and system status.
3. Communication ports: These are used to transmit and receive data between the BMS and other devices, such as CAN, I2C, SPI, and RS-232.

The BMS uses this data to monitor the state of the battery system, detect and diagnose faults, and control the charging and discharging of the battery.

Regarding the failure modes, failure reasons, failure codes, degradation mechanisms, severity and ability to detect them before it happen via prevent",1
"Can you discuss the importance of considering operating conditions in predicting and preventing battery failures, and how the BMS addresses these factors?","Sure, I'd be happy to help!

When it comes to electric batteries, operating conditions can have a significant impact on their reliability and performance. Temperature, humidity, and charging/discharging cycles can all affect the battery's ability to store and deliver energy, and can lead to failures if not properly managed.

Temperature is one of the most important factors affecting battery performance and reliability. Batteries typically perform best at moderate temperatures, but can be damaged by extreme temperatures. For example, high temperatures can cause the electrolyte in a battery to evaporate, leading to a loss of capacity and an increased risk of thermal runaway. On the other hand, low temperatures can reduce a battery's ability to deliver current, leading to a decrease in performance and an increased risk of failure due to excessive charging rates.

Humidity is another factor that can affect battery performance and reliability. High humidity levels can lead to the formation of condensation on the battery's exterior, which can cause corrosion and damage to the battery's casing. This can ultimately lead to a decrease in performance and an increased risk of failure.

Charging and discharging cycles can also have a significant impact on battery reliability. Overcharging or deep discharging can cause the battery to degrade more quickly, leading to a decrease in capacity and an increased risk of failure.

A battery management system (BMS) is a critical component of an electric battery system, as it helps to manage these operating conditions and prevent failures. The BMS monitors the battery's temperature, voltage, and current, and can adjust the charging and discharging rates accordingly. This helps to ensure that the battery is operating within its optimal temperature range, and prevents overcharging or deep discharging.

The BMS can also detect and diagnose battery failures before they occur. For example, it can detect a decrease in voltage or an increase in temperature, which may indicate a problem with the battery. By detecting these issues early, the BMS can alert maintenance personnel and prevent a small problem from becoming a major failure.

In terms of failure modes, there are several common failure modes for batteries, including:

* Short circuits: This can occur due to internal or external factors, such as damage to the battery casing or the formation of d",1
What are the current challenges and future research directions in predicting and preventing battery failures through condition monitoring and prognostics?,"
When it comes to electric batteries, there are several challenges and future research directions in predicting and preventing battery failures through condition monitoring and prognostics.

1. Complexity of Battery Systems: Battery systems are complex and can consist of hundreds or even thousands of individual cells. Each cell can have its own unique failure modes and mechanisms, making it challenging to monitor and predict failures at the system level.
2. Limited Sensor Technology: While there have been advancements in battery sensor technology, there is still a need for more advanced sensors that can provide real-time, high-fidelity data on battery health and performance.
3. Data Analysis Techniques: With the vast amount of data generated by battery sensors, there is a need for advanced data analysis techniques that can accurately predict battery failure and degradation. This includes machine learning algorithms, statistical models, and physics-based models.
4. Standardization: There is a lack of standardization in battery failure modes, naming conventions, and data formats, making it difficult to compare and analyze data across different battery systems and manufacturers.
5. Aging Mechanisms: Batteries experience a variety of aging mechanisms, such as capacity fade, increased impedance, and loss of active material, which can be difficult to monitor and predict.
6. Temperature Effects: Temperature has a significant impact on battery performance and failure. However, accurately monitoring and predicting battery temperature effects remains a challenge.
7. Safety and Security: Battery failures can lead to safety and security risks, such as thermal runaway and fire. Therefore, there is a need for advanced monitoring and predictive techniques that can detect and prevent these failures before they occur.

Future research directions in predicting and preventing battery failures through condition monitoring and prognostics include:

1. Developing advanced sensor technology for battery systems, including sensors that can monitor temperature, voltage, current, and other key parameters in real-time.
2. Creating standardized naming conventions and data formats for battery failure modes and mechanisms.
3. Advancing data analysis techniques, such as machine learning algorithms and physics-based models, to improve battery failure prediction and prevention.
4. Investigating new battery aging mechanisms and developing advanced monitoring techniques to detect and predict these mechanisms.
5. Developing advanced temperature monitoring and prediction techniques for battery systems.
6.",1
How can the subject matter expert assist in validating and fine-tuning the electric battery anomaly detection model for improved performance and accuracy?,"
As a reliability engineer and subject matter expert in failure modes and effect analysis (FMEA) of electric battery systems, I can provide valuable input to validate and fine-tune the electric battery anomaly detection model. Here's a list of information I would typically analyze and provide to improve the performance and accuracy of the model:

1. Component and subcomponent identification: I would identify the key components of an electric battery, such as the cathode, anode, electrolyte, separator, current collectors, and battery management system (BMS). For each component, I would further break down the subcomponents and potential failure modes.

2. Failure modes: I would outline the various failure modes associated with each component and subcomponent, such as electrical, thermal, mechanical, or chemical failures. For instance, common failure modes for electric battery systems include:

* Short-circuit
* Overcharge
* Over-discharge
* Overheating
* Thermal runaway
* Cell cracking or swelling
* Electrolyte dry-out
* Corrosion

3. Failure reasons: I would analyze the underlying causes of each failure mode, such as:

* Design issues
* Manufacturing defects
* Inadequate quality control
* Improper usage
* Lack of maintenance
* Aging or degradation
* External factors (e.g., temperature, humidity, vibration)

4. Failure codes: I would provide a standardized failure code for each failure mode, following industry standards like IEC 60061-1 or IEC 60080. This would ensure consistent communication and reporting of failures.

5. Degradation mechanisms: I would identify the degradation mechanisms responsible for the battery's performance degradation over time, such as:

* Capacity fade
* Increased internal resistance
* Loss of active material
* Electrolyte degradation
* Structural changes

6. Severity and detectability: I would assess the severity of each failure mode and its impact on the overall system, as well as the ability to detect the failure before it happens. This information would help prioritize the implementation of preventive maintenance measures.

7. Preventive maintenance: I would recommend maintenance strategies",1
"Are there any specific types of batteries or applications for which the anomaly detection model is best suited, and are there any limitations to its use?","For the industrial asset class of electric batteries, the failure modes and effects analysis (FMEA) can be applied to various types of batteries, including lithium-ion, nickel-cadmium, and lead-acid batteries, among others. The FMEA model can be useful for different battery applications, such as:

1. Electric vehicles (EVs) - to ensure the reliability and safety of the battery system, which is critical for the vehicle's performance and range.
2. Energy storage systems (ESS) - to optimize the performance and longevity of the battery system, which is essential for grid-scale energy storage and backup power systems.
3. Portable electronics - to enhance the battery's lifespan and prevent unexpected failures, which can cause inconvenience and safety issues.

However, there are some limitations to the FMEA model for electric batteries, including:

1. Complexity - electric batteries consist of multiple cells, modules, and systems, making it challenging to identify all potential failure modes and effects.
2. Variability - the performance and failure modes of batteries can vary depending on the type, age, usage, and environmental conditions, making it difficult to develop a universal FMEA model.
3. Limited data - the lack of historical data and standardized methods for battery failure analysis can limit the accuracy and effectiveness of the FMEA model.
4. Cost - developing and implementing a comprehensive FMEA model for electric batteries can be time-consuming and expensive, which may not be feasible for all applications or organizations.

Despite these limitations, the FMEA model can still provide valuable insights and guidance for improving the reliability and safety of electric batteries, especially when combined with other predictive and preventive maintenance strategies.",1
"Can you explain the terms ""thermal runaway"" and ""over-discharging"" in the context of battery operation, and how the model should detect and prevent them?","Sure, I'd be happy to explain those terms in the context of battery operation and how they can be detected and prevented through failure modes and effects analysis (FMEA) and preventive maintenance.

Thermal runaway is a dangerous failure mode in which a battery's temperature begins to rise uncontrollably, leading to a fire or explosion. This can occur when a battery is subjected to high temperatures, overcharging, or short-circuiting. The risk of thermal runaway is higher in batteries that use certain types of electrolytes, such as those that contain organic solvents.

Over-discharging is another failure mode that can occur in batteries. This occurs when a battery is discharged beyond its recommended limits, causing damage to the battery's internal components. Over-discharging can reduce the battery's capacity and shorten its lifespan.

To detect and prevent thermal runaway and over-discharging, the following steps can be taken:

1. **Failure modes and effects analysis (FMEA):** This is a systematic process used to identify potential failure modes in a system, assess their impact and severity, and determine ways to prevent or mitigate them. In the case of a battery, the FMEA might identify thermal runaway as a potential failure mode, with a high severity and a low likelihood of detection. To prevent thermal runaway, the FMEA might recommend the use of thermal management systems, such as cooling systems or thermal fuses, to regulate the battery's temperature.
2. **Preventive maintenance:** Regular maintenance can help to prevent thermal runaway and over-discharging by ensuring that the battery is operating within its recommended limits. This might include monitoring the battery's temperature, voltage, and current, and taking corrective action if any of these parameters exceed their recommended limits.
3. **Design modifications:** In some cases, it may be possible to modify the battery's design to reduce the risk of thermal runaway or over-discharging. For example, the battery's electrolyte could be replaced with a less flammable alternative, or the battery's internal components could be redesigned to improve their resistance to overcharging or overdischarging.
4. **Safety systems:** In addition to preventive maintenance and design modifications,",1
What are the potential consequences of not maintaining the overall health and productivity of industrial assets in terms of costly downtime and repairs?,"Failure to maintain the overall health and productivity of industrial electric battery assets can result in several negative consequences, including:

1. Costly downtime: Unscheduled downtime due to battery failure can lead to significant costs, including lost production, increased labor costs, and decreased revenue.
2. Repairs and replacements: Battery failures can result in the need for expensive repairs or replacements, which can further increase costs and decrease profitability.
3. Reduced lifespan: Failure to perform regular maintenance on industrial batteries can reduce their overall lifespan, leading to more frequent replacements and higher costs over time.
4. Safety risks: Battery failures can also pose safety risks, including the risk of fire or explosion, which can result in injury or even death.
5. Decreased efficiency: Battery degradation can lead to decreased efficiency, which can result in increased energy consumption and higher costs.

In order to prevent these consequences, it is important to perform regular maintenance on industrial electric batteries, including:

1. Visual inspections: Regular visual inspections can help identify potential issues before they become major problems.
2. Cleaning: Keeping the batteries and their surrounding areas clean can help prevent corrosion and other forms of degradation.
3. Charging and discharging: Proper charging and discharging practices can help ensure the longevity of the batteries.
4. Equalization: Equalization can help prevent stratification and ensure that all cells in the battery are being used evenly.
5. Testing: Regular testing can help identify potential issues and allow for proactive maintenance.

In terms of FMEA, the following information can be provided for industrial electric battery assets:

1. Component: Battery cells, Battery Management System (BMS), Connectors, Cables, etc.
2. Subcomponent: Anode, Cathode, Separator, Electrolyte, etc.
3. Failure mode: Battery degradation, Battery leakage, Battery thermal runaway, Battery short-circuit, etc.
4. Failure reason: Battery ageing, Battery abuse, Battery overcharge, Battery over-discharge, etc.
5. Failure code: Degrade, Open, Short",1
"What are the best practices for sharing and visualizing battery monitoring data between data scientists, subject matter experts, and other stakeholders?","When sharing and visualizing battery monitoring data between data scientists, subject matter experts, and other stakeholders, it is important to present the data in a clear and concise manner that is easily understood by all parties involved. Here are some best practices for sharing and visualizing battery monitoring data:

1. Use standardized visualization techniques: Use standardized visualization techniques such as line charts, bar charts, and scatter plots to display the data. This will help ensure that everyone is on the same page and can easily interpret the data.
2. Provide context: Provide context for the data by including information about the battery's operating conditions, such as temperature, humidity, and load. This will help stakeholders understand how the battery is being used and how that may impact its performance.
3. Highlight key metrics: Highlight key metrics such as battery voltage, current, and capacity. This will help stakeholders quickly understand the battery's current state and any trends that may be emerging.
4. Use color coding: Use color coding to indicate different levels of battery performance or degradation. For example, you could use green to indicate normal performance, yellow to indicate warning levels, and red to indicate critical levels.
5. Include failure mode information: Include information about the battery's failure modes, such as the failure mode, failure reason, failure code, and degradation mechanism. This will help stakeholders understand the potential risks associated with the battery and how to mitigate them.
6. Provide severity and detectability information: Include information about the severity of the failure mode and the ability to detect it before it happens via preventive maintenance. This will help stakeholders understand the potential impact of the failure mode and how to prevent it.
7. Use dashboards: Use dashboards to provide a real-time view of the battery's performance. This will help stakeholders quickly identify any issues and take action to prevent failures.
8. Provide training: Provide training to stakeholders on how to interpret the battery monitoring data and what the various visualizations mean. This will help ensure that everyone is on the same page and can effectively use the data to make informed decisions.

By following these best practices, you can ensure that battery monitoring data is shared and visualized in a way that is accurate, informative, and easy to understand for all stakeholders.",1
"What are the criticality levels associated with each specific failure mode, and how do they translate to potential consequences for the overall system?","For an electric battery, there are several failure modes that can occur, each with its own criticality level and potential consequences for the overall system. Here are some examples:

1. **Battery Cell Failure:** This occurs when one or more cells in the battery fail to hold a charge or fail to function properly. The criticality level is high, as this can result in a significant reduction in the battery's capacity and overall performance. The consequences can be a decrease in system efficiency, increased downtime, and potential safety hazards.
2. **Electrical Insulation Failure:** This occurs when the insulation material surrounding the battery's internal components fails, leading to a short circuit or other electrical issues. The criticality level is high, as this can result in a fire or explosion. The consequences can be catastrophic, including damage to the entire system and potential harm to personnel.
3. **Thermal Runaway:** This occurs when the battery's internal temperature rises uncontrollably, leading to a chain reaction that can result in a fire or explosion. The criticality level is extremely high, as this can result in catastrophic consequences for the entire system and potential harm to personnel.
4. **Mechanical Failure:** This occurs when the battery's physical components fail, leading to leaks, cracks, or other physical damage. The criticality level is moderate to high, as this can result in a decrease in system efficiency, increased downtime, and potential safety hazards.
5. **Degradation Mechanisms:** These are slow-acting failure modes that can occur over time, such as corrosion, fatigue, or degradation of the battery's internal components. The criticality level is moderate, as this can result in a decrease in system efficiency and increased downtime.

In terms of severity, the failure modes listed above can be classified as follows:

* **Catastrophic:** Thermal runaway, electrical insulation failure
* **Critical:** Battery cell failure, mechanical failure
* **Marginal:** Degradation mechanisms

The ability to detect these failure modes before they occur can be improved through preventive maintenance measures, such as:

* Regular inspections and testing of the battery cells and insulation material
* Monitoring of the battery's",1
Are there any limitations or assumptions associated with the available sensor data that should be considered when building the anomaly detection model?,"Yes, when building an anomaly detection model for an electric battery using available sensor data, there are several limitations and assumptions to consider:

1. Sensor accuracy and precision: The accuracy and precision of the sensors used to collect data can significantly impact the performance of the anomaly detection model. It is important to ensure that the sensors used are calibrated and provide accurate and precise measurements.
2. Data completeness: The availability and completeness of sensor data is crucial for building an effective anomaly detection model. Missing or incomplete data can lead to inaccurate predictions and false positives.
3. Data noise and outliers: Sensor data can be noisy and may contain outliers, which can negatively impact the performance of the anomaly detection model. It is important to preprocess the data to remove noise and outliers before training the model.
4. Bias and variance: Overfitting or underfitting the model to the training data can lead to poor performance in detecting anomalies. It is important to select an appropriate model architecture and tune the hyperparameters to minimize bias and variance.
5. Degradation mechanisms: The degradation mechanisms of electric batteries are complex and can be influenced by various factors such as temperature, humidity, and usage patterns. It is important to have a good understanding of the degradation mechanisms and their impact on the battery's performance to build an effective anomaly detection model.
6. Failure modes and reasons: The failure modes and reasons of electric batteries can vary depending on the battery chemistry, design, and usage. It is important to have a good understanding of the common failure modes and reasons to build an effective anomaly detection model.
7. Failure codes: The failure codes used to categorize battery failures can vary depending on the industry and organization. It is important to use a consistent and standardized set of failure codes to ensure accurate and consistent reporting of battery failures.
8. Preventive maintenance: Regular preventive maintenance can help detect and prevent battery failures before they occur. It is important to consider the effectiveness and frequency of preventive maintenance activities in building the anomaly detection model.

By considering these limitations and assumptions, a reliability engineer can build an accurate and effective anomaly detection model for electric battery asset reliability using failure modes and effect analysis (FMEA).",1
"Can you provide examples of failures related to battery systems, and how they can range from minor performance issues to catastrophic safety incidents?","Sure, I'd be happy to help. As a reliability engineer with expertise in failure modes and effect analysis (FMEA) of battery systems, I can provide the following information:

1. Component/Subcomponent: Battery cell
Failure Mode: Cell venting with flame
Failure Reason: This can be caused by a short circuit within the cell, which can lead to a rapid increase in temperature and pressure, resulting in venting with flame.
Failure Code: Thermal runaway
Degradation Mechanism: Degradation of the separator, internal short circuits, or an increase in internal resistance can lead to thermal runaway.
Severity: High, as this can result in a fire or explosion, posing a risk to personnel and property.
Ability to detect: Difficult to detect beforehand, as it can occur suddenly and without warning. However, regular inspection and monitoring of battery cells can help identify signs of degradation, such as an increase in temperature or resistance.

2. Component/Subcomponent: Battery Management System (BMS)
Failure Mode: Loss of communication between the BMS and the battery cells
Failure Reason: This can be caused by a failure in the wiring or connectors, or a malfunction in the BMS itself.
Failure Code: Communication failure
Degradation Mechanism: Corrosion, wear and tear, or damage to the wiring or connectors can lead to a loss of communication.
Severity: Medium, as this can result in a loss of control over the battery system, leading to potential safety issues.
Ability to detect: Can be detected through regular inspection and testing of the wiring and connectors, as well as monitoring the communication between the BMS and the battery cells.

3. Component/Subcomponent: Cooling System
Failure Mode: Loss of cooling capacity
Failure Reason: This can be caused by a failure in the cooling pumps, coolant leaks, or blockages in the cooling channels.
Failure Code: Coolant failure
Degradation Mechanism: Wear and tear, corrosion, or damage to the cooling system components can lead to a loss of cooling capacity.
Severity: High, as overheating of the battery cells can lead to thermal runaway and catastrophic failure.",1
How can a comprehensive understanding of regulatory and safety requirements help in developing an accurate anomaly detection model for battery systems?,"A comprehensive understanding of regulatory and safety requirements can significantly help in developing an accurate anomaly detection model for battery systems. This is because these requirements often include specific guidelines and standards for battery design, testing, and maintenance, which can provide valuable insights into the potential failure modes and effects of battery components and subcomponents.

For example, regulatory and safety requirements may specify certain tests or inspections that must be performed to ensure battery reliability and safety. By incorporating these tests and inspections into the anomaly detection model, it may be possible to identify potential failures before they occur, and take preventive maintenance actions to avoid them.

Additionally, regulatory and safety requirements may specify certain thresholds or limits for battery performance, such as maximum allowable temperatures or voltage levels. By monitoring battery parameters against these thresholds, the anomaly detection model can identify deviations that may indicate a potential failure mode.

Furthermore, regulatory and safety requirements may require the use of specific materials or components in battery design and construction. By understanding the properties and limitations of these materials and components, the anomaly detection model can more accurately predict potential failure modes and take appropriate action to prevent them.

Overall, a comprehensive understanding of regulatory and safety requirements can help ensure that the anomaly detection model for battery systems is accurate, reliable, and effective in identifying potential failures before they occur, and in ensuring the safety and reliability of the battery system as a whole.",1
"How can the accuracy and reliability of the sensors be ensured, and what measures can be taken to minimize their impact on the anomaly detection model?","When performing FMEA on the sensors of an electric battery, the following information should be gathered and analyzed:

1. Component: The sensor used in the electric battery system.
2. Sub-component: Depending on the type of sensor, this could include the sensor's housing, wiring, connectors, or other components.
3. Failure Mode: This could include, but is not limited to, sensor failure due to:
	* Physical damage
	* Corrosion
	* Electrical overstress
	* Temperature extremes
	* Vibration
	* Moisture intrusion
4. Failure Reason: This could include, but is not limited to:
	* Design defects
	* Manufacturing defects
	* Wear and tear
	* Lack of maintenance
	* Abnormal operating conditions
5. Failure Code: This is a specific numerical code assigned to a failure mode. It can be used to quickly identify and classify failures.
6. Degradation Mechanism: This is the process by which the sensor degrades over time, leading to failure. This could include, but is not limited to:
	* Fatigue
	",1
"Are there any specific challenges in detecting and preventing failures in industrial electric batteries, compared to other types of industrial assets?","Yes, there are several challenges in detecting and preventing failures in industrial electric batteries, compared to other types of industrial assets. Some of these challenges include:

1. Complexity of battery systems: Industrial electric batteries can be made up of multiple cells, modules, and subsystems, each of which can fail in different ways. This complexity can make it difficult to identify the specific cause of a failure.

2. Limited visibility into battery health: Unlike other industrial assets, such as motors or pumps, batteries do not have many external indicators of their health. This can make it challenging to detect degradation or impending failure until it is too late.

3. Degradation mechanisms: Batteries can degrade due to a variety of mechanisms, including thermal stress, electrical stress, and chemical degradation. These degradation mechanisms can be difficult to detect and can lead to a gradual decline in battery performance over time.

4. Lack of standardization: There is a lack of standardization in the design and manufacturing of industrial electric batteries, which can make it difficult to develop a one-size-fits-all approach to failure prevention and detection.

5. Limited data: Batteries can generate a large amount of data, but this data is not always easily accessible or interpretable. This can make it challenging to develop predictive maintenance strategies or to identify trends in battery performance.

6. Cost: Preventive maintenance and failure detection measures for batteries can be costly, especially for large-scale industrial applications. This can make it difficult to justify the investment in these measures, particularly if the risk of failure is perceived to be low.

To address these challenges, a reliability engineer performing a failure modes and effects analysis (FMEA) for industrial electric batteries should consider the following factors:

1. Component and subcomponent identification: Identify the specific components and subcomponents of the battery system, including cells, modules, and subsystems.
2. Failure modes: Identify the different ways in which each component or subcomponent can fail, including mechanical failure, electrical failure, and thermal failure.
3. Failure reasons: Identify the underlying causes of each failure mode, including degradation mechanisms, manufacturing defects, and external factors.
4. Failure codes: Assign a failure code to each failure mode, using a standard",1
"Are there any other external factors, other than those mentioned, that can significantly impact the performance and failure rates of a battery system?","Yes, there are several external factors that can significantly impact the performance and failure rates of a battery system. Here are some additional factors to consider:

* Temperature: Both high and low temperatures can negatively affect battery performance and lifespan. Extreme temperatures can cause the battery to degrade faster, reducing its overall reliability.
* Humidity: High humidity levels can lead to corrosion of the battery components, which can cause failures.
* Vibration: Vibration can cause internal damage to the battery, leading to failures. This is especially true in applications where the battery is subjected to constant vibration, such as in vehicles or industrial equipment.
* Cycling: The number of times a battery is charged and discharged can affect its failure rate. Batteries that are frequently cycled are more likely to fail than those that are used less frequently.
* Storage: The way a battery is stored can also impact its performance and failure rate. Batteries that are stored in extreme temperatures or in areas with high humidity are more likely to fail.
* Maintenance: Proper maintenance, such as regular cleaning and inspections, can help prevent battery failures. Neglecting maintenance can lead to corrosion, damage, and other issues that can cause the battery to fail.
* Battery management system: A battery management system (BMS) is an electronic system that monitors and manages battery operations. A poorly designed or malfunctioning BMS can cause the battery to fail.
* Manufacturing defects: Defects in the manufacturing process can also lead to battery failures. These defects can include issues with the battery cells, electrolyte, or other components.

When performing a failure modes and effects analysis (FMEA) on a battery system, it is important to consider all of these factors and any others that may be relevant to the specific application. By identifying potential failure modes and their causes, you can develop a preventive maintenance program that will help ensure the battery system's reliability and longevity.",1
"Are there any known limitations or challenges in detecting anomalies in battery systems, and how can they be addressed in the anomaly detection model?","
When performing failure modes and effects analysis (FMEA) for an electric battery system, there are several components, subcomponents, and failure modes to consider. Some of the key components of a battery system include the battery cells, battery management system (BMS), thermal management system, and mechanical components such as casings and connectors.

Battery cells can fail due to a variety of reasons, including:

* Degradation mechanisms such as capacity fade, increased internal resistance, and loss of calendar life
* Abnormal operating conditions such as overcharging, overdischarging, and high temperature
* Mechanical damage such as cracking or crushing of the battery cells

The BMS is responsible for monitoring and controlling the battery cells, and can fail due to:

* Electrical faults such as short circuits or open circuits
* Software errors in the control algorithms
* Communication failures between the BMS and other components

The thermal management system can fail due to:

* Coolant leaks or blockages
* Inadequate cooling capacity
* Control system failures

Mechanical components can fail due to:

* Fatigue or wear
* Corrosion
* Mechanical damage

Failure codes for battery systems can include:

* Open circuit
* Short circuit
* Overvoltage
* Undervoltage
* Overcurrent
* Undercurrent
* Over temperature
* Under temperature
* Mechanical failure

The severity of the failure modes can vary, with some leading to immediate and catastrophic failure, while others may result in gradual degradation of the battery system.

Anomaly detection models for battery systems can be challenging due to the complex and dynamic nature of the system. However, there are several techniques that can be used to detect anomalies, including:

* Monitoring the battery voltage, current, and temperature
* Analyzing the battery pack's impedance spectrum
* Using machine learning algorithms to identify patterns in the battery data
* Implementing a watchdog timer to detect communication failures in the BMS
* Performing regular visual inspections of the battery system

It is important to note that preventive maintenance is crucial in detecting and addressing anomalies before they lead to failure. This can include regular inspections, testing, and maintenance of the",1
"How does the model handle the impact of mechanical and electrical stress on battery performance, and what are the most common sources of such stress?","
When performing a failure modes and effects analysis (FMEA) for an electric battery, it is important to consider both mechanical and electrical stressors that can impact battery performance. These stressors can lead to various failure modes, such as:

1. Mechanical stress: This can be caused by factors such as vibration, shock, or thermal expansion and contraction. Over time, these stressors can lead to failures in the battery's physical components, such as cracks in the battery casing or separation of the layers within the battery.

Failure mode: Cracks in battery casing
Failure reason: Mechanical stress
Failure code: M-123
Degradation mechanism: Fatigue
Severity: High
Ability to detect: Moderate (via visual inspection)

2. Electrical stress: This can be caused by factors such as overcharging, deep discharging, or short-circuits. Over time, these stressors can lead to failures in the battery's electrical components, such as degradation of the electrolyte or failure of the internal resistance.

Failure mode: Degradation of electrolyte
Failure reason: Electrical stress
Failure code: E-456
Degradation mechanism: Electrochemical degradation
Severity: High
Ability to detect: Moderate (via impedance spectroscopy)

Preventive maintenance measures can be implemented to detect and mitigate these failure modes before they occur. For example, regular visual inspections can help detect cracks in the battery casing, while monitoring the battery's voltage and temperature can help detect signs of overcharging or deep discharging. Additionally, implementing proper charging and discharging protocols can help prevent electrical stress and prolong the battery's lifespan.

It is important to note that the specific sources of mechanical and electrical stress, as well as the resulting failure modes and degradation mechanisms, may vary depending on the specific type of battery and its application. Therefore, a thorough FMEA should be conducted for each specific battery type and use case to ensure accurate and relevant results.",1
Can you provide more details on the specific failure modes and degradation mechanisms that are most relevant to electric batteries in IoT/OT systems?,"Sure, I'd be happy to provide some information on the failure modes and degradation mechanisms that are most relevant to electric batteries in IoT/OT systems.

1. Capacity fade: This is a gradual decrease in the battery's ability to store and deliver energy, which can be caused by a number of factors including:
* High charge/discharge rates
* Elevated temperatures
* Aging
* Depletion of active material

Failure mode: Reduced run-time or power output
Failure code: Battery capacity degradation
Degradation mechanism: Capacity fade is typically a result of degradation of the battery's active material, which can occur due to a number of chemical and physical processes.
Severity: High, as this can result in reduced run-time or power output, which can impact the performance of the IoT/OT system.
Ability to detect: Capacity fade can be detected through regular monitoring of the battery's voltage and capacity.

2. Increased internal resistance: Over time, the internal resistance of a battery can increase, which can reduce its ability to deliver power. This can be caused by:
* Formation of insulating layers on the battery's electrodes
* Growth of micro-shorts
* Corrosion of the battery's internal components

Failure mode: Reduced power delivery
Failure code: Increased internal resistance
Degradation mechanism: Increased internal resistance is typically a result of degradation of the battery's internal components, such as the formation of insulating layers on the electrodes or the growth of micro-shorts.
Severity: High, as this can result in reduced power delivery, which can impact the performance of the IoT/OT system.
Ability to detect: Increased internal resistance can be detected through regular monitoring of the battery's voltage and resistance.

3. Thermal runaway: This is a catastrophic failure mode that can occur when a battery's internal temperature increases rapidly, leading to a self-sustaining reaction that can result in a fire or explosion. This can be caused by:
* Overcharging
* Short-circuits
* External heating

Failure mode: Fire or explosion
Failure code: Thermal runaway
Deg",1
Are there any specific data privacy concerns related to the electric battery system that need to be addressed in the anomaly detection model design?,"Yes, there are potential data privacy concerns that need to be addressed when designing an anomaly detection model for an electric battery system. This is because the model may have access to sensitive data, such as battery usage patterns, charge and discharge rates, and other operational metrics. This data could potentially be used to infer information about the behavior and usage patterns of the users, which could raise privacy concerns.

To address these concerns, it is important to implement appropriate data privacy measures in the design of the anomaly detection model. This could include:

1. Data anonymization: This involves removing or obfuscating any personally identifiable information from the data, so that it cannot be traced back to individual users.

2. Access controls: Implementing strict access controls to ensure that only authorized personnel can access the data and the anomaly detection model.

3. Data minimization: Collecting only the minimum amount of data necessary to perform the anomaly detection, and discarding any unnecessary data as soon as possible.

4. Transparency: Providing clear and transparent communication to users about what data is being collected, how it is being used, and who has access to it.

5. Regular audits: Conducting regular audits of the anomaly detection model and the data being collected to ensure that privacy standards are being maintained.

By implementing these measures, it is possible to design an anomaly detection model for an electric battery system that is both effective and respectful of user privacy.",1
Can you provide some real-world examples or case studies of successful implementation of anomaly detection models in industrial electric batteries?,"Sure, I can provide an example of successful implementation of anomaly detection models in industrial electric batteries.

One example is a case study conducted by a company called NEC Energy Solutions, which specializes in energy storage solutions. The company implemented an anomaly detection system in their lithium-ion battery systems, which are used in large-scale energy storage projects.

The anomaly detection system was designed to identify and alert operators to any deviations in battery behavior that could indicate a potential failure. The system used machine learning algorithms to analyze data from the battery management system (BMS), which monitors various parameters such as voltage, current, and temperature.

The system was able to detect anomalies such as cell imbalance, high impedance, and abnormal temperature rises. These anomalies could indicate potential failures in the battery cells or the BMS. By detecting these anomalies early, operators could take preventive maintenance measures to avoid catastrophic failures.

The anomaly detection system was tested in a 2 MW/2.4 MWh energy storage project, and it was able to detect anomalies with high accuracy and low false positive rates. The system was also able to provide operators with detailed information about the location and nature of the anomalies, allowing them to take targeted actions to address the issues.

Another example is a company called Saft, a French industrial battery manufacturer, which implemented an anomaly detection system in their lithium-ion batteries used in telecom applications. The system was able to detect anomalies such as cell degradation, internal short circuits, and communication errors. By detecting these anomalies early, operators could take preventive maintenance measures to avoid battery failures and extend the battery life.

These case studies demonstrate the potential benefits of implementing anomaly detection models in industrial electric batteries. By detecting anomalies early, operators can take preventive maintenance measures to avoid catastrophic failures and extend the battery life.",1
"Can you explain the impact of extreme temperatures on battery performance and lifespan, and how should these be accounted for in a monitoring plan?","Sure, I'd be happy to help!

When it comes to electric batteries, extreme temperatures can have a significant impact on their performance and lifespan. Both high and low temperatures can negatively affect the battery's ability to hold a charge, as well as its overall lifespan.

At high temperatures, the battery's internal chemical reactions are accelerated, which can lead to a decrease in the battery's overall lifespan. This is because the increased temperature can cause the electrolyte in the battery to break down more quickly, which can lead to a loss of battery capacity over time. Additionally, high temperatures can cause the battery to degrade faster due to the increased stress on the internal components.

On the other hand, at low temperatures, the battery's internal chemical reactions slow down, which can lead to a decrease in performance and a longer charge time. This is because the ions in the battery have a harder time moving through the electrolyte at lower temperatures, which can result in a decrease in the battery's power output.

When it comes to monitoring an electric battery's performance and lifespan in relation to temperature, there are a few key things to keep in mind.

First, it's important to monitor the battery's temperature in real-time. This can be done using temperature sensors that are integrated into the battery management system (BMS). The BMS can then alert operators if the battery's temperature goes outside of the recommended range.

Second, it's important to track the battery's temperature history over time. This can help identify any trends or patterns that may indicate a problem with the battery's thermal management system. For example, if the battery consistently experiences high temperatures, it may indicate that the cooling system is not functioning properly.

Third, preventive maintenance measures can be taken to help mitigate the impact of extreme temperatures on the battery. This may include things like:

* Installing insulation to help keep the battery at a consistent temperature
* Using a cooling system to regulate the battery's temperature
* Scheduling maintenance tasks, such as cleaning or replacing thermal pads, to ensure that the battery's thermal management system is functioning properly

In terms of failure modes and effect analysis (FMEA), the following information can be provided for an electric battery:

* Component:",1
"What are the specific anode and cathode material degradation mechanisms that lead to capacity fade, power fade, and increased internal resistance?","
When it comes to an electric battery, the anode and cathode are critical components that can experience degradation mechanisms leading to capacity fade, power fade, and increased internal resistance. The following are some specific degradation mechanisms associated with the anode and cathode materials:

1. Solid Electrolyte Interphase (SEI) layer growth:
The SEI layer is a solid-electrolyte interface that forms on the anode surface during the initial charging cycles. This layer is essential for the battery's proper functioning, as it allows lithium ions to move between the anode and cathode. However, the SEI layer can grow over time due to the continuous cycling of the battery, which can lead to an increase in internal resistance, capacity fade, and power fade.
2. Cathode degradation:
The cathode material in electric batteries is typically made of lithium cobalt oxide (LCO), lithium manganese oxide (LMO), or lithium nickel manganese cobalt oxide (NMC). These materials can degrade due to several reasons, including mechanical stress, thermal degradation, and electrolyte decomposition. This degradation can lead to capacity fade, power fade, and increased internal resistance.
3. Anode degradation:
The anode material in electric batteries is typically made of graphite. Graphite can degrade due to several reasons, including mechanical stress, thermal degradation, and electrolyte decomposition. The degradation of the anode material can lead to capacity fade, power fade, and increased internal resistance.
4. Lithium plating:
Lithium plating occurs when lithium ions deposit on the anode surface as metallic lithium instead of intercalating into the graphite structure. This can happen due to high charging rates, low temperatures, or high SEI layer resistance. Lithium plating can lead to capacity fade, power fade, and increased internal resistance.
5. Electrolyte degradation:
The electrolyte in electric batteries can degrade due to several reasons, including thermal degradation, electrolyte oxidation, and reduction. Electrolyte degradation can lead to the formation of a resistive layer on the an",1
"What types of sensors are used to measure the voltage, temperature, and current readings of battery cells, and how often are these readings taken?","
For measuring the voltage, temperature, and current readings of battery cells, the following types of sensors are typically used:

1. Voltage Sensors: Battery voltage sensors, such as a multi-channel voltage divider or a voltage sensor module, can be used to measure the voltage of each battery cell. These sensors can provide high accuracy and resolution, and can measure voltage levels in real-time or near-real-time.
2. Temperature Sensors: Temperature sensors, such as thermocouples or resistance temperature detectors (RTDs), can be used to measure the temperature of each battery cell. These sensors can provide accurate temperature readings and can be designed to withstand the high temperatures that can occur in battery systems.
3. Current Sensors: Current sensors, such as current transformers or Hall effect sensors, can be used to measure the current flowing through each battery cell. These sensors can provide accurate current readings and can be designed to handle high current levels.

The frequency at which these readings are taken can vary depending on the specific application and the desired level of monitoring. However, in general, these readings are taken at a rate of at least once per second, and in some cases, much more frequently. This allows for real-time or near-real-time monitoring of the battery cells, which can help to detect and prevent failures before they occur.

In terms of failure modes, common failure modes for battery cells include:

1. Overcharging: Overcharging can cause the battery cell to overheat, which can lead to thermal runaway and failure.
2. Overdischarging: Overdischarging can cause the battery cell to reach a voltage level that is too low, which can damage the cell and reduce its lifespan.
3. Short-circuits: Short-circuits can occur due to internal or external factors, such as damage to the battery cell or the presence of foreign particles. Short-circuits can cause the battery cell to overheat and fail.
4. Aging: Battery cells can degrade over time due to a variety of factors, such as cycling, temperature, and aging. This can lead to a reduction in capacity and an increase in resistance.

The severity of these failure modes can vary, depending on the specific application and the impact of",1
"What are the expected benefits of implementing an anomaly detection model for the electric battery system, and what are the potential challenges?","
Expected benefits of implementing an anomaly detection model for an electric battery system:

1. Improved reliability: By detecting and addressing anomalies in the battery system before they lead to failure, the overall reliability of the system can be improved. This can result in reduced downtime and increased productivity.
2. Increased safety: Electric batteries can pose a risk of fire or explosion if not properly maintained. By detecting and addressing anomalies in the battery system, the risk of these types of incidents can be reduced.
3. Cost savings: By identifying and addressing issues with the battery system before they lead to failure, the need for costly repairs or replacements can be minimized. Additionally, the ability to detect and address anomalies early can help to prevent damage to other components in the system, resulting in further cost savings.
4. Improved performance: Anomaly detection can help to identify and address issues that may be causing the battery system to perform below its optimal level. This can result in improved efficiency and performance.

Potential challenges:

1. Data quality: In order for an anomaly detection model to be effective, it must be trained on high-quality data. If the data used to train the model is incomplete, inconsistent, or inaccurate, the model may not be able to accurately detect anomalies.
2. Complexity: Electric battery systems can be complex, with many interconnected components. This can make it challenging to develop an anomaly detection model that accurately captures the relationships between different components and their potential impact on the overall system.
3. False positives: Anomaly detection models can sometimes generate false positives, where the model identifies a potential issue that does not actually exist. This can lead to unnecessary maintenance and repair costs.
4. False negatives: On the other hand, an anomaly detection model may also fail to detect a real issue, resulting in a false negative. This can lead to a failure going unnoticed until it is too late to prevent.
5. Real-time monitoring: Anomaly detection models need to be able to process data in real-time to be able to detect anomalies as soon as they occur. This can be challenging to implement and maintain.
6. Cost: Developing and implementing an anomaly detection model can be costly, and it may not be",1
What are the primary physical characteristics and operational metrics to monitor for lithium-ion batteries compared to other battery chemistries?,"When performing FMEA on lithium-ion batteries, there are several physical characteristics and operational metrics that are important to monitor to ensure reliability and prevent failures. These metrics are compared to other battery chemistries as needed.

1. Voltage: Lithium-ion batteries have a narrower voltage window compared to other battery chemistries, and operating outside of this window can lead to reduced performance and safety issues. It is important to monitor the voltage of individual cells and the overall battery pack to ensure they remain within the recommended range.

2. Current: High current draw can lead to overheating and thermal runaway in lithium-ion batteries. Monitoring the current draw and ensuring it remains within the recommended range is crucial for preventing failures.

3. Temperature: Lithium-ion batteries have a narrower temperature range compared to other battery chemistries, and operating outside of this range can lead to reduced performance and safety issues. It is important to monitor the temperature of individual cells and the overall battery pack to ensure they remain within the recommended range.

4. State of Charge (SoC): Monitoring the state of charge of lithium-ion batteries is important for preventing overcharging and over-discharging, which can lead to safety issues and reduced performance.

5. State of Health (SoH): Monitoring the state of health of lithium-ion batteries is important for detecting degradation and predicting remaining useful life. This can be done through methods such as impedance spectroscopy, which measures the internal resistance of the battery.

6. Capacity: The capacity of lithium-ion batteries can degrade over time due to factors such as temperature and cycling. Monitoring the capacity of the battery can help detect degradation and predict remaining useful life.

7. Degradation mechanisms: Lithium-ion batteries can degrade due to a variety of mechanisms, including thermal degradation, electrochemical degradation, and mechanical degradation. Monitoring the battery for signs of these degradation mechanisms can help prevent failures.

8. Failure modes: Common failure modes for lithium-ion batteries include thermal runaway, short-circuit, and capacity fade. Monitoring for these failure modes can help prevent catastrophic failures.

9",1
"Can you explain how the severity of the external factors, such as temperature, humidity, and charging cycles, is determined in the FMEA process?","Sure, I'd be happy to explain how the severity of external factors such as temperature, humidity, and charging cycles is determined in the FMEA (Failure Modes and Effects Analysis) process for an electric battery.

In the FMEA process, severity is a measure of the potential consequences of a failure mode. In the context of an electric battery, severity would be determined by evaluating the impact of external factors such as temperature, humidity, and charging cycles on the battery's performance and safety.

To determine the severity of these external factors, the following steps can be taken:

1. Identify the relevant external factors: The first step is to identify the external factors that could potentially affect the battery's performance and safety. In this case, the relevant factors would be temperature, humidity, and charging cycles.
2. Define the range of values for each factor: Once the relevant external factors have been identified, the next step is to define the range of values that each factor can take. For example, temperature could range from -20°C to 50°C, humidity could range from 10% to 90%, and charging cycles could range from 1 to 1000.
3. Determine the impact of each factor on the battery: The next step is to determine the impact of each factor on the battery's performance and safety. This can be done by analyzing the battery's specifications, design, and testing data. For example, a high temperature may reduce the battery's capacity, while a low temperature may cause the battery to lose charge more quickly. Similarly, a high humidity level may cause corrosion of the battery's components, while a high number of charging cycles may cause the battery to degrade more quickly.
4. Assign a severity level to each factor: Once the impact of each factor has been determined, a severity level can be assigned. This can be done using a standardized scale, such as a 10-point scale, where 1 represents a negligible impact and 10 represents a catastrophic impact. The severity level should take into account the likelihood and potential consequences of the failure mode.
5. Validate the severity level: The final step is to validate the severity level by comparing it to real-world data and",1
What are the best practices for maintaining the anomaly detection model to ensure compliance with all relevant regulations and safety standards?,"
When it comes to maintaining an anomaly detection model for electric battery systems, there are several best practices that can help ensure compliance with relevant regulations and safety standards. Here are some key considerations:

1. **Understand the relevant regulations and safety standards**: Before developing an anomaly detection model, it is important to have a thorough understanding of the relevant regulations and safety standards that apply to electric battery systems. This may include standards set by organizations such as UL, IEC, and ANSI.

2. **Define failure modes and effects**: Failure modes and effects analysis (FMEA) is a critical tool for identifying potential failure modes in a battery system and assessing their impact on system performance and safety. By identifying potential failure modes and their effects, you can develop an anomaly detection model that is targeted at detecting these failures before they occur.

3. **Identify degradation mechanisms**: Battery systems can degrade over time due to a variety of mechanisms, including thermal degradation, chemical degradation, and mechanical degradation. By identifying these degradation mechanisms, you can develop an anomaly detection model that is targeted at detecting signs of degradation before they lead to failure.

4. **Define failure codes**: Failure codes are a standardized way of categorizing and describing different types of failures in a battery system. By defining failure codes, you can ensure that your anomaly detection model is able to accurately categorize and describe different types of failures.

5. **Define severity levels**: Severity levels are a way of assessing the impact of a failure on system performance and safety. By defining severity levels, you can ensure that your anomaly detection model is able to prioritize failures based on their severity.

6. **Define detectability levels**: Detectability levels are a way of assessing the likelihood that a failure will be detected before it occurs. By defining detectability levels, you can ensure that your anomaly detection model is able to identify failures early, when they are still easy to correct.

7. **Implement preventive maintenance**: Preventive maintenance is a critical tool for preventing failures in battery systems. By implementing a preventive maintenance program, you can identify and correct potential failures before they occur, thereby reducing the risk of unplanned downtime and safety incidents.

8. **Continu",1
"What severity and detectability ratings are commonly used for RFID system failures, and how do they help in predicting and preventing failures?","For an electric battery, especially in the context of an RFID (Radio Frequency Identification) system, the following failure modes, failure reasons, failure codes, degradation mechanisms, severity, and detectability ratings can be used in a failure modes and effects analysis (FMEA):

1. Failure mode: Battery capacity degradation
Failure reason: Increased internal resistance, decreased active material utilization, and/or increased self-discharge rate
Failure code: BC-1
Degradation mechanism: Degradation of anode, cathode, and/or electrolyte materials
Severity: High (if the battery cannot maintain the required voltage and/or capacity, the RFID system may not function properly)
Detectability: Medium (can be detected through regular capacity testing, but may not be easily noticeable until a significant amount of degradation has occurred)

2. Failure mode: Battery leakage
Failure reason: Internal short circuit, overcharging, or exposure to extreme temperatures
Failure code: BL-1
Degradation mechanism: Degradation of the battery casing or separator materials
Severity: High (if the battery leaks, it can cause damage to other components in the RFID system)
Detectability: High (leakage is usually easily visible and can be detected through regular visual inspections)

3. Failure mode: Battery thermal runaway
Failure reason: Internal short circuit, overcharging, or exposure to high temperatures
Failure code: BTR-1
Degradation mechanism: Degradation of the battery's internal components, leading to a rapid increase in temperature
Severity: Very high (thermal runaway can cause a fire or explosion)
Detectability: Medium (early signs of thermal runaway may be detectable through temperature monitoring, but it can progress rapidly)

These ratings can help in predicting and preventing failures by identifying the most critical failure modes and prioritizing preventive maintenance activities accordingly. For example, if a battery is at risk of thermal runaway, it may be necessary to implement additional temperature monitoring and control measures to prevent a catastrophic failure. Regular capacity testing can also help to detect degradation of the battery's capacity, allowing for timely replacement before the",1
"Are there any other parameters, besides voltage, current, temperature, and resistance, that should be monitored for battery health management?","Yes, in addition to voltage, current, temperature, and resistance, there are several other parameters that should be monittored for battery health management in electric batteries. Here are some additional parameters to consider:

1. State of Charge (SoC): SoC is a measure of the available capacity of a battery relative to its maximum capacity. Monitoring the SoC can help to prevent overcharging and deep discharging, which can damage the battery.

2. State of Health (SoH): SoH is a measure of the overall health of the battery, taking into account factors such as capacity fade, impedance increase, and internal resistance. Monitoring the SoH can help to identify batteries that are approaching the end of their useful life.

3. Open Circuit Voltage (OCV): OCV is the voltage of a battery when it is not supplying current. Monitoring the OCV can help to identify changes in the battery's internal chemistry, which can be an indicator of degradation.

4. Charge/Discharge Current: Monitoring the charge and discharge current can help to identify abnormal operating conditions, such as overcurrent or undercurrent, which can damage the battery.

5. Charging Time: Monitoring the charging time can help to identify changes in the battery's ability to accept charge, which can be an indicator of degradation.

6. Self-Discharge Rate: The self-discharge rate of a battery is the rate at which it loses charge over time, even when not in use. Monitoring the self-discharge rate can help to identify changes in the battery's insulation resistance, which can be an indicator of degradation.

7. Number of Cycles: Monitoring the number of charge/discharge cycles can help to identify changes in the battery's capacity and overall health.

8. Ambient Temperature: Monitoring the ambient temperature can help to identify operating conditions that may be harmful to the battery, such as extreme temperatures or temperature fluctuations.

9. Operating Time: Monitoring the operating time can help to identify changes in the battery's performance, such as a decrease in capacity or an increase in resistance.

10. Degradation Mechanisms: Monitoring for degradation mechanisms such as corrosion,",1
"Are there any specific challenges or limitations in implementing an anomaly detection model in battery systems, and how can they be addressed?","Yes, there are several challenges and limitations when implementing an anomaly detection model in battery systems. Some of these challenges include:

1. Complexity of Battery Systems: Battery systems are complex and consist of various subcomponents, such as the cathode, anode, electrolyte, and separator. Each of these components can fail in different ways, and the failure of one component can affect the performance of the entire system.
2. Variability in Battery Performance: Battery performance can vary depending on factors such as temperature, discharge rate, and age. This variability can make it difficult to detect anomalies and identify the root cause of failures.
3. Limited Sensor Data: Battery systems may not have a large number of sensors to monitor their performance, which can limit the amount of data available for anomaly detection.
4. Lack of Standard Failure Modes: There is no standard set of failure modes for battery systems, which can make it difficult to develop a consistent and comprehensive anomaly detection model.
5. Safety Concerns: Battery systems can pose safety risks if they fail, so it is important to detect and address anomalies before they lead to failures.

To address these challenges, the following strategies can be employed:

1. Use of Advanced Sensor Technology: Advanced sensors, such as acoustic emission sensors, can be used to monitor the performance of battery systems and detect anomalies. These sensors can provide real-time data on the health of the battery system and help to identify potential failures before they occur.
2. Development of a Standard Set of Failure Modes: A standard set of failure modes can be developed for battery systems, which can help to ensure a consistent and comprehensive approach to anomaly detection.
3. Use of Machine Learning Algorithms: Machine learning algorithms can be used to analyze the data from battery sensors and identify patterns that may indicate an anomaly. These algorithms can also be used to predict the likelihood of failure and the remaining useful life of the battery system.
4. Implementation of Preventive Maintenance Programs: Preventive maintenance programs can be implemented to detect and address potential failures before they occur. This can include regular inspections, testing, and maintenance of the battery system.
5. Collaboration with Battery Manufacturers: Collaboration with battery manufacturers can help to ensure that the",1
"What are the potential consequences of undetected anomalies in battery systems, and how can they be prevented with an anomaly detection model?","
An electric battery is a critical component in many industrial applications, such as renewable energy systems, electric vehicles, and energy storage systems. Undetected anomalies in battery systems can lead to catastrophic failures, resulting in significant downtime, safety hazards, and financial losses. Here are some potential consequences of undetected anomalies in battery systems and how they can be prevented with an anomaly detection model:

1. Capacity Degradation: Over time, battery systems can experience capacity degradation due to factors such as aging, high temperatures, and deep discharge cycles. An anomaly detection model can identify deviations in the battery's capacity, allowing for preventive maintenance measures to be taken before the battery's capacity drops below acceptable levels.
2. Thermal Runaway: Thermal runaway is a catastrophic failure mode that can occur when a battery cell experiences an internal short circuit, leading to rapid heating and potentially causing a fire or explosion. An anomaly detection model can identify early signs of thermal runaway, such as abnormal temperature increases or voltage fluctuations, allowing for corrective action to be taken before a catastrophic failure occurs.
3. Reduced Lifespan: Battery systems can experience a reduced lifespan due to factors such as overcharging, undercharging, or high temperatures. An anomaly detection model can identify deviations in the battery's charging and discharging patterns, allowing for corrective action to be taken before the battery's lifespan is significantly reduced.
4. Safety Hazards: Battery systems can pose safety hazards due to factors such as leakage, corrosion, or mechanical failure. An anomaly detection model can identify early signs of these issues, such as changes in resistance or capacitance, allowing for preventive maintenance measures to be taken before they pose a safety hazard.
5. Increased Maintenance Costs: Undetected anomalies in battery systems can lead to increased maintenance costs due to the need for repairs or replacements. An anomaly detection model can identify potential issues before they become major problems, allowing for proactive maintenance measures to be taken, reducing maintenance costs.

An anomaly detection model can be implemented using various techniques, such as machine learning algorithms, statistical process control, or physics-based models. The model",1
Are there any specific industry standards or regulations that need to be taken into account while implementing the anomaly detection model?,"Yes, when implementing an anomaly detection model for an electric battery in an industrial setting, there are several industry standards and regulations that should be taken into account. These can vary depending on the specific industry and application, but some relevant standards and regulations include:

1. ISO 12405: Road vehicles - Electric and hybrid electric vehicles - Reliability testing - this standard provides guidelines for reliability testing of electric vehicle batteries.
2. IEC 62619: Secondary lithium-ion cells for the propulsion of electric road vehicles - safety and performance requirements - this standard specifies the safety and performance requirements for lithium-ion batteries used in electric vehicles.
3. IEC 62904: Secondary lithium-ion cells for the propulsion of electric road vehicles - driving cycle testing for range assessment - this standard provides a method for measuring the range of electric vehicles using a standardized driving cycle.
4. SAE J2928: Electric and Hybrid Vehicle Power System Development Test - this standard provides a method for testing the performance and durability of electric vehicle power systems, including batteries.
5. UL 2580: Standard for Safety for Energy Storage Systems and Equipment - this standard provides safety requirements for energy storage systems, including batteries.
6. NFPA 855: Standard for Fire Protection for Energy Storage Systems - this standard provides requirements for the fire protection of energy storage systems, including batteries.

It is important to note that these are just a few examples of the many industry standards and regulations that may apply to a specific application. It is essential to consult with relevant industry organizations, regulatory bodies, and subject matter experts to ensure compliance with all applicable standards and regulations.

Regarding the FMEA, the following information can be provided for the electric battery asset class:

Component/Subcomponent: Electric battery cells, Battery Management System (BMS), Thermal management system, Mechanical components (e.g. casing, connectors, etc.)

Failure Mode:

* Cell failure (e.g. thermal runaway, short circuit, etc.)
* BMS failure (e.g. communication failure, faulty sensing, etc.)
* Thermal management failure (e.g. overheating, cooling failure, etc.)
* Mechan",1
Can you explain how the number of charging and discharging cycles can impact the overall performance and failure rates of a battery system?,"
Certainly! The number of charging and discharging cycles can significantly impact the overall performance and failure rates of a battery system. Here is a detailed explanation:

Asset Class: Electric Battery

Component: Battery Cell

Subcomponent: Electrode, Separator, Electrolyte

Failure Mode: Capacity Fade

Failure Reason: The repeated charging and discharging cycles can cause the battery's capacity to fade over time. This is due to the degradation of the battery's electrode material, which reduces the amount of active material available for charge and discharge reactions. The separator material can also degrade, leading to an increase in internal resistance and a decrease in the battery's efficiency. The electrolyte can decompose, leading to a decrease in ionic conductivity and an increase in resistance.

Failure Code: FC010: Capacity Fade

Degradation Mechanism: The degradation mechanism for capacity fade is primarily due to the loss of active material in the electrode and the increase in internal resistance. This can be caused by several factors, including:

1. The formation of solid-electrolyte interphase (SEI) layer on the anode surface during the initial charging cycles.
2. The dissolution and diffusion of lithium ions from the cathode into the electrolyte, leading to the formation of a resistive layer on the cathode surface.
3. The growth of lithium dendrites on the anode surface, which can pierce the separator and cause a short circuit.
4. The degradation of the electrolyte due to the formation of gas bubbles, which can lead to a decrease in ionic conductivity.

Severity: The severity of capacity fade depends on the application of the battery. For example, in electric vehicles, a decrease in battery capacity can lead to a decrease in range and an increase in charging time. In energy storage systems, a decrease in battery capacity can lead to a decrease in the amount of energy that can be stored and a decrease in the system's efficiency.

Ability to Detect: The ability to detect capacity fade can be achieved through several methods, including:

1. Monitoring the battery's voltage and current during charging and discharg",1
What are the critical insights we need to understand to build an effective anomaly detection model for sensor data in an electric battery?,"To build an effective anomaly detection model for sensor data in an electric battery, there are several critical insights we need to understand. These include:

1. Component and Subcomponent: It is important to identify the key components of an electric battery, such as the cathode, anode, and electrolyte, and their subcomponents. Understanding the function and construction of these components can help identify potential failure modes and degradation mechanisms.

2. Failure Modes: Failure modes are the ways in which a component can fail. Common failure modes for electric battery components include:
* Short circuit
* Open circuit
* Degradation of electrolyte
* Corrosion of current collector
* Cracking or swelling of separator
* Thermal runaway

3. Failure Reasons: Failure reasons are the underlying causes of failure modes. Common failure reasons for electric battery components include:
* Overcharging
* Overdischarging
* High temperature
* Low temperature
* Vibration
* Manufacturing defects

4. Failure Codes: Failure codes are standardized codes used to classify failures. Common failure codes for electric battery components include:
* Class A: Precautionary maintenance
* Class B: Scheduled maintenance
* Class C: Corrective maintenance
* Class D: Critical failure

5. Degradation Mechanisms: Degradation mechanisms are the processes that cause a component to degrade over time. Common degradation mechanisms for electric battery components include:
* Electrolyte depletion
* Cathode degradation
* Anode degradation
* Separator degradation

6. Severity: Severity is a measure of the impact of a failure mode on the overall system. Common severity levels for electric battery components include:
* Low: Minimal impact on system performance
* Medium: Significant impact on system performance
* High: Catastrophic failure of the system

7. Ability to Detect: Ability to detect is a measure of how easily a failure mode can be detected before it causes a failure. Common ability to detect levels for electric battery components include:
* High: Easily detected through routine maintenance or monitoring
* Medium: Requires specialized testing or monitoring
* Low: Difficult to detect until",1
"Could you provide more information on the environmental conditions that can damage the battery, and how the model should account for them?","Sure, I'd be happy to help! When performing FMEA on an electric battery, there are several environmental conditions that can contribute to battery failure and degradation. Here are some examples:

1. Temperature: Both high and low temperatures can negatively impact battery performance and lifespan. High temperatures can cause the battery to degrade more quickly, while low temperatures can reduce the battery's capacity. The FMEA model should account for the battery's operating temperature range and any potential temperature excursions that could lead to failure.
2. Humidity: High humidity levels can lead to corrosion of the battery's external components, which can cause a loss of electrical conductivity and lead to failure. The FMEA model should consider the impact of humidity on battery reliability and any preventive maintenance activities that can help mitigate the risk of corrosion.
3. Vibration: Vibration can cause internal damage to the battery, leading to failure. The FMEA model should account for the potential sources of vibration, such as transportation or equipment movement, and any preventive maintenance activities that can help reduce the risk of damage.
4. Contamination: Dust, dirt, and other contaminants can accumulate on the battery's exterior surfaces, leading to reduced heat transfer and increased risk of failure. The FMEA model should consider the impact of contamination on battery reliability and any preventive maintenance activities that can help mitigate the risk.
5. Overcharging or undercharging: Overcharging or undercharging the battery can lead to degradation and failure. The FMEA model should account for the potential causes of overcharging or undercharging, such as faulty charging equipment or incorrect charging procedures, and any preventive maintenance activities that can help ensure proper charging.

In terms of the failure modes, failure reasons, and degradation mechanisms for an electric battery, here are some examples:

* Failure mode: Battery failure due to thermal runaway
* Failure reason: Overcharging or high operating temperatures
* Degradation mechanism: Chemical degradation of the battery's internal components
* Failure mode: Battery failure due to corrosion
* Failure reason: Exposure to high humidity levels or contamination
* Degradation mechanism: Corros",1
What are the recommended software updates and maintenance schedules to ensure the safe and reliable operation of electric battery systems?,"As a reliability engineer with expertise in failure modes and effect analysis (FMEA), I will provide the following information regarding an electric battery system:

Component/Subcomponent: Battery cells, Battery Management System (BMS), Cooling System, Connectors, and Wiring.

Failure Mode:

* Battery cells: Loss of capacity, internal short circuit, thermal runaway
* Battery Management System (BMS): Inability to balance cells, incorrect temperature or voltage measurement, communication failure
* Cooling System: Leakage, insufficient cooling, blockage
* Connectors: Corrosion, loose connection, damage
* Wiring: Insulation failure, overheating, damage

Failure Reason:

* Battery cells: Aging, manufacturing defect, overcharging/overdischarging, external short circuit
* Battery Management System (BMS): Software bugs, communication errors, component failure
* Cooling System: Wear and tear, manufacturing defect, insufficient maintenance
* Connectors: Vibration, wear and tear, corrosion, improper installation
* Wiring: Vibration, wear and tear, corrosion, insufficient maintenance

Failure Code:

* Battery cells: SOC (State of Charge) imbalance, high temperature, high impedance
* Battery Management System (BMS): Communication error, software error, component failure
* Cooling System: Leakage, insufficient flow, high temperature
* Connectors: Corrosion, loose connection, damage
* Wiring: Insulation failure, overheating, damage

Degradation Mechanism:

* Battery cells: Degradation of active material, growth of solid electrolyte interphase (SEI), loss of electrolyte
* Battery Management System (BMS): Software degradation, component degradation
* Cooling System: Wear and tear, corrosion, leakage
* Connectors: Corrosion, wear and tear, damage
* Wiring: Corrosion, wear and tear, insulation degradation

Severity:

* Battery cells: High (can lead to thermal runaway, fire, or explosion)
* Battery Management System (BMS): Medium (can lead to loss of capacity,",1
Can you explain the difference between capacity fade and sudden failure in terms of their impact on battery system performance and safety?,"Sure, I'd be happy to explain the difference between capacity fade and sudden failure in terms of their impact on battery system performance and safety, in the context of electric battery systems.

Capacity fade, also known as degradation or capacity loss, refers to the gradual reduction in a battery's ability to store and deliver electrical energy over time. This can be caused by a variety of factors, including the number of charge and discharge cycles, operating temperature, and the rate of charge and discharge. Capacity fade typically occurs over an extended period of time and can often be mitigated through proper maintenance and charging practices. The impact of capacity fade on battery system performance is a gradual decline in the amount of energy that can be stored and delivered by the battery. This can result in a decrease in the range of an electric vehicle, for example, or a reduction in the amount of time that a stationary battery system can provide power.

Sudden failure, on the other hand, refers to an unexpected and catastrophic failure of the battery system. This can be caused by a variety of factors, including manufacturing defects, damage to the battery cells, or the use of the battery in conditions outside of its design specifications. Sudden failure can result in a complete loss of function of the battery system, and in some cases, can cause safety issues such as thermal runaway, which can lead to fire or explosion.

In summary, capacity fade is a gradual decline in battery performance over time, while sudden failure is an unexpected and catastrophic event that can result in safety issues. Proper maintenance and charging practices can help mitigate capacity fade, while sudden failure is often caused by manufacturing defects or damage to the battery cells.

Regarding the failure modes, failure reasons, failure codes, degradation mechanisms, severity and ability to detect them before they happen via preventive maintenance:

* Failure modes: Capacity fade can be seen as a degradation of the battery's ability to store and deliver electrical energy, while sudden failure can be seen as a complete loss of function of the battery system.
* Failure reasons: Capacity fade can be caused by the number of charge and discharge cycles, operating temperature, and the rate of charge and discharge. Sudden failure can be caused by manufacturing defects, damage to the battery cells, or the use of",1
Are there any industry standards or regulations that dictate the frequency and granularity of sensor measurements for an electric battery?,"There are no specific industry standards or regulations that dictate the exact frequency and granularity of sensor measurements for an electric battery. However, there are several guidelines and recommendations provided by various organizations and regulatory bodies.

The International Electrotechnical Commission (IEC) has published IEC 62904, which provides guidelines for the implementation and use of health monitoring systems for lithium-ion batteries used in electric vehicles. This standard recommends the use of sensors to monitor various parameters such as voltage, current, temperature, and capacity. It also provides guidance on the frequency of measurements and the use of data analysis techniques to detect anomalies and predict failures.

The National Institute of Standards and Technology (NIST) has also published guidelines for the testing and evaluation of lithium-ion batteries used in electric vehicles. These guidelines recommend the use of sensors to monitor various parameters such as voltage, current, temperature, and capacity. They also provide recommendations on the frequency of measurements and the use of data analysis techniques to detect anomalies and predict failures.

In addition, the U.S. Department of Energy (DOE) has published guidelines for the testing and evaluation of lithium-ion batteries used in electric vehicles. These guidelines recommend the use of sensors to monitor various parameters such as voltage, current, temperature, and capacity. They also provide recommendations on the frequency of measurements and the use of data analysis techniques to detect anomalies and predict failures.

It's worth noting that the frequency and granularity of sensor measurements for an electric battery will depend on various factors such as the type of battery, the application, and the desired level of reliability. A more critical application may require more frequent and detailed measurements to ensure the safety and reliability of the battery.

Regarding the Failure Modes and Effects Analysis (FMEA) of the electric battery, the following information can be provided:

Component: Electric Battery
Subcomponent: Anode, Cathode, Separator, Electrolyte
Failure Mode: Loss of capacity, Increase in internal resistance, Thermal runaway
Failure Reason: Degradation of anode/cathode materials, Separator failure, Electrolyte degradation
Failure Code: Battery Management System (BMS) error codes
Degradation Mechanism: Electrochemical degradation",1
Can you explain the role of SEI layers in battery degradation and how it contributes to capacity fade and increased internal resistance?,"Sure, I'd be happy to explain the role of SEI layers in battery degradation and how it contributes to capacity fade and increased internal resistance in an electric battery.

The solid electrolyte interphase (SEI) layer is a layer that forms on the anode of a lithium-ion battery during the initial charging process, also known as formation charging. This layer is composed of a complex mixture of organic and inorganic materials, and it plays a critical role in the performance and safety of the battery.

The SEI layer helps to regulate the flow of lithium ions between the anode and cathode, and it also helps to prevent the battery from undergoing unwanted side reactions that can lead to capacity fade and other forms of degradation. However, the SEI layer is not a static entity. It can change over time in response to a variety of factors, including charge and discharge cycling, temperature, and the presence of impurities in the electrolyte.

One of the key ways that the SEI layer contributes to battery degradation is through a process known as electrolyte oxidation. This occurs when the SEI layer is exposed to high potentials, such as those that can occur during charging or when the battery is heavily discharged. When the SEI layer is oxidized, it can form cracks and other forms of mechanical damage, which can provide a pathway for the electrolyte to come into contact with the anode. This can lead to the formation of new SEI layers, which can consume lithium ions and reduce the overall capacity of the battery.

Another way that the SEI layer contributes to battery degradation is through a process known as lithium plating. This occurs when the battery is charged or discharged at high rates, or when it is operated at low temperatures. Under these conditions, the lithium ions in the electrolyte may not be able to fully insert into the anode, and they may instead plate out on the surface of the anode. This can lead to the formation of dendrites, which are needle-like crystals that can pierce the SEI layer and provide a pathway for electrical current to flow directly between the anode and cathode. This can cause a short circuit, which can",1
"How do the battery maintenance strategies differ based on the application (e.g., electric vehicles, grid storage, portable electronics)?","Asset reliability is a crucial aspect of managing any industrial asset, including electric batteries. The maintenance strategies for batteries can vary depending on the specific application, such as electric vehicles (EVs), grid storage, or portable electronics. Here's an overview of how battery maintenance strategies may differ based on these applications:

1. Electric Vehicles (EVs):
In the case of electric vehicles, the primary focus is on ensuring the battery's performance, safety, and longevity. The maintenance strategies for EV batteries include:

a. Regular monitoring of battery state-of-charge (SoC) and state-of-health (SoH) to ensure optimal performance and longevity.

b. Preventive maintenance, such as periodic inspections and diagnostics, to detect potential issues early and address them before they lead to significant failures.

c. Thermal management to maintain optimal operating temperatures and prevent thermal runaway, which can lead to catastrophic failures.

d. Proper charging practices, such as avoiding deep discharges and rapid charging, to minimize degradation mechanisms like lithium plating and solid electrolyte interphase (SEI) growth.

e. Regular software updates to improve battery management system (BMS) algorithms and enhance overall battery performance.

2. Grid Storage:
Grid storage batteries, such as those used in renewable energy systems, have different requirements compared to EV batteries. The maintenance strategies for grid storage batteries include:

a. Regular monitoring of battery parameters, such as voltage, current, temperature, and capacity, to ensure optimal performance and longevity.

b. Preventive maintenance, such as periodic inspections and diagnostics, to detect potential issues early and address them before they lead to significant failures.

c. Thermal management to maintain optimal operating temperatures and prevent degradation mechanisms like capacity fade and increased internal resistance.

d. Proper sizing and configuration of the battery system to ensure balanced usage and minimize degradation mechanisms.

e. Regular maintenance of the surrounding infrastructure, such as cooling systems and power electronics, to ensure optimal battery performance.

3. Portable Electronics:
Portable electronics, such as smartphones and laptops, have unique battery maintenance requirements due to their compact size and frequent usage patterns.",1
Can you provide examples of failure modes in battery systems that might be difficult to detect without advanced statistical techniques?,"Sure, I'd be happy to help! When it comes to battery systems, there are several failure modes that can be difficult to detect without the use of advanced statistical techniques. Here are a few examples:

1. **Capacity Fade**: This refers to the gradual decrease in the battery's ability to hold a charge over time. This failure mode can be difficult to detect because it happens slowly and may not be noticeable under normal operating conditions. However, advanced statistical techniques such as trend analysis and regression modeling can help identify subtle changes in the battery's capacity over time.
2. **Increased Internal Resistance**: Over time, the internal resistance of a battery can increase, which can lead to a decrease in efficiency and a decrease in the amount of power that can be delivered. This failure mode can be difficult to detect without the use of techniques such as impedance spectroscopy or DC internal resistance testing.
3. **Voltage Depression**: This failure mode occurs when the battery's voltage drops significantly under load, even when it is fully charged. This can be caused by a variety of factors, including the degradation of the electrode materials or the formation of unwanted side reactions. Voltage depression can be difficult to detect without the use of advanced techniques such as cyclic voltammetry or charge/discharge testing.
4. **Electrolyte Degradation**: The electrolyte in a battery can degrade over time, leading to a decrease in ionic conductivity and a decrease in the battery's overall performance. This failure mode can be difficult to detect without the use of techniques such as Fourier Transform Infrared (FTIR) spectroscopy or nuclear magnetic resonance (NMR) spectroscopy.
5. **Mechanical Failure**: Batteries can also fail due to mechanical failures, such as cracking or swelling of the battery casing. These failures can be difficult to detect without the use of advanced imaging techniques such as X-ray computed tomography (CT) scanning or magnetic resonance imaging (MRI).

In each of these cases, the severity of the failure mode can vary, and the ability to detect the failure before it happens will depend on the specific monitoring and testing techniques used. However, by using advanced statistical techniques and other diagnostic tools, it is possible to",1
"What are the most common types of anomalies or failure modes in electric batteries, and how can they be identified using labeled data?","As a reliability engineer, I will discuss the most common types of anomalies or failure modes in electric batteries, and how they can be identified using labeled data for failure modes and effects analysis (FMEA).

1. Capacity fade: This is the most common failure mode in electric batteries, characterized by a gradual decrease in the battery's energy storage capacity over time. This can be caused by several factors, including:
* Degradation of the anode and cathode materials
* Increased internal resistance
* Loss of active material due to electrolyte decomposition
Labeled data can be used to identify capacity fade by monitoring the battery's voltage, current, and temperature during charge and discharge cycles. By analyzing the trends in this data over time, it is possible to identify the onset of capacity fade and take preventive maintenance actions, such as reducing the depth of discharge or increasing the charging rate.
2. Electrolyte degradation: The electrolyte in electric batteries can degrade over time due to side reactions, such as electrolyte oxidation or reduction. This can lead to a decrease in ionic conductivity, which can result in a decrease in battery performance.
Labeled data can be used to identify electrolyte degradation by monitoring the battery's impedance, which is a measure of its internal resistance. By analyzing the trends in impedance over time, it is possible to identify the onset of electrolyte degradation and take preventive maintenance actions, such as replacing the electrolyte or adding electrolyte additives.
3. Thermal runaway: This is a catastrophic failure mode that can occur in electric batteries, characterized by a rapid increase in temperature and pressure, leading to a fire or explosion. This can be caused by several factors, including:
* Overcharging
* Short-circuits
* External heating
Labeled data can be used to identify thermal runaway by monitoring the battery's temperature, voltage, and current during charge and discharge cycles. By analyzing the trends in this data, it is possible to identify abnormal conditions that may indicate the onset of thermal runaway, such as a rapid increase in temperature or voltage.

In addition to these common failure modes, there are several other anomalies that can occur in electric batteries,",1
"What are the typical communication protocols used in Battery Management Systems, and how do they help prevent communication failures?","
Battery Management Systems (BMS) are used in electric battery systems to monitor and manage the battery's state, including voltage, current, temperature, and state of charge. The communication protocols used in Battery Management Systems are crucial to ensure reliable and efficient communication between the BMS and other components of the system.

Some typical communication protocols used in Battery Management Systems include:

1. CAN (Controller Area Network) bus: This is a vehicle bus standard designed to allow microcontrollers and devices to communicate with each other in applications without a host computer. It is a message-based protocol, and it is commonly used in the automotive industry for communication between electronic control units (ECUs). In the context of BMS, CAN bus can be used for communication between the BMS and other devices such as chargers, inverters, and energy management systems.
2. RS-485: This is a standard for serial communication that allows data to be transmitted over a twisted pair of wires. It is a half-duplex communication protocol, which means that data can be transmitted in only one direction at a time. RS-485 is commonly used in industrial applications, and it can be used in BMS to communicate with other devices such as chargers, inverters, and energy management systems.
3. Ethernet: This is a family of computer networking technologies for local area networks (LANs) and wide area networks (WANs). It is a full-duplex communication protocol, which means that data can be transmitted in both directions at the same time. Ethernet is commonly used in industrial applications, and it can be used in BMS to communicate with other devices such as chargers, inverters, and energy management systems.
4. PLC (Programmable Logic Controller) protocols: These are communication protocols used to communicate with programmable logic controllers (PLCs) in industrial automation applications. Examples of PLC protocols include Modbus, Profibus, and EtherNet/IP. These protocols can be used in BMS to communicate with other devices such as chargers, inverters, and energy management systems.

To prevent communication failures, these protocols often include features such as error detection and correction, message acknowledgement, and retransmission of lost or corrupted",1
How can collaboration with subject matter experts ensure the development of an effective anomaly detection model for battery systems?,"Collaboration with subject matter experts (SMEs) is crucial for developing an effective anomaly detection model for battery systems. Here are some ways that this collaboration can be beneficial:

1. Domain Expertise: SMEs have a deep understanding of the battery system's components, sub-components, and their failure modes. They can provide insights into the degradation mechanisms that lead to failures, the failure codes used to classify these failures, and the severity of their impact on the system.
2. Data Collection: SMEs can help identify the most relevant data to collect for the anomaly detection model. They can also assist in collecting this data, either by providing access to existing data sources or by helping to design new data collection methods.
3. Feature Engineering: SMEs can help identify the most relevant features to include in the anomaly detection model. They can also provide guidance on how to extract these features from the collected data.
4. Model Validation: SMEs can help validate the anomaly detection model by providing feedback on its performance and identifying any false positives or false negatives. They can also help interpret the model's output and provide insights into the underlying causes of any detected anomalies.
5. Preventive Maintenance: SMEs can help develop a preventive maintenance program that incorporates the anomaly detection model's output. They can provide guidance on the most effective maintenance strategies to prevent failures and extend the battery system's lifespan.

Overall, collaboration with SMEs can ensure that the anomaly detection model is developed with a deep understanding of the battery system's failure modes, degradation mechanisms, and maintenance requirements. This can lead to a more accurate and effective model that can help prevent failures and optimize the battery system's performance.",1
How do the failure modes and detection methods for batteries in electric vehicles compare to those in other types of electric assets?,"When it comes to electric battery failure modes and effect analysis (FMEA), there are some similarities and differences between batteries used in electric vehicles (EVs) and other types of electric assets.

Similarities:

1. Failure Modes: The most common failure modes for batteries in both EVs and other electric assets include:
* Capacity loss: A decrease in the battery's ability to store and deliver energy over time.
* Efficiency loss: A decrease in the battery's ability to convert chemical energy into electrical energy.
* Increased impedance: An increase in the battery's internal resistance, which can lead to decreased performance and reduced lifespan.
2. Failure Reasons: The most common failure reasons for batteries in both EVs and other electric assets include:
* Degradation due to charge/discharge cycles.
* Degradation due to high temperature exposure.
* Degradation due to poor maintenance, such as improper charging and storage.
3. Failure Codes: The most common failure codes for batteries in both EVs and other electric assets include:
* Open-circuit failure: A failure that results in an open circuit, which can be caused by a broken wire or a faulty cell.
* Short-circuit failure: A failure that results in a short circuit, which can be caused by a faulty cell or a foreign object in the battery.
* High impedance failure: A failure that results in an increase in the battery's internal resistance.

Differences:

1. Degradation Mechanisms: The degradation mechanisms for batteries in EVs and other electric assets can differ due to differences in usage and operating conditions. For example, batteries in EVs are subjected to a higher number of charge/discharge cycles and a wider range of temperatures compared to batteries in other electric assets. This can lead to different degradation mechanisms and failure modes.
2. Severity: The severity of battery failure can differ between EVs and other electric assets. For example, a battery failure in an EV can result in a loss of mobility, which can have a greater impact on the user compared to a battery failure in a stationary electric asset.
3. Ability to Detect: The ability to detect battery failure before it happens can differ between EVs and other electric assets.",1
Are there any specific computational resources or constraints that we should consider when implementing the anomaly detection model?,"
Yes, when implementing an anomaly detection model for an electric battery, there are several computational resources and constraints to consider.

1. Processing Power and Memory: The model should be designed to efficiently process large volumes of data generated by the battery, which may include current, voltage, temperature, and other relevant parameters. At the same time, the model should not consume excessive processing power or memory, as this can impact the performance of other applications running on the same system.
2. Real-time Processing: The model should be capable of processing data in real-time, as this can help to detect anomalies and prevent battery failures before they occur. This requires the model to be computationally efficient and able to handle high-frequency data streams.
3. Power Consumption: The model should be designed to minimize power consumption, as this can impact the overall efficiency and lifespan of the battery. This may involve optimizing the algorithms used in the model to reduce computational overhead.
4. Scalability: The model should be scalable, meaning it can handle increasing volumes of data as the battery system grows. This may involve distributing the processing across multiple nodes or using cloud-based resources.
5. Security: The model should be designed with security in mind, as it may be processing sensitive data related to the battery system. This may involve implementing encryption, access controls, and other security measures to protect the data.
6. Interoperability: The model should be compatible with existing battery management systems and other relevant software, as this can help to streamline the integration and deployment process.

Overall, the computational resources and constraints to consider when implementing an anomaly detection model for an electric battery include processing power and memory, real-time processing, power consumption, scalability, security, and interoperability. By taking these factors into account, it is possible to design a model that is accurate, efficient, and effective in detecting battery anomalies and preventing failures.",1
"Can you explain the potential impact of cybersecurity threats on the electric battery, and how the model should address these risks?","Sure, I'd be happy to help explain the potential impact of cybersecurity threats on an electric battery and how a failure modes and effects analysis (FMEA) model can address these risks.

When it comes to electric batteries, cybersecurity threats can have a significant impact on their reliability and performance. These threats can include things like unauthorized access to the battery management system (BMS), data manipulation, and denial-of-service attacks.

A FMEA model can be used to identify and assess the potential failure modes and effects of these cybersecurity threats on the electric battery. The following is an example of how the model might be structured:

1. Component/Subcomponent: Battery Management System (BMS)
2. Failure Mode: Unauthorized access to BMS
3. Failure Reason: Weakness in BMS software or communication protocols
4. Failure Code: Cybersecurity threat
5. Degradation Mechanism: Unauthorized access to BMS can lead to incorrect battery charge/discharge, overheating, and even battery failure.
6. Severity: High - unauthorized access to BMS can result in significant battery damage, safety risks, and even system downtime.
7. Ability to Detect: Medium - some BMS have built-in security measures such as encryption and authentication, but these may not always be effective against sophisticated cyber attacks.

To address these risks, the FMEA model should include recommendations for preventive maintenance and cybersecurity measures. For example:

* Implementing strong access controls and encryption for the BMS to prevent unauthorized access
* Regularly updating BMS software to address known vulnerabilities
* Conducting regular security audits and testing to identify and address potential weaknesses
* Providing training for staff on cybersecurity best practices
* Implementing a incident response plan in case of a cyber attack

It is important to note that cybersecurity threats are constantly evolving, so it is essential to regularly review and update the FMEA model to ensure that it accurately reflects the current risks and mitigation strategies.",1
"Are there any specific safety considerations when monitoring battery systems, and how can these be addressed in the monitoring plan?","Yes, there are several safety considerations when monitoring battery systems, particularly for industrial-sized batteries. These safety considerations include:

1. Thermal Runaway: This is a situation where the battery's temperature increases rapidly, leading to a fire or explosion. This can occur due to a short circuit, overcharging, or manufacturing defects. To address this, the monitoring plan should include temperature monitoring of individual cells and the overall battery system. Additionally, the system should be designed with proper ventilation and cooling to prevent overheating.
2. Overcharging: Overcharging can cause the battery to overheat, leading to thermal runaway. The monitoring plan should include charge monitoring to ensure that the battery is not overcharged. This can be achieved through the use of charge controllers and monitoring the state of charge (SOC) of the battery.
3. Short Circuit: A short circuit can cause a rapid discharge of the battery, leading to a fire or explosion. The monitoring plan should include monitoring for short circuits by checking for abnormal current flow.
4. Degradation Mechanisms: Batteries can degrade over time due to various mechanisms such as corrosion, aging, and cell failure. The monitoring plan should include regular inspections and testing to detect any signs of degradation. This can include checking the voltage, capacity, and impedance of the battery cells.
5. Failure Modes: Batteries can fail due to various reasons such as manufacturing defects, damage during transportation, or improper installation. The monitoring plan should include regular inspections and testing to detect any signs of failure. This can include checking for any visible signs of damage, such as cracks or leaks, as well as testing the battery's performance.
6. Failure Reasons: Battery failures can be caused by various reasons such as manufacturing defects, damage during transportation, or improper installation. The monitoring plan should include regular inspections and testing to detect any signs of failure. This can include checking for any visible signs of damage, such as cracks or leaks, as well as testing the battery's performance.
7. Failure Codes: Battery failures can be classified using failure codes, such as open-circuit, short-circuit, or internal fault. The monitoring plan should include regular inspections and testing to detect",1
How can we design the anomaly detection model to adapt to the changing conditions of the battery system and learn from the new data?,"To design an anomaly detection model for an electric battery system that can adapt to changing conditions and learn from new data, we can use a combination of machine learning techniques and domain knowledge specific to battery systems. Here is a suggested approach:

1. Data Collection: The first step is to collect data from the battery system. This data can include voltage, current, temperature, and other relevant parameters. It is important to collect data from various operating conditions and scenarios to ensure that the model can learn from a wide range of behaviors.
2. Feature Engineering: Once the data is collected, the next step is to extract relevant features that can be used to train the anomaly detection model. These features can include statistical measures, such as mean, standard deviation, and skewness, as well as time-domain and frequency-domain features. It is important to consider the physical characteristics of the battery system when selecting features.
3. Model Selection: There are various machine learning algorithms that can be used for anomaly detection in battery systems. Some popular algorithms include autoencoders, long short-term memory (LSTM) networks, and isolation forests. It is important to select a model that can adapt to changing conditions and learn from new data.
4. Anomaly Detection: Once the model is trained, it can be used to detect anomalies in the battery system. The model can identify deviations from normal behavior and flag them as potential anomalies.
5. Adaptive Learning: To ensure that the model can adapt to changing conditions, it is important to implement an online learning approach. This means that the model can continuously learn from new data as it becomes available. This can be achieved by using techniques such as transfer learning and incremental learning.
6. Failure Mode Analysis: In addition to detecting anomalies, it is important to identify the root cause of the anomaly. This can be done by analyzing the failure mode, failure reason, failure code, and degradation mechanism. This information can be used to improve the battery system design and prevent similar failures in the future.
7. Preventive Maintenance: Finally, the anomaly detection model can be used to schedule preventive maintenance activities. By identifying potential failures before they occur, maintenance activities can be scheduled at optimal times to prevent unplanned downtime and reduce maintenance costs.

In summary, designing an anomaly detection model",1
Are there any specific data governance or management policies that need to be considered when building the anomaly detection model?,"Yes, when building an anomaly detection model for an electric battery's failure modes and effects analysis (FMEA), there are several data governance and management policies that should be considered to ensure the accuracy, reliability, and effectiveness of the model. These include:

1. Data Quality: The data used to build the model should be accurate, complete, and up-to-date. This includes data on the battery's components, subcomponents, failure modes, failure reasons, failure codes, and degradation mechanisms. Any errors or inconsistencies in the data can lead to incorrect or incomplete analysis, which can result in reduced battery reliability and availability.

2. Data Security: The data used to build the model should be kept secure and confidential. This includes implementing appropriate data access controls, encryption, and other security measures to prevent unauthorized access, use, or disclosure of the data.

3. Data Privacy: The data used to build the model should be collected, stored, and processed in compliance with applicable data privacy laws and regulations, such as the General Data Protection Regulation (GDPR) and the California Consumer Privacy Act (CCPA). This includes obtaining appropriate consents and providing appropriate notices to data subjects, as well as implementing appropriate data privacy policies and procedures.

4. Data Integration: The data used to build the model should be integrated from multiple sources, such as battery sensors, maintenance records, and other relevant data sources. This can help to ensure that the model has a comprehensive view of the battery's failure modes and effects, and can help to identify potential issues before they become critical.

5. Data Documentation: The data used to build the model should be well-documented, including information on the data sources, data quality, data security, data privacy, data integration, and data analysis methods. This can help to ensure that the model is transparent, understandable, and reproducible, and can help to support ongoing maintenance and improvement of the model.

6. Data Governance: A data governance framework should be established to ensure that the data used to build the model is managed in a consistent and effective manner. This includes establishing data ownership, data stewardship, data management roles and responsibilities, and data management policies and procedures.

7. Model Validation: The anomaly detection model should be validated using appropriate statistical techniques",1
"What are the best practices for preventing overcharging, short-circuits, and using substandard components to avoid thermal runaway?","
When it comes to preventing failures in an electric battery, there are several best practices that can be followed in order to avoid issues such as overcharging, short-circuits, and the use of substandard components, which can lead to thermal runaway. These best practices include:

1. **Proper charging procedures:** Overcharging can lead to thermal runaway, so it is important to follow the manufacturer's recommended charging procedures. This includes using a charger that is designed for the specific type of battery being used, and not exceeding the recommended charging voltage and current.

2. **Regular inspection and maintenance:** Regularly inspecting the battery and its components can help to identify any issues before they become major problems. This includes checking for signs of damage, such as cracks or bulges in the battery casing, and checking the connections for signs of corrosion or damage.

3. **Use of high-quality components:** Using substandard components, such as cheap or poorly made chargers, can increase the risk of failure. It is important to use components that meet or exceed the manufacturer's recommendations.

4. **Temperature management:** Thermal runaway can be caused by excessive heat, so it is important to manage the temperature of the battery. This can be done by using a cooling system, such as a fan or heat sink, and by ensuring that the battery is not exposed to direct sunlight or other sources of heat.

5. **Preventive Maintenance:** Preventive maintenance such as cleaning, lubrication and replacement of worn out parts can help to prevent failures. This includes regularly checking and replacing any worn or damaged components, such as cables, connectors, and fuses.

6. **Proper storage:** Batteries should be stored in a cool, dry place, away from direct sunlight and other sources of heat. They should also be stored in a manner that prevents them from being physically damaged.

7. **FMEA(Failure Mode and Effect Analysis) :** Performing FMEA on the battery and its components can help to identify potential failure modes and the effects of those failures. This information can then be used to develop a plan for preventing those failures from occurring.

8. **Proper installation:** Proper installation of the battery and its components is crucial to ensure that they function properly and safely.",1
"How is the performance of the anomaly detection model evaluated, and what metrics are used to assess its accuracy and reliability?","When evaluating the performance of an anomaly detection model for electric battery systems, there are several metrics that can be used to assess its accuracy and reliability. These metrics include:

1. **Precision**: Precision is the ratio of true positive predictions (correctly identified failures) to the total number of positive predictions (both true positives and false positives). A high precision indicates that the model is accurately identifying failures with few false alarms.
2. **Recall**: Recall is the ratio of true positive predictions to the total number of actual failures. A high recall indicates that the model is identifying a large proportion of actual failures.
3. **F1 score**: The F1 score is the harmonic mean of precision and recall, and provides a single metric that balances both measures. A high F1 score indicates that the model has both high precision and high recall.
4. **Specificity**: Specificity is the ratio of true negative predictions (correctly identified non-failures) to the total number of negative predictions (both true negatives and false negatives). A high specificity indicates that the model is accurately identifying non-failures.
5. **Accuracy**: Accuracy is the ratio of correct predictions (both true positives and true negatives) to the total number of predictions. A high accuracy indicates that the model is making correct predictions overall.
6. **Area under the Receiver Operating Characteristic Curve (AUROC)**: The AUROC is a measure of the model's ability to distinguish between failures and non-failures. A high AUROC indicates that the model is making accurate distinctions.
7. **Root Mean Square Error (RMSE)**: RMSE is a measure of the difference between the predicted and actual values. A low RMSE indicates that the model's predictions are close to the actual values.

To evaluate the performance of the anomaly detection model, it is important to use a diverse and representative dataset that includes a range of failure modes, severity levels, and operating conditions. The model should be trained and tested on this dataset, and the performance metrics should be calculated based on the test results.

Additionally, it is important to consider the business and operational requirements for the anomaly detection system. For example, a high precision may be more important than a high recall if false posit",1
How can cybersecurity measures be integrated into the anomaly detection model to protect against unauthorized access or tampering?,"
When performing failure modes and effects analysis (FMEA) for an electric battery, it is indeed important to consider both physical and cybersecurity aspects to ensure the reliability and safety of the asset. Here's how cybersecurity measures can be integrated into the anomaly detection model to protect against unauthorized access or tampering:

1. **Asset Identification and Threat Modeling**: The first step is to identify the electric battery's components, subcomponents, and their corresponding failure modes, reasons, and mechanisms. Once this is done, it is essential to model the potential cybersecurity threats to the battery system, including unauthorized access, data breaches, and tampering.

2. **Vulnerability Assessment**: After threat modeling, the next step is to conduct a vulnerability assessment of the electric battery system. This involves identifying potential weaknesses and vulnerabilities in the system that could be exploited by an attacker. This could include weak passwords, unpatched software, or insufficient access controls.

3. **Intrusion Detection Systems (IDS)**: To detect any unauthorized access or tampering, IDS can be implemented in the electric battery system. These systems monitor network traffic and identify any suspicious or malicious activity. Anomaly-based IDS can be used to detect any unusual behavior or patterns in the system that could indicate a cyber attack.

4. **Access Controls**: Implementing robust access controls can help prevent unauthorized access to the electric battery system. This includes using strong passwords, two-factor authentication, and limiting access to authorized personnel only.

5. **Security Information and Event Management (SIEM)**: SIEM systems can be used to collect and analyze security-related data from various sources, including the electric battery system. This can help identify any potential security threats or vulnerabilities and enable quick response to any security incidents.

6. **Encryption**: Encrypting data transmitted to and from the electric battery system can help protect against eavesdropping and data breaches. This includes using secure communication protocols such as HTTPS or SSH.

7. **Regular Updates and Patching**: Regularly updating and patching the electric battery system can help prevent any potential vulnerabilities from being exploited. This includes updating software, firmware, and hardware components.

8.",1
"What are the key challenges in developing a tailored anomaly detection model for specific battery types, ages, and usage patterns?","Developing a tailored anomaly detection model for specific battery types, ages, and usage patterns can be challenging due to the following reasons:

1. Complexity of Battery Chemistry: Batteries can have different chemistries, such as lithium-ion, nickel-cadmium, or lead-acid, and each chemistry has its own unique failure modes and degradation mechanisms. A tailored anomaly detection model must take into account the specific chemistry of the battery to accurately identify potential failures.

2. Battery Aging: Batteries degrade over time due to various factors, such as temperature, discharge rate, and charge/discharge cycles. The rate of degradation can vary depending on the battery type and usage pattern. An accurate anomaly detection model must be able to distinguish between normal aging and anomalous behavior.

3. Usage Patterns: Batteries used in different applications can have vastly different usage patterns. For example, a battery used in a hybrid vehicle will have a different usage pattern compared to a battery used in a stationary energy storage system. Anomaly detection models must be able to adapt to different usage patterns to accurately detect potential failures.

4. Data Availability: Anomaly detection models rely on historical data to identify patterns and anomalies. However, in some cases, data may not be available for certain battery types, ages, or usage patterns. In these cases, it may be necessary to use data from similar battery types or applications to develop an accurate anomaly detection model.

5. Degradation Mechanisms: Batteries can fail due to various degradation mechanisms, such as capacity fade, increased internal resistance, or thermal runaway. An accurate anomaly detection model must be able to identify the specific degradation mechanism and its severity to enable effective preventive maintenance.

6. Ability to Detect Anomalies: Anomaly detection models must be able to detect anomalies before they lead to catastrophic failures. This requires a deep understanding of the battery's behavior and the ability to distinguish between normal and abnormal behavior.

7. False Positives and False Negatives: Anomaly detection models must be able to minimize false positives and false negatives. False positives can lead to unnecessary maintenance, while false negatives can lead to",1
"What are the most relevant features for predicting battery failures, and how can we extract and process them from the sensor data?","When it comes to predicting battery failures, there are several relevant features that can be extracted and processed from sensor data. These features can be categorized into several groups, including:

1. **Battery Parameters:** These include parameters such as voltage, current, temperature, and state of charge (SoC). These parameters can be used to detect anomalies in the battery's behavior, such as voltage sag, high temperature, or abnormal discharge rates. Sensor data can be processed to extract these parameters using techniques such as signal processing, feature engineering, and machine learning algorithms.
2. **Battery Degradation Mechanisms:** These include mechanisms such as capacity fade, increased internal resistance, and loss of insulation resistance. These mechanisms can be detected by analyzing changes in the battery's performance over time, such as a gradual decrease in capacity or an increase in internal resistance. Sensor data can be processed to extract these features using techniques such as trend analysis, regression modeling, and machine learning algorithms.
3. **Failure Modes:** These include failure modes such as short-circuit, open-circuit, and thermal runaway. These failure modes can be detected by analyzing sensor data for abnormal behavior, such as rapid temperature increases, voltage spikes, or sudden drops in capacity. Sensor data can be processed to extract these features using techniques such as anomaly detection, pattern recognition, and machine learning algorithms.
4. **Failure Reasons:** These include reasons such as manufacturing defects, abuse, or component failure. These reasons can be inferred by analyzing sensor data in conjunction with other information, such as maintenance records, operating conditions, and environmental factors. Sensor data can be processed to extract these features using techniques such as data fusion, machine learning algorithms, and statistical analysis.

To extract and process these features from sensor data, several techniques can be used, including:

1. **Signal Processing:** This involves filtering and transforming the raw sensor data to extract meaningful features, such as voltage, current, and temperature. Signal processing techniques can include Fourier transforms, wavelet transforms, and Kalman filters.
2. **Feature Engineering:** This involves creating new features from the extracted sensor data, such as calculating the rate of change of voltage or current, or estimating the state of charge. Feature engineering techniques can include statistical methods, machine learning",1
Can you explain the relationship between the degradation of electrolyte and the overall performance of electric battery systems?,"
Certainly! The electrolyte is a crucial component of an electric battery, as it enables the flow of ions between the anode and cathode, allowing the battery to charge and discharge. The degradation of the electrolyte can significantly impact the overall performance of an electric battery system.

Failure Mode: The failure mode associated with electrolyte degradation is a decrease in battery capacity and efficiency, as well as an increase in internal resistance. This can ultimately lead to a reduction in the battery's ability to store and deliver energy.

Failure Reason: The primary reason for electrolyte degradation is the breakdown of the electrolyte material due to chemical reactions, such as hydrolysis, and thermal degradation. These reactions can be exacerbated by high temperatures, high voltage, and high current densities. Additionally, the presence of impurities, such as water or metal ions, can also contribute to electrolyte degradation.

Failure Code: The failure code associated with electrolyte degradation is typically related to the specific chemical reactions or physical changes that occur within the electrolyte. For example, the formation of a solid-electrolyte interphase (SEI) layer on the anode surface can be a sign of electrolyte degradation.

Degradation Mechanism: The degradation mechanism associated with electrolyte degradation is typically related to the chemical reactions and physical changes that occur within the electrolyte. These can include the formation of gas bubbles, the precipitation of salts, and the degradation of the electrolyte solvent. These processes can lead to the formation of a resistive layer within the electrolyte, which can reduce the battery's capacity and increase its internal resistance.

Severity: The severity of electrolyte degradation can vary depending on the specific application and operating conditions of the battery. However, in general, electrolyte degradation can have a significant impact on the battery's performance, leading to a reduction in its energy storage capacity and a decrease in its efficiency.

Ability to Detect: The ability to detect electrolyte degradation can be challenging, as it often requires specialized equipment and techniques. However, there are several methods that can be used to monitor the health of the electroly",1
"What are the potential consequences of not complying with the NFPA, IEC, UL, CE, ROHS, GDPR, and CCPA regulations and standards?","
As a reliability engineer, I would like to note that while I can provide general information about the potential consequences of not complying with various regulations and standards related to electric battery systems, it is important to consult with a compliance expert or legal counsel to fully understand the specific requirements and potential consequences for a given situation.

That being said, non-compliance with regulations and standards for electric battery systems can lead to various negative consequences, such as:

1. Safety risks: Non-compliance with safety regulations and standards can result in increased risks of accidents, injuries, and even fatalities. This can lead to legal liabilities, reputational damage, and loss of trust from customers and stakeholders.
2. Quality issues: Non-compliance with quality regulations and standards can result in suboptimal performance, reduced lifespan, and increased maintenance requirements for electric battery systems. This can lead to customer dissatisfaction, warranty claims, and loss of business.
3. Environmental impact: Non-compliance with environmental regulations and standards can result in negative impacts on the environment, such as pollution, resource depletion, and climate change. This can lead to legal penalties, fines, and reputational damage.
4. Data privacy and security: Non-compliance with data privacy and security regulations and standards can result in unauthorized access, theft, or misuse of sensitive information. This can lead to legal penalties, fines, and reputational damage.
5. Legal and financial risks: Non-compliance with regulations and standards can result in legal actions, fines, and lawsuits. This can lead to significant financial losses, reputational damage, and loss of business.

In summary, non-compliance with regulations and standards related to electric battery systems can result in various negative consequences, such as safety risks, quality issues, environmental impact, data privacy and security risks, and legal and financial risks. It is important to consult with a compliance expert or legal counsel to fully understand the specific requirements and potential consequences for a given situation.",1
How will the anomaly detection model be integrated with the existing Battery Management System (BMS) and other monitoring tools?,"To integrate an anomaly detection model for battery failure modes and effect analysis (FMEA) with an existing Battery Management System (BMS) and other monitoring tools for an industrial electric battery asset class, I would recommend the following approach:

1. Data Collection: The first step would be to collect data from the BMS and other monitoring tools to understand the various parameters that are currently being monitored, such as voltage, current, temperature, and state of charge. Additionally, any historical data related to battery failures or anomalies should be gathered.
2. Feature Engineering: Based on the data collected, relevant features would need to be engineered to train the anomaly detection model. These features could include voltage imbalance, temperature gradients, and changes in state of charge over time.
3. Model Development: A machine learning model would be developed to detect anomalies in the battery data. The model could be based on techniques such as unsupervised learning, supervised learning, or deep learning. The model would be trained on a dataset that includes both normal and abnormal battery behavior.
4. Model Integration: The anomaly detection model would be integrated with the existing BMS and monitoring tools through an application programming interface (API). The API would allow the BMS and monitoring tools to send data to the anomaly detection model and receive alerts when an anomaly is detected.
5. Alert Generation: The anomaly detection model would generate alerts based on the severity and detectability of the failure modes. These alerts would be sent to the BMS and monitoring tools, which would then notify the relevant maintenance personnel.
6. Preventive Maintenance: Based on the alerts generated by the anomaly detection model, preventive maintenance actions could be taken to prevent battery failures. These actions could include adjusting the charging/discharging profile, balancing the voltage, or replacing the battery.

The above approach would help in early detection of battery failures, reducing downtime, and increasing the overall reliability of the industrial electric battery asset class.",1
Are there any specific regulatory or safety requirements that need to be considered when designing the anomaly detection model?,"Yes, when designing an anomaly detection model for an electric battery in an industrial asset class, there are several regulatory and safety requirements that must be taken into consideration. These can vary depending on the specific industry and application, but some general considerations include:

1. Compliance with industry standards: The battery system should comply with relevant industry standards, such as IEC 61000-6-1 and IEC 61000-6-3 for immunity to electromagnetic interference (EMI) and telecommunications Port Entry Ports (telephony, RFID, etc.) respectively.
2. Safety certification: The battery system should be certified to relevant safety standards, such as UL 1642 for stationary batteries and UL 1973 for large format lithium ion batteries.
3. Thermal runaway: Thermal runaway is a major safety concern for electric batteries, as it can lead to fire or explosion. The anomaly detection model should be able to detect early signs of thermal runaway, such as an increase in temperature or voltage, and trigger an alert for preventive maintenance.
4. Overcharging and over-discharging: Overcharging and over-discharging can damage the battery and reduce its lifespan. The anomaly detection model should be able to detect these conditions and trigger an alert for corrective action.
5. Cell imbalance: Imbalance between cells in a battery can lead to premature failure. The anomaly detection model should be able to detect cell imbalance and trigger an alert for corrective action.
6. Environmental factors: The battery system should be able to operate within a specified temperature range and be protected from environmental factors such as moisture, dust, and vibration.
7. Cycle life: The battery system should be designed to meet the required cycle life, which is the number of charge and discharge cycles the battery can perform before its capacity drops below a certain level.
8. Degradation Mechanisms: The anomaly detection model should be able to detect the degradation mechanisms such as corrosion, cracking, swelling, and internal short circuits.
9. Maintenance: The anomaly detection model should be able to detect the need for maintenance, such as cleaning, replacement of components, or software updates.
10.",1
Are there any specific industry guidelines or standards for monitoring battery systems that data scientists should be aware of?,"Yes, there are several industry guidelines and standards for monitoring battery systems that data scientists should be aware of when performing failure modes and effect analysis (FMEA) for electric battery systems. Some of the most widely recognized standards and guidelines include:

1. ISO 12405: Road Vehicles - Electric and Hybrid Electric Vehicles - Reliability Testing - This standard outlines the requirements for reliability testing of battery systems used in road vehicles. It includes guidelines for designing and conducting tests to identify potential failure modes and assess their impact on system performance.
2. IEC 62619: Secondary lithium-ion cells for the propulsion of electric road vehicles - Safety - This standard provides safety requirements and test methods for lithium-ion battery systems used in electric road vehicles. It includes guidelines for the identification and assessment of failure modes and their effects on system safety.
3. SAE J2464: Electric and Hybrid Vehicle Power System Development and Test - This standard provides guidelines for the development and testing of battery systems used in electric and hybrid vehicles. It includes failure mode and effects analysis (FMEA) guidelines and a recommended practice for battery system design.
4. USABC Battery Test Manual - The United States Advanced Battery Consortium (USABC) has developed a battery test manual that provides standardized test methods and procedures for evaluating the performance, life, and safety of battery systems. The manual includes guidelines for FMEA and failure mode identification.
5. NFPA 855: Standard for the Installation of Stationary Energy Storage Systems - This standard provides guidelines for the installation of stationary energy storage systems, including battery systems. It includes requirements for safety, maintenance, and testing, as well as guidelines for identifying and mitigating failure modes.

By following these industry guidelines and standards, data scientists can ensure that their FMEA of battery systems is accurate, comprehensive, and aligned with industry best practices.",1
What are the most important factors to consider when analyzing sensor data for failure prevention in electric battery systems?,"
When analyzing sensor data for failure prevention in electric battery systems, the following factors are the most important to consider:

1. Voltage and Current Levels: Monitoring the voltage and current levels of individual cells and the overall battery system is crucial for identifying potential failures. Abnormal voltage or current levels can indicate issues such as internal short circuits, corrosion, or degradation of the battery cells.

2. Temperature Monitoring: Temperature plays a significant role in battery performance and lifespan. Monitoring the temperature of individual cells and the battery pack as a whole can help identify potential failures due to overheating or overcharging.

3. State of Charge (SoC) and State of Health (SoH): Accurate tracking of the battery's state of charge and state of health is essential for predicting and preventing failures. SoC refers to the current available capacity relative to the total capacity, while SoH indicates the overall health of the battery, taking into account factors such as degradation and wear.

4. Impedance Measurements: Impedance is a measure of the battery's internal resistance. Changes in impedance can indicate issues such as aging, degradation, or damage to the battery cells.

5. Data Trending and Analytics: Analyzing historical sensor data can help identify patterns and trends that may indicate potential failures. Machine learning algorithms and predictive analytics can be used to identify early warning signs of battery degradation or failure.

6. Communication Protocols: Ensuring reliable communication between sensors and the battery management system (BMS) is essential for timely failure detection and prevention. Robust communication protocols and redundancy measures can help prevent data loss and ensure reliable monitoring.

7. Failure Mode Analysis: Understanding the common failure modes of battery systems, such as thermal runaway, internal short circuits, or degradation, can help guide sensor selection and data analysis.

8. Preventive Maintenance: Implementing preventive maintenance strategies, such as regular inspections, cleaning, and maintenance of the battery management system, can help prevent failures and extend the lifespan of the battery system.

9. Redundancy and Fault Tolerance: Designing the battery system with redundancy and fault tolerance in mind can",1
"What are the typical temperature ranges for the battery components, and how do they vary under different operating conditions?","For the electric battery asset class, the typical temperature ranges for battery components are as follows:

1. Cell temperature:
- Charging: 0°C to 45°C (recommended: 20°C to 35°C)
- Discharging: -20°C to 60°C (recommended: 20°C to 35°C)
- Storage: -20°C to 45°C (recommended: 15°C to 25°C)

The cell temperature can vary based on the battery chemistry, design, and application. For example:

- Lithium-ion (Li-ion) batteries typically have a recommended operating temperature range of 15°C to 35°C.
- Nickel-Metal Hydride (NiMH) batteries have a recommended operating temperature range of 0°C to 45°C.
- Lead-acid batteries have a recommended operating temperature range of -20°C to 50°C.

2. Battery management system (BMS) temperature:
- The BMS typically operates at a slightly higher temperature than the cells, around 40°C to 60°C.

3. Ambient temperature:
- The temperature of the surrounding environment can also impact battery performance and should be monitored.

Failure modes and effects analysis (FMEA) for an electric battery may include the following:

Component: Battery cell
Failure mode: Cell temperature exceeds recommended range
Failure reason: Overcharging, overdischarging, or high ambient temperature
Failure code: OT (over temperature)
Degradation mechanism: Thermal runaway
Severity: High (can lead to fire or explosion)
Ability to detect: High (temperature sensors, thermal protection)

Component: Battery management system (BMS)
Failure mode: BMS failure
Failure reason: Electronic component failure, software error
Failure code: EF (electronic failure)
Degradation mechanism: Aging, wear and tear
Severity: Medium (can lead to reduced battery performance or safety risks)
Ability to detect: High (di",1
Can you explain more about the specific failure modes of Lithium-ion batteries and how they can be detected using sensor data?,"Sure, I'd be happy to help! As a reliability engineer with expertise in failure modes and effects analysis (FMEA) of asset reliability, I can provide information on the failure modes of Lithium-ion batteries, including the causes, failure codes, degradation mechanisms, and methods for detecting these failures before they occur through preventive maintenance.

Lithium-ion batteries are commonly used in a variety of industrial applications, including electric vehicles, renewable energy systems, and grid-scale energy storage. However, they are subject to a number of failure modes that can impact their performance and reliability. Some common failure modes of Lithium-ion batteries include:

1. **Electrolyte degradation:** Over time, the electrolyte in Lithium-ion batteries can degrade due to a variety of factors, including temperature, humidity, and the presence of impurities. This can lead to a decrease in battery capacity and an increase in internal resistance.
2. **Anode/cathode degradation:** The anode and cathode materials in Lithium-ion batteries can also degrade over time, leading to a decrease in battery capacity and an increase in internal resistance. This can be caused by a variety of factors, including high temperatures, high charging currents, and the presence of impurities.
3. **Separators failure:** The separators in Lithium-ion batteries are responsible for preventing the anode and cathode from coming into contact with each other. If the separators fail, this can lead to a short circuit and a catastrophic failure of the battery.
4. **Thermal runaway:** Lithium-ion batteries can be susceptible to thermal runaway, which is a self-reinforcing increase in temperature that can lead to a fire or explosion. This can be caused by a variety of factors, including overcharging, short-circuits, and the presence of impurities.

To detect these failure modes before they occur, it is important to monitor sensor data from the Lithium-ion batteries. This can include data on temperature, voltage, current, and resistance. For example, an increase in temperature or resistance can be an indication of electrolyte or anode/cathode degradation. A decrease in voltage or capacity",1
"How does the monitoring of voltage, current, and resistance help in assessing the state of charge and health of the battery?","
As a reliability engineer with expertise in failure modes and effect analysis (FMEA), I will explain how monitoring voltage, current, and resistance can help assess the state of charge (SOC) and health of a battery.

1. Voltage:
Failure mode: Voltage sag or rise
Failure reason: Internal resistance increase, loose connections, or degradation of battery cells
Failure code: Vxx, where xx is the specific voltage range
Degradation mechanism: Electrolyte dry-out, corrosion, or internal short circuit
Severity: High, as it can lead to a complete battery failure
Ability to detect: Voltage can be easily monitored using a multimeter or battery monitoring system. Regular monitoring can help detect voltage sag or rise, indicating potential issues with the battery.

2. Current:
Failure mode: Excessive current draw or low current output
Failure reason: Internal resistance increase, degradation of battery cells, or loose connections
Failure code: Ixx, where xx is the specific current range
Degradation mechanism: Electrolyte dry-out, corrosion, or internal short circuit
Severity: High, as it can lead to a complete battery failure or safety hazards
Ability to detect: Current can be monitored using a clamp meter or a battery monitoring system. Regular monitoring can help detect abnormal current draw or output, indicating potential issues with the battery.

3. Resistance:
Failure mode: Increased internal resistance
Failure reason: Degradation of battery cells, corrosion, or aging
Failure code: Rxx, where xx is the specific resistance range
Degradation mechanism: Electrolyte dry-out, corrosion, or internal short circuit
Severity: Medium, as it can lead to reduced battery performance and lifespan
Ability to detect: Resistance can be measured using a multimeter or battery monitoring system. Regular monitoring can help detect increased internal resistance, indicating potential issues with the battery.

By monitoring voltage, current, and resistance, it is possible to detect potential issues with the battery early on and take preventive maintenance measures to avoid failures. Regular monitoring can help assess the state of charge and health of the battery, ensuring optimal performance and longevity.",1
"Can you elaborate on the common failure modes in electric battery systems, and what are the typical causes of these issues?","Sure, I'd be happy to help. As a reliability engineer with expertise in failure modes and effects analysis (FMEA) of electric battery systems, here are some common failure modes and their typical causes:

1. **Battery Capacity Degradation:** This is one of the most common failure modes in electric battery systems. The capacity of the battery decreases over time, leading to reduced range or runtime. The typical causes of this issue include:
* **Electrochemical degradation:** This occurs due to the natural aging process of the battery, which results in the formation of a solid electrolyte interface (SEI) layer on the anode. Over time, the SEI layer thickens, reducing the battery's capacity.
* **Temperature:** High temperatures can accelerate the degradation of the battery, reducing its capacity. Similarly, low temperatures can also affect the battery's performance, leading to a decrease in its capacity.
* **Current density:** High current densities can lead to a decrease in the battery's capacity due to the increased stress on the electrodes.
2. **Battery Cell Failure:** This is another common failure mode in electric battery systems. The battery cell can fail due to various reasons, including:
* **Short circuit:** A short circuit can occur due to the failure of the separator, which is designed to prevent the anode and cathode from coming into contact. This can result in a rapid discharge of the battery, leading to a fire or explosion.
* **Thermal runaway:** Thermal runaway can occur due to an increase in the temperature of the battery, leading to a chain reaction that can result in a fire or explosion.
* **Manufacturing defects:** Manufacturing defects, such as contamination of the electrodes, can lead to a decrease in the battery's performance and a higher risk of failure.
3. **Battery Management System (BMS) Failure:** The BMS is responsible for managing the charging and discharging of the battery. A failure in the BMS can result in:
* **Overcharging:** Overcharging can lead to a decrease in the battery's capacity and an increase in the risk of thermal runaway.
* **Undercharging:** Undercharging can result in a decrease in the battery's capacity",1
What are the best strategies for monitoring and maintaining battery health in electric vehicles and energy storage systems?,"When it comes to monitoring and maintaining battery health in electric vehicles (EVs) and energy storage systems (ESS), there are several strategies that can be employed to ensure optimal performance and longevity. These strategies include:

1. **Monitoring Battery Parameters:** Regularly monitoring key battery parameters such as voltage, current, temperature, and state of charge (SoC) can help to identify any abnormalities that may indicate a potential failure mode. This can be done using battery management systems (BMS) that are specifically designed to monitor and control battery behavior.
2. **Preventive Maintenance:** Preventive maintenance measures such as regular inspections, cleaning, and servicing can help to prevent battery failures before they occur. This includes checking for any signs of damage, corrosion, or leakage, as well as ensuring that the battery is properly charged and discharged to prevent excessive wear and tear.
3. **Condition-Based Monitoring:** Condition-based monitoring techniques such as impedance spectroscopy, electrochemical impedance spectroscopy (EIS), and other non-destructive testing methods can be used to detect any changes in battery behavior that may indicate a potential failure mode. These techniques can help to identify degradation mechanisms such as capacity fade, increased resistance, and other forms of performance degradation.
4. **Failure Mode and Effect Analysis (FMEA):** FMEA can be used to identify potential failure modes and their impact on battery performance and safety. This involves identifying the component, subcomponent, failure mode, failure reason, failure code, and degradation mechanism, as well as the severity and ability to detect the failure before it happens.
5. **Root Cause Analysis (RCA):** RCA can be used to identify the underlying causes of battery failures and to develop corrective actions to prevent similar failures from occurring in the future. This involves identifying the specific factors that contribute to battery failure, such as manufacturing defects, operating conditions, or maintenance practices.
6. **Battery Management Systems (BMS):** A BMS is an electronic system that manages a rechargeable battery (a battery or a battery pack) to protect it from conditions that would reduce its lifespan or cause a failure. The BMS monitors and controls the battery's temperature, voltage, current, and state of charge",1
Can you provide any case studies or examples of predictive maintenance strategies for batteries in real-world applications?,"Sure, I can provide an example of predictive maintenance strategies for batteries in the context of electric vehicles (EVs), as they are one of the most common applications for industrial-scale battery systems.

One common failure mode for batteries in EVs is degradation of capacity over time, which can be caused by a variety of factors including temperature, charging/discharging patterns, and age. To address this failure mode, a predictive maintenance strategy might involve monitoring the battery's capacity over time and using that data to predict when the battery will no longer be able to hold enough charge to meet the vehicle's needs. This can be done through techniques such as:

* Charge and discharge cycling testing: This involves repeatedly charging and discharging the battery to measure its capacity and efficiency. This can be done in a laboratory setting or in real-world driving conditions.
* Battery management system (BMS) data analysis: Many EVs have a BMS that monitors the battery's temperature, voltage, and current in real-time. By analyzing this data, it is possible to identify trends that may indicate degradation of the battery's capacity.
* Degradation modeling: By using data from charge/discharge cycling tests and BMS data, it is possible to create models that predict the battery's capacity as a function of its age, temperature, and charging/discharging patterns.

Once the battery's capacity has degraded to a certain point, it can be replaced before it fails completely. This is an example of a predictive maintenance strategy, as it allows for the failure to be detected and addressed before it occurs.

Another failure mode for batteries in EVs is thermal runaway, which can be caused by overcharging, short-circuiting, or other abnormal operating conditions. This can lead to a fire or explosion, so it is critical to detect and address this failure mode as soon as possible. To do this, a predictive maintenance strategy might involve monitoring the battery's temperature and voltage in real-time, and setting up alarms or automatic shutdown procedures if the temperature or voltage exceeds certain thresholds.

It is important to note that the specific predictive maintenance strategies for batteries will depend on the asset class, the specific application, and the operating conditions. The above example is just one of many possible",1
How often should the sensor measurements be monitored to ensure the battery is operating within the recommended thresholds?,"
To ensure the reliable and safe operation of an electric battery, it is important to monitor sensor measurements at a frequency that allows for timely detection and prevention of potential failures. The specific monitoring interval will depend on several factors, including the type of battery, its size, criticality, application, and operating conditions.

For critical applications, such as in electric vehicles, stationary energy storage systems, or medical devices, it is recommended to continuously monitor sensor measurements in real-time using advanced monitoring and diagnostic techniques. This allows for early detection of anomalies, degradation, and potential failures, enabling predictive and preventive maintenance strategies.

For less critical applications, monitoring intervals can be less frequent, but still should be done at regular intervals. For example, for industrial battery systems used in backup power applications, it is recommended to monitor sensor measurements at least once a day, or more frequently during periods of high usage or extreme operating conditions.

Regardless of the monitoring frequency, it is important to establish clear guidelines and procedures for monitoring, analyzing, and interpreting sensor measurements, and to ensure that personnel are properly trained in these procedures. This will help ensure that potential failures are detected and addressed before they can lead to significant degradation or catastrophic failure.",1
Can you provide more details on the specific operational conditions that can contribute to battery failure and degradation?,"Sure, I'd be happy to provide some information about electric battery failure modes, effects, and causes, as well as degradation mechanisms, failure codes, and methods for detecting potential failures.

Operational conditions that can contribute to battery failure and degradation include:

1. High or low temperatures: Both high and low temperatures can negatively impact battery performance and lifespan. Extreme temperatures can cause the electrolyte in the battery to degrade, leading to a loss of capacity and reduced cycle life.
2. High charging currents: Rapid charging or high charging currents can cause the battery to heat up, which can lead to thermal runaway and ultimately battery failure.
3. Deep discharge: Allowing a battery to fully discharge on a regular basis can lead to capacity fade and reduced lifespan.
4. High cycling: Batteries that are subjected to high cycling (i.e., frequent charging and discharging) can experience capacity fade and reduced lifespan.
5. High load: Batteries that are subjected to high loads can experience increased internal resistance, which can lead to a loss of capacity and reduced lifespan.

Failure modes and effects:

1. Capacity fade: This is a gradual decrease in the battery's ability to store and deliver energy. It can be caused by a variety of factors, including high cycling, high load, and high temperatures.
2. Increased internal resistance: This can occur as a result of degradation of the battery's internal components, such as the separator or the electrode material. Increased internal resistance can lead to a loss of capacity and reduced efficiency.
3. Thermal runaway: This is a dangerous condition in which the battery's temperature continues to rise uncontrollably, leading to a fire or explosion. It can be caused by high charging currents, high temperatures, or internal short circuits.
4. Mechanical failure: This can include cracking or swelling of the battery casing, or failure of the internal components. Mechanical failure can be caused by overcharging, overdischarging, or physical damage.

Failure reasons and codes:

1. Failure due to manufacturing defects: This can include issues with the battery's internal components, such as the separator or the",1
What are the challenges in building an effective anomaly detection model for battery systems and how can they be addressed?,"When building an effective anomaly detection model for battery systems, there are several challenges that need to be addressed:

1. Complexity of Battery Systems: Battery systems are complex and consist of various components such as cells, battery management systems (BMS), thermal management systems, and mechanical components. Each of these components can fail in different ways, and the failure of one component can affect the performance and safety of other components. Therefore, an effective anomaly detection model should be able to monitor and analyze the behavior of each component and the system as a whole.
2. Variability in Battery Performance: Battery performance can vary significantly due to factors such as temperature, state of charge (SOC), state of health (SOH), and cycling conditions. This variability can make it challenging to detect anomalies and identify the root cause of the problem. To address this challenge, the anomaly detection model should be able to take into account the variability in battery performance and use advanced techniques such as machine learning algorithms to identify patterns and anomalies.
3. Limited Data: Battery systems can generate a large amount of data, but this data is often not sufficient to train machine learning models. In addition, the data can be noisy and contain missing values, which can affect the accuracy of the anomaly detection model. To address this challenge, the model should be able to handle missing data and use techniques such as data imputation and data augmentation to increase the size and quality of the training data.
4. Lack of Standard Failure Modes: Battery systems can fail in many different ways, and there is no standard set of failure modes that can be used to identify and diagnose battery failures. To address this challenge, the anomaly detection model should be able to identify and classify a wide range of failure modes, including cell failures, BMS failures, and thermal management failures.
5. Need for Real-Time Monitoring: Battery systems require real-time monitoring to detect anomalies and prevent catastrophic failures. Therefore, the anomaly detection model should be able to process and analyze data in real-time, and provide alerts and notifications to operators when anomalies are detected.

To address these challenges, an effective anomaly detection model for battery systems should have the following features:

1. Multi-sensor Data Fusion: The model should be able to f",1
"Are there any specific vibrations, shocks, or mechanical stresses that have a significant impact on battery system failure?","
An electric battery system can be affected by various failure modes, including those caused by vibrations, shocks, and mechanical stresses. However, compared to other industrial assets, electric batteries are generally more susceptible to electrical and thermal stresses. Here's a list of possible failure modes, causes, degradation mechanisms, failure codes, and detection methods for an electric battery system:

1. Failure mode: Capacity degradation
Failure reason:
a. High charge/discharge rates
b. High or low operating temperature
c. High self-discharge rate
d. Incorrect charge/discharge voltage
e. Inconsistent state-of-charge (SoC) cycling
Degradation mechanism:
a. Active material degradation
b. Electrolyte decomposition
c. Separator degradation
d. Lithium plating
Failure code: BAT-CAP-xx
Severity: High (affects overall battery life)
Ability to detect: High (monitored through capacity measurements)

2. Failure mode: Internal short circuit
Failure reason:
a. Manufacturing defects
b. Mechanical stress (e.g., bending, twisting, or impact)
c. Intrusion of foreign particles
d. Overcharging or overdischarging
Degradation mechanism:
a. Growth of dendrites or filaments
b. Separator damage
c. Electrolyte decomposition
Failure code: BAT-INT-SC-xx
Severity: Very high (can lead to thermal runaway)
Ability to detect: Moderate (monitored through increased resistance or temperature)

3. Failure mode: Thermal runaway
Failure reason:
a. Overcharging
b. Overdischarging
c. External short circuit
d. Excessive temperature
Degradation mechanism:
a. Electrolyte decomposition
b. Separator degradation
c. Lithium plating
d. Exothermic reactions
Failure code: BAT-TR-xx
Severity: Very high (can cause fire or explosion)
Ability to detect: Moderate (monitored through temperature and voltage measurements)

4. Failure",1
What is the significance of measuring efficiency in electric battery systems and what are the common factors affecting it?,"
Efficiency is a critical parameter to measure in electric battery systems as it directly impacts the performance, life span, and overall cost-effectiveness of the system. The efficiency of a battery system refers to the ratio of energy output (or useful work done) to energy input (or charge consumed) during a specific period. A high battery efficiency indicates that a larger portion of the input energy is being used for useful work, while a low efficiency suggests that a significant amount of energy is being wasted as heat or other forms of energy.

There are several common factors that can affect the efficiency of electric battery systems:

1. Depth of discharge (DOD): The depth of discharge refers to the percentage of the battery's total capacity that has been used. Batteries with a high DOD tend to have lower efficiency due to the increased stress on the battery cells.
2. Charge/discharge rate: The rate at which a battery is charged or discharged can also impact its efficiency. Higher charge/discharge rates can lead to increased heat generation and energy loss, reducing the overall efficiency of the system.
3. Temperature: Temperature can have a significant impact on battery efficiency. High temperatures can increase the rate of chemical reactions within the battery, leading to increased energy consumption and reduced efficiency. Conversely, low temperatures can reduce the efficiency of the battery by slowing down the chemical reactions.
4. Aging: Over time, the efficiency of a battery system can degrade due to aging effects such as corrosion, degradation of the electrolyte, and loss of active material.
5. Cell balancing: In a battery system with multiple cells, it is important to ensure that each cell is charged and discharged evenly. If one cell is overcharged or overdischarged, it can lead to reduced efficiency and decreased battery life.
6. Maintenance: Proper maintenance of the battery system, such as regular cleaning and inspections, can help to maintain efficiency and prevent premature failure.

To ensure high efficiency in electric battery systems, it is important to consider these factors during the design, operation, and maintenance of the system. Regular monitoring of battery efficiency can help to identify any issues early on and prevent premature failure.

Regarding the failure modes and effect analysis (FMEA) of electric battery systems,",1
"What are the specific sensor technologies used in Battery Management Systems to monitor voltage, current, and temperature?","As a reliability engineer, I will provide information about the components, sub-components, failure modes, failure reasons, failure codes, degradation mechanisms, and the ability to detect failures in battery management systems (BMS), specifically for electric batteries.
Voltage, current, and temperature sensors are crucial components of a BMS. The following are some of the sensor technologies used in Battery Management Systems to monitor voltage, current, and temperature:
1. Voltage Sensors: These sensors are used to measure the voltage of each cell in the battery pack. The sensors used for this purpose are typically based on resistive voltage dividers or Hall effect voltage sensors.
2. Current Sensors: These sensors are used to measure the current flowing in and out of the battery pack. The sensors used for this purpose are typically based on Hall effect current sensors or current transformers.
3. Temperature Sensors: These sensors are used to measure the temperature of each cell and the battery pack. The sensors used for this purpose are typically based on thermocouples, resistance temperature detectors (RTDs), or thermistors.
Failure modes, failure reasons, and degradation mechanisms for voltage, current, and temperature sensors in Battery Management Systems:
1. Voltage Sensors: Common failure modes include open circuits, short circuits, and drift. Failure reasons can include damage during installation, wear and tear, and corrosion. Degradation mechanisms can include degradation due to temperature, humidity, and vibration.
2. Current Sensors: Common failure modes include open circuits, short circuits, and drift. Failure reasons can include damage during installation, wear and tear, and corrosion. Degradation mechanisms can include degradation due to temperature, humidity, and vibration.
3. Temperature Sensors: Common failure modes include open circuits, short circuits, and drift. Failure reasons can include damage during installation, wear and tear, and corrosion. Degradation mechanisms can include degradation due to temperature, humidity, and vibration.
Severity and ability to detect failures:
1. Voltage Sensors: The failure of voltage sensors can lead to an inaccurate measurement of the voltage of each cell, which can lead to overcharging or deep discharging of the cells.",1
"How do software errors in the BMS impact battery performance and safety, and what measures are taken to avoid such errors?","
For an industrial electric battery system, the Battery Management System (BMS) is a critical component that controls and monitors the battery's state and health. Software errors in the BMS can significantly impact battery performance and safety. Here's an overview of the different components, subcomponents, failure modes, reasons, codes, degradation mechanisms, severity, and detectability related to software errors in the BMS:

Component: Battery Management System (BMS)
Subcomponent: Software
Failure Mode: Software bugs, errors, and glitches
Failure Reason: Inadequate software testing, coding errors, and design flaws
Failure Code: N/A
Degradation Mechanism: Software errors can cause unexpected behavior in the BMS, leading to improper charging/discharging, cell imbalance, and reduced battery life. In extreme cases, software errors can cause thermal runaway, leading to safety issues such as fire or explosion.
Severity: High
Ability to Detect: Medium

Measures taken to avoid such errors include:

1. Thorough software testing: Before deploying the BMS software, it should undergo rigorous testing to identify and eliminate any software bugs, errors, or glitches.
2. Code review: Regular code reviews can help identify coding errors and design flaws, ensuring that the software is robust and reliable.
3. Adherence to software development standards: Following established software development standards and guidelines can help minimize software errors and improve the overall quality of the BMS software.
4. Regular software updates: Regularly updating the BMS software can help address any newly discovered software bugs, errors, or glitches, ensuring that the BMS software remains up-to-date and reliable.
5. Implementing a fail-safe mechanism: Implementing a fail-safe mechanism in the BMS software can help prevent catastrophic failures, ensuring that the battery remains safe even in the event of a software error.

By taking these measures, it is possible to minimize software errors in the BMS, ensuring that the electric battery system performs optimally and safely.",1
Can you suggest any best practices for collecting and labeling data for an anomaly detection model for electric batteries?,"
Certainly! When collecting and labeling data for an anomaly detection model for electric batteries, there are several best practices that can help ensure the success of your model. Here are some suggestions:

1. Define the scope of the model: Before collecting data, it's important to define the scope of the anomaly detection model. Identify the specific types of failures or anomalies that you want the model to detect. This will help you focus your data collection efforts and ensure that you are capturing the most relevant information.
2. Collect data from multiple sources: To get a comprehensive view of the battery's behavior, collect data from multiple sources. This might include sensor data, battery management system data, and data from external sources such as weather conditions or usage patterns.
3. Use clear and consistent labels: When labeling data, use clear and consistent labels that accurately reflect the battery's behavior. For example, you might use labels such as ""normal,"" ""anomaly,"" or ""failure"" to indicate the battery's status. Be sure to define these labels clearly and consistently throughout the dataset.
4. Consider the context of the data: When labeling data, consider the context in which the data was collected. For example, if you are collecting data from a battery that is used in a hot climate, you may want to label data points that occur during extreme heat waves as ""anomalies"" even if they are within the battery's normal operating range.
5. Use a diverse range of data: To ensure that your model can detect a wide range of anomalies, use a diverse range of data in your training set. This might include data from different types of batteries, data collected under different operating conditions, and data collected at different times of the year.
6. Validate your labels: Before using your labeled data to train your model, validate the labels to ensure that they are accurate. This might involve reviewing the data manually or using automated tools to identify any errors or inconsistencies.
7. Keep your data up-to-date: As new data becomes available, update your dataset to ensure that it reflects the most current information. This will help ensure that your model remains accurate and relevant over time.

By following these best practices, you can collect and label data for your electric battery anomaly detection model in a way that is accurate, consistent, and comprehensive. This",1
Can you provide any examples of corrective action that can be taken once a potential battery failure has been identified?,"Sure, I'd be happy to provide some examples of corrective actions that can be taken once a potential battery failure has been identified in an electric battery asset class:

1. Battery Replacement: If a battery is found to have a failure mode that cannot be corrected through other means, such as a dead cell or a cracked casing, then the battery may need to be replaced entirely. This is the most common corrective action for battery failures.
2. Battery Balancing: If a battery is found to have an imbalance in its cell voltages, then a battery balancing procedure may be performed. This involves equalizing the charge levels of each cell in the battery, which can help to prevent future failures caused by overcharging or undercharging.
3. Battery Maintenance: Regular maintenance such as cleaning, visual inspections, and testing can help to detect potential battery failures before they occur. This can include checking for corrosion on the battery terminals, inspecting the battery case for cracks or damage, and testing the battery voltage and capacity.
4. Battery Recalibration: If a battery is found to have a failure mode related to its calibration, then a recalibration procedure may be performed. This can help to ensure that the battery is providing accurate readings and prevent future failures caused by incorrect calibration.
5. Battery Upgrade: If a battery is found to have a failure mode related to its age or technology, then a battery upgrade may be necessary. This can involve replacing the battery with a newer, more advanced model that has improved reliability and performance.
6. Battery Repair: In some cases, it may be possible to repair a battery rather than replacing it entirely. This can include replacing individual cells, repairing damaged casing, or fixing internal connections.

It's important to note that the specific corrective actions that can be taken will depend on the failure mode, failure reason, and degradation mechanism that has been identified. A thorough analysis of the battery's condition and failure history should be performed to determine the most appropriate corrective action. Additionally, preventive maintenance measures such as regular inspections, testing, and cleaning can help to detect and prevent battery failures before they occur.",1
"What are the consequences of not monitoring the state of charge, state of health, and thermal stability of battery cells?","
For an industrial electric battery, monitoring the state of charge (SoC), state of health (SoH), and thermal stability of battery cells is crucial to ensure their reliable and safe operation. Neglecting to monitor these parameters can lead to various failure modes, effects, and causes, which can be described as follows:

1. **Failure Mode:** Decreased battery capacity or reduced runtime
   **Failure Reason:** Overcharging, overdischarging, or aging
   **Failure Code:** Capacity fade
   **Degradation Mechanism:** Active material degradation, loss of electrolyte, or increase in internal resistance
   **Severity:** High, as it can lead to reduced productivity or increased downtime
   **Ability to Detect:** Regular monitoring of SoC and SoH can help detect this issue early

2. **Failure Mode:** Thermal runaway or fire hazard
   **Failure Reason:** Poor thermal management or internal short circuit
   **Failure Code:** Thermal abuse
   **Degradation Mechanism:** Excessive heat generation due to high discharge rates, internal resistance, or external heating
   **Severity:** Very high, as it can cause damage to the equipment, facility, or even result in personal injury
   **Ability to Detect:** Monitoring thermal stability and using temperature alarms can help detect this issue early

3. **Failure Mode:** Reduced lifespan or cycle life
   **Failure Reason:** Inconsistent charging and discharging patterns or high depth of discharge
   **Failure Code:** Reduced cycle life
   **Degradation Mechanism:** Accelerated aging due to increased cycling or high-temperature exposure
   **Severity:** Medium to high, as it can lead to increased maintenance costs and downtime
   **Ability to Detect:** Regular monitoring of SoC, SoH, and temperature can help detect this issue early

4. **Failure Mode:** Increased maintenance costs or reduced efficiency
   **Failure Reason:** Inadequate maintenance or end-of-life
   **Failure Code:** Maintenance or replacement
   **Degradation Mechanism:** Mechanical degradation, corrosion, or depletion of active materials
   **Severity:** Medium to high, as it can",1
What are the common factors that can affect the frequency and granularity of sensor measurements for an electric battery?,"There are several factors that can affect the frequency and granularity of sensor measurements for an electric battery:

1. Sensor Type: The type of sensor used can affect the frequency and granularity of measurements. For example, a temperature sensor may provide continuous measurements, while a voltage sensor may only provide measurements at certain intervals.
2. Sampling Rate: The rate at which the sensor takes measurements can also affect the frequency and granularity of data. A higher sampling rate will result in more frequent and detailed measurements.
3. Battery Design: The design of the battery can also impact the frequency and granularity of sensor measurements. For example, a battery with multiple cells may require more frequent and detailed measurements to monitor the health of each individual cell.
4. Battery Age: The age of the battery can also affect the frequency and granularity of sensor measurements. As a battery ages, it may be more prone to failure and require more frequent monitoring.
5. Operating Conditions: The operating conditions of the battery, such as temperature and load, can also impact the frequency and granularity of sensor measurements. For example, a battery operating at high temperatures may require more frequent monitoring to prevent thermal runaway.
6. Data Transmission: The method used to transmit sensor data can also affect the frequency and granularity of measurements. For example, wireless transmission may result in less frequent measurements due to limitations in bandwidth.
7. Preventive Maintenance: Regular preventive maintenance, such as cleaning and calibration of sensors, can help ensure accurate and frequent measurements.
8. Failure Modes: The specific failure modes of the battery can also impact the frequency and granularity of sensor measurements. For example, a battery with a high risk of thermal runaway may require more frequent temperature measurements.

In summary, the frequency and granularity of sensor measurements for an electric battery can be affected by a variety of factors, including sensor type, sampling rate, battery design, battery age, operating conditions, data transmission, preventive maintenance, and failure modes. Understanding these factors can help ensure accurate and effective monitoring of battery health and performance.",1
"Can you provide specific examples of usage patterns, such as frequent deep discharges, that can lead to battery failure?","
Certainly! An electric battery is a valuable and often critical component in many industrial applications. As a reliability engineer specializing in failure modes and effects analysis (FMEA), I will provide information on the various components and subcomponents of a battery, potential failure modes, reasons, codes, degradation mechanisms, as well as the severity and detectability of these failures.

Usage pattern: Frequent deep discharges

Component/Subcomponent: Electrode

Failure mode: Capacity fade

Failure reason/Code: Capacity fade can be caused by several factors, including:

1. Lithium plating (Code: LP)
2. Solid electrolyte interphase (SEI) layer growth (Code: SEI)
3. Electrolyte decomposition (Code: ED)
4. Mechanical degradation (Code: MD)

Degradation mechanism:

1. Lithium plating (LP): During deep discharges, the battery may not have sufficient time to rest and rejuvenate, leading to lithium ions unable to be inserted into the anode efficiently. This results in lithium metal plating on the anode surface, which can grow over time and cause an increase in internal resistance, reducing battery capacity.
2. SEI layer growth (SEI): During charging and discharging cycles, the SEI layer on the anode surface grows due to electrolyte decomposition. In the case of frequent deep discharges, the SEI layer may grow excessively, leading to increased resistance and capacity fade.
3. Electrolyte decomposition (ED): Frequent deep discharges can lead to increased electrolyte decomposition, which results in the formation of a resistive layer on the electrode surface, reducing ionic conductivity and leading to capacity fade.
4. Mechanical degradation (MD): Repeated deep discharges can cause mechanical stress on the electrodes, leading to particle cracking, pulverization, and separation. This results in increased resistance and capacity fade.

Severity: High, as capacity fade reduces the overall energy storage capacity of the battery, leading to a shorter runtime and potential system failure.

Ability to detect:

1. Lithium plating (LP): Can be detected via techniques",1
What are the challenges in detecting abnormal behavior in battery systems and how does the BMS address these challenges?,"As a reliability engineer, I will provide information about the components, sub-components, failure modes, failure reasons, degradation mechanisms, severity, and detectability of an electric battery system, along with the role of the Battery Management System (BMS) in addressing these challenges.

Component: Battery Cell
Sub-component: Anode, Cathode, Separator, Electrolyte
Failure Mode: Capacity Fade, Increased Internal Resistance, Vent with Gas/Liquid Ejection, Thermal Runaway
Failure Reason:

* Capacity Fade: Degradation of active material, increase in internal resistance, and loss of electrolyte.
* Increased Internal Resistance: Growth of the solid electrolyte interphase (SEI) layer, formation of micro-cracks, and corrosion of the current collector.
* Vent with Gas/Liquid Ejection: Mechanical failure of the battery cell, thermal runaway, and overcharging.
* Thermal Runaway: Short-circuit, overcharging, and manufacturing defects.

Failure Code: SOH (State of Health), SOC (State of Charge), and SOC (State of Charge).

Degradation Mechanism: Degradation of the anode and cathode materials, growth of the SEI layer, and loss of electrolyte.

Severity: High, as failure of the battery system can lead to loss of power, fire, or explosion.

Ability to Detect:

* Capacity Fade: Measured by SOH, which is the ratio of the current capacity to the initial capacity.
* Increased Internal Resistance: Measured by the BMS through impedance spectroscopy or other methods.
* Vent with Gas/Liquid Ejection: Detected by the BMS through pressure sensors or other methods.
* Thermal Runaway: Detected by the BMS through temperature sensors or other methods.

Challenges in detecting abnormal behavior in battery systems:

* Battery cells are complex systems with multiple degradation mechanisms, making it difficult to detect and diagnose the root cause of failure.
* Battery cells are often integrated into large battery systems, making it difficult to",1
Can you provide examples of real-world failure cases in battery systems and the sensor data patterns that preceded them?,"Sure, I'd be happy to provide some examples of real-world failure cases in battery systems and the sensor data patterns that may have preceded them.

1. Thermal Runaway:
One common failure mode in battery systems is thermal runaway, which can lead to fire or explosion. This can be caused by a variety of factors, including overcharging, short-circuits, or manufacturing defects. In many cases, sensor data such as temperature, voltage, and current can provide early warning signs of an impending thermal runaway event. For example, a rapid increase in temperature or voltage, or a sudden decrease in resistance, could indicate that a cell is starting to overheat and may be at risk of thermal runaway.

2. Capacity Degradation:
Another common failure mode in battery systems is capacity degradation, where the battery's ability to hold a charge decreases over time. This can be caused by a variety of factors, including aging, high temperatures, and high discharge rates. Sensor data such as voltage, current, and temperature can be used to monitor the battery's state of health and detect signs of capacity degradation. For example, a gradual decrease in voltage or capacity over time, or an increase in internal resistance, could indicate that the battery is experiencing capacity degradation.

3. Mechanical Failure:
Battery systems can also fail due to mechanical failure, such as cracking or swelling of the battery cells. This can be caused by factors such as vibration, shock, or overcharging. Sensor data such as displacement, strain, and temperature can be used to monitor the battery's mechanical health and detect signs of mechanical failure. For example, sudden changes in displacement or strain, or an increase in temperature, could indicate that the battery is experiencing mechanical failure.

4. Degradation Mechanism:
The degradation mechanism of battery can be caused by several factors such as:
* High temperature: High temperature can cause the breakdown of electrolyte and active material, leading to capacity fade and eventually failure.
* Deep discharge: Deep discharge can cause the electrode plates to become distorted, reducing the battery's ability to hold a charge.
* Overcharging: Overcharging can cause the formation of gas pockets within the battery, leading to swelling",1
Can you explain how the rate of charge and discharge impacts battery performance and failure rates in an IoT/OT setting?,"Sure, I'd be happy to help explain how the rate of charge and discharge can impact battery performance and failure rates in an IoT/OT setting for an electric battery asset class.

First, it's important to understand that the rate of charge and discharge, also known as the charge/discharge rate, can have a significant impact on battery performance and failure rates. A high charge/discharge rate can lead to a number of different failure modes, including:

1. **Elevated temperatures:** Rapid charging and discharging can cause the battery to heat up, which can lead to thermal runaway and failure of the battery. This is especially true for lithium-ion batteries, which are commonly used in IoT/OT devices.
2. **Capacity fade:** Over time, high charge/discharge rates can cause the battery's capacity to fade, meaning it will not be able to hold as much charge as it once could. This can reduce the overall performance of the battery and the device it is powering.
3. **Increased resistance:** High charge/discharge rates can also cause the battery's internal resistance to increase, which can further reduce its performance and lead to failure.
4. **Safety issues:** In some cases, high charge/discharge rates can cause the battery to become unstable, which can lead to safety issues such as fire or explosion.

In terms of specific failure modes, there are a few different ones that can be caused by high charge/discharge rates. These include:

* **Short circuits:** High charge/discharge rates can cause the battery's internal components to become damaged, which can lead to short circuits.
* **Thermal runaway:** As mentioned earlier, high charge/discharge rates can cause the battery to heat up, which can lead to thermal runaway and failure of the battery.
* **Venting:** In some cases, high charge/discharge rates can cause the battery to vent, which can release harmful gases and reduce the battery's performance.

To prevent these failure modes, it's important to use appropriate charging and discharging rates for the battery, and to monitor the battery's temperature and other key parameters to ensure it is operating within safe limits. Preventive maintenance measures such as regular inspections and testing can also",1
Can you provide insights on the impact of battery maintenance practices on the occurrence of failures and degradation?,"Sure, I'd be happy to help!

When it comes to electric batteries, there are several components, subcomponents, and failure modes to consider. Some common components of an electric battery include the battery cells, battery management system (BMS), and thermal management system. Failure modes for these components can include:

* Battery cells:
	+ Failure mode: Capacity fade
	+ Failure reason: Degradation of the positive or negative electrode, separator degradation, or loss of electrolyte
	+ Failure code: CE-CAP-FD
	+ Degradation mechanism: Degradation of the electrode materials due to electrochemical reactions, temperature, and/or voltage stress
	+ Severity: High, as it can result in reduced range or runtime for the battery system
	+ Ability to detect: Medium, as it can be detected through regular capacity testing
* Battery management system (BMS):
	+ Failure mode: Communication failure
	+ Failure reason: Faulty wiring, component failure, or software error
	+ Failure code: BMS-CF
	+ Degradation mechanism: Degradation of the communication components due to temperature, voltage, or current stress
	+ Severity: Medium, as it can result in reduced performance or safety features
	+ Ability to detect: High, as it can be detected through regular communication testing
* Thermal management system:
	+ Failure mode: Overheating
	+ Failure reason: Insufficient cooling, faulty fan, or blocked vents
	+ Failure code: THM-OH
	+ Degradation mechanism: Degradation of the thermal components due to temperature, voltage, or current stress
	+ Severity: High, as it can result in reduced performance or safety features
	+ Ability to detect: High, as it can be detected through regular temperature monitoring

Regarding the impact of battery maintenance practices on the occurrence of failures and degradation, it is essential to have a proactive maintenance strategy that includes regular inspection, testing, and cleaning of the battery components. This can help to detect and address potential issues before they lead to failure.

For example, regular capacity testing can help detect capacity fade in the battery cells, while regular communication testing",1
What specific measures can be taken to monitor the battery's temperature and discharge rate to prevent failure modes?,"
For an electric battery, the following measures can be taken to monitor the battery's temperature and discharge rate to prevent failure modes:

1. Temperature Monitoring:
	* Install temperature sensors at various locations within the battery to monitor the temperature distribution and ensure it remains within the recommended range.
	* Implement a thermal monitoring system that provides real-time temperature data and alerts the operator if the temperature exceeds the allowable limits.
	* Use cooling systems, such as air or liquid cooling, to maintain the battery temperature within the recommended range.
2. Discharge Rate Monitoring:
	* Implement a monitoring system that tracks the discharge rate of the battery and alerts the operator if it exceeds the recommended limits.
	* Use a battery management system (BMS) to monitor the battery's state of charge (SoC) and state of health (SoH) and ensure that the discharge rate remains within the recommended range.
	* Implement a system that automatically reduces the load on the battery if the discharge rate exceeds the recommended limits.
3. Preventive Maintenance:
	* Implement a regular maintenance schedule to check the battery's temperature and discharge rate and ensure that they remain within the recommended range.
	* Use predictive maintenance techniques, such as analyzing the battery's voltage, current, and temperature data, to identify potential issues before they become critical.
	* Implement a condition-based maintenance program that uses real-time data to determine when maintenance is required.
4. Failure Modes, Effects, and Criticality Analysis (FMECA):
	* Perform an FMECA to identify the potential failure modes of the battery and their effects on the system.
	* Determine the criticality of each failure mode and prioritize the implementation of preventive maintenance measures accordingly.
	* Implement corrective actions to address the identified failure modes and prevent their occurrence.

By implementing these measures, it is possible to monitor the battery's temperature and discharge rate effectively and prevent failure modes. This will help ensure the reliability and availability of the battery system and reduce the risk of unplanned downtime.",1
What are the best practices for conducting regular physical inspections and maintenance of electric battery systems?,"
When conducting regular physical inspections and maintenance of electric battery systems, the following best practices can help ensure their reliability and performance:

1. Visual Inspection: Regularly inspect the battery system for any visible signs of damage, wear, or contamination. Check for any loose connections, frayed or damaged cables, and corrosion on terminals or connectors.

2. Temperature Monitoring: Monitor the battery system's temperature to ensure it is operating within the recommended range. Overheating can cause thermal runaway and lead to battery failure.

3. Voltage and Current Measurement: Measure the voltage and current of each battery cell or module to ensure they are within the recommended range. This can help identify any issues with individual cells or modules before they become major problems.

4. Maintenance of Cooling System: Ensure that the battery system's cooling system is functioning properly. A well-maintained cooling system can help prevent overheating and extend the life of the battery system.

5. Preventive Maintenance: Perform regular preventive maintenance tasks such as cleaning the battery system, tightening connections, and replacing any worn or damaged components.

6. Record Keeping: Keep accurate records of all inspections, maintenance tasks, and repairs. This can help identify any trends or patterns in battery system failures and improve overall reliability.

7. Failure Mode and Effect Analysis (FMEA): Conduct an FMEA to identify potential failure modes, their effects, and the likelihood of occurrence. This can help prioritize maintenance tasks and prevent failures before they occur.

8. Root Cause Analysis (RCA): Perform an RCA when a battery system failure occurs to identify the underlying cause of the failure. This can help prevent similar failures in the future and improve overall system reliability.

9. Training: Provide proper training to operators and maintenance personnel on battery system operation, maintenance, and safety procedures.

10. Regular Testing: Perform regular testing of the battery system to ensure it is operating within the recommended specifications. This can help identify any issues before they become major problems and improve overall system reliability.",1
How can the anomaly detection model be used to support fault diagnosis and failure prediction in the battery system?," Failure Mode and Effect Analysis (FMEA) can be used to identify potential failure modes in an electric battery system and to determine the severity and likelihood of these failures. The FMEA process involves the following steps:

1. **Identify the asset's components and subcomponents:** In the case of an electric battery, this may include the individual cells, the battery management system (BMS), and any other supporting hardware or software.
2. **Determine the failure modes:** A failure mode is a specific way in which a component or subcomponent can fail. For example, a failure mode for a battery cell may be a short circuit, while a failure mode for the BMS may be a software bug that causes the system to misinterpret the battery's state.
3. **Determine the failure reasons:** A failure reason is the underlying cause of a failure mode. For example, a failure reason for a short circuit in a battery cell may be a manufacturing defect, while a failure reason for a software bug in the BMS may be inadequate testing.
4. **Determine the failure codes:** A failure code is a standardized way of categorizing and describing a failure. For example, a failure code for a short circuit in a battery cell may be ""EC"" (electrical), while a failure code for a software bug in the BMS may be ""SW"" (software).
5. **Determine the degradation mechanism:** A degradation mechanism is the process by which a component or subcomponent degrades over time, leading to failure. For example, a degradation mechanism for a battery cell may be the natural degradation of the electrode materials, while a degradation mechanism for the BMS may be the gradual degradation of the software algorithms due to the accumulation of errors.
6. **Determine the severity:** The severity of a failure mode is a measure of the impact of the failure on the overall system. For example, a short circuit in a battery cell may be considered a high severity failure because it can cause a fire or explosion, while a software bug in the BMS may be considered a low severity failure because it may only cause a minor inconvenience.
7. **Determine the ability to detect:** The ability to detect a failure mode is a measure of how easily the failure can be detected before it",1
Can you explain how temperature and humidity can lead to corrosion and damage of battery cells in an IoT/OT setting?,"Certainly! As a reliability engineer with expertise in FMEA, I will provide an analysis of how temperature and humidity can lead to corrosion and damage of battery cells in an IoT/OT setting.

Asset Class: Electric Battery
Component: Battery Cells
Subcomponent: Anode, Cathode, and Separator
Failure Mode: Corrosion of battery cells
Failure Reason: Exposure to high temperature and humidity
Failure Code: EC-BAT-001
Degradation Mechanism: Electrochemical corrosion
Severity: High
Ability to Detect: Medium

In an IoT/OT setting, batteries are often exposed to harsh environmental conditions, including high temperature and humidity. These conditions can lead to corrosion of the battery cells, resulting in a decrease in battery life and performance.

The anode and cathode in a battery cell are typically made of metals such as lithium, cobalt, or nickel, which are susceptible to corrosion. When exposed to high temperature and humidity, these metals can react with moisture in the air, leading to the formation of corrosive compounds. These compounds can attack the metal surfaces, causing pitting and other forms of damage.

The separator, which is responsible for preventing the anode and cathode from coming into contact with each other, can also be affected by corrosion. If the separator becomes damaged, it can lead to a short circuit, which can cause the battery to fail.

The degradation mechanism in this case is electrochemical corrosion, which occurs when a metal reacts with its environment, leading to the formation of corrosive compounds. This process can be accelerated by high temperature and humidity, leading to more rapid degradation of the battery cells.

The severity of this failure mode is high, as it can lead to a complete failure of the battery. This can result in costly downtime and repair or replacement of the battery.

The ability to detect corrosion before it leads to failure is medium. Regular visual inspections can help identify signs of corrosion, such as discoloration or pitting of the metal surfaces. However, by the time these signs are visible, the corrosion",1
How are temperature and air flow readings used to ensure proper cooling or heating in the thermal management system?,"
For an electric battery, temperature and air flow readings are crucial for ensuring proper cooling or heating in the thermal management system. The battery's temperature needs to be kept within a specific range to ensure optimal performance and prevent damage or failure. The following is a failure modes and effects analysis (FMEA) for the temperature and air flow sensors in a battery's thermal management system:

Component: Temperature sensor

* Subcomponent: Sensor element, wiring, and connection
* Failure mode: Inaccurate temperature readings
* Failure reason: Sensor element failure, wiring damage, or connection issues
* Failure code: Sensor error code
* Degradation mechanism: Sensor drift, fouling, or corrosion
* Severity: High, as inaccurate temperature readings can lead to battery damage or failure
* Ability to detect: High, as temperature sensors typically have built-in self-diagnostics and can be regularly calibrated

Component: Air flow sensor

* Subcomponent: Sensor element, wiring, and connection
* Failure mode: Inaccurate air flow readings
* Failure reason: Sensor element failure, wiring damage, or connection issues
* Failure code: Sensor error code
* Degradation mechanism: Sensor drift, fouling, or corrosion
* Severity: High, as inaccurate air flow readings can lead to battery damage or failure
* Ability to detect: High, as air flow sensors typically have built-in self-diagnostics and can be regularly calibrated

Preventive maintenance measures for these sensors include regular calibration, cleaning, and inspection to ensure accurate readings and prevent degradation. Additionally, monitoring the battery's temperature and air flow in real-time can help detect any abnormalities and prevent failures before they occur.

In summary, temperature and air flow sensors play a critical role in ensuring proper cooling or heating in a battery's thermal management system. Regular maintenance and monitoring can help prevent sensor failure and ensure optimal battery performance.",1
Are there any specific regulatory requirements that we should prioritize when building the anomaly detection model?,"When building an anomaly detection model for an electric battery in the industrial asset class, there are several regulatory requirements that should be prioritized to ensure safety and compliance. These requirements may vary depending on the specific industry and application, but some common ones include:

1. **Safety Standards**: Compliance with safety standards such as those set by organizations like UL, IEC, or ANSI is crucial. These standards outline requirements for the design, construction, and testing of batteries to ensure they do not pose a risk of fire, explosion, or other hazards.
2. **Environmental Regulations**: Compliance with environmental regulations is important to prevent harm to the environment. This includes regulations related to the disposal of batteries, as well as those related to emissions and energy efficiency.
3. **Quality Standards**: Compliance with quality standards, such as those set by ISO, can help ensure that the battery performs consistently and reliably over time. This is important for maintaining the overall system performance and reducing downtime.
4. **Cybersecurity Standards**: As more batteries become connected to the internet for monitoring and control, compliance with cybersecurity standards becomes increasingly important. This includes requirements for secure communication, access control, and data privacy.
5. **Performance Standards**: Compliance with performance standards, such as those related to energy density, power density, and charge/discharge efficiency, can help ensure that the battery meets the needs of the application.

When building an anomaly detection model for an electric battery, it is important to consider these regulatory requirements and incorporate them into the model's design. This may involve collecting data on the battery's performance and behavior in relation to these requirements, and using that data to identify anomalies that could indicate a potential failure or non-compliance issue. By prioritizing these regulatory requirements, you can help ensure that the anomaly detection model is effective in identifying potential issues and helping to maintain the safety, reliability, and performance of the battery.",1
How can the battery management system be regularly monitored and maintained to detect and address potential issues?,"
For an electric battery, the battery management system (BMS) is responsible for monitoring and managing the battery's state and health. To ensure the reliable operation of the battery and to detect and address potential issues, the BMS should be regularly monitdrd and maintained using the following steps:

1. **Component and subcomponent monitoring:** The BMS should continuously monitor the voltage, current, and temperature of each cell in the battery. This will help to detect any issues with individual cells, such as overcharging, overdischarging, or overheating.

2. **Failure mode and effect analysis (FMEA):** The BMS should be able to perform FMEA to identify potential failure modes and their effects on the battery's performance and safety. This can help to identify weak points in the battery design and to implement corrective actions to prevent failures.

3. **Failure code and degradation mechanism analysis:** The BMS should be able to detect and diagnose specific failure codes and degradation mechanisms, such as capacity fade, increased internal resistance, and cell imbalance. This information can be used to determine the root cause of the failure and to implement corrective actions to prevent similar failures in the future.

4. **Severity and detectability analysis:** The BMS should be able to estimate the severity of a failure and its detectability before it happens. This can help to prioritize maintenance activities and to prevent catastrophic failures.

5. **Preventive maintenance:** The BMS should be able to perform preventive maintenance tasks, such as balancing the cells, equalizing the charge, and performing thermal management. This can help to prevent degradation and to extend the battery's life.

6. **Data analysis and trending:** The BMS should be able to collect and analyze data from the battery's operation, and to use this information to identify trends and to predict future failures. This can help to prevent unexpected downtime and to optimize the battery's performance.

7. **Integration with other systems:** The BMS should be integrated with other systems, such as the power management system and the control system, to ensure seamless operation and to enable remote monitoring and control.

8. **Training and documentation:** The personnel responsible for the maintenance of the BMS should be properly trained and the",1
How can the severity of failure modes in electric battery systems be reduced through design or operational changes?,"To reduce the severity of failure modes in electric battery systems through design or operational changes, several approaches can be considered. Here are some potential strategies:

1. Redundancy: Designing the battery system with redundant components can help ensure that a single failure does not result in a catastrophic failure of the entire system. For example, using multiple battery modules in parallel can ensure that if one module fails, the others can continue to operate.
2. Monitoring: Implementing real-time monitoring systems can help detect potential failures before they occur, allowing for preventive maintenance to be performed. This can include monitoring the battery's voltage, current, temperature, and other key parameters to identify any anomalies that could indicate a potential failure.
3. Thermal management: Battery systems can generate a significant amount of heat, which can lead to thermal runaway and catastrophic failure. Implementing effective thermal management strategies, such as cooling systems and thermal insulation, can help reduce the risk of thermal failure.
4. Degradation mechanisms: Understanding the degradation mechanisms that can affect battery systems, such as corrosion, fatigue, and thermal degradation, can help inform design and operational changes to reduce the severity of failure modes. For example, using materials that are resistant to corrosion or designing the system to reduce the number of cycles can help extend the battery's lifespan.
5. Preventive maintenance: Implementing a preventive maintenance program can help identify and address potential failures before they occur. This can include regular inspections, testing, and maintenance of the battery system and its components.
6. Failure modes and effects analysis (FMEA): Conducting an FMEA of the battery system can help identify potential failure modes, their causes, and the severity of their effects. This information can be used to inform design and operational changes to reduce the severity of failure modes.
7. Component selection: Selecting high-quality components with a proven track record of reliability can help reduce the risk of failure. This includes selecting batteries from reputable manufacturers and ensuring that all components are compatible with each other.

By implementing these strategies, it is possible to reduce the severity of failure modes in electric battery systems, improve their reliability, and extend their lifespan.",1
How can we incorporate redundancy and fail-safe mechanisms in the anomaly detection model for the electric battery?,"To incorporate redundancy and fail-safe mechanisms in the anomaly detection model for an electric battery, we need to consider the following factors:

1. Component Redundancy: Identify the critical components of the battery that can cause a failure and incorporate redundant components to ensure continued operation in case of a failure. For example, using multiple cells or modules in a battery pack can ensure that a single cell failure does not cause a complete system failure.

2. Sensor Redundancy: Incorporate redundant sensors to monitor the battery's health and performance. This can help detect anomalies and failures in real-time and trigger a fail-safe mechanism before a catastrophic failure occurs.

3. Fail-Safe Mechanisms: Implement fail-safe mechanisms that can isolate a failed component or subsystem and prevent it from affecting the rest of the system. For example, a battery management system (BMS) can detect a cell failure and disconnect it from the rest of the battery pack to prevent further damage.

4. Anomaly Detection Model: Develop an anomaly detection model that uses machine learning algorithms to identify patterns and anomalies in the battery's performance data. The model should be trained on historical data and be able to detect deviations from normal operating conditions.

5. Degradation Mechanisms: Identify the degradation mechanisms that can lead to battery failure, such as thermal runaway, and incorporate preventive maintenance measures to detect and address these issues before they cause a failure.

6. Severity and Detectability: Determine the severity of the failure modes and their detectability. This information can be used to prioritize maintenance and repair activities and ensure that critical failures are addressed before they occur.

7. Failure Codes: Define failure codes that can be used to classify and track battery failures. This can help in identifying recurring failure modes and implementing corrective actions to prevent future failures.

8. Preventive Maintenance: Implement preventive maintenance measures, such as regular inspections and testing, to detect and address potential battery failures before they occur. This can include monitoring the battery's temperature, voltage, and current to ensure that it is operating within normal parameters.

By incorporating these factors into the anomaly detection model for an electric battery, we can improve the system's",1
What are the potential consequences of cracked or damaged casings in electric batteries due to excessive vibration?,"
For an electric battery, the casing or container is a critical component that provides protection to the battery cells and the internal components. A cracked or damaged casing can lead to several failure modes and effects, including:

1. **Failure Mode:** Leakage of electrolyte or internal short circuit due to exposure of internal components.
2. **Failure Reason:** Excessive vibration can cause the casing to crack or deform, leading to exposure of internal components.
3. **Failure Code:** This could be coded as a physical damage failure due to excessive vibration.
4. **Degradation Mechanism:** The continuous exposure of internal components to electrolyte or external environment can lead to corrosion and degradation of the components, reducing the overall battery life.
5. **Severity:** The severity of this failure mode can be high, as it can lead to safety issues such as fire or explosion due to internal short circuit. It can also result in loss of battery capacity and reduced performance.
6. **Ability to Detect:** This failure mode can be detected through visual inspection or regular maintenance checks. However, if the crack or damage is small, it may not be easily detectable until it leads to a more severe failure.

Preventive maintenance measures such as regular visual inspections, monitoring vibration levels, and ensuring proper installation and secure fastening of the battery casing can help prevent this failure mode. Additionally, using vibration damping materials or designing the battery casing with vibration-reducing features can also help mitigate the risk of this failure mode.",1
"Are there any other factors, besides temperature, that contribute to electrolyte degradation in electric batteries?"," Yes, besides temperature, there are several other factors that can contribute to electrolyte degradation in electric batteries. These include:

1. **Chemical reactions:** The electrolyte in an electric battery can undergo chemical reactions with the electrode materials, leading to degradation. This can be influenced by the battery chemistry, electrolyte composition, and the operating conditions.

2. **Electrolyte composition:** The composition of the electrolyte itself can impact its stability and lifespan. For example, the use of certain salts, solvents, or additives can influence the degradation mechanisms and rate.

3. **State of charge (SoC):** The level of charge in the battery can also affect the electrolyte's degradation. At low SoC, the concentration of the electrolyte can increase, leading to degradation. At high SoC, the electrolyte can decompose, leading to the formation of gas and solid byproducts.

4. **Operating conditions:** The operating conditions, such as the voltage, current, and current density, can also impact the electrolyte's degradation. High voltage, high current, and high current density can all lead to increased degradation.

5. **Mechanical stress:** Mechanical stress, such as that caused by swelling or shrinking of the electrodes, can also contribute to electrolyte degradation.

6. **Manufacturing variability:** Variations in the manufacturing process can lead to differences in the electrolyte's properties and, as a result, its degradation.

7. **Ageing:** Over time, the electrolyte can degrade due to a combination of the above factors, leading to a decrease in battery performance and lifespan.

In terms of failure modes, the degradation of the electrolyte can lead to a number of failures, such as:

* **Loss of capacity:** As the electrolyte degrades, the battery's ability to store and release energy can decrease, leading to a loss of capacity.
* **Increased resistance:** The degradation of the electrolyte can also lead to an increase in the battery's internal resistance, which can result in a decrease in efficiency and an increase",1
What measures can be taken to minimize false alarms and prevent catastrophic failures in the battery cell and BMS?,"When performing FMEA on an electric battery, it is important to consider both the battery cells and the Battery Management System (BMS). Here are some measures that can be taken to minimize false alarms and prevent catastrophic failures in the battery cell and BMS:

1. Component Selection: Choosing high-quality components with a proven track record of reliability can help minimize the risk of failure. This includes the battery cells themselves, as well as other components in the battery system such as the BMS, thermal management systems, and mechanical components.

2. Redundancy: Incorporating redundancy into the battery system can help prevent catastrophic failures. For example, using multiple battery cells in parallel can help ensure that the system remains operational even if one or more cells fail. Similarly, using multiple sensors in the BMS can help ensure that accurate data is available to make decisions about the battery system's state.

3. Degradation Mechanisms: Understanding the degradation mechanisms of the battery cells and other components can help identify potential failure modes and develop strategies to mitigate them. For example, battery cells can degrade due to factors such as temperature, voltage, and current. Monitoring these factors and taking appropriate action can help extend the life of the battery cells and prevent catastrophic failures.

4. Preventive Maintenance: Regularly inspecting and maintaining the battery system can help identify potential issues before they become critical. This includes checking for signs of damage or wear, cleaning the system to remove dirt and debris, and testing the system to ensure it is operating within acceptable parameters.

5. False Alarm Reduction: False alarms can be reduced by carefully setting threshold limits for the BMS and ensuring that the sensors used to measure battery parameters are accurate and reliable. Additionally, incorporating features such as hysteresis and filtering algorithms can help reduce the likelihood of false alarms.

6. Training: Providing proper training to operators and maintenance personnel can help ensure that they are able to identify potential issues and take appropriate action to prevent failures. This includes training on how to operate and maintain the battery system, as well as how to interpret data from the BMS.

7. Documentation: Keeping accurate and up-to-date documentation on the battery system, including its design, operation, maintenance history, and FMEA",1
Can you discuss the limitations of the BMS's anomaly detection techniques and potential areas for future research?,"
Certainly! As a reliability engineer with expertise in failure modes and effect analysis (FMEA) for electric battery systems, I will provide an overview of the key components, subcomponents, failure modes, reasons, codes, degradation mechanisms, and detection methods for an electric battery, along with their severity and potential for detection through preventive maintenance. I will then discuss the limitations of battery management system (BMS) anomaly detection techniques and potential areas for future research.

Key Components of an Electric Battery:

1. Battery Cells: The individual cells are the building blocks of the battery, which store and release electrical energy.
2. Battery Management System (BMS): The BMS is responsible for managing the charging and discharging of the battery, monitoring the battery's state, and protecting the battery from operating outside of its safe operating limits.

Failure Modes, Reasons, and Codes:

1. Cell Degradation: Over time, the performance of the battery cells can degrade due to various factors, such as aging, usage patterns, and environmental conditions. This can lead to a decrease in the battery's capacity and power density.
2. Thermal Runaway: Thermal runaway is a catastrophic failure mode that can occur when the battery cells are exposed to high temperatures, leading to a rapid increase in temperature and potentially resulting in a fire or explosion.
3. Electrical Failure: Electrical failure can occur due to various reasons, such as short circuits, open circuits, or a failure of the BMS.

Degradation Mechanisms:

1. Degradation due to Calendar Aging: The performance of the battery cells can degrade over time due to various chemical reactions, even when the battery is not in use.
2. Degradation due to Cycling: The performance of the battery cells can also degrade due to the repeated charging and discharging of the battery.
3. Degradation due to Environmental Factors: The performance of the battery cells can be affected by environmental factors, such as temperature, humidity, and vibration.

Severity and Detection:

1. Cell Degradation: The severity of cell degradation can vary, depending on the extent of the degradation. In general",1
Are there any specific safety requirements that we should prioritize when developing the anomaly detection model?,"Yes, when developing an anomaly detection model for an electric battery, there are several safety requirements that should be prioritized to ensure the safety of the system and the users. Some of these safety requirements include:

1. Overcharge Protection: Overcharging can cause the battery to overheat, leading to thermal runaway and potential fire or explosion. The anomaly detection model should be able to detect overcharging conditions and trigger a shutdown of the charging process.
2. Overdischarge Protection: Overdischarging can damage the battery, reducing its lifespan and causing safety issues. The anomaly detection model should be able to detect overdischarge conditions and trigger a shutdown of the discharge process.
3. Overcurrent Protection: Overcurrent conditions can cause the battery to overheat, leading to thermal runaway and potential fire or explosion. The anomaly detection model should be able to detect overcurrent conditions and trigger a shutdown of the system.
4. Temperature Monitoring: Battery temperature is a critical safety parameter. The anomaly detection model should be able to monitor battery temperature and trigger a shutdown of the system if it exceeds safe limits.
5. Short-circuit Protection: Short-circuits can cause the battery to overheat, leading to thermal runaway and potential fire or explosion. The anomaly detection model should be able to detect short-circuit conditions and trigger a shutdown of the system.
6. Voltage Monitoring: Abnormal voltage levels can indicate a fault in the battery or the system. The anomaly detection model should be able to monitor battery voltage and trigger a shutdown of the system if it exceeds safe limits.
7. Current Monitoring: Abnormal current levels can indicate a fault in the battery or the system. The anomaly detection model should be able to monitor battery current and trigger a shutdown of the system if it exceeds safe limits.
8. Degradation Monitoring: Battery degradation can lead to reduced performance and safety issues. The anomaly detection model should be able to monitor battery degradation and trigger maintenance or replacement before it becomes a safety issue.

When developing the anomaly detection model, it is important to consider the specific failure modes and degradation mechanisms of the electric battery, as well as the severity and detectability of each failure mode. The model should",1
How does corrosion of battery components occur due to high humidity and what measures can be taken to prevent it?,"
For an electric battery, the component of interest in the context of corrosion due to high humidity is typically the battery terminals and the metal components used in their construction, such as the battery casing or internal connections. The failure mode in this case is corrosion, which can lead to a decrease in the battery's ability to deliver power, and in severe cases, complete failure. The failure reason is the presence of moisture and impurities, such as salts, in the environment, which can create an electrochemical reaction with the metal components of the battery, leading to corrosion.

The failure code can be defined as ""Corrosion due to high humidity"" and the degradation mechanism is the electrochemical reaction between the metal components and the moisture and impurities in the environment.

The severity of corrosion can vary, but if left unchecked, it can lead to a significant decrease in the battery's performance and eventual failure. The ability to detect corrosion before it becomes a critical failure can be done by performing regular visual inspections of the battery terminals and other metal components. Additionally, the use of corrosion-resistant materials, such as stainless steel, can help to mitigate the effects of high humidity.

Preventive maintenance measures can include:

* Keeping the battery terminals and other metal components clean and dry
* Using corrosion-resistant materials
* Using a battery terminal seal or grease to prevent moisture intrusion
* Regularly inspecting the battery terminals and other metal components for signs of corrosion
* Using a desiccant or other moisture-absorbing material in the battery enclosure
* Storing the battery in a dry, well-ventilated area
* Using a battery maintenance system that includes a regular cleaning and maintenance schedule.

It's important to note that the specific measures to prevent corrosion may vary depending on the type of battery, the operating conditions, and the specific environment in which the battery is used.",1
Can you explain the impact of state of charge (SOC) on the overall health and performance of an electric battery?,"
Certainly! As a reliability engineer with expertise in failure modes and effect analysis (FMEA), I am happy to provide information about the impact of state of charge (SOC) on the overall health and performance of an electric battery.

An electric battery's SOC is a critical factor that affects its performance and longevity. SOC refers to the remaining capacity of a battery relative to its maximum capacity. For example, a battery with an SOC of 100% is fully charged, while a battery with an SOC of 0% is completely discharged.

The SOC of a battery can impact its performance in several ways. For instance, a battery with a low SOC may have reduced power output, which can affect the performance of the equipment it powers. Additionally, a low SOC can increase the stress on the battery, which can lead to accelerated degradation and reduced lifespan.

One of the primary ways that SOC affects battery health is through the process of degradation. Battery degradation is a complex process that can be influenced by a variety of factors, including temperature, discharge rate, and SOC. Specifically, a battery that is consistently operated at low SOC may experience increased degradation due to the formation of lithium metal or solid electrolyte interphase (SEI) on the anode. This can lead to a decrease in battery capacity over time.

On the other hand, a battery that is consistently operated at high SOC may also experience degradation due to the formation of SEI on the cathode. This can lead to a decrease in battery capacity and an increase in resistance, which can further reduce power output and accelerate degradation.

To detect potential issues related to SOC, there are several maintenance strategies that can be employed. For example, monitoring the SOC of a battery and ensuring that it is maintained within an appropriate range can help to prevent excessive degradation. Additionally, regular testing and diagnostics can help to identify any issues related to battery performance or degradation, allowing for proactive maintenance and repair.

In terms of FMEA, the failure mode associated with SOC in an electric battery could be described as ""reduced battery capacity or power output due to excessive or insufficient charging."" The failure reason could be attributed to a variety of factors",1
Can you discuss any regulatory or safety requirements related to battery system monitoring and anomaly detection?,"
certainly! When performing failure modes and effects analysis (FMEA) for an industrial battery system, it is important to consider any regulatory or safety requirements related to battery system monitoring and anomaly detection. These requirements can vary depending on the specific application and industry, but some general considerations include:

* **Safety standards:** Standards such as UL 1642, UL 60950-1, and IEC 62133 provide guidelines for the safety of battery systems in various applications. These standards may include requirements for battery system monitoring and anomaly detection to prevent safety hazards such as thermal runaway, fire, or explosion.
* **Regulatory compliance:** Depending on the industry and application, there may be specific regulations that apply to battery systems. For example, in the automotive industry, the Federal Motor Vehicle Safety Standards (FMVSS) may apply. These standards include requirements for battery system performance, testing, and labeling.
* **Monitoring requirements:** Some battery systems may require continuous monitoring to ensure safe and reliable operation. This may include monitoring of battery temperature, voltage, current, and other parameters. In addition, battery management systems (BMS) may be used to monitor and control battery charging, discharging, and balancing.
* **Anomaly detection:** Battery system monitoring and anomaly detection can help prevent failures and reduce downtime. This may include monitoring for abnormal conditions such as overcharging, overdischarging, short-circuits, and thermal runaway. In addition, predictive maintenance techniques such as machine learning algorithms can be used to identify patterns and anomalies in battery system data.

When performing FMEA for a battery system, it is important to consider these regulatory and safety requirements, as well as the specific failure modes, effects, and causes of battery system failures. By identifying potential failure modes and their consequences, as well as the ability to detect and mitigate them, you can help ensure the safety and reliability of the battery system.",1
Are there any specific safety standards or guidelines that the predictive maintenance strategy should adhere to?,"Yes, there are specific safety standards and guidelines that should be adhered to when performing predictive maintenance on an electric battery in an industrial asset class. Some of the key standards and guidelines include:

1. IEC 62933-1-1:2017 - This standard outlines the general requirements for the safety of industrial type rechargeable electrochemical energy storage system (EES).
2. IEC 61000-6-3:2007 - This standard specifies the limits of voltage changes, voltage fluctuations and flicker, and voltage dips and interruptions for the connection of electrical and electronic equipment to low-voltage power systems.
3. NFPA 855:2020 - This standard provides the guidelines for the installation of stationary energy storage systems.
4. UL 9540:2019 - This standard provides the requirements for the construction, installation, maintenance, and use of energy storage systems for stationary applications.
5. IEEE 1547:2018 - This standard provides the requirements for interconnecting distributed energy resources (DER) with electric power systems.

When performing predictive maintenance on an electric battery, it is important to identify the component, subcomponent, failure mode, failure reason, failure code, and degradation mechanism. This information can be used to determine the severity and ability to detect the failure before it happens.

For example, in an electric battery, common failure modes include:

1. Thermal runaway - This occurs when the battery's internal temperature increases uncontrollably, leading to a fire or explosion.
2. Short circuit - This occurs when the battery's internal resistance decreases, leading to a high current flow and potential fire or explosion.
3. Capacity fade - This occurs when the battery's ability to store energy decreases over time.
4. Open-circuit - This occurs when the battery's internal resistance increases, leading to a decrease in voltage and potential failure.

The severity of these failure modes can range from low to high, and the ability to detect them before they happen can vary. For example, thermal runaway and short circuit failures can be catastrophic and difficult to detect before they happen, while capacity fade and open",1
"How do battery types impact the selection of threshold values for voltage, current, temperature, and resistance?","The type of battery can significantly impact the selection of threshold values for voltage, current, temperature, and resistance. Different battery chemistries and designs have unique failure modes and degradation mechanisms that must be considered when setting threshold values. Here are some examples:

1. Lead-acid batteries: Lead-acid batteries are commonly used in industrial applications, such as backup power systems and forklifts. They are susceptible to failure modes such as grid corrosion, positive plate deterioration, and active material loss. To monitor the health of lead-acid batteries, threshold values for voltage, current, temperature, and resistance should be set as follows:
* Voltage: The recommended voltage range for lead-acid batteries is 2.1-2.5 volts per cell. A voltage below 2.1 volts per cell may indicate a low state of charge, while a voltage above 2.5 volts per cell may indicate overcharging.
* Current: The recommended current range for lead-acid batteries is 0.1-0.3 times the rated capacity. A current above this range may indicate overcharging or overdischarging, which can lead to premature failure.
* Temperature: The recommended temperature range for lead-acid batteries is -20°C to 50°C. Temperatures above 50°C can accelerate the degradation of the battery, while temperatures below -20°C can reduce the battery's capacity.
* Resistance: The recommended resistance range for lead-acid batteries is 1-10 milliohms per cell. A resistance above this range may indicate a high state of charge, while a resistance below this range may indicate a short circuit or other internal failure.
2. Lithium-ion batteries: Lithium-ion batteries are commonly used in electric vehicles, portable electronics, and renewable energy systems. They are susceptible to failure modes such as thermal runaway, lithium plating, and cell-to-cell imbalance. To monitor the health of lithium-ion batteries, threshold values for voltage, current, temperature, and resistance should be set as follows:
* Voltage: The recommended voltage range for lithium-ion batteries is 2.5-4.2 volts per cell. A",1
How does lower air pressure at high altitudes affect battery performance and failure rates in an IoT/OT setting?,"
When it comes to an electric battery in an IoT/OT setting, lower air pressure at high altitudes can have an impact on battery performance and failure rates. Here's a breakdown of the various factors involved in this scenario:

1. Component: The electric battery is the main component of interest. It consists of several subcomponents, including the anode, cathode, electrolyte, and separator.
2. Subcomponent: For this scenario, the most relevant subcomponents are the electrodes (anode and cathode) and the electrolyte. These components are responsible for the flow of electrical charge within the battery.
3. Failure mode: A failure mode is a particular manner in which a component fails to perform its intended function. For batteries, some common failure modes include:
* Capacity fade: A reduction in the battery's energy storage capacity over time
* Increased internal resistance: An increase in the resistance of the battery, leading to reduced efficiency and power output
* Electrolyte dry-out: The loss of electrolyte due to evaporation, which can lead to a loss of battery capacity
* Thermal runaway: An uncontrolled increase in temperature within the battery, which can lead to a fire or explosion
1. Failure reason: The reasons for these failure modes can include:
* Degradation mechanisms: These are processes that cause the battery to degrade over time, reducing its performance and increasing the likelihood of failure. Examples include:
* Degradation of the electrodes: The anode and cathode can degrade due to a variety of factors, including chemical reactions, mechanical stress, and temperature fluctuations.
* Degradation of the electrolyte: The electrolyte can degrade due to chemical reactions, leading to a loss of conductivity and an increase in internal resistance.
* Environmental factors: External factors such as temperature, humidity, and air pressure can all impact battery performance and failure rates. At high altitudes, lower air pressure can lead to a decrease in the boiling point of the electrolyte, which can increase the rate of evaporation and lead to a loss of battery capacity.
* Operational factors: The way in which the battery is used can also impact its performance and failure rates. For example, frequent charging and discharging can lead to an increase in internal",1
Can you explain the impact of extreme temperatures on the lifespan and performance of electric battery systems?,"
Certainly! As a reliability engineer with expertise in failure modes and effects analysis (FMEA), I will provide an analysis of the impact of extreme temperatures on the lifespan and performance of electric battery systems.

Asset Class: Electric Battery System
Component: Battery Cells
Subcomponent: Anode, Cathode, and Electrolyte

Failure Modes:

1. Reduced capacity due to loss of active material from the electrodes
2. Increased internal resistance due to the growth of the solid electrolyte interphase (SEI) layer
3. Thermal runaway causing a fire or explosion

Failure Reasons:

1. Prolonged exposure to extreme temperatures, leading to accelerated degradation of the electrodes and electrolyte
2. High charging rates at low temperatures, causing lithium plating on the anode and increasing internal resistance
3. Exceeding the maximum allowable cell temperature, leading to thermal runaway

Failure Codes:

1. Reduced capacity: SOH (State of Health) < 80%
2. Increased internal resistance: R > 20% of initial value
3. Thermal runaway: T > Maximum allowable temperature

Degradation Mechanisms:

1. Electrode degradation: At elevated temperatures, the electrolyte can decompose, leading to the formation of a solid electrolyte interphase (SEI) layer on the anode. This layer can grow over time, increasing the internal resistance of the cell and reducing its capacity.
2. Electrolyte degradation: At low temperatures, the electrolyte can become too viscous to effectively transport lithium ions, leading to a decrease in capacity. At high temperatures, the electrolyte can decompose, releasing gases that can cause swelling and internal short circuits.
3. Thermal runaway: If the temperature of the cell exceeds the maximum allowable temperature, a thermal runaway can occur. This can be caused by external factors such as a short circuit or overcharging, or by internal factors such as the decomposition of the electrolyte.

Severity:

1. Reduced capacity: Moderate to High, depending on the severity",1
Are there any specific sensors or measurements that are critical for detecting anomalies in the battery system?,"
Yes, there are several critical sensors and measurements for detecting anomalies in an electric battery system. These include:

1. Voltage sensors: These sensors measure the voltage of each individual cell and the overall battery pack. A sudden drop or rise in voltage can indicate a failure or degradation mechanism.

2. Current sensors: These sensors measure the current flowing in and out of the battery. Abnormal current levels can indicate an internal failure or an issue with the battery management system.

3. Temperature sensors: These sensors measure the temperature of the individual cells and the overall battery pack. Overheating or overcooling can indicate a failure or degradation mechanism.

4. SoH (State of Health) sensors: These sensors measure the overall health of the battery, including its capacity and internal resistance. A decrease in SoH can indicate a failure or degradation mechanism.

5. Cell Balance sensors: These sensors measure the balance of charge between the individual cells in the battery pack. An imbalance can indicate a failure or degradation mechanism.

6. Communication sensors: These sensors monitor the communication between the battery management system and the individual cells. A loss of communication can indicate a failure or degradation mechanism.

7. Vibration sensors: These sensors measure the vibration of the battery pack. Abnormal vibration can indicate a failure or degradation mechanism.

8. Humidity and moisture sensors: These sensors measure the humidity and moisture levels around the battery. High levels of humidity and moisture can indicate a failure or degradation mechanism.

These sensors and measurements can help to detect anomalies in the battery system, such as:

* Cell failure
* Degradation mechanisms such as capacity fade, increased internal resistance, and thermal runaway
* Abnormal operating conditions such as overcharging, overdischarging, and overheating
* Communication issues between the battery management system and the individual cells
* Vibration issues
* Humidity and moisture issues

The severity of these anomalies can be determined using failure modes and effect analysis (FMEA) and the ability to detect them before they happen can be improved by implementing preventive maintenance strategies such as regular inspections, monitoring, and testing.

It's important to note that the specific sensors and measurements required",1
How can the efficiency of battery systems be improved through monitoring and predictive maintenance strategies?,"
To improve the efficiency of battery systems through monitoring and predictive maintenance strategies, a reliability engineer can perform the following tasks:

1. Component and Subcomponent Identification: Identify the key components of the battery system such as the cells, battery management system, thermal management system, and mechanical components.

2. Failure Modes and Effects Analysis (FMEA): Perform an FMEA to identify potential failure modes, failure reasons, and their effects on the battery system. Some common failure modes for battery systems include:

* Cell failure due to degradation mechanisms such as thermal runaway, aging, and degradation of the electrolyte.
* Battery management system failure due to software errors, communication issues, or sensor failures.
* Thermal management system failure due to inadequate cooling or heating, leading to overheating or freezing of the cells.
* Mechanical failure due to vibration, shock, or other external factors.

3. Failure Codes and Degradation Mechanisms: Identify the failure codes and degradation mechanisms associated with each failure mode. For example, thermal runaway may be caused by a failure code such as ""overcharge"" or ""overdischarge,"" while degradation of the electrolyte may be caused by a failure code such as ""aging.""

4. Severity and Ability to Detect: Determine the severity of each failure mode and the ability to detect it before it happens. For example, a cell failure due to thermal runaway may be a high severity failure, but it may be difficult to detect before it happens. On the other hand, a battery management system failure due to a software error may be a lower severity failure, but it may be easier to detect and correct through regular software updates and monitoring.

5. Monitoring and Predictive Maintenance Strategies: Implement monitoring and predictive maintenance strategies to detect and prevent failures before they happen. This can include:

* Regular monitoring of cell voltage, current, and temperature to detect signs of thermal runaway or degradation.
* Regular software updates and monitoring of the battery management system to detect and correct software errors.
* Regular inspection and maintenance of the thermal management system to ensure adequate cooling or heating.
* Regular inspection and maintenance of mechanical components to detect and correct any issues before they lead to failure",1
What are the current methods used for monitoring these key parameters and metrics in electric battery systems?,"
For monitoring key parameters and metrics in electric battery systems, there are several methods currently used by reliability engineers:

1. Battery Management Systems (BMS): A BMS is a critical component of an electric battery system that monitors and manages the battery's state of charge, voltage, current, and temperature. The BMS can detect and diagnose battery failures, predict battery life, and manage charging and discharging to prolong battery life.
2. Sensor Technology: Sensors can be used to monitor various parameters of the battery, such as voltage, current, temperature, and impedance. These sensors can provide real-time data on the battery's condition and detect any anomalies that may indicate a potential failure.
3. Data Analytics: Advanced data analytics techniques, such as machine learning algorithms, can be used to analyze the data collected from the battery sensors. These techniques can help to identify patterns and trends in the data, predict battery failures, and optimize battery performance.
4. Post-Mortem Analysis: Post-mortem analysis of failed batteries can provide valuable insights into the causes of failure and help to identify potential improvements in battery design and manufacturing processes.
5. Accelerated Life Testing: Accelerated life testing involves subjecting batteries to stressful conditions, such as high temperatures and high charging/discharging rates, to induce failures and study their causes. This information can be used to improve battery design and increase reliability.
6. FMEA (Failure Modes and Effects Analysis): FMEA is a systematic method used to identify potential failure modes in a system, assess their impact on system performance, and develop strategies to prevent or mitigate their effects. In the context of electric battery systems, FMEA can be used to identify potential failure modes, such as thermal runaway, and develop strategies to prevent or mitigate their effects.

In summary, monitoring key parameters and metrics in electric battery systems involves a combination of sensor technology, data analytics, post-mortem analysis, accelerated life testing, and FMEA. By using these methods, reliability engineers can detect potential failures before they occur, predict battery life, and optimize battery performance.",1
What are the most common failure modes and degradation mechanisms in the subcomponents of an electric battery?,"As a reliability engineer, I will provide information on the most common failure modes, degradation mechanisms, failure codes, and other relevant details for the subcomponents of an electric battery.

1. Subcomponent: Cells
Failure Mode: Capacity fade
Degradation Mechanism: Degradation of the anode and cathode materials due to repeated charge-discharge cycles, leading to a decrease in the battery's energy storage capacity.
Failure Code: E001
Severity: High
Ability to Detect: Can be detected through regular capacity testing and monitoring of the battery management system (BMS).

2. Subcomponent: Electrolyte
Failure Mode: Electrolyte dry-out
Degradation Mechanism: Evaporation or leakage of the electrolyte, leading to reduced ionic conductivity and decreased battery performance.
Failure Code: E002
Severity: High
Ability to Detect: Can be detected through regular visual inspections and monitoring of the battery's internal resistance.

3. Subcomponent: Current Collector
Failure Mode: Current collector corrosion
Degradation Mechanism: Chemical reaction between the current collector and the electrolyte, leading to corrosion and reduced electrical conductivity.
Failure Code: E003
Severity: Medium
Ability to Detect: Can be detected through regular visual inspections and monitoring of the battery's internal resistance.

4. Subcomponent: Separator
Failure Mode: Separator puncture
Degradation Mechanism: Physical damage to the separator, leading to internal short circuits and decreased battery performance.
Failure Code: E004
Severity: High
Ability to Detect: Can be detected through regular visual inspections and monitoring of the battery's internal resistance.

5. Subcomponent: Battery Management System (BMS)
Failure Mode: Communication failure
Degradation Mechanism: Failure of the BMS to communicate with other system components, leading to decreased battery performance and safety risks.
Failure Code: E005
Severity: Medium
Ability to Detect: Can be detected through regular communication tests and monitoring of the BMS.

Note: The severity and",1
How can we ensure the safe and efficient operation of electric battery systems through predictive maintenance?,"To ensure the safe and efficient operation of electric battery systems through predictive maintenance, a reliability engineer can utilize failure modes and effects analysis (FMEA) to identify potential failure modes, failure reasons, failure codes, degradation mechanisms, severity, and detectability of the failures in the electric battery and its components. Here's a general overview of the process:

1. **Component Identification**: Identify the major components of the electric battery system, such as the cathode, anode, separator, electrolyte, current collectors, and battery management system (BMS).
2. **Failure Mode Identification**: Identify potential failure modes for each component. For example, for the cathode, potential failure modes could include cracking, delamination, or corrosion.
3. **Failure Reason Identification**: Identify the potential reasons for each failure mode. For example, the failure reason for cracking in the cathode could be due to mechanical stress or thermal cycling.
4. **Failure Code Identification**: Assign a failure code to each failure mode. This could be based on industry standards, such as the International Electrotechnical Commission (IEC) or the National Electrical Manufacturers Association (NEMA).
5. **Degradation Mechanism Identification**: Identify the degradation mechanisms that could lead to each failure mode. For example, the degradation mechanism for delamination in the cathode could be due to the formation of interphases or the presence of impurities.
6. **Severity and Detectability Identification**: Determine the severity and detectability of each failure mode. This can be based on a rating system, such as 1-10, where 1 is minimal and 10 is catastrophic. For example, a catastrophic failure mode could be a short circuit in the battery, while a minimal failure mode could be a slight decrease in battery capacity.
7. **Preventive Maintenance**: Based on the FMEA, develop a predictive maintenance plan that includes regular inspections, testing, and maintenance activities to detect and address potential failure modes before they occur. This could include:
	* Regular visual inspections of the battery components
	* Monitoring battery voltage, current, and temperature
	* Performing regular battery imped",1
"What are the common causes of Fault Detection and Isolation (FDI) failures in BMS, and how are they addressed?","
In a battery management system (BMS) for an electric battery, there are several common causes of Fault Detection and Isolation (FDI) failures. Some of the most common causes include:

1. Sensor failure: The sensors in a BMS are responsible for measuring various parameters such as voltage, current, and temperature. Failure of these sensors can result in incorrect measurements and FDI failures. To address this, regular calibration and testing of sensors should be performed.

2. Communication failure: The BMS relies on communication between various components to function properly. Failure of communication channels can result in FDI failures. To address this, regular testing and maintenance of communication channels should be performed.

3. Software bugs: The BMS relies on complex software algorithms to perform FDI. Bugs in this software can result in FDI failures. To address this, regular software updates and testing should be performed.

4. Degradation Mechanisms: Over time, the components of the BMS can degrade due to factors such as temperature, humidity, and vibration. This can result in FDI failures. To address this, regular preventive maintenance and replacement of degraded components should be performed.

5. Human error: Human error during installation, operation, or maintenance of the BMS can result in FDI failures. To address this, proper training and procedures should be in place.

6. Power supply failure: The BMS requires a stable power supply to function properly. Failure of the power supply can result in FDI failures. To address this, regular testing and maintenance of the power supply should be performed.

The severity of FDI failures in a BMS can range from minor issues that do not affect system performance, to major issues that can cause the entire system to fail. The ability to detect these failures before they happen can be addressed through regular monitoring, testing, and maintenance of the BMS and its components.

It is important to note that the specific causes and solutions for FDI failures in a BMS can vary depending on the specific design and application of the system. A detailed FMEA should be performed to identify the specific failure modes, causes, and effects for a given BMS.",1
Can you provide more details on the degradation mechanisms of RFID systems and how they can lead to failures?,"
certainly! An electric battery, such as those used in RFID (Radio-Frequency Identification) systems, is a complex device with many components that can fail and lead to degradation in the battery's performance. Here are some common degradation mechanisms and failure modes for batteries in RFID systems:

1. **Capacity fade:** This is a decrease in the battery's ability to store and deliver electrical energy. It can be caused by a number of factors, including:
	* **Depletion of active material:** Over time, the active material in the battery can become depleted, leading to a decrease in capacity.
	* **Increased internal resistance:** As the battery ages, the internal resistance can increase, which reduces the amount of current that can be delivered to the load.
	* **Electrolyte decomposition:** Over time, the electrolyte in the battery can break down, which can lead to a decrease in capacity.
2. **Voltage decay:** This is a decrease in the battery's voltage over time. It can be caused by:
	* **Depletion of active material:** As the active material in the battery is depleted, the voltage will decrease.
	* **Increased internal resistance:** An increase in internal resistance can cause the voltage to drop under load.
	* **Electrolyte evaporation:** If the battery is exposed to high temperatures, the electrolyte can evaporate, which can lead to a decrease in voltage.
3. **Shortened cycle life:** The cycle life of a battery is the number of cycles it can deliver before its capacity drops to a specified level. Common causes of shortened cycle life include:
	* **High charge/discharge rates:** Rapid charging and discharging can cause the battery to degrade faster.
	* **High temperature:** Exposure to high temperatures can accelerate the degradation of the battery.
	* **Shallow discharge cycles:** Frequent shallow discharges can lead to a decrease in the battery's cycle life.
4. **Safety issues:** Batteries can pose safety risks if they are not handled and maintained properly. Common safety issues include:
	* **Thermal runaway:** This is a condition where the battery's temperature increases rapidly, leading",1
What are the challenges in predicting and preventing battery failures in different types of electric assets?,"When it comes to electric batteries, there are several challenges in predicting and preventing failures in different types of electric assets. Here are some of the key challenges:

1. Complexity of battery systems: Battery systems can be quite complex, consisting of multiple cells, modules, and subsystems. Each of these components can fail in different ways, and identifying the specific failure mode can be challenging.
2. Heterogeneity of battery cells: Batteries used in electric assets can be made up of cells from different manufacturers or batches, with varying characteristics and performance. This heterogeneity can make it difficult to predict and prevent failures, as different cells may have different failure modes and mechanisms.
3. Degradation mechanisms: Batteries can degrade over time due to a variety of mechanisms, including thermal stress, electrical stress, and chemical degradation. These degradation mechanisms can be difficult to measure and predict, making it challenging to prevent failures.
4. Limited sensing capabilities: Batteries typically have limited sensing capabilities, making it difficult to monitor their health and detect failures before they occur. This is particularly challenging in large-scale battery systems, where individual cell-level monitoring may not be feasible.
5. Lack of standardization: There is a lack of standardization in the design, manufacturing, and testing of batteries used in electric assets. This can make it difficult to compare and analyze data from different sources, and to develop generalizable predictive models for battery failure.
6. Cost constraints: Predictive maintenance and failure prevention measures for batteries can be costly, particularly in large-scale battery systems. This can make it challenging to justify the investment in these measures, particularly if the risk of failure is perceived to be low.

To address these challenges, a reliability engineer performing a failure modes and effects analysis (FMEA) for electric battery assets would need to consider the following factors:

1. Component and subcomponent level analysis: The FMEA should identify the specific components and subcomponents of the battery system that are most likely to fail, and the specific failure modes and mechanisms associated with each component.
2. Degradation mechanisms: The FMEA should consider the various degradation mechanisms that can affect battery performance and longevity, and develop strategies to monitor and mitigate these mechanisms.
3. Sensing capabilities: The FMEA",1
What are the specific sensor data points that are critical for predictive maintenance of the battery system?,"For predictive maintenance of a battery system, the following sensor data points are critical:

1. Voltage: Monitoring the voltage of each cell in the battery system is crucial to detect any abnormalities that could indicate a failure mode. Voltage deviations can indicate a variety of issues, such as a loose connection, a damaged cell, or an imbalance in the battery pack.

2. Current: Monitoring the current flowing in and out of the battery system is essential to detect any abnormalities that could indicate a failure mode. Current spikes or dips can indicate a variety of issues, such as a high impedance connection, a damaged cell, or an internal short circuit.

3. Temperature: Monitoring the temperature of the battery cells, as well as the battery management system (BMS) and surrounding environment, is critical to detect any abnormalities that could indicate a failure mode. Elevated temperatures can indicate a variety of issues, such as an internal short circuit, a damaged cell, or a malfunctioning BMS.

4. Internal Resistance: Monitoring the internal resistance of the battery cells is essential to detect any abnormalities that could indicate a failure mode. An increase in internal resistance can indicate a variety of issues, such as a damaged cell, an internal short circuit, or an aging battery.

5. State of Charge (SoC): Monitoring the state of charge of the battery system is critical to detect any abnormalities that could indicate a failure mode. An inaccurate SoC reading can indicate a variety of issues, such as a malfunctioning BMS, a damaged cell, or a communication failure.

6. Cell Balance: Monitoring the balance of the battery cells in the battery system is essential to detect any abnormalities that could indicate a failure mode. An imbalance in the battery cells can indicate a variety of issues, such as a damaged cell, a malfunctioning BMS, or an aging battery.

7. Communication: Monitoring the communication between the BMS and other components in the battery system is critical to detect any abnormalities that could indicate a failure mode. A loss of communication can indicate a variety of issues, such as a malfunctioning BMS, a damaged connection, or a communication failure.

8. Vibration: Monitoring the vibration of the",1
What measures can be taken to mitigate the effects of lithium plating on power fade in electric batteries?,"Lithium plating is a failure mode in electric batteries, specifically in lithium-ion batteries, which can lead to power fade. Lithium plating occurs when lithium ions plate onto the anode instead of inserting themselves into the anode's crystalline structure. This can be caused by several factors, including high charging currents, low temperatures, and high levels of cycling. The effects of lithium plating can be mitigated through several measures:

1. Proper charging practices: Lithium plating can be minimized by using a charging current that is no more than 1C (where C is the battery's capacity in ampere-hours). This helps to ensure that the lithium ions have enough time to insert themselves into the anode's crystalline structure.
2. Temperature control: Lithium plating is more likely to occur at low temperatures. Therefore, it is important to maintain the battery at an optimal temperature range, typically between 15°C and 35°C. This can be achieved through the use of thermal management systems, such as cooling systems and insulation.
3. Surface modification: Modifying the surface of the anode can help to reduce lithium plating. For example, the use of surface coatings or additives can help to improve the wettability of the anode, making it easier for the lithium ions to insert themselves into the crystalline structure.
4. Battery management systems (BMS): A BMS can monitor the battery's state of charge, state of health, and other key parameters. This can help to prevent overcharging and over-discharging, which can lead to lithium plating.
5. Regular maintenance: Regular maintenance, such as cleaning and inspections, can help to detect any signs of lithium plating before they become a major issue. This can include visual inspections, as well as the use of diagnostic tools, such as X-ray computed tomography (CT) scanning.
6. Preventive maintenance: Preventive maintenance, such as replacing the electrolyte or balancing the cells, can help to prevent lithium plating. This can be done as part of a regular maintenance schedule, or on an as-need",1
How does the voltage limit impact the overall performance of an electric battery in a vehicle application?,"
For an electric battery in a vehicle application, voltage limit plays a critical role in determining the overall performance of the battery. The voltage limit is the maximum voltage that the battery can safely operate at without experiencing damage or reduced lifespan. Exceeding the voltage limit can cause the battery to overheat, leading to thermal runaway and potentially causing a fire or explosion.

Failure modes and effects analysis (FMEA) of an electric battery in a vehicle application can help identify the potential failure modes, failure reasons, and degradation mechanisms associated with voltage limit. The following table provides an example of an FMEA analysis for an electric battery in a vehicle application:

| Component/Subcomponent | Failure Mode | Failure Reason | Failure Code | Degradation Mechanism | Severity | Ability to Detect |
| --- | --- | --- | --- | --- | --- | --- |
| Battery Voltage Regulator | Overvoltage | Faulty voltage regulator | F-001 | Electrical | 10 | High |
| Battery Voltage Regulator | Undervoltage | Faulty voltage regulator | F-002 | Electrical | 8 | High |
| Battery Cells | Overvoltage | Faulty battery management system | F-003 | Electrochemical | 9 | Medium |
| Battery Cells | Undervoltage | Faulty battery management system | F-004 | Electrochemical | 9 | Medium |
| Battery Cells | Overheating | Exceeding voltage limit | F-005 | Thermal | 10 | Low |
| Battery Cells | Degradation | Exceeding voltage limit | F-006 | Electrochemical | 7 | High |

In this table, the severity rating is based on a scale of 1 to 10, with 10 being the most severe. The ability to detect the failure mode is rated as low, medium, or high, based on the ease of detecting the failure mode before it causes a failure.

Exceeding the voltage limit can cause the battery cells to overheat, leading to thermal runaway and potentially causing a fire or explosion. This is a catastroph",1
How does temperature significantly affect the rate of capacity fade and power fade in electric batteries?,"
When it comes to electric batteries, temperature is a critical factor that can significantly affect the rate of capacity fade and power fade. In order to provide a comprehensive failure modes and effects analysis (FMEA) for an electric battery, I will break down the various components, subcomponents, failure modes, failure reasons, failure codes, degradation mechanisms, severity, and detectability of the issues prior to failure.

Component: Electric Battery
Subcomponent: Cathode, Anode, and Electrolyte

1. Capacity Fade:
Failure Mode: Reduced Battery Capacity
Failure Reason: Temperature affects the rate of capacity fade in electric batteries due to the degradation mechanisms that occur in the cathode, anode, and electrolyte. Elevated temperatures can accelerate the degradation of the cathode and anode materials, leading to a decrease in the overall battery capacity.

Failure Code: CF (Capacity Fade)
Degradation Mechanism:
a. Cathode degradation: The cathode in electric batteries is typically made of lithium nickel manganese cobalt oxide (LiNiMnCoO2, or NMC) or lithium iron phosphate (LiFePO4, or LFP). Elevated temperatures can lead to the degradation of these materials, resulting in a decrease in the number of active lithium ions available for charge and discharge. This results in a lower overall battery capacity.
b. Anode degradation: The anode in electric batteries is typically made of carbon-based materials. Elevated temperatures can lead to the formation of solid electrolyte interphase (SEI) on the anode surface, which can thicken over time and reduce the number of active sites available for charge and discharge. This results in a lower overall battery capacity.
c. Electrolyte degradation: The electrolyte in electric batteries is typically a liquid or gel that facilitates the flow of lithium ions between the cathode and anode. Elevated temperatures can lead to the degradation of the electrolyte, resulting in the formation of side reactions that consume active lithium ions and reduce the overall battery capacity.

Severity: High
Ability",1
Can you explain the consequences of exceeding the maximum temperature threshold in a lithium-ion battery?,"
Certainly, I'd be happy to explain the consequences of exceeding the maximum temperature threshold in a lithium-ion battery.

Component/Subcomponent: Lithium-ion battery cells
Failure Mode: Overheating
Failure Reason: Exceeding the maximum temperature threshold
Failure Code: TH-MAX
Degradation Mechanism: The degradation mechanism in this case is thermal runaway, which is a process that begins with an increase in temperature due to an internal short circuit or overcharging. This increase in temperature causes the electrolyte in the battery to decompose, releasing gases that further increase the internal pressure. This can lead to a chain reaction that causes the battery to rapidly heat up and potentially catch fire or explode.

Severity: The severity of exceeding the maximum temperature threshold in a lithium-ion battery is high, as it can lead to catastrophic failures such as fire or explosion. These failures can result in significant property damage, personal injury, or even death.

Ability to Detect: The ability to detect exceeding the maximum temperature threshold in a lithium-ion battery is moderate. Battery management systems (BMS) are typically used to monitor the temperature of the battery cells and prevent overcharging or overheating. However, if the BMS fails or is not properly designed, it may not be able to detect an impending thermal runaway event.

Preventive Maintenance: To prevent exceeding the maximum temperature threshold in a lithium-ion battery, it is important to properly design and maintain the BMS to ensure that it can accurately monitor the temperature of the battery cells. Additionally, it is important to avoid overcharging or deep discharging the battery, as these can increase the risk of thermal runaway. Regular maintenance and inspections of the battery and BMS can also help to detect any potential issues before they become catastrophic.",1
What are the specific degradation mechanisms that can lead to failure modes in electric battery systems?,"As a reliability engineer, I will provide information on the failure modes, failure reasons, and degradation mechanisms of electric battery systems, along with the associated failure codes, severity, and detectability.

1. Failure Mode: Capacity Fade
Degradation Mechanism:
a. Increased internal resistance due to the formation of solid-electrolyte interphase (SEI) layer
b. Lithium plating on the anode
c. Loss of active material due to electrolyte decomposition
d. Mechanical degradation due to volume changes during charge/discharge cycles
Failure Reason: Prolonged use, high charge/discharge rates, and high temperatures
Failure Code: E01x (x refers to the specific root cause)
Severity: High (reduced range and/or reduced lifespan)
Ability to Detect: Moderate (can be detected through capacity testing and impedance spectroscopy)

2. Failure Mode: Thermal Runaway
Degradation Mechanism:
a. Exothermic reactions due to overcharging or short-circuit
b. Electrolyte decomposition and gas generation
c. Thermal propagation to adjacent cells
Failure Reason: Overcharging, short-circuit, or manufacturing defects
Failure Code: E02x
Severity: Very High (risk of fire or explosion)
Ability to Detect: Low (early detection is challenging, but monitoring of temperature and voltage can help)

3. Failure Mode: Loss of Insulation Resistance
Degradation Mechanism:
a. Electrolyte dry-out
b. Formation of dendrites
c. Increased internal resistance
Failure Reason: Prolonged use, high temperatures, or manufacturing defects
Failure Code: E03x
Severity: Moderate (risk of short-circuit and reduced performance)
Ability to Detect: Moderate (can be detected through insulation resistance testing)

4. Failure Mode: Mechanical Failure
Degradation Mechanism:
a. Crushing or deformation of the battery casing
b. Separation of the electrodes from the current collector
Failure Reason: Mechanical",1
Can you provide more information on how battery age affects the performance and potential failure modes?,"
Certainly! As an expert in failure modes and effect analysis (FMEA) of asset reliability, I will provide a failure analysis of an aging electric battery, including its components, subcomponents, failure modes, failure reasons, failure codes, degradation mechanisms, and the severity and detectability of the failures.

An electric battery is a collection of cells that convert chemical energy into electrical energy. As the battery ages, its performance can degrade due to a variety of factors, including:

Component: Battery cell
Subcomponent: Electrodes, separator, electrolyte
Failure Mode: Capacity fade, increased internal resistance, loss of insulation, thermal runaway
Failure Reason: Degradation of the electrodes, separator, and electrolyte due to usage, storage, and environmental conditions
Failure Code: Battery Management System (BMS) error codes, such as overvoltage, undervoltage, overcurrent, and overtemperature
Degradation Mechanism:

1. Electrode degradation: The electrodes, which are made of materials such as lithium cobalt oxide, lithium manganese oxide, or lithium iron phosphate, can degrade due to side reactions, corrosion, and mechanical stress. This can lead to a decrease in the battery's capacity and an increase in its internal resistance.
2. Separator degradation: The separator, which prevents the electrodes from coming into contact with each other, can degrade due to mechanical stress, chemical reactions, and thermal degradation. This can lead to a loss of insulation and a short circuit between the electrodes.
3. Electrolyte degradation: The electrolyte, which is a liquid or gel that facilitates the flow of ions between the electrodes, can degrade due to chemical reactions, contamination, and thermal degradation. This can lead to a decrease in the battery's conductivity and an increase in its internal resistance.

Severity: The severity of the failure modes can range from a decrease in the battery's performance to a catastrophic failure, such as thermal runaway, which can cause a fire or explosion.

Ability to Detect: The ability to detect the failure modes depends on the",1
How can we develop effective strategies to predict and prevent failures in the electric battery system?,"
To develop effective strategies to predict and prevent failures in an electric battery system, a reliability engineer can follow these steps:

1. Asset Information Gathering:
Gather detailed information about the electric battery system, including its components, sub-components, and their functions. This information will help in identifying the various failure modes and their effects.

2. Failure Modes and Effects Analysis (FMEA):
Perform FMEA to identify the possible failure modes, their causes, and the effects of such failures on the battery system. This process involves:

* Identifying the battery components and sub-components, such as the cathode, anode, electrolyte, separator, current collectors, and casing.
* Identifying the possible failure modes, such as thermal runaway, short-circuit, open-circuit, and capacity fade.
* Identifying the causes of failure, such as overcharging, over-discharging, high temperature, and manufacturing defects.
* Assigning a severity level to each failure mode based on its impact on the battery system's performance and safety.
* Determining the likelihood of detection of each failure mode before it occurs, based on the available monitoring and diagnostic techniques.

3. Failure Codes and Degradation Mechanisms:
Identify the failure codes and degradation mechanisms associated with each failure mode. Failure codes can include electrical, thermal, mechanical, or chemical failures. Degradation mechanisms can include corrosion, fatigue, and aging.

4. Preventive Maintenance:
Develop a preventive maintenance program to detect and prevent battery failures before they occur. This program can include:

* Regular inspection and testing of the battery system to detect any signs of degradation or damage.
* Monitoring the battery system's operating conditions, such as temperature, voltage, and current, to ensure they are within the recommended limits.
* Implementing a charging and discharging protocol to prevent overcharging or over-discharging.
* Performing regular maintenance tasks, such as cleaning, lubrication, and replacement of worn-out parts.

5. Predictive Maintenance:
Implement predictive maintenance techniques to monitor the battery system's health and predict potential failures. This can include:
",1
How do battery management systems play a role in preventing battery failures and improving performance?,"
As a reliability engineer, I will provide a failure modes and effects analysis (FMEA) for an electric battery, including information about the battery's components, subcomponents, failure modes, failure reasons, failure codes, degradation mechanisms, severity, and ability to detect them before they happen via preventive maintenance. I will also discuss the role of battery management systems (BMS) in preventing battery failures and improving performance.

Battery Components and Subcomponents:

1. Anode: The negative electrode made of carbon or copper, coated with a thin layer of active material, typically graphite.
2. Cathode: The positive electrode made of lithium metal oxide or lithium iron phosphate.
3. Separator: A thin porous membrane that prevents the anode and cathode from coming into direct contact.
4. Electrolyte: A liquid or gel that facilitates the flow of ions between the anode and cathode.
5. Current collector: A conductor that collects and distributes the electrical current within the battery.
6. Battery Management System (BMS): An electronic system that monitors and manages the battery's operation, including charging, discharging, and thermal management.

Failure Modes, Reasons, and Codes:

1. Failure Mode: Short Circuit
Failure Reason: Separator failure, dendrite growth, or manufacturing defects.
Failure Code: S
Degradation Mechanism: Electrochemical reduction of the electrolyte, leading to the growth of lithium dendrites that can pierce the separator and cause a short circuit.
Severity: High
Ability to Detect: Moderate

2. Failure Mode: Capacity Fade
Failure Reason: Degradation of the anode or cathode, electrolyte degradation, or mechanical stress.
Failure Code: F
Degradation Mechanism: Electrochemical degradation of the anode or cathode, leading to a decrease in the battery's energy storage capacity.
Severity: Moderate
Ability to Detect: High

3. Failure Mode: Open Circuit
Failure Reason: Separator failure, mechanical",1
What are the common causes of thermal runaway in electric battery systems and how can it be prevented?,"
As a reliability engineer, I will provide information about the failure modes and effects analysis (FMEA) of thermal runaway in electric battery systems.

**Component/Subcomponent:** Electric Battery System

**Failure Mode:** Thermal Runaway

**Failure Reason:** Thermal runaway is a failure mode that occurs when an increase in temperature causes a further increase in temperature, leading to a destructive reaction. In electric battery systems, thermal runaway can be caused by:

1. Internal short circuits due to manufacturing defects or damage during use
2. Overcharging or overdischarging of the battery
3. External heating or fire exposure
4. High ambient temperature
5. Excessive current density
6. Lack of proper thermal management

**Failure Code:** TR (Thermal Runaway)

**Degradation Mechanism:** The degradation mechanism for thermal runaway in electric battery systems includes chemical reactions that release heat, such as exothermic reactions between the electrolyte and the electrode materials. These reactions can be triggered by the failure reasons listed above.

**Severity:** The severity of thermal runaway in electric battery systems is high, as it can lead to a fire or explosion, causing damage to the surrounding area and posing a risk to personnel.

**Ability to Detect:** Thermal runaway can be detected through the use of temperature sensors and thermal management systems. Preventive maintenance measures, such as regular inspections and monitoring of battery temperature and voltage, can help detect early signs of thermal runaway and prevent it from escalating.

**Prevention:** To prevent thermal runaway in electric battery systems, the following measures can be taken:

1. Proper thermal management, such as cooling systems and insulation, to maintain a stable battery temperature
2. Regular inspections and monitoring of battery temperature and voltage
3. Use of safe battery designs and materials
4. Use of battery management systems (BMS) to prevent overcharging and overdischarging
5. Proper handling and storage of batteries to prevent damage during use
6. Regular maintenance and replacement of battery components as needed.

By implementing these measures, the risk of thermal runaway in electric battery systems can be significantly reduced, ensuring safe and reliable operation.",1
Can you discuss the communication errors that can cause the BMS to fail and how they can be prevented?,"Sure, I'd be happy to help!

An electric battery management system (BMS) is a critical component of an electric battery system, as it monitors and controls various aspects of the battery's performance, such as voltage, current, and temperature. Communication errors between the BMS and other components can cause the BMS to fail, leading to potential safety issues or decreased performance of the battery system.

Here are some common communication errors that can cause the BMS to fail, along with their failure modes, reasons, codes, degradation mechanisms, severity, and detectability:

1. **Failure mode:** Loss of communication between the BMS and the battery cells
   **Failure reason:** Damaged or corroded wiring, loose connections, or faulty communication components
   **Failure code:** E01
   **Degradation mechanism:** Over time, the wiring and connections can degrade due to environmental factors, such as temperature and humidity, leading to increased resistance and potential communication failures.
   **Severity:** High, as this can prevent the BMS from accurately monitoring and controlling the battery cells.
   **Detectability:** This failure mode can be detected through regular inspections of the wiring and connections, as well as through diagnostic tests that monitor the communication signals between the BMS and the battery cells.

2. **Failure mode:** Loss of communication between the BMS and the battery pack
   **Failure reason:** Damaged or corroded wiring, loose connections, or faulty communication components
   **Failure code:** E02
   **Degradation mechanism:** Similar to the previous failure mode, the wiring and connections between the BMS and the battery pack can degrade over time, leading to communication failures.
   **Severity:** High, as this can prevent the BMS from accurately monitoring and controlling the battery system.
   **Detectability:** This failure mode can be detected through regular inspections of the wiring and connections, as well as through diagnostic tests that monitor the communication signals between the BMS and the battery pack.

3. **Failure mode:** Incorrect data transmission between the BMS and other components
   **Failure reason:** Software bugs, firmware issues, or electromagnetic interference (EMI)
   **Failure code:** E03
",1
"What are the potential safety hazards associated with battery failures, and how can they be mitigated?","
For an electric battery, there are several potential safety hazards associated with battery failures. These can include:

1. Thermal runaway: This occurs when an internal short circuit in the battery causes rapid heating and failure, leading to a fire or explosion. This can be caused by a manufacturing defect, damage to the battery, or overcharging.

Mitigation: Use of safe battery designs, such as those with a built-in safety vent, and proper charging practices can help prevent thermal runaway. Regular inspection and maintenance of batteries can also help identify and address any issues before they become a safety hazard.

2. Overheating: Batteries can generate heat during operation, and if not properly managed, this can lead to overheating and failure. This can be caused by a variety of factors, including high current loads, high ambient temperatures, and poor ventilation.

Mitigation: Proper thermal management, such as the use of cooling systems and insulation, can help prevent overheating. Additionally, regular monitoring of battery temperature and current can help identify any issues before they become a safety hazard.

3. Leakage: Batteries can leak electrolyte, which can be harmful if it comes into contact with skin or eyes. This can be caused by damage to the battery, overcharging, or the use of incompatible electrolytes.

Mitigation: Regular inspection and maintenance of batteries can help identify and address any issues before they become a safety hazard. Additionally, the use of proper sealing and containment methods can help prevent leakage.

4. Fire: Batteries can catch fire if they are damaged, overcharged, or if they come into contact with incompatible materials.

Mitigation: Proper charging practices, regular inspection and maintenance, and the use of fire-resistant materials can help prevent battery fires.

5. Explosion: Batteries can explode if they are overcharged, damaged, or if they come into contact with incompatible materials.

Mitigation: Proper charging practices, regular inspection and maintenance, and the use of fire-resistant materials can help prevent battery explosions.

6. Environmental impact: Batteries can contain hazardous materials, such as lead and cadmium, which can be harmful to the environment if",1
What are the specific side reactions that contribute to electrolyte degradation in electric batteries?,"
In an electric battery, the electrolyte is the medium that allows for the flow of electrical charge between the anode and cathode. The specific side reactions that can contribute to electrolyte degradation in electric batteries include:

1. Electrolyte oxidation: This occurs when the electrolyte is exposed to an oxidizing agent, such as the oxygen in the air, leading to the formation of oxidizing species that can degrade the electrolyte.
2. Electrolyte reduction: This occurs when the electrolyte is exposed to a reducing agent, such as the metal of the anode, leading to the formation of reducing species that can degrade the electrolyte.
3. Electrolyte decomposition: This occurs when the electrolyte is subjected to high temperatures, leading to the breakdown of the electrolyte into its component ions.
4. Electrolyte side reactions: These are chemical reactions that occur between the electrolyte and the electrode materials, leading to the formation of by-products that can degrade the electrolyte.
5. Electrolyte evaporation: This occurs when the electrolyte is exposed to high temperatures, leading to the evaporation of the solvent and the subsequent degradation of the electrolyte.
6. Electrolyte freezing: This occurs when the electrolyte is exposed to low temperatures, leading to the freezing of the solvent and the subsequent degradation of the electrolyte.

These side reactions can lead to the degradation of the electrolyte, which can result in a decrease in the battery's capacity, an increase in internal resistance, and ultimately, a decrease in the overall performance and lifespan of the battery.

In terms of failure modes, the degradation of the electrolyte can lead to a number of failure modes, including:

1. Loss of electrolyte: This occurs when the electrolyte is lost through evaporation or leakage, leading to a decrease in the battery's capacity.
2. Electrolyte stratification: This occurs when the electrolyte becomes stratified, leading to a decrease in the battery's capacity and an increase in internal resistance.
3. Electrolyte dry-out: This occurs when the electrolyte is",1
Can you explain how the end-of-life of a battery is determined and how it relates to battery failure?,"Sure, I'd be happy to help explain how the end-of-life of a battery is determined and how it relates to battery failure.

An electric battery typically goes through a series of degradation mechanisms throughout its life, which can eventually lead to its end-of-life. These degradation mechanisms can include:

1. Capacity fade: This is the gradual decrease in the battery's ability to store and deliver electrical energy over time. It is often caused by the formation of solid-electrolyte interphase (SEI) layers on the anode and cathode, which can increase internal resistance and reduce the amount of active material available for charge storage.
2. Power fade: This is the gradual decrease in the battery's ability to deliver high currents over time. It is often caused by the degradation of the anode and cathode materials, which can reduce their electrical conductivity and increase their internal resistance.
3. Electrolyte degradation: This is the degradation of the electrolyte, which can lead to the formation of gas pockets, the loss of electrical contact between the electrodes, and the formation of insulating layers on the electrode surfaces.
4. Mechanical degradation: This is the physical degradation of the battery components, such as the separator, current collectors, and electrode tabs. This can be caused by repeated charge-discharge cycles, high temperature, and mechanical stress.

The end-of-life of a battery is typically determined by its capacity fade, which is measured as the percentage of its initial capacity that it can still deliver. When the battery's capacity falls below a certain threshold, usually around 70-80% of its initial capacity, it is considered to have reached the end of its useful life.

Battery failure, on the other hand, is a more sudden and catastrophic event that can occur before or after the end-of-life. Battery failure can be caused by a variety of factors, including:

1. Overcharging: Charging a battery at a voltage or current that is too high can cause it to overheat, which can lead to thermal runaway and failure.
2. Overdischarging: Discharging a battery at a voltage or current that is too",1
"How do design errors, manufacturing defects, and software bugs contribute to the failure of the BMS?","
When it comes to the failure of a battery management system (BMS) in an electric battery, there are several ways that design errors, manufacturing defects, and software bugs can contribute to the problem. Here's a breakdown of some of the most common failure modes and their causes:

1. Design errors:
* Inadequate cooling systems can cause the BMS to overheat, leading to failure.
* Poor electrical design can result in voltage or current spikes, which can damage the BMS.
* Insufficient protection against electrical transients can cause the BMS to fail.
* Lack of redundancy in the BMS design can lead to a single point of failure.
1. Manufacturing defects:
* Poor quality control during the manufacturing process can result in defective components, which can cause the BMS to fail.
* Incorrect assembly of the BMS can lead to internal damage or failure.
* The use of substandard materials can compromise the reliability of the BMS.
1. Software bugs:
* Incorrect software algorithms can result in the BMS operating outside of its design limits, leading to failure.
* Poor software testing can result in undetected bugs, which can cause the BMS to fail.
* Inadequate software maintenance can result in the BMS becoming outdated and unreliable.

The degradation mechanism of the BMS can be caused by several factors, including:

* High operating temperatures
* Overcharging or deep discharging
* Vibration and shock
* Exposure to moisture or contaminants
* Aging of components

The severity of the failure can range from a minor degradation in performance to a complete system failure. The ability to detect the failure before it happens depends on the effectiveness of the BMS's built-in diagnostic and monitoring capabilities. Preventive maintenance, such as regular software updates, inspections, and testing, can help to detect and prevent failures before they occur.

Failure code for BMS can be defined as:

* Design error: DE
* Manufacturing defect: MD
* Software bug: SB

The severity of the failure can be rated on a scale of 1 to 10, with 10 being the most severe. The ability to detect the failure before it happens can",1
Can you elaborate on the types of computational resources that need to be considered for this model?,"
When performing a failure modes and effects analysis (FMEA) for an electric battery, there are several types of computational resources that need to be considered in order to build an accurate and comprehensive model. These include:

1. Battery Component Data: This includes data on the various components of the battery, such as the cathode, anode, separator, and electrolyte. This data should include information on the materials used, the manufacturing process, and any relevant physical and chemical properties.

2. Failure Mode and Effects Data: This data includes information on the different ways in which each component can fail, as well as the effects of those failures on the overall battery performance. This data can be obtained through a variety of sources, including literature review, testing, and expert opinion.

3. Degradation Mechanism Data: This data includes information on the various degradation mechanisms that can affect the battery, such as thermal degradation, chemical degradation, and mechanical degradation. This data should include information on the rate of degradation, the conditions that promote degradation, and the effects of degradation on battery performance.

4. Failure Code Data: This data includes information on the various failure codes that can be used to classify and track battery failures. This data should include information on the different types of failures, the causes of failures, and the effects of failures.

5. Preventive Maintenance Data: This data includes information on the various preventive maintenance activities that can be used to detect and prevent battery failures. This data should include information on the frequency of maintenance activities, the methods used to perform maintenance, and the effectiveness of maintenance in preventing battery failures.

6. Data Analysis Tools: To analyze the data and build the FMEA model, you will need access to data analysis tools such as spreadsheet software, statistical analysis software, and simulation software.

7. Data Storage and Management: You will also need a secure and reliable method for storing and managing the large amounts of data that will be generated during the FMEA process. This may include the use of a database management system or a cloud-based data storage solution.

8. Communication and Collaboration Tools: Finally, you will need communication and collaboration tools to share the FMEA model and findings with other stakeholders, such as battery manufacturers,",1
What are the most common types of failures or degradation mechanisms observed in the battery system?,"
When it comes to electric batteries, there are several common types of failures or degradation mechanisms that can occur. Some of the most common ones are:

1. **Capacity Fade**: This is a decrease in the battery's ability to hold a charge over time. It can be caused by a number of factors, including the breakdown of the electrolyte, the formation of solid-electrolyte interphase (SEI) layers, or the loss of active material from the electrodes. Capacity fade can be accelerated by high operating temperatures, high charge/discharge rates, and deep discharges.
2. **Voltage Decay**: This is a decrease in the battery's voltage over time, even when it is not being used. It can be caused by a number of factors, including the formation of SEI layers, the growth of internal resistance, or the degradation of the electrolyte. Voltage decay can lead to a decrease in the battery's overall capacity and a decrease in its ability to deliver power.
3. **Increased Internal Resistance**: Over time, the internal resistance of a battery can increase due to factors such as the formation of SEI layers, the growth of microcracks in the electrodes, or the accumulation of impurities in the electrolyte. This can lead to a decrease in the battery's ability to deliver power, as well as an increase in its self-discharge rate.
4. **Thermal Runaway**: This is a catastrophic failure mode that can occur when a battery is subjected to high temperatures or overcharging. It can result in a rapid increase in the battery's temperature, which can lead to the release of flammable or toxic gases, the rupture of the battery casing, or even a fire or explosion.
5. **Corrosion**: This is a failure mode that can occur when the battery's electrodes or other components are exposed to moisture or corrosive substances. It can lead to a decrease in the battery's ability to hold a charge, as well as a decrease in its overall lifespan.

In terms of failure modes and effect analysis (FMEA), the severity of these failures can vary depending on the specific application and operating conditions. For example, a decrease in capacity may be more",1
How does the quality and maintenance of the battery management system impact battery system failure?,"
The battery management system (BMS) is a critical component of an electric battery system, as it is responsible for monitoring and managing the battery's state and health. The quality and maintenance of the BMS can significantly impact battery system failure in the following ways:

* **Component/Subcomponent:** The BMS typically consists of several subcomponents, including a control unit, sensors, and power electronics. Failure of any of these components can lead to BMS failure.
* **Failure Mode:** Common BMS failure modes include communication errors, software bugs, and sensor failures. These failures can result in the BMS being unable to accurately monitor and manage the battery's state, leading to issues such as overcharging or overdischarging.
* **Failure Reason:** BMS failures can be caused by a variety of factors, including poor design, manufacturing defects, and component degradation due to age or usage. Additionally, failures can also be caused by external factors such as electrical interference or damage to the BMS.
* **Failure Code:** The specific failure code for a BMS failure will depend on the specific system and the cause of the failure. Common codes include communication errors, software faults, and sensor faults.
* **Degradation Mechanism:** BMS degradation can occur due to a variety of mechanisms, including thermal stress, electrical stress, and chemical degradation. These mechanisms can lead to issues such as sensor drift, component degradation, and software errors.
* **Severity:** BMS failures can have a wide range of severity, from minor issues that can be easily corrected with a software update, to major failures that can result in battery system failure.
* **Ability to Detect:** Many BMS failures can be detected through regular monitoring and maintenance. This includes checking for communication errors, sensor failures, and software bugs. Additionally, regular testing and diagnostic procedures can also help to detect potential BMS failures before they occur.

In summary, the quality and maintenance of the BMS is crucial for the overall reliability of an electric battery system. Regular monitoring and maintenance can help to detect and prevent BMS failures, reducing the risk of battery system failure.",1
How can a robust risk assessment and management system be implemented for electric battery systems?,"
To implement a robust risk assessment and management system for electric battery systems, I would recommend the following steps:

1. **Asset Identification and Description**: The first step is to identify and describe the electric battery system, including its components and sub-components. This would include details such as the type of battery, its capacity, voltage, and other relevant specifications.

2. **Failure Modes and Effects Analysis (FMEA)**: FMEA is a systematic approach to identify potential failure modes in the battery system, the effects of those failures, and the severity of their impact. This process involves identifying all the components of the battery system, their functions, and the ways in which they can fail. The failure modes can be categorized as follows:

* **Failure Mode**: This refers to the way in which a component or sub-component can fail. Examples of failure modes in a battery system include short-circuit, open-circuit, and thermal runaway.
* **Failure Reason**: This refers to the cause of the failure mode. Failure reasons can be categorized as internal or external. Internal failure reasons include factors such as manufacturing defects, wear and tear, and degradation mechanisms. External failure reasons include factors such as overcharging, over-discharging, and exposure to extreme temperatures.
* **Failure Code**: This refers to the specific code used to identify the failure mode. For example, a short-circuit failure mode might be identified as ""SC.""
* **Degradation Mechanism**: This refers to the process by which the battery system degrades over time, leading to failure. Examples of degradation mechanisms in a battery system include corrosion, thermal degradation, and electrolyte depletion.

3. **Severity and Detectability**: For each failure mode, it is important to determine the severity of its impact and the likelihood of its detection. The severity can be rated on a scale of 1 to 10, with 10 being the most severe. The detectability can also be rated on a scale of 1 to 10, with 10 being the most easily detectable.

4. **Risk Assessment and Management**: Based on the FMEA, a risk assessment can be performed to identify the most critical failure modes. The risk assessment should consider",1
What are the specific factors that contribute to manufacturing defects in electric battery systems?,"When it comes to manufacturing defects in electric battery systems, there are several factors that can contribute to their failure modes and effects:

1. Design defects: Poor design choices, such as using inappropriate materials, inadequate cooling systems, or insufficient insulation, can lead to manufacturing defects in battery systems.
2. Manufacturing defects: Defects in the manufacturing process, such as improper assembly, poor quality control, or the use of substandard materials, can result in manufacturing defects in battery systems.
3. Material defects: Defects in the materials used to manufacture the battery, such as impurities, contamination, or inconsistent properties, can lead to manufacturing defects in battery systems.
4. Operating conditions: Excessive temperature, humidity, vibration, or other environmental factors can exacerbate manufacturing defects in battery systems, leading to premature failure.
5. Lack of maintenance: Inadequate maintenance, such as failure to clean or replace worn-out components, can contribute to manufacturing defects in battery systems.

Failure modes in battery systems can include:

1. Thermal runaway: A rapid, uncontrolled increase in temperature that can lead to fire or explosion.
2. Short circuit: An abnormal current path that can cause overheating, fire, or explosion.
3. Capacity loss: A decrease in the battery's ability to store and deliver energy.
4. Increased impedance: An increase in the resistance of the battery, which can reduce its efficiency and capacity.
5. Mechanical failure: Damage to the battery's physical structure, such as cracking or deformation.

Failure reasons can include:

1. Manufacturing defects: Defects in the manufacturing process, such as poor assembly or the use of substandard materials.
2. Design defects: Poor design choices, such as using inappropriate materials or inadequate cooling systems.
3. Material defects: Defects in the materials used to manufacture the battery, such as impurities or contamination.
4. Operating conditions: Excessive temperature, humidity, vibration, or other environmental factors.
5. Lack of maintenance: Inadequate maintenance, such as failure to clean or replace worn-out components.",1
"How does the Battery Management System (BMS) fail, and what are the common causes of such failures?","As a reliability engineer with expertise in failure modes and effect analysis (FMEA), I will provide an overview of the Battery Management System (BMS) failures, common causes, and the corresponding failure codes, degradation mechanisms, and detection methods.

1. Failure mode: Loss of communication between BMS and other system components
Cause: Damaged wiring, connectors, or communication protocol errors
Failure code: LOC (Loss of Communication)
Degradation mechanism: Corrosion, wear, or mechanical damage
Severity: Moderate (system performance degradation)
Ability to detect: High (regular diagnostics and visual inspections)

2. Failure mode: Inaccurate battery state estimation
Cause: Sensor faults, algorithm errors, or degraded battery components
Failure code: IBE (Inaccurate Battery State Estimation)
Degradation mechanism: Sensor drift, software bugs, or aging cells
Severity: High (reduced battery life, suboptimal performance, or safety risks)
Ability to detect: High (monitoring algorithms, performance metrics, and sensor calibration)

3. Failure mode: Overcharging or overdischarging
Cause: Faulty charge/discharge control, incorrect system settings, or damaged cells
Failure code: OOC (Overcharging/Overdischarging)
Degradation mechanism: Cell degradation, thermal runaway, or reduced battery life
Severity: Very high (safety risks, fire hazards, or complete system failure)
Ability to detect: High (monitoring algorithms, charge/discharge limits, and cell voltage/temperature)

4. Failure mode: Reduced fault tolerance
Cause: Degraded battery cells, insufficient redundancy, or end-of-life conditions
Failure code: RFT (Reduced Fault Tolerance)
Degradation mechanism: Cell aging, wear, or internal short circuits
Severity: Moderate to high (reduced system performance, safety risks, or increased maintenance)
Ability to detect: High (cell monitoring, capacity fade analysis, and preventive maintenance)

5. Failure mode: Environmental damage
Cause: Harsh operating conditions",1
What measures can be taken to prevent RFID tag failures caused by issues related to tag attachment?,"Asset Class: Electric Battery
Asset: RFID (Radio Frequency Identification) Tag

In order to prevent RFID tag failures caused by issues related to tag attachment, the following measures can be taken:

1. Proper attachment method: Select the appropriate attachment method based on the surface material, tag size, and environmental conditions. Common attachment methods include adhesive, screws, rivets, or clips. Always follow the manufacturer's instructions for attachment.
2. Clean surface: Before attaching the RFID tag, ensure the surface is clean and free from debris, oils, or contaminants that may affect adhesion. Use a suitable cleaning solvent if necessary.
3. Correct adhesive: Choose the right adhesive for the surface material. For example, use a high-performance adhesive for challenging surfaces like metals, plastics, or curved surfaces.
4. Environmental sealing: If the RFID tag is exposed to harsh environments, consider using environmental sealing materials, such as silicone or rubber grommets, to protect the tag from moisture, dust, or chemicals.
5. Secure fastening: For screw or clip attachments, ensure they are tightened to the recommended torque to prevent damage to the tag or the surface.
6. Vibration protection: If the asset is subject to vibration, use vibration-damping materials, such as foam or rubber, to secure the RFID tag and prevent it from loosening or detaching.
7. Preventive maintenance: Periodically inspect the RFID tag for signs of wear, damage, or loosening. Address any issues immediately to prevent further damage or failure.
8. Training and awareness: Train personnel on proper RFID tag attachment techniques and the importance of regular inspections. Encourage a culture of proactive maintenance to ensure the long-term reliability of the RFID system.

Failure Modes:

* Adhesive failure
* Damage during attachment
* Environmental degradation
* Vibration-induced loosening
* Inadequate fastening

Failure Reasons:

* Improper attachment method
* Insufficient surface preparation
* Incorrect adhesive selection
* Inadequate environmental sealing
* Lack of vibration protection
* Inf",1
How does the aging process affect the different types of batteries used in industrial applications?,"
When discussing the aging process of batteries used in industrial applications, it is important to consider the different types of batteries, such as lithium-ion (Li-ion), nickel-cadmium (NiCd), and lead-acid batteries. Each type has its own unique aging mechanisms, failure modes, and failure reasons.

1. Lithium-ion batteries:
Aging mechanisms:
* Degradation of the anode and cathode materials
* Formation of solid-electrolyte interphase (SEI) layer
* Loss of electrolyte due to evaporation
* Growth of lithium metal plating
Failure modes:
* Capacity fade: Reduction in the battery's energy storage capacity over time
* Increased internal resistance: Reduction in the battery's ability to deliver power
* Safety issues: Thermal runaway, fire, or explosion due to internal short-circuits
Failure reasons:
* Excessive charge/discharge rates
* Elevated temperatures
* High humidity
* External mechanical stress
* Age-related degradation of materials

Degradation mechanism: The aging of Li-ion batteries is primarily due to the degradation of anode and cathode materials, as well as the formation of the SEI layer. The SEI layer is a result of the electrolyte decomposition on the anode surface during the initial charging cycles. The growth of this layer can lead to an increase in internal resistance and capacity fade.

Severity: Capacity fade and increased internal resistance can significantly impact the performance of the battery, leading to reduced runtime and power delivery. Safety issues can result in catastrophic failures, posing a risk to personnel and equipment.

Ability to detect: Capacity fade and increased internal resistance can be detected using regular capacity tests and impedance measurements. Safety issues can be detected using thermal imaging and other monitoring techniques.

2. Nickel-cadmium batteries:
Aging mechanisms:
* Degradation of the active materials
* Formation of ""memory"" or ""crystalline"" structures
* Loss of electrolyte due to evaporation
* Growth of cadmium crystals
Failure modes:
* Capacity fade: Reduction in",1
Can you describe the processes involved in the degradation mechanism of electric battery systems?,"Sure, I'd be happy to help! As a reliability engineer with expertise in failure modes and effects analysis (FMEA) of electric battery systems, here are some of the key processes involved in the degradation mechanism of these systems:

1. **Electrolyte Degradation:** The electrolyte in a battery can degrade over time due to a variety of factors, including temperature, humidity, and exposure to air. This can lead to a decrease in ionic conductivity, which can reduce the battery's performance and lifespan.
2. **Active Material Degradation:** The active materials in a battery, such as the anode and cathode, can also degrade over time. This can be due to a variety of factors, including chemical reactions, mechanical stress, and thermal stress. As the active materials degrade, the battery's capacity and energy density can decrease.
3. **Separators Degradation:** The separators in a battery, which prevent the anode and cathode from coming into contact with each other, can also degrade over time. This can be due to factors such as mechanical stress, chemical reactions, and thermal stress. As the separators degrade, the risk of internal short circuits and thermal runaway increases.
4. **Passive Material Degradation:** The passive materials in a battery, such as the current collectors and the battery casing, can also degrade over time. This can be due to factors such as corrosion, mechanical stress, and thermal stress. As the passive materials degrade, the battery's overall safety and reliability can be compromised.

The **failure modes** for electric battery systems can include:

* Capacity fade
* Increased internal resistance
* Loss of insulation
* Thermal runaway
* Electrolyte leakage
* Venting or bursting

The **failure reasons** can be due to:

* Design or manufacturing defects
* Inadequate quality control
* Abnormal operating conditions
* Lack of maintenance or improper maintenance
* Ageing and degradation mechanisms

The **failure codes** can be classified as:

* Infant mortality (early-life failures)
* Random failures
* Wear-out failures

The **degradation",1
How does electrolyte degradation affect the overall performance and safety of electric batteries?,"Asset Class: Electric Battery
Component: Electrolyte

Failure Mode: Electrolyte Degradation
Failure Reason: The electrolyte in an electric battery is responsible for providing the ionic conductive path between the anode and cathode. Degradation of the electrolyte can occur due to a variety of reasons, including breakdown of the electrolyte material, formation of excessive heat, or the presence of contaminants. This degradation can result in a decrease in the battery's ability to store and deliver electrical energy.

Failure Code: E001
Degradation Mechanism: The degradation of the electrolyte can occur through several mechanisms, including:

1. Breakdown of the electrolyte material: The electrolyte material can break down over time due to the high temperatures and electrical stresses within the battery. This can result in the formation of unwanted byproducts and a decrease in the electrolyte's ability to conduct ions.
2. Formation of excessive heat: If the battery is subjected to excessive heat, the electrolyte can begin to decompose, leading to a decrease in the battery's performance and an increase in the risk of thermal runaway.
3. Presence of contaminants: The presence of contaminants, such as moisture or impurities, in the electrolyte can lead to a decrease in the battery's performance and an increase in the risk of failure.

Severity: The severity of electrolyte degradation can vary depending on the extent of the degradation. In general, however, electrolyte degradation can have a significant impact on the overall performance and safety of an electric battery. A decrease in the battery's ability to store and deliver electrical energy can result in a decrease in the battery's overall capacity, while an increase in the risk of thermal runaway can lead to a risk of fire or explosion.

Ability to Detect: The ability to detect electrolyte degradation can depend on the specific degradation mechanism and the extent of the degradation. In some cases, electrolyte degradation may be detectable through the use of diagnostic tools, such as impedance spectroscopy or X-ray diffraction. In other cases, electrolyte degradation may",1
What are the best practices for handling electric battery systems to prevent damage and failure?,"
When handling electric battery systems, there are several best practices that can help prevent damage and failure. These include:

1. Proper handling and storage: Batteries should be handled with care to avoid damage to the cells or internal components. They should be stored in a cool, dry place, away from direct sunlight and sources of heat. It is also important to store batteries with the correct polarity, and to avoid storing them in areas with high levels of vibration.

2. Regular inspection and maintenance: Regular inspections can help identify potential issues before they become major problems. This includes checking for signs of damage, such as cracks or leaks, as well as checking the battery's voltage and capacity. Preventive maintenance, such as cleaning the battery terminals and ensuring proper connections, can also help prevent damage and extend the battery's lifespan.

3. Proper charging and discharging: It is important to charge and discharge batteries according to the manufacturer's recommendations. Overcharging or undercharging can damage the battery and reduce its lifespan. It is also important to avoid deep discharging, as this can cause irreversible damage to the battery.

4. Thermal management: Batteries can be sensitive to temperature, and extreme temperatures can cause damage or reduce their lifespan. It is important to ensure that the battery is kept within the recommended temperature range, and to use thermal management techniques, such as cooling or insulation, as needed.

5. Failure modes and effects analysis (FMEA): FMEA is a systematic approach to identifying potential failure modes and their effects on the battery system. This can help identify potential issues and develop strategies to prevent or mitigate their impact.

6. Root cause analysis (RCA): RCA is a process of identifying the underlying causes of failures or issues in the battery system. By identifying and addressing the root causes, it is possible to prevent similar failures from occurring in the future.

7. Training and education: Providing training and education to personnel who handle or work with battery systems can help ensure that they are aware of the best practices and potential hazards. This can help prevent damage and reduce the risk of accidents or injuries.

8. Quality control: Implementing quality control measures, such as inspections and testing, can help ensure that the battery system",1
How do different storage methods affect the performance and failure rates of a battery system?,"
When it comes to electric battery systems, there are various storage methods that can affect the performance and failure rates of the system. The following is a breakdown of the components, subcomponents, failure modes, failure reasons, failure codes, degradation mechanisms, severity, and detectability of the issues that can arise in battery systems, depending on the storage method:

1. Component: Battery Cell
Subcomponent: Anode, Cathode, Separator, Electrolyte
Failure Mode: Capacity Fade
Failure Reason: Degradation of anode or cathode materials, increase in internal resistance, or loss of electrolyte
Failure Code: B-CF-01, B-CF-02, B-CF-03
Degradation Mechanism: Thermal runaway, aging, or usage beyond design limits
Severity: High, as it affects the overall capacity of the battery system
Ability to Detect: Moderate, as it can be detected through regular capacity testing

2. Component: Battery Management System (BMS)
Subcomponent: Control Unit, Sensors, Communication Interface
Failure Mode: Communication Failure
Failure Reason: Faulty sensors, communication interface issues, or control unit failure
Failure Code: BMS-CF-01, BMS-CF-02, BMS-CF-03
Degradation Mechanism: Aging, thermal stress, or usage beyond design limits
Severity: Moderate, as it affects the ability to monitor and control the battery system
Ability to Detect: High, as it can be detected through regular communication checks and BMS diagnostics

3. Component: Thermal Management System
Subcomponent: Cooling Plate, Heat Exchanger, Fan
Failure Mode: Overheating
Failure Reason: Insufficient cooling, clogged heat exchanger, or fan failure
Failure Code: TMS-OF-01, TMS-OF-02, TMS-OF-03
Degradation Mechanism: Thermal runaway, aging, or usage beyond design limits
Severity: High, as it affects the overall safety of the battery system
Ability to Detect: Moderate, as it can be detected through regular temperature monitoring

",1
How can regular inspection and cleaning help prevent some forms of damage in battery systems?,"
For an electric battery, regular inspection and cleaning can help prevent some forms of damage and extend the battery's life by preventing or detecting issues early. Here's a breakdown of the information you requested, organized by component, subcomponent, failure mode, failure reason, failure code, degradation mechanism, severity, and detectability:

Component: Battery Cell

1. Subcomponent: Electrodes
   Failure mode: Corrosion
   Failure reason: Exposure to moisture or impurities, leading to oxidation and reduced conductivity
   Failure code: CE-COR (Corrosion of Electrodes)
   Degradation mechanism: Electrolyte decomposition, high cell temperature, or external contaminants
   Severity: Moderate (reduced capacity, increased internal resistance)
   Detectability: High (visual inspection, electrical tests)

2. Subcomponent: Separator
   Failure mode: Puncture or deformation
   Failure reason: Mechanical stress, swelling, or aging
   Failure code: BS-PUN (Puncture of Separator) or BS-DEF (Deformation of Separator)
   Degradation mechanism: Excessive charge/discharge rates, high temperature, or manufacturing defects
   Severity: High (risk of thermal runaway, short circuit)
   Detectability: Moderate (visual inspection, impedance tests)

3. Subcomponent: Current Collector
   Failure mode: Corrosion or deformation
   Failure reason: Exposure to moisture or impurities, mechanical stress, or aging
   Failure code: BC-COR (Corrosion of Current Collector) or BC-DEF (Deformation of Current Collector)
   Degradation mechanism: High cell temperature, external contaminants, or manufacturing defects
   Severity: Moderate (reduced capacity, increased internal resistance)
   Detectability: High (visual inspection, electrical tests)

Regular inspection and cleaning can help prevent or detect these issues early by:

1. Removing external contaminants that can cause corrosion or mechanical stress
2. Identifying signs of degradation, such as swelling, discoloration, or cracks",1
Can you explain the impact of manufacturing defects on capacity fade in electric batteries?,"
Certainly! As a reliability engineer with expertise in failure modes and effect analysis (FMEA) of electric battery systems, I will provide an analysis of the impact of manufacturing defects on capacity fade in electric batteries.

Asset Class: Electric Battery
Component: Battery Cells
Subcomponent: Anode, Cathode, Separator, and Electrolyte
Failure Mode: Capacity Fade
Failure Reason: Manufacturing Defects
Failure Code: MFG-001
Degradation Mechanism: Capacity fade is the decrease in the energy storage capacity of a battery over time. This can be caused by several factors, including manufacturing defects.

Manufacturing defects can occur at various stages of the battery cell production process, such as mixing, coating, calendaring, tabbing, welding, and formation. These defects can lead to inconsistencies in the battery cell's internal structure, which can cause accelerated capacity fade.

Examples of manufacturing defects that can contribute to capacity fade include:

1. Inhomogeneity in the active material: Inconsistent mixing or coating of the anode and cathode active materials can lead to uneven current distribution and accelerated degradation.
2. Poor adhesion between layers: Insufficient bonding between the anode, cathode, separator, and current collector can result in delamination, causing internal short circuits and capacity fade.
3. Incorrect tabbing and welding: Misaligned or poorly welded tabs can lead to increased internal resistance, causing heat generation and capacity fade.
4. Incomplete formation: Incomplete or improper formation can result in inadequate electrolyte wetting, leading to reduced ionic conductivity and capacity fade.
5. Impurities in the electrolyte: The presence of impurities, such as moisture or metallic particles, can cause side reactions, leading to capacity fade.

Severity: High
The severity of capacity fade due to manufacturing defects is considered high because it can significantly impact the battery's overall performance and lifespan. In some cases, it can even result in safety issues, such as thermal runaway.

Ability to Detect Before Failure:
Manufacturing defects that contribute to capacity fade",1
"Can you explain how mechanical failures occur due to vibration, shock, and thermal stress?"," Sure, I'd be happy to help explain how mechanical failures can occur in an electric battery due to vibration, shock, and thermal stress.

1. Vibration: Vibration can cause mechanical failures in an electric battery by loosening connections, causing fatigue in the battery components, and ultimately leading to cracks and leaks. This can occur when the battery is exposed to continuous or high-frequency vibrations, such as those found in transportation or heavy machinery.

Failure mode: Connections may become loose, leading to increased electrical resistance and reduced performance. Cracks or leaks may form in the battery casing, leading to loss of electrolyte and reduced battery life.

Failure reason: Vibration can cause fatigue in the battery components, leading to cracks and leaks.

Failure code: HS/HA (High Strain/High Amplitude) or BC (Battery Case)

Degradation mechanism: Fatigue, cracking, and leaks.

Severity: Moderate to high, depending on the extent of the damage.

Ability to detect: Loose connections can be detected through visual inspection or electrical testing. Cracks or leaks may be visible or detectable through changes in battery performance or electrolyte levels.

2. Shock: Shock can cause mechanical failures in an electric battery by subjecting the battery to high levels of stress, leading to cracks and leaks. This can occur when the battery is dropped, subjected to impact, or experiences a sudden change in velocity.

Failure mode: Cracks or leaks may form in the battery casing, leading to loss of electrolyte and reduced battery life.

Failure reason: Shock can cause sudden and high levels of stress in the battery components, leading to cracks and leaks.

Failure code: SS (Shock) or BC (Battery Case)

Degradation mechanism: Cracking and leaks.

Severity: High, as cracks and leaks can lead to catastrophic failure of the battery.

Ability to detect: Cracks or leaks may be visible or detectable through changes in battery performance or electrolyte levels.

3. Thermal stress: Thermal stress can cause mechanical failures in an electric battery by subjecting the",1
How does regular capacity testing help identify battery degradation and potential issues?,"
As a reliability engineer with expertise in failure modes and effects analysis (FMEA), I can provide the following information about the electric battery asset class, including its components, subcomponents, failure modes, failure reasons, failure codes, degradation mechanisms, and the severity and detectability of these failures.

Component: Electric Battery

Subcomponents:

* Anode
* Cathode
* Separator
* Electrolyte
* Current collector
* Housing/casing

Failure Modes:

* Capacity degradation
* Reduced efficiency
* Increased resistance
* Thermal runaway
* Mechanical failure
* Electrolyte leakage

Failure Reasons:

* Degradation of anode or cathode materials
* Separator degradation
* Electrolyte degradation
* Increased internal resistance
* Mechanical stress
* Thermal stress

Failure Codes:

* Capacity degradation: CA
* Reduced efficiency: RE
* Increased resistance: IR
* Thermal runaway: TR
* Mechanical failure: MF
* Electrolyte leakage: EL

Degradation Mechanisms:

* Degradation of anode and cathode materials due to electrochemical reactions
* Separator degradation due to mechanical stress and electrolyte penetration
* Electrolyte degradation due to chemical reactions and impurities
* Increased internal resistance due to deposition of reaction products
* Mechanical stress due to swelling and shrinking of electrodes
* Thermal stress due to exothermic reactions and high temperatures

Regarding regular capacity testing, it can help identify battery degradation and potential issues by detecting the capacity degradation failure mode. Capacity testing measures the amount of charge a battery can hold and release, which can indicate the battery's overall health and capacity. By regularly testing the battery's capacity, any degradation in its performance can be detected early, allowing for preventive maintenance to be performed.

Preventive maintenance measures can include:

* Balancing the battery cells to ensure even charging and discharging
* Reducing the depth of discharge to minimize stress on the battery
* Maint",1
How do temperature and humidity affect the performance and failure rates of RFID systems?,"Asset Class: Electric Battery

Failure Mode and Effects Analysis (FMEA) for Temperature and Humidity Effects on RFID Systems:

Component: Battery Cells
Subcomponent: Electrolyte, Separator, Anode, Cathode

Failure Mode: Capacity Degradation
Failure Reason: Elevated temperature and humidity can cause the breakdown of the electrolyte, leading to a decrease in battery capacity over time.
Failure Code: B-CD-1
Degradation Mechanism: Electrolyte breakdown due to temperature and humidity exposure can cause the formation of solid electrolyte interphase (SEI) on the anode, which can reduce the available surface area for charge transfer and lead to capacity degradation.
Severity: High, as this can result in a significant reduction in battery life and performance.
Ability to Detect: This failure mode can be detected through regular capacity testing and analysis of the battery's internal resistance.

Failure Mode: Thermal Runaway
Failure Reason: Exposure to high temperatures and humidity can cause the battery cells to heat up, leading to thermal runaway and potential fire or explosion.
Failure Code: B-TR-1
Degradation Mechanism: Thermal runaway occurs when the internal temperature of the battery cell rises uncontrollably, leading to a chain reaction of chemical reactions that release heat and gas.
Severity: Very High, as this can result in catastrophic failure of the battery system and potential harm to personnel and equipment.
Ability to Detect: This failure mode can be detected through regular temperature monitoring and thermal imaging of the battery cells.

Preventive Maintenance:

* Regular temperature and humidity monitoring to ensure that the battery cells are operating within safe temperature and humidity ranges.
* Regular capacity testing to detect any capacity degradation caused by electrolyte breakdown.
* Regular thermal imaging to detect any hot spots or signs of thermal runaway.
* Proper ventilation and cooling to maintain a stable temperature and prevent thermal runaway.
* Use of protective coatings or encapsulation to prevent exposure to humidity.
* Regular inspection and maintenance of battery management systems (BMS) to ensure proper temperature and humidity control.

Note: The",1
What are the specific power supply issues that can cause RFID reader and tag failures?,"When it comes to an RFID (Radio Frequency Identification) system, the electric battery is a critical component for both the RFID reader and the tag. Here are some specific power supply issues that can cause RFID reader and tag failures:

1. Low Battery Level: One of the most common power supply issues is a low battery level. If the battery in the RFID reader or tag is not replaced or recharged in a timely manner, it can result in a failure.
2. Depleted Battery: If the battery is not replaced or recharged before it is completely depleted, it can lead to a permanent failure of the RFID reader or tag.
3. Inadequate Battery Capacity: If the battery capacity is not sufficient to support the required power consumption of the RFID reader or tag, it can result in a failure.
4. Incorrect Battery Type: Using an incorrect battery type can lead to a failure due to incompatibility with the RFID reader or tag's electrical system.
5. Voltage Fluctuations: Voltage fluctuations in the power supply can cause the RFID reader or tag to malfunction or fail.
6. Overcharging: Overcharging the battery can lead to a failure due to damage to the battery cells.
7. Temperature Extremes: Exposure to extreme temperatures can cause the battery to degrade or fail.
8. Vibration: Vibration can cause the battery to loosen or damage the electrical contacts, leading to a failure.
9. Corrosion: Corrosion of the battery contacts or electrical connections can lead to a failure.

Failure Mode:
- Loss of power
- Intermittent power loss
- Voltage fluctuations
- Overcharging
- Incomplete charging

Failure Reason:
- Low battery level
- Depleted battery
- Inadequate battery capacity
- Incorrect battery type
- Voltage fluctuations
- Overcharging
- Temperature extremes
- Vibration
- Corrosion

Failure Code:
- E01: Low battery level
- E02: Depleted battery
- E03: Inadequate battery capacity
- E04: Incorrect battery type
- E05: Voltage fluctuations
- E06: Over",1
How does solid electrolyte interphase growth lead to power fade in electric batteries?,"Asset Class: Electric Battery
Component: Solid Electrolyte Interphase (SEI)
Subcomponent: N/A
Failure Mode: Power Fade
Failure Reason: Solid Electrolyte Interphase (SEI) growth
Failure Code: E-BFM-001
Degradation Mechanism:
The solid electrolyte interphase (SEI) is a layer that forms on the anode of a lithium-ion battery during the initial charging process, also known as formation charging. This layer is composed of a porous network of inorganic and organic materials that forms as a result of the reduction of the electrolyte at the electrode surface. The SEI layer plays a crucial role in the performance and safety of lithium-ion batteries, as it allows lithium ions to move through it while preventing the direct contact of the electrolyte with the anode, which can lead to the formation of harmful dendrites.

However, the growth of the SEI layer over time can also lead to power fade in electric batteries. This is due to the fact that the SEI layer can increase in thickness as the battery cycles, which can increase the resistance of the anode and reduce the efficiency of the battery. Additionally, the SEI layer can become less stable over time, leading to the formation of cracks and the ingress of the electrolyte into the anode, which can further increase the resistance of the battery and exacerbate power fade.

Severity: The severity of power fade in electric batteries due to SEI growth can vary depending on the specific application and the requirements of the battery. In some cases, power fade may not have a significant impact on the performance of the battery, while in other cases it can lead to a significant reduction in the capacity and efficiency of the battery.

Ability to Detect: The growth of the SEI layer and the resulting power fade in electric batteries can be detected using a variety of techniques, including electrochemical impedance spectroscopy (EIS), which can measure the resistance of the anode and the SEI layer, and X-ray diffraction (XRD), which can be used to analyze the composition and structure of the SEI layer. These techniques can be used to monitor the growth of the SEI layer over time and to detect any",1
Are there any specific sensors that are more effective at detecting battery failures?," Sure, when it comes to monitoring the health and reliability of an electric battery, there are several sensors and techniques that can be used to detect potential failures before they occur. Here are some examples:

1. **Battery Management System (BMS)**: A BMS is a critical component of any electric battery system, as it monitors and regulates the charging and discharging of the battery cells. A BMS can detect a variety of failure modes, such as overcharging, over-discharging, high temperature, and cell imbalance. It can also provide real-time data on the battery state of charge, voltage, current, and temperature.

2. **Temperature Sensors**: Temperature is a key factor in battery health, as excessive heat can lead to thermal runaway and failure. Temperature sensors can be placed in the battery cells or on the exterior of the battery pack to monitor temperature gradients and hot spots.

3. **Voltage Sensors**: Voltage sensors can be used to monitor the voltage of individual cells or the overall battery pack. Changes in voltage can indicate cell degradation, internal resistance, or other issues.

4. **Current Sensors**: Current sensors can be used to monitor the flow of current in and out of the battery pack. Changes in current can indicate issues with the battery or the power electronics.

5. **Impedance Spectroscopy**: This technique involves applying a small AC signal to the battery and measuring the resulting impedance. Changes in impedance can indicate changes in the battery's internal chemistry or physical structure.

6. **Acoustic Emission Monitoring**: This technique involves using sensors to detect and analyze the acoustic signals generated by the battery. Changes in the acoustic signals can indicate internal degradation or failure.

7. **Oxidation Sensors**: These sensors can be used to detect the presence of oxidation on the surface of the battery cells, which can indicate a risk of thermal runaway.

8. **Gas Sensors**: These sensors can be used to detect the presence of gases such as hydrogen, oxygen, or carbon monoxide, which can indicate a risk of thermal runaway or other failures.

In terms of the severity of battery failures, this can vary widely depending on the specific application and the consequences of",1
How can the impact of high discharge rates on electric battery systems be mitigated?,"When it comes to electric battery systems, high discharge rates can lead to a number of failure modes, including reduced battery life, decreased performance, and even safety hazards such as thermal runaway. To mitigate the impact of high discharge rates, a reliability engineer can use failure mode and effects analysis (FMEA) to identify potential failure modes, their causes, and the effects they may have on the system.

Here is an example of how the impact of high discharge rates on an electric battery system could be analyzed using FMEA:

* Component/Subcomponent: Electric battery cells
* Failure Mode: High discharge rate
* Failure Reason: Overcharging, excessive load, or high temperature
* Failure Code: Overcurrent, overvoltage, or overtemperature
* Degradation Mechanism: Degradation of the anode and cathode materials, loss of electrolyte, or internal short circuits
* Severity: High, as high discharge rates can lead to reduced battery life and decreased performance
* Ability to Detect: Moderate, as high discharge rates may not be immediately apparent and may require monitoring of battery parameters such as voltage, current, and temperature.

To mitigate the impact of high discharge rates, the following preventive maintenance measures could be implemented:

* Implementing a battery management system (BMS) that monitors and regulates battery voltage, current, and temperature to prevent overcharging and overdischarging.
* Using appropriate charging and discharging protocols to prevent excessive load and high temperature.
* Regularly inspecting and testing the battery cells to detect any signs of degradation or internal short circuits.
* Implementing thermal management solutions to keep the battery cells at an optimal temperature.
* Providing training to the operators and maintenance personnel on the proper handling, charging, and discharging of the battery system.

It is important to note that the specific mitigation measures will depend on the specific electric battery system and the operating conditions. A detailed FMEA and a thorough understanding of the system is necessary to identify the most effective mitigation strategies.",1
"How can RFID tag failures be detected, given their limited monitoring capabilities?","When it comes to RFID tag failures in an electric battery class asset, there are a few ways to detect potential failures before they occur. However, it's important to note that RFID tags have limited monitoring capabilities, so some failures may still go undetected until they cause a significant issue. Here's what you can do to increase the chances of detecting RFID tag failures:

1. Regular Visual Inspections: While RFID tags do not have built-in sensors to monitor their health, you can perform visual inspections to check for any physical damage or wear and tear. Look for signs of corrosion, cracking, or other damage that could indicate a potential failure.
2. Functional Testing: You can perform functional tests to ensure that the RFID tags are working correctly. This can include checking the read range, reading and writing data, and verifying the tag's unique identifier.
3. Temperature and Humidity Monitoring: Although RFID tags do not have built-in sensors for temperature and humidity, monitoring the environmental conditions where the tags are located can help identify potential issues. For example, extreme temperatures or high humidity levels can affect the performance and longevity of RFID tags.
4. Preventive Maintenance: Implementing a preventive maintenance program can help detect potential RFID tag failures before they occur. This can include cleaning the tags, checking for loose connections, and replacing any damaged or worn-out components.
5. Failure Mode and Effects Analysis (FMEA): Performing an FMEA on the RFID tag component can help identify potential failure modes, their effects, and the likelihood of occurrence. This information can be used to develop a maintenance plan that focuses on detecting and preventing RFID tag failures.

Regarding the failure modes, failure reasons, degradation mechanisms, severity, and ability to detect before they happen, here's what you can expect:

* Failure modes: The RFID tag may fail due to several reasons, such as damage to the antenna, failure of the integrated circuit, damage to the connector, or damage to the casing.
* Failure reasons: The RFID tag may fail due to factors such as wear and tear, corrosion, vibration, shock, temperature and humidity extremes, and electromagnetic interference.",1
What are the specific consequences of thermal runaway in electric battery systems?,"**Asset Class:** Electric Battery Systems

**Failure Mode:** Thermal Runaway

**Failure Reason:** Thermal runaway in electric battery systems is typically caused by a series of events that increase the temperature inside the battery, leading to a self-reinforcing reaction. This can be due to:

* Internal short circuits
* Overcharging
* Excessive discharge rates
* High ambient temperatures
* Manufacturing defects

**Failure Code:** TR (Thermal Runaway)

**Degradation Mechanism:** The degradation mechanism for thermal runaway in electric battery systems involves a positive feedback loop where the heat generated by the battery's chemical reactions causes the temperature to rise, which in turn increases the reaction rate, leading to even more heat generation. This can result in a catastrophic failure of the battery, with the potential for fire or explosion.

**Consequences:**

* Fire or explosion: Thermal runaway can lead to a rapid increase in temperature, causing the battery to ignite or even explode. This can result in property damage, injury, or loss of life.
* Release of toxic fumes: The gases released during thermal runaway can be toxic, posing a health hazard to people nearby.
* Damage to surrounding components: The heat generated during thermal runaway can damage nearby components, leading to further system failure.
* Reduced battery life: Even if thermal runaway is prevented, the high temperatures associated with this failure mode can reduce the overall lifespan of the battery.

**Severity:** High

**Ability to Detect:**

Thermal runaway can be detected using a variety of methods, including:

* Temperature sensors: Placing temperature sensors on the battery or within the battery pack can provide real-time monitoring of temperature changes.
* Thermal imaging: Infrared cameras can be used to detect hot spots on the battery or battery pack.
* Pressure sensors: Changes in pressure within the battery or battery pack can be an indication of thermal runaway.
* Smoke detectors: In the event of a fire, smoke detectors can provide early warning.

Preventive maintenance measures can help prevent thermal runaway, including:

* Proper charging and discharging",1
Can you provide examples of hardware failures that are common in RFID systems?,"Sure, I'd be happy to help! As a reliability engineer with expertise in failure modes and effect analysis (FMEA) of asset reliability, I can provide some common hardware failures in RFID (Radio-Frequency Identification) systems, which often use batteries as a power source. Here are some examples:

1. **Battery Failure**: RFID systems typically use batteries to power the reader and the tags. Common failure modes for batteries include:
* **End-of-Life (EOL)**: Batteries have a limited lifespan, and will eventually fail due to natural degradation.
* **Over-discharge**: If the battery is not charged or replaced in a timely manner, it may become over-discharged, leading to a loss of function.
* **Overcharging**: If the battery is charged too frequently or at too high a voltage, it can become overcharged, leading to a reduction in capacity or even thermal runaway.
2. **Reader Failure**: RFID readers can fail due to a variety of reasons, including:
* **Electrical faults**: Open or short circuits in the reader's electronics can cause it to fail.
* **Temperature extremes**: RFID readers can be sensitive to temperature, and exposure to extreme temperatures can cause them to fail.
* **Vibration**: RFID readers can be subject to vibration in industrial environments, which can cause components to loosen or fail.
3. **Tag Failure**: RFID tags can fail due to:
* **Physical damage**: RFID tags can be subject to physical damage, such as being dropped, crushed, or exposed to chemicals.
* **Electrical faults**: Similar to readers, tags can experience open or short circuits in their electronics.
* **Temperature and humidity**: RFID tags can be sensitive to temperature and humidity, which can cause them to fail over time.

The severity of these failures can vary, depending on the application and the specific RFID system. In general, a failure in an RFID system can lead to a reduction in system performance, data loss, or even safety concerns. Regular preventive maintenance, such as timely battery replacement and visual inspections, can help to detect and prevent many of these failures before they occur.",1
How can we determine the severity of failures in the electric battery system?,"When determining the severity of failures in an electric battery system, there are several factors to consider. Here are some steps you can take:

1. Identify the potential failure modes: The first step in determining the severity of failures is to identify the various ways in which the battery system can fail. This can include things like short circuits, overcharging, thermal runaway, and mechanical failure.

2. Determine the impact of each failure mode: Once you have identified the potential failure modes, you need to determine the impact of each failure mode on the overall system. This can include things like loss of function, safety hazards, and environmental impact.

3. Assign a severity level: Based on the impact of each failure mode, you can assign a severity level. This can be done using a scale, such as 1 to 10, with 10 being the most severe. The severity level should take into account the potential consequences of the failure mode, as well as the likelihood of it occurring.

4. Consider the context: The severity of a failure mode may depend on the context in which it occurs. For example, a failure mode that results in a minor inconvenience in a consumer electronics application may be much more severe in a medical device or industrial application.

5. Use industry standards: There are several industry standards that provide guidance on determining the severity of failures in battery systems. For example, the International Electrotechnical Commission (IEC) has developed a standard (IEC 62904) for the evaluation of the risks of battery systems used in electric vehicles. This standard includes a methodology for determining the severity of failures based on the potential consequences of the failure mode.

6. Review and update: The severity of failures can change over time as the battery system ages, is subjected to different operating conditions, or is modified. Therefore, it is important to regularly review and update the severity assessments to ensure that they remain accurate and relevant.

Overall, determining the severity of failures in an electric battery system requires a thorough understanding of the potential failure modes, their impacts, and the context in which they occur. By following a systematic approach and using industry standards, you can assign severity levels that accurately reflect the potential consequences of each failure mode.",1
How do variations in temperature and humidity affect battery failure rates?,"Sure, I'd be happy to help provide some information on how variations in temperature and humidity can affect the failure rates of electric batteries, and perform a failure mode and effects analysis (FMEA) for this asset class.

**Component/Subcomponent:** Electric Battery

**Failure Mode:** Battery Failure

**Failure Reason:**

* Temperature:
	+ High Temperature: Excessive heat can cause the battery's electrolyte to evaporate, leading to a decrease in battery capacity and life. It can also cause the battery to thermally run away, leading to a fire or explosion.
	+ Low Temperature: Batteries have reduced capacity and performance in cold temperatures, which can lead to a decrease in battery life.
* Humidity:
	+ High Humidity: Excessive moisture can cause corrosion of the battery terminals, leading to a decrease in battery life and performance. It can also cause internal short circuits, leading to a fire or explosion.

**Failure Code:**

* Temperature:
	+ High Temperature: Overheating
	+ Low Temperature: Cold Temperature
* Humidity:
	+ High Humidity: Corrosion, Internal Short Circuit

**Degradation Mechanism:**

* Temperature:
	+ High Temperature: Electrolyte Evaporation, Thermal Runaway
	+ Low Temperature: Reduced Capacity, Reduced Performance
* Humidity:
	+ High Humidity: Corrosion, Internal Short Circuit

**Severity:**

* Temperature:
	+ High Temperature: High
	+ Low Temperature: Medium
* Humidity:
	+ High Humidity: High

**Ability to Detect:**

* Temperature:
	+ High Temperature: Can be detected by monitoring battery temperature and using thermal imaging.
	+ Low Temperature: Can be detected by monitoring battery capacity and performance.
* Humidity:
	+ High Humidity: Can be detected by monitoring battery terminal corrosion and internal resistance.

**Preventive Maintenance:**

* Temperature:
	+ High Temperature:",1
How frequently do we expect to collect sensor data for the battery system?,"
The frequency at which sensor data should be collected for an electric battery system depends on several factors, including the type of battery, the criticality of the application, and the specific requirements of the failure modes and effects analysis (FMEA) study.

For critical battery systems, such as those used in electric vehicles or grid-scale energy storage, it is recommended to collect sensor data frequently, such as every few seconds or minutes. This high-frequency data can help to detect and diagnose anomalies and failures in real-time, allowing for prompt maintenance or corrective actions.

For less critical battery systems, such as those used in consumer electronics, data collection at a lower frequency, such as once per hour or day, may be sufficient. This lower-frequency data can still provide valuable insights into the battery's performance and health, while reducing the data storage and processing requirements.

In general, it is recommended to collect sensor data at a frequency that is high enough to capture the relevant failure modes and effects, while balancing the trade-offs between data quality, storage, and processing requirements. A reliability engineer with expertise in FMEA can help determine the optimal data collection frequency based on the specific application and requirements.",1
What are the most common causes of battery failure in electric assets?," Sure, I'd be happy to help! As a reliability engineer with expertise in FMEA, I can provide some general information about the most common causes of battery failure in electric assets.

When it comes to electric battery failures, there are several failure modes and reasons that can occur. Here are some of the most common ones:

1. **Component degradation:** Over time, the components of a battery can degrade due to factors such as temperature, humidity, and usage patterns. This can lead to a decrease in battery capacity and performance, and eventually to failure.
2. **Internal short circuits:** If the internal components of a battery come into contact with each other, it can create an internal short circuit. This can cause the battery to overheat and fail.
3. **Thermal runaway:** If a battery becomes too hot, it can enter a state of thermal runaway, where the heat generated by the battery causes it to become even hotter. This can lead to a catastrophic failure of the battery.
4. **Manufacturing defects:** Sometimes, battery failures can be traced back to defects in the manufacturing process. These can include issues with the materials used in the battery, or problems with the way the battery was assembled.
5. **Aging:** Over time, the performance of a battery can degrade due to natural aging processes. This can lead to a decrease in battery capacity and eventual failure.

In terms of the severity of these failure modes, they can range from relatively minor issues (such as a decrease in battery capacity) to more serious problems (such as thermal runaway or internal short circuits). The ability to detect these failures before they occur can also vary. For example, some failures (such as manufacturing defects) may be difficult to detect without specialized testing equipment, while others (such as battery degradation) may be more easily detected through monitoring of battery performance.

To prevent battery failures, it's important to implement a robust preventive maintenance program that includes regular inspections and testing of the battery components. This can help to identify potential issues before they lead to failure, and ensure that the battery is operating at peak performance. Additionally, it's important to follow best practices for battery storage and usage, such as avoiding extreme temperatures and ensuring that the battery is not overcharged or discharged",1
How can abnormal operating conditions contribute to battery failure?," Sure, I'd be happy to help! When it comes to electric batteries, there are several ways that abnormal operating conditions can contribute to battery failure. Here are some examples:

1. Overcharging: Operating the battery at a higher voltage than its design specifications can lead to overcharging, which can cause the battery to heat up and can lead to thermal runaway, resulting in a fire or explosion. The failure mode in this case is thermal runaway, the failure reason is overcharging, and the failure code could be overvoltage. The degradation mechanism is caused by the buildup of gases inside the battery, which can lead to swelling and ultimately failure. The severity of this failure mode is high, and the ability to detect it before it happens is moderate, as it can be detected through regular monitoring of the battery voltage and temperature.

2. Deep discharge: Operating the battery at a lower voltage than its design specifications can lead to deep discharge, which can damage the battery and reduce its lifespan. The failure mode in this case is reduced capacity, the failure reason is deep discharge, and the failure code could be undervoltage. The degradation mechanism is caused by the loss of active material in the battery, which can lead to a decrease in capacity. The severity of this failure mode is moderate, and the ability to detect it before it happens is high, as it can be detected through regular monitoring of the battery voltage and capacity.

3. High temperature: Operating the battery at high temperatures can lead to accelerated degradation and failure. The failure mode in this case is reduced lifespan, the failure reason is high temperature, and the failure code could be overtemperature. The degradation mechanism is caused by the breakdown of the electrolyte and the formation of harmful byproducts, which can lead to swelling and ultimately failure. The severity of this failure mode is high, and the ability to detect it before it happens is moderate, as it can be detected through regular monitoring of the battery temperature.

4. Vibration: Operating the battery in a high-vibration environment can lead to damage to the battery components and failure. The failure mode in this case is mechanical failure, the failure reason is vibration, and the failure code could be mechanical damage. The degradation mechanism is caused by the",1
