questions,round
"Can you discuss the role of sensors and monitoring systems in maintaining temperature control and preventing equipment failures in industrial ovens? What types of sensors are typically used, and how do they provide real-time feedback to operators?",2
Can you provide examples of specific industries or applications where insulation degradation is a particularly significant issue?,2
Are there any specific industry standards or regulations that need to be followed when selecting and implementing sensors for industrial oven monitoring?,1
Can you provide data on the market share of each type of heating element in the industrial oven market?,2
"Can you provide examples of advanced technologies, such as machine learning or artificial intelligence, that have been successfully implemented in temperature control systems to predict and prevent failures? How do these technologies work, and what are their benefits and limitations?",2
"Can you provide examples of how the performance of industrial ovens can be monitored in real-time? Are there any specific sensors or monitoring systems that are commonly used to track temperature uniformity, temperature control, heat transfer, air flow, and energy consumption?",2
How do you determine which features are relevant for anomaly detection and prediction? Is there a process in place for selecting the most informative features from the raw data?,2
"Can you provide examples of potential failures that could occur in industrial ovens, and how would the anomaly detection model identify and prevent them?",2
How often should pressure testing and door lock testing be performed to ensure the door and seals are functioning properly?,2
What are some common materials used in industrial ovens and how do their thermal and moisture properties affect the design and operation of the oven?,2
"What are some common warning signs or indicators that a fan or blower is failing or may fail soon, and how can operators detect these signs?",2
"Can you discuss the different types of fire suppression systems used in industrial ovens? How do they work, and what are the advantages and disadvantages of each type?",2
How does Model Predictive Control (MPC) use a mathematical model of the oven to predict future temperature and adjust the actuator output accordingly?,2
"What are the most effective methods for detecting potential failures in industrial ovens? For example, how does thermography compare to vibration analysis in terms of detecting potential failures, and are there any other methods that are commonly used?",2
"Can you provide examples of specific failure modes for each component, such as a specific type of heating element failure or a specific type of control panel malfunction?",1
"Can you provide examples of specific components that are most prone to failure in industrial ovens used in the food and beverage industry, and what are some common causes of these failures?",2
"Can you provide examples of predictive maintenance tasks that can be enabled by the monitoring system, and how do these tasks impact the overall efficiency and productivity of the industrial oven?",2
"How do thermal insulation and air filters impact the efficiency and safety of industrial ovens, and what are the best practices for ensuring their proper functioning?",2
"How do different filter types and maintenance schedules impact the energy efficiency and sustainability of industrial oven operations, and are there any opportunities for energy savings or environmental benefits through the use of more efficient filters or fan designs?",2
"How do the accelerometers or other sensors used in vibration analysis collect data, and what types of data are collected?",2
Are there any emerging trends or technologies in industrial oven design or operation that can help mitigate some of the common failure modes and improve overall performance and efficiency?,2
"Can you explain the main differences between thermocouples, RTDs, thermistors, and infrared thermometers in terms of their working principles and applications in industrial ovens?",2
"How do the severity and detection of heating element failures vary depending on the specific type of industrial oven and its application? For example, are certain types of ovens more prone to heating element failures than others, and how do the detection methods and preventive measures differ?",2
"Are there any specific areas of the industrial oven that are more prone to failure, and if so, how do these failures typically present in the sensor data?",2
"What are some common signs or indicators that suggest an industrial oven's insulation is degrading, and how can operators detect these signs?",2
How do temperature control failures impact the quality and safety of the products being manufactured?,2
"Can you discuss the various sources of moisture that can enter an industrial oven and how they can cause corrosion, oxidation, and condensation?",2
What are some common data quality checks and validation methods used to ensure accurate and reliable data in industrial oven monitoring?,2
How do NFPA standards for fire safety impact the design and operation of industrial ovens? Are there any specific fire suppression systems or materials that are commonly used?,1
"Are there any specific regulations or standards that industrial ovens must comply with regarding temperature control, safety interlocks, and other safety features?",2
"Can you explain how the temperature control system works, and how it is affected by sensor drift, calibration issues, controller malfunction, actuator sticking or binding, and software bugs?",1
"Can you explain the concept of ""insulation material"" in the context of heating elements, and how it affects their performance and lifespan? Are there any specific types of insulation materials that are commonly used in industrial oven heating elements, and why?",2
"Can you discuss the trade-offs between using data-driven methods for heating element failure detection versus traditional methods, such as routine maintenance schedules and visual inspections? What are the advantages and disadvantages of each approach?",2
"What are the most common causes of insulation material failures in industrial ovens, and how can they be prevented?",2
"How do changes in energy efficiency regulations and technological advancements impact the design and operation of industrial ovens, and what are some strategies for ensuring compliance and maximizing energy efficiency?",2
"How do industrial ovens used in the aerospace industry differ from those used in other industries, and what are some unique challenges associated with maintaining these ovens to meet strict aerospace standards?",2
"What are some common lubrication schedules used in fans and blowers, and how do they vary depending on the type of lubricant and application?",2
"Can you provide more information on the software issues that can cause malfunction or failure in Industrial Ovens? For example, what are some common bugs or configuration errors that can occur in the temperature control system software?",2
How does the design of the fan or blower itself impact the belt tension and overall performance of the system? Are there any specific design features or modifications that can help optimize belt tension and reduce the risk of failure?,2
"Can you discuss the maintenance and upkeep of the sensors and devices used in the industrial oven, and how often are they typically replaced or calibrated?",2
"Can you provide examples of how a well-functioning temperature control system can improve product quality, reduce downtime, and increase energy efficiency in an industrial oven?",2
How do the heating elements affect the energy efficiency of the oven? Are there any opportunities to improve energy efficiency while maintaining performance?,2
"How does corrosion weaken the frame and structure of an industrial oven, and what are some common causes of corrosion in these systems?",2
"Can you provide examples of specific industries or applications where fan and blower failures in industrial ovens are particularly critical, and why?",2
"Can you explain the concept of ""mean time between failures"" (MTBF) and how it relates to the reliability and maintenance of industrial ovens?",2
"Can you discuss the role of operator training and education in ensuring optimal performance and preventing failures in industrial ovens, and what are some effective strategies for training and educating operators?",2
Can you discuss the specific challenges that led to the implementation of the temperature control systems in the chemical plant and food processing plant?,2
Are there any specific industry standards or regulations that operators must follow when it comes to maintaining the temperature control system in an industrial oven?,2
"Can you provide examples of specific safety interlocks and emergency stops that are commonly used in industrial ovens, and how do they function?",2
Can you provide examples of specific industrial oven designs that have been impacted by NFPA standards? How have these designs changed over time to address fire safety concerns?,2
"How do temperature fluctuations and humidity impact the accuracy of sensor data in industrial ovens, and what methods can be used to mitigate these effects?",2
"How do factors such as temperature, humidity, and exposure time affect the interaction between chemicals and industrial oven materials, and how can these factors be optimized to minimize negative impacts?",2
"Can you discuss the role of technology, such as simulations and virtual reality, in enhancing the effectiveness of training programs for operators?",2
"How do the components of an industrial oven interact with each other to maintain a uniform temperature, and what are the potential failure modes that can occur due to these interactions?",2
"How do temperature control systems regulate the temperature within an industrial oven, and what are the common challenges faced in maintaining consistent temperature control?",2
"How do you prioritize the maintenance and inspection schedules for different safety features in industrial ovens, and how do you ensure that they are followed consistently?",1
"How do industrial ovens used in different industries, such as food processing, aerospace, and automotive, differ in terms of their design, operation, and temperature control strategies? Are there any specific industry-specific challenges or considerations that must be taken into account when designing and operating an industrial oven?",2
"Can you provide examples of specific failure modes that can occur in each type of industrial oven due to environmental factors? For example, what are some common failure modes that can occur in Despatch ovens due to pressure changes, and how do they impact the oven's performance?",2
"How do the failure modes of fans and blowers in industrial ovens differ from those in other industrial settings, such as HVAC systems or industrial processes? Are there any unique challenges or considerations when it comes to maintaining and repairing fans and blowers in ovens?",2
"Can you provide examples of advanced technologies or sensors that can be used to monitor and predict failure modes in industrial ovens? For example, are there any machine learning algorithms or predictive maintenance techniques that can help identify potential issues before they occur?",2
Can you explain the process of calibration and how it ensures the accuracy and precision of temperature control systems?,2
Can you discuss the specific techniques or tools used to measure component dimensions and monitor operating conditions to detect wear and tear in industrial ovens?,2
What are some common factors that contribute to insulation degradation in industrial oven applications?,2
"Can you provide examples of specific failure modes that can be detected by each type of sensor (temperature, pressure, flow rate, current, voltage, and vibration)?",2
"Have you considered using transfer learning from similar systems to improve the accuracy of the anomaly detection model? If so, what similar systems have you considered, and how do you think they could be applied to industrial ovens?",2
Can you provide examples of specific industries or applications where Thermography has been particularly effective in detecting temperature anomalies and preventing equipment failures?,2
Can you provide examples of specific industrial oven components that are most susceptible to failure due to environmental factors?,2
"Can you provide examples of how temperature changes, humidity, and air pressure changes can impact the cooking process in industrial ovens? How do these factors affect the quality of the final product?",2
"Can you provide examples of how AET has been used in the field to detect and prevent failures in industrial ovens, and what were the results?",2
"Can you discuss the potential safety risks associated with temperature control system failures in industrial ovens, and what measures can be taken to mitigate these risks?",2
"How did the systems handle data from multiple sources, such as sensors and existing equipment, and how was data integrity ensured?",2
"What are some of the potential drawbacks or limitations of using copper, aluminum, and steel in heating elements, and how can they be mitigated?",2
Can you provide examples of specific temperature sensors and actuators that are commonly used in industrial ovens and their failure modes?,2
"How do thermocouples, RTDs, and thermistors respond to temperature changes in terms of their output signals, and how do these signals get processed in temperature control systems?",2
"How does the air circulation system ensure uniform temperature distribution within the oven, and what are some potential failure modes that could occur?",2
Are there any emerging trends or technologies in sensor technology for industrial ovens that could improve their performance or efficiency?,2
"How do the costs associated with insulation material failure (e.g., reduced oven efficiency, increased energy consumption, product damage) compare to the costs of implementing proper installation, maintenance, and inspection procedures? Is there a clear return on investment for investing in these preventative measures?",2
"How do environmental factors affect the energy efficiency of industrial ovens, and what are some strategies for optimizing energy efficiency while maintaining performance and longevity?",2
"What are some common sensor faults and failures that can occur in industrial ovens, and how do they impact product quality and production downtime?",2
How do the doors and seals maintain the temperature and atmosphere within the oven? Are there any specific design features or components that are critical to their function?,1
"Can you provide examples of potential issues that the control panel may detect, and how can these issues be addressed before they become major problems?",2
Can you discuss the role of proper ventilation in reducing the risk of fire-related accidents in industrial ovens? How can ventilation systems be designed and maintained to ensure effective fire safety?,2
How do different types of chemicals used in industrial ovens affect their performance and longevity?,1
"How do the temperature control system, fans, and blowers work together to ensure optimal temperature conditions in an industrial oven, and what are some key performance indicators (KPIs) that are used to measure their effectiveness?",2
"Can you provide examples of specific failure modes that can occur in industrial ovens due to environmental factors, and how they can impact production?",2
"Can you discuss the role of predictive maintenance techniques, such as vibration analysis and thermal imaging, in identifying potential failures before they occur?",2
"Can you discuss the importance of regular maintenance in preventing failures in industrial ovens, and what are some common maintenance tasks that should be performed regularly?",2
"How do the sensors measure the temperature, pressure, and current of the industrial oven, and what are the potential sources of error or noise in the data?",1
Are there any specific challenges or limitations associated with implementing regular calibration and maintenance procedures for temperature sensors in industrial ovens? How can these challenges be addressed?,2
"Are there any industry-standard guidelines or best practices for inspecting and maintaining industrial ovens to prevent wear and tear? If so, can you provide examples or references to these guidelines?",2
"How does the control panel monitor the oven's performance? Are there any specific metrics or indicators used to assess performance, such as temperature stability or uniformity?",1
"How does the temperature control system work in conjunction with the cooling system to maintain a consistent temperature within the oven, and what are the potential consequences of a malfunctioning temperature control system?",2
How does the temperature control system of the oven account for changes in humidity? Are there any specific humidity control strategies that can be implemented to ensure consistent product quality?,2
What are the most common failure modes for the motor and control system?,1
Can you discuss the tradeoffs between using traditional statistical methods like SPC and ES versus machine learning techniques like Autoencoders and One-Class SVM for anomaly detection in industrial ovens?,2
"Can you provide examples of how the temperature control system can be integrated with other systems in the industrial oven, such as the control system for the heating and cooling elements?",2
Are there any specific sensor malfunction or calibration issues that are commonly observed in industrial ovens? How do these issues typically arise?,2
What are some common warning signs or indicators that suggest a potential failure in the cooling system of an industrial oven?,2
"What are some common warning signs or indicators that the cooling system is not functioning properly, and how can we monitor these signs to prevent failures?",2
Are there any specific industry standards or regulations that must be followed when designing and implementing a predictive maintenance system for an industrial oven?,2
"Can you provide examples of how industrial oven failure modes can lead to safety hazards, and what are some strategies for mitigating these risks?",2
"Can you provide more information about the data preprocessing techniques used to clean and normalize the sensor data? For example, what types of filters or transformations are applied to the data?",2
What are some of the biggest challenges that manufacturers face when implementing data analytics and machine learning in industrial oven maintenance and reliability? How can these challenges be addressed?,2
"Can you provide more information about the cooling system of the oven? Are there any specific components that are most likely to fail, and what are the most common causes of cooling system failure?",2
"How do environmental factors such as temperature, humidity, and air flow affect the performance and lifespan of insulation materials in industrial ovens?",2
"Can you discuss the potential impact of emerging technologies, such as IoT sensors or AI, on the design and operation of industrial ovens with respect to fire safety? How might these technologies be integrated into NFPA standards in the future?",2
"How do different types of thermocouples or temperature probes perform in terms of accuracy, reliability, and durability?",1
"What are some common challenges or failures that can occur in the temperature control system of an industrial oven, and how can they be prevented or mitigated?",2
Can you provide examples of high-temperature insulation materials that are resistant to chemical reactions and mechanical stress? How do these materials compare in terms of cost and performance to standard insulation materials?,2
How do the motor and control system's failure modes affect the overall performance and efficiency of the industrial oven? Are there any specific failure modes that have a greater impact on the oven's performance?,2
"How do the failure modes of different components in an industrial oven impact the overall performance and safety of the system? For example, what happens if a heating element fails, or if the insulation is damaged?",2
"Can you provide examples of control system failures that can occur in industrial ovens, and how can they be prevented?",1
"How do different types of industrial ovens (e.g. conveyor belt, batch, or continuous) affect the performance and reliability of temperature sensors and controllers?",2
"What are the most common failure modes in temperature control systems in industrial ovens, and how do they occur?",2
"Are there any known issues or failures that have occurred in the industrial oven in the past? If so, can you provide details on the nature of the failures, when they occurred, and how they were resolved?",2
"How does the temperature control system handle alarms and alerts? Are there specific thresholds or criteria that trigger an alarm, and what are the typical response procedures?",2
"How do the materials used in thermal insulation degrade over time, and what are some common failure modes for thermal insulation in industrial ovens?",2
"Can you provide examples of specific products that are particularly sensitive to industrial oven failure modes, and how do their quality metrics change when the oven fails?",2
Are there any specific challenges or limitations associated with implementing regular inspections and maintenance schedules for industrial ovens?,2
How do you ensure that predictive maintenance forecasts are accurate and reliable?,2
"How do local building codes and regulations address the use of new technologies and materials in industrial oven design and operation, such as advanced insulation materials or automation systems?",2
"Can you discuss the importance of air tightness and its impact on industrial oven performance, and how can the choice of materials and design help ensure air tightness?",2
"Can you provide more information about fan and blower failures, such as how they fail, what are the common failure modes, and how do they impact temperature control?",2
"Can you provide examples of regular maintenance and inspection tasks that can help identify potential issues with fans and blowers in industrial ovens before they become major problems, and how often should these tasks be performed?",2
"Can you provide examples of real-world scenarios where industrial oven components have failed due to aging or wear and tear, and how were these failures addressed?",2
"Are there any safety considerations that need to be taken into account when working with current sensors in industrial oven environments, and what protective measures can be put in place?",2
Can you provide examples of how data analytics and machine learning can be applied to predict and prevent failure modes of the heating element?,2
"How do changes in industry standards and regulations, such as the adoption of new safety protocols or technologies, impact industrial oven maintenance and repair practices?",2
"Can you discuss the role of data analytics in PdM for industrial ovens, and how can data scientists contribute to the development and implementation of PdM strategies?",2
"What are some common warning signs or indicators that the heating element is experiencing wear and tear, corrosion, oxidation, or overloading?",2
"How often should maintenance and repair procedures be performed on industrial ovens, and what are some common repair techniques used to address failures?",2
"How do the components of the industrial oven interact with each other, and what are the potential failure modes associated with these interactions?",0
"How do environmental factors, such as temperature and humidity, affect industrial oven sensor data? Are there any specific environmental factors that are known to cause issues with sensor data?",2
"Are there any specific emerging technologies or trends in industrial oven design or operation that could improve their performance, efficiency, or safety?",2
What are some common failure modes in industrial ovens that are not mentioned in the summary?,2
How do temperature control systems need to be customized for each industry or manufacturing process?,2
Can you provide more information about the specific types of heating elements used in industrial ovens and their susceptibility to different failure modes?,2
"Can you elaborate on the specific components of the cooling system that are most prone to blockages, and how do these blockages typically occur?",2
"How do industrial oven failures affect the production process, and what are the potential consequences for manufacturers in terms of production delays and increased maintenance costs?",2
How can manufacturers balance the cost of implementing preventive measures against the potential cost of failures in industrial ovens?,2
"Can you provide examples of software or firmware issues that may cause control panel malfunction, and how can these issues be addressed?",2
"Can you discuss the maintenance practices that can help prevent the failure modes of the heating element, and how often should these practices be performed?",2
"Can you provide examples of industries that rely heavily on temperature control systems, and how do these systems impact product quality and safety?",2
"How do the different components of the industrial oven, such as the heating elements, fans, and temperature control system, interact with each other? Are there any specific failure modes associated with these interactions?",1
"What are the most common failure modes for heating elements in industrial ovens, and how can they be prevented or mitigated?",2
"How do motors and gearboxes fail over time, and what are the most effective ways to maintain their performance and prevent failures?",2
"How do changes in ambient temperature or humidity affect the performance of the cooling system, and how can these factors be accounted for in the design and operation of the oven?",2
How do the variability in production processes and limited data impact the accuracy of anomaly detection models in industrial ovens? Are there any techniques that can be used to address these challenges?,2
"How do you prioritize maintenance and repair tasks for industrial ovens, and what factors do you consider when deciding which tasks to perform first?",2
How do the properties of the materials used in heating elements affect their performance in different industrial oven applications?,2
"How do temperature sensors contribute to false alarms in industrial ovens, and what are some ways to minimize false alarms?",2
"Can you provide examples of specific types of noise that can occur in the sensor data, and how they can impact the accuracy of the anomaly model?",2
"Can you discuss the challenges of monitoring the parameters of an industrial oven in real-time, and how can these challenges be addressed? For example, how can data be collected and analyzed in real-time to detect anomalies and prevent failures?",2
"How do the sensors account for any delays or latency in the data transmission or processing, and how can these delays affect the accuracy of the anomaly detection model?",2
"Can you provide examples of specific anomalies that have been detected by the model, and how were they addressed?",2
"How do the materials used in the construction of the oven, such as the materials used for the insulation and heating elements, impact the likelihood and severity of failures?",2
"Can you provide examples of how regular maintenance, such as cleaning or replacing air filters, has helped prevent controller malfunction in industrial ovens?",2
"Can you explain the reasoning behind using specific materials for insulation, such as fiberglass, rock wool, or ceramic blankets? Are there any specific properties that make these materials ideal for this application?",2
"How do temperature control system failures in industrial ovens impact energy consumption, and what are the potential costs associated with such failures?",2
"Are there any specific areas of the industrial oven that are more prone to failure than others? For example, are there any areas that are more susceptible to wear and tear, or that require more frequent maintenance?",1
"Can you discuss the importance of testing safety devices regularly, and what are the potential consequences of neglecting this task?",2
Are there any emerging technologies or trends in temperature sensing and control that could improve the performance and reliability of industrial ovens?,2
How do local building codes and regulations impact the design and operation of industrial ovens in terms of energy efficiency and noise reduction?,2
"Are there any specific industry standards or regulations that the temperature control system must comply with? If so, what are they, and how are they enforced?",2
"How do temperature fluctuations in an industrial oven affect the quality of the product being manufactured, and what are the potential consequences of such fluctuations?",2
Can you provide examples of how ANSI/ISA 84.00.01-2013 standard has been applied in industrial oven settings to ensure safe and reliable operation?,2
"How can the anomaly detection model be integrated with other systems or processes in the industrial oven, such as maintenance scheduling or quality control? Are there any specific integration challenges or considerations that need to be addressed?",2
"Can you discuss the importance of monitoring temperature fluctuations, airflow patterns, and control system performance in predicting and preventing failure modes in industrial ovens? Are there any specific monitoring techniques or tools that are commonly used?",2
"Can you provide more information about the sensors and data sources used to collect temperature, energy consumption, and process data in the industrial oven environment?",2
"What are some common alarm and alert thresholds that are set for each type of sensor? Who sets these thresholds, and how are they determined?",2
Can you provide examples of specific safety features that are commonly misunderstood or misused by operators?,2
"How do industrial oven failures impact production schedules, and what are the potential consequences of prolonged downtime?",2
"Can you provide examples of the types of errors or inconsistencies that are removed during the data cleaning process? How are these errors identified, and what methods are used to correct them?",2
"What are the most common failure modes for fans and blowers in industrial ovens, and how do they relate to temperature, humidity, and air quality?",2
"Can you explain the importance of regular maintenance and testing of safety interlocks in industrial ovens, and what are the potential consequences of neglecting these tasks?",2
"Can you discuss the trade-offs between using different types of insulation materials, such as cost, performance, and durability?",2
"How do advances in technology, such as improved materials and designs, impact the performance and safety of industrial ovens?",2
"Are there any specific challenges or limitations that the data scientist should be aware of when working with the sensor data, such as noise, missing values, or outliers?",1
"How do temperature control systems in industrial ovens typically monitor and control temperature? Are there any specific algorithms or techniques used to ensure accurate temperature control, and how do these systems account for factors such as thermal lag or non-linear temperature responses?",2
"Can you provide examples of specific industry-wide standards and regulations that apply to industrial ovens in different regions, such as OSHA in the US, NFPA 86, and the EU's Machinery Directive?",2
"How do industrial oven failures impact the cost of production, and what steps can manufacturers take to minimize these costs?",2
"Can you provide examples of successful implementations of emergency stops and safety interlocks in industrial ovens, and what were the key factors that contributed to their effectiveness?",2
Can you provide examples of corrosion-resistant coatings that can be used to prevent corrosion of heating elements in industrial ovens?,2
"Can you provide examples of safety risks associated with vibrations in industrial ovens, and what are the best practices for mitigating these risks?",2
"Can you discuss the impact of environmental factors such as temperature, humidity, and air flow on the performance and longevity of industrial ovens?",2
"How do the sensors and control systems account for any non-linear relationships between temperature, humidity, and air pressure? Are there any specific techniques or methods used to model these relationships?",2
Can you explain the calibration drift phenomenon in control systems and how it can impact the temperature uniformity and stability in industrial ovens?,2
"Are there any specific industry standards or regulations that must be followed when measuring temperature inside an industrial oven, and how can compliance with these standards be ensured?",2
"What are some common causes of pressure sensor malfunction in industrial ovens, and how can they be prevented?",2
Are there any regulatory or compliance considerations that industrial oven operators should be aware of when implementing these maintenance practices?,2
"Can you provide more information about the vibration-dampening system mentioned in the preventive measures for Scenario 3? How does it work, and what are some common sources of vibration in industrial ovens?",2
"How do you ensure that the sensor data has sufficient resolution to detect the desired anomalies, and what techniques do you use to improve the resolution if necessary?",2
How does the temperature control system in Industrial Ovens handle temperature fluctuations or deviations from the setpoint?,2
"How does vibration analysis account for variations in normal vibration patterns due to changes in temperature, humidity, or other environmental factors?",2
"Can you provide examples of specific industrial oven applications where 304 stainless steel might be preferred over 316 stainless steel, or vice versa?",2
How do the predictive maintenance tasks and data analysis help in optimizing the maintenance schedule and reducing the overall maintenance costs?,2
"Are there any specific challenges or limitations that are associated with monitoring the performance of industrial ovens? For example, are there any specific data quality issues or sampling biases that must be addressed?",2
How do different types of air filtration systems compare in terms of effectiveness and cost-benefit analysis for industrial oven applications?,2
"Are there any additional sources of data that could be used to improve the accuracy of the anomaly detection model? For example, maintenance records, production schedules, etc.",0
Are there any emerging trends or technologies in the field of industrial oven design that could improve the performance and reliability of the air circulation system? Are there any potential drawbacks or limitations to these advancements?,2
"Can you explain the importance of regular inspection and maintenance of critical oven components, such as heating elements, thermocouples, and control systems?",2
"Can you explain the concept of ""settling time"" in the context of Industrial Ovens and how it affects the temperature control system?",2
How do the severity and detectability ratings for failure modes in industrial ovens compare to those in other types of industrial equipment or systems?,2
How does the cost-effectiveness of different insulation materials factor into the decision-making process for industrial oven design?,2
"Are there any regulatory or compliance requirements that must be met when it comes to operator training on emergency stops and safety interlocks, and how can organizations ensure that they are in compliance?",2
"Can you discuss the importance of proper filter maintenance in fans and blowers, and what are some common filter types and cleaning methods used?",2
"Can you provide examples of specific failures or issues that were prevented or mitigated through the use of these systems, and how did they impact the overall productivity and quality of the industries?",2
"How do pressure transducers or pressure switches detect abnormal changes in pressure, and what are the typical pressure ranges they measure?",2
Are there any specific safety protocols or procedures that operators should follow when using emergency stops and safety interlocks in industrial ovens?,1
How do temperature control systems typically handle calibration and maintenance of temperature sensors to prevent sensor failures? Are there any industry-standard practices or guidelines for sensor calibration and maintenance?,2
Are there any specific components or systems in industrial ovens that are more prone to failure during certain times of the year or in certain operating conditions?,2
Are there any industry standards or regulations that govern the use of emergency stops and safety interlocks in industrial ovens?,1
"What are some common signs or symptoms that indicate a potential failure of a temperature sensor, controller, heating or cooling element, or insulation?",2
Can you provide examples of proper installation and maintenance practices for insulation materials in industrial ovens?,2
Can you provide examples of specific chemicals that are commonly used in industrial ovens and their impact on performance and longevity?,2
"Can you discuss the role of data analytics in identifying patterns and trends in maintenance data, and how it can inform maintenance strategies?",2
"Are there any emerging trends or technologies in industrial oven door and seal design that can improve performance, efficiency, or safety?",2
Can you provide examples of specific environmental factors that have caused performance issues in industrial ovens in your experience?,2
How do hinges and door closure mechanisms contribute to maintaining a tight seal between the door and the oven chamber?,2
Can you provide examples of specific failure modes that the system is designed to detect? How do these failure modes impact the performance and safety of the oven?,2
"How do the heating elements generate heat within the oven? Are there any specific types of heating elements used, and what are their potential failure modes?",1
"What are some best practices for cleaning and maintaining industrial ovens to prevent environmental factor-related issues, and how can these practices be optimized?",2
"Can you provide examples of successful insulation maintenance programs that have been implemented in industrial ovens? What were the key components of these programs, and how did they improve the efficiency and productivity of the equipment?",2
"Are there any preventive maintenance tasks that can be performed to extend the life of these components, such as lubricating moving parts or cleaning filters? If so, how frequently should these tasks be performed?",2
"How do changes in ambient temperature and humidity affect the performance of the industrial oven, and how can these factors be controlled or accounted for?",2
"What are some common causes of heating element failure in industrial ovens, and how can they be prevented?",2
"How do emergency stop switches work, and in what situations are they typically used?",2
"Can you provide more information on the specific types of wear and tear that can occur in the heating element, such as thermal fatigue or creep?",2
How do different types of insulation used in industrial ovens affect their temperature control and energy efficiency?,1
Can you explain the different types of controls and sensors used in industrial ovens and their potential failure modes?,2
How do emergency stops and safety interlocks differ in terms of their functionality and purpose?,2
"What are some common causes of thermal fatigue in the temperature control system, and how can they be mitigated?",2
"Can you discuss some common misconceptions or myths about industrial oven maintenance and component failure, and how can data-driven approaches help address these misconceptions?",2
"How do different types of insulation materials, such as fiberglass, mineral wool, and refractory insulation, compare in terms of their resistance to degradation in industrial oven applications?",1
"How do different types of industrial ovens (e.g. conveyor belt, batch, or continuous) have different failure modes and consequences?",2
"Can you explain the difference in accuracy and reliability between resistive, capacitive, and thermal sensors in industrial oven environments?",2
Can you provide examples of successful implementations of temperature and humidity control systems in industrial ovens? What were the specific challenges and solutions implemented in these cases?,2
"Are there any specific challenges or considerations when designing an industrial oven for a specific application, such as a high-temperature process or a large batch size? How can these challenges be addressed?",2
Can you discuss a scenario where a combination of predictive and preventive maintenance strategies was effective in maintaining an industrial oven?,2
"How does the control system monitor and respond to any issues with the temperature sensors, heating elements, or fans during the oven's operation?",2
"Can you explain the common causes of heating element failure in industrial ovens, and how can it be prevented?",2
Are there any specific industry standards or regulations that guide the maintenance and inspection of industrial ovens to ensure safety and quality?,2
How do pressure sensors in industrial ovens integrate with other sensors and control systems to ensure proper oven operation?,2
Can you provide examples of specific component failures that can occur in industrial ovens due to environmental factors?,1
What are some common misconceptions or misunderstandings about belt tension and fan/blower performance that you have encountered in your experience?,2
"Can you describe any real-world examples or case studies of failures in the air circulation system, and how they were addressed? What lessons were learned from these experiences, and how have they informed the design and maintenance of industrial ovens?",2
"What are some examples of advanced analytics or machine learning techniques that can be applied to industrial oven data to improve performance monitoring, predictive maintenance, and process optimization?",2
"How does the control system adjust heating elements or cooling systems to maintain the desired temperature and prevent failures, and what are the key factors that it considers while making such adjustments?",2
Can you explain the process of burner monitoring and how it can help detect clogged burners or insufficient fuel supply issues?,2
How do the fans and blowers work together with the temperature control system to achieve uniform temperature distribution? Are there any specific algorithms or control strategies used?,1
"What are the most common failure modes and reasons for industrial ovens, and how can the choice of materials and design help mitigate these failures?",2
"How can operators troubleshoot common issues with industrial ovens, such as temperature control problems or atmosphere issues?",2
"How do the operating conditions of the oven, such as temperature, humidity, and air flow, impact the lifespan and performance of the heating elements? Are there any specific operating conditions that are particularly challenging for certain types of heating elements?",2
"How do the failure modes and degradation mechanisms for industrial ovens differ between different industries, such as food processing, pharmaceuticals, and aerospace?",2
How do the anomaly detection model's threshold values for temperature fluctuations get adjusted when accommodating specific product or material requirements? Is there a standard process for adjusting these threshold values?,2
Can you discuss the importance of proper installation and commissioning of industrial oven motors? How does it impact their performance and lifespan?,2
"What are some common warning signs or symptoms that indicate a heating element is failing or has failed, and how can these be detected early?",2
Can you provide more details on the mathematical model used in the model predictive control (MPC) system implemented in the food processing plant?,2
How can data analytics and machine learning be applied to temperature sensing and calibration data to improve the accuracy and reliability of industrial oven operations?,2
"How do temperature control systems typically fail in industrial ovens, and what are the common causes of these failures?",2
"Can you discuss some of the most common issues that can arise when temperature and humidity fluctuations are not properly controlled in industrial ovens, and how do these issues impact product quality and consistency?",2
"How do environmental factors such as ambient temperature, air flow, and humidity affect industrial oven performance, and what are some common challenges in controlling for these factors?",2
Can you discuss some common data integrity checks that can be implemented to prevent tampering or unauthorized access to industrial oven monitoring data?,2
"How does the design of the oven, including factors such as air flow, temperature uniformity, and insulation thickness, impact the likelihood and severity of insulation degradation?",2
Can you provide more information about the human-machine interface for presenting anomaly detection results? What type of visualizations or alerts will be used to communicate the results to operators and maintenance personnel?,2
Are there any regulatory or compliance requirements that impact the choice of data collection rate and sampling interval in the monitoring system?,2
"Can you provide examples of advanced technologies or sensors that can be used to monitor temperature, air flow, and other parameters in industrial ovens?",2
"Are there any emerging trends or technologies in industrial oven design or maintenance that could help improve quality and safety? For example, are there any new materials or sensors that could be used to improve temperature uniformity or detect anomalies more effectively?",2
"Can you provide more information about the temperature control system, heating elements, cooling system, fans, and blowers? What are their specific roles in the industrial oven process, and how do they interact with each other?",2
"Can you provide examples of how the factors influencing severity and detectability ratings, such as likelihood of failure and ease of detection, can vary depending on the specific failure mode and industrial oven application?",2
"What are some common sources of instrumentation errors, sensor noise, environmental factors, data quality issues, and oversensitive rules that can lead to false positives or false negatives in anomaly detection methods?",2
How does the ambient temperature and humidity affect the motor's performance and lifespan? Are there any specific temperature and humidity ranges that are particularly challenging for industrial oven motors?,2
Can you provide more information on the specific types of thermal insulation used in industrial ovens and how they can deteriorate or become damaged?,2
How do these maintenance practices impact the lifespan and reliability of industrial oven components?,2
"How does the oven's motor work? Is it a DC motor, AC motor, or something else?",1
"Can you explain the mechanism by which sedimentation of particles and debris can occur in pumps and valves, and how this can lead to increased wear and tear?",2
What are some common preventive maintenance practices or procedures that can help prevent failures in temperature control systems?,1
"Can you elaborate on the specific temperature range that is considered ""uniform"" in industrial oven performance, and how does it vary across different industries or applications?",2
"Can you provide examples of root cause analysis techniques that can be used to develop effective corrective actions? How can operators and maintenance personnel ensure that they are addressing the root cause of the issue, rather than just its symptoms?",2
"Can you explain how the feedback mechanism in the closed-loop system works? How does it adjust the input to the process to maintain the desired temperature, humidity, and other process parameters?",2
"Are there any emerging technologies or trends in fan and blower design or maintenance that could potentially improve the efficiency and reliability of industrial ovens, and how might these technologies be adopted in the future?",2
"Can you provide examples of how uneven heating, poor door seals, and excessive loading can cause structural failure in an industrial oven?",2
"Can you discuss potential failure modes that can occur in industrial ovens, and how can emergency stops and safety interlocks help mitigate these risks? For example, what are some common causes of overheating or accidental fires in industrial ovens?",2
"How do the IoT/OT sensors and machine learning algorithms work together to detect anomalies in the oven's performance, and what types of anomalies can they detect?",2
"Can you provide examples of specific products that require tight temperature control, and how do their temperature requirements differ from others?",2
How can the severity and detectability ratings be assigned to each potential issue? Are there any specific methods or tools that can be used to determine the severity and detectability of a given issue?,2
"How do you recommend prioritizing maintenance and inspection tasks for electrical components in industrial ovens, given the potential for severe consequences of failure?",2
"How often should each type of maintenance cycle be performed, and what factors can influence the frequency of maintenance (e.g., usage level, environmental conditions, age of equipment)?",2
"How does the control panel optimize energy consumption, and what are the potential cost savings associated with efficient energy use?",2
Can you provide examples of how industry standards and regulations have been enforced in the context of anomaly detection models for industrial ovens?,2
"What are some common issues with controller malfunction in industrial ovens, and how can they be addressed?",1
"Can you provide examples of how predictive maintenance techniques, such as machine learning algorithms, can be used to predict potential failures in industrial ovens?",2
"Can you explain the anomaly detection methods used for each component in the industrial oven? How do these methods detect potential failures or issues, and what are the potential false positives or false negatives?",1
"Can you provide more information on the degradation mechanisms that lead to overheating (OF-01) in industrial ovens? For example, what are some common causes of poor insulation, and how can we detect and prevent them?",2
"Can you discuss the role of machine learning and artificial intelligence in predictive maintenance, and how they can be used to improve maintenance strategies?",2
"How does air quality monitoring and control help prevent reduced performance and eventual failure of fans and blowers in industrial ovens, and what are some common air quality monitoring and control methods used in industrial ovens?",2
"Are there any specific areas of the industrial oven that are more prone to wear and tear, such as the doors, seals, or hinges? How do these components fail, and what are the common failure modes?",1
"What are some common loading and unloading procedures used in industrial ovens, and how can operators ensure safe and efficient material handling?",2
How can data analytics or machine learning be used to predict when maintenance is needed or to identify patterns in the degradation mechanisms?,2
"Can you provide more information about the specific types of electrical systems and mechanical components that are most critical in the industrial oven, and why they are critical?",2
Are there any specific industry standards or regulations that need to be considered when building the anomaly detection model?,1
"How do control systems in temperature control systems work, and what are their common failure modes? Are there any specific control system architectures or algorithms that are more prone to failure?",2
Can you provide examples of specific industrial oven applications where air quality and filtration systems have a critical impact on performance and product quality?,2
What are some common failure modes of the cooling system in industrial ovens?,2
"Can you discuss the potential risks and consequences of not performing vibration analysis on industrial oven equipment, and how does it impact overall productivity?",2
Can you provide more information on the common failure modes of industrial ovens? Are there any specific failure modes that are more common than others?,2
"Can you provide examples of specific regulations and standards that industrial oven operators must comply with, and how do they impact the operation and maintenance of the equipment?",2
Can you discuss the importance of data preprocessing and feature engineering in building an accurate anomaly model for industrial oven monitoring? What types of data preprocessing techniques are commonly used in this context?,2
"Can you explain the process of inspecting and replacing thermocouples in industrial ovens, and how often should this be done?",2
"Can you provide examples of specific maintenance tasks that should be performed regularly to prevent heating element failures, and how often should these tasks be performed?",2
How does the temperature control system detect and respond to failures in the ventilation system? Are there any specific sensors or monitoring systems in place to detect such failures?,2
"Are there any specific opportunities or areas for improvement in the industrial oven environment that could be addressed through the use of the anomaly detection model? If so, what are they, and how can they be leveraged?",1
"Can you provide examples of preventative maintenance tasks that can be performed to mitigate the impact of environmental factors on industrial ovens? For example, how often should filters be cleaned or replaced, and what types of lubricants or coatings can be used to protect components from wear and tear?",1
"Can you provide more information about the recommended maintenance strategies for industrial ovens? Are there specific schedules or procedures in place for routine maintenance, or do these vary depending on the specific oven and its usage?",2
Can you discuss the importance of proper installation and inspection of industrial ovens to ensure safe and efficient operation?,2
"Can you discuss the importance of sensor placement and distribution within the oven, and how it affects the accuracy and effectiveness of temperature and pressure monitoring?",2
"Can you provide examples of how complacency can manifest among operators, and what strategies can be used to prevent or mitigate complacency?",2
"What are some common warning signs or indicators that a heating element is approaching failure, and how can we detect them?",2
"Can you discuss the role of computational fluid dynamics (CFD) simulations in industrial oven design, and how do they help optimize oven performance, efficiency, and safety?",2
How can real-time data from sensors and equipment be used to predict potential failures in industrial ovens? What types of sensors and equipment are typically used?,2
"Can you explain the main differences between OPC, OPC UA, DNP3, Modbus, and BACnet in terms of their functionality and applications in industrial automation?",2
"What are some common signs or indicators that a heating element is failing or has failed? How can data scientists detect these signs using data-driven methods, such as temperature monitoring or vibration analysis?",1
"How do industry standards and regulations address the use of automation and robotics in industrial ovens, and what are some potential challenges or risks associated with their use?",2
"Can you provide more information about the specific sensors used to monitor the industrial oven's performance, such as their accuracy, precision, and response time?",1
"How do you prioritize the development and implementation of a plan to resolve the issue promptly and effectively? Are there any specific factors that you consider when deciding which steps to take first, and if so, what are they?",2
How do you ensure that the sensors and monitoring systems are properly calibrated and maintained to ensure accurate and reliable data?,2
How does the temperature controller interpret the temperature reading from the sensor and determine whether to turn the heating/cooling element on or off?,2
"How do the severity and detectability ratings of failure modes vary across different types of industrial ovens? For example, are some failure modes more severe in certain ovens, and are some easier to detect than others?",2
Are there any emerging trends or technologies in anomaly detection for industrial ovens that are not yet widely adopted but show promising results?,2
"How do the degradation mechanisms affect the thermal efficiency of the oven, and what are the potential consequences of reduced thermal efficiency?",2
"How do energy efficiency considerations impact the design and operation of industrial ovens, and what strategies can be employed to minimize energy consumption while maintaining optimal performance?",2
Can you provide examples of predictive maintenance techniques that can be used to identify potential issues before they become major failures?,2
"How do the different components of an industrial oven interact with each other, and how do their failures impact the overall performance of the oven? For example, if the ventilation system fails, how does that affect the temperature uniformity within the oven chamber?",2
"Can you provide examples of real-world cases where electrical component failure in industrial ovens has led to significant downtime, safety hazards, or product quality issues?",2
Can you explain the different types of temperature sensors used in industrial ovens and their advantages/disadvantages?,2
"Can you provide examples of specific types of anomalies that have been detected in industrial ovens, and how did they impact production?",2
Are there any specific thresholds or parameters that should be set for each monitoring task to ensure accurate detection of potential issues?,2
Can you discuss the challenges of detecting slow-developing anomalies in industrial ovens? How can data scientists account for these types of anomalies in their models?,2
"Can you provide more information about the electrical components of the oven, such as the motors and switches? Are there any specific failure modes that are most common in these components, and how can they be prevented?",2
"What are some common signs of seal failure in industrial ovens, and how can we prevent chemical degradation and wear and tear on seals?",2
"How often should regular preventive maintenance tasks be performed, and what are the consequences of neglecting these tasks?",2
"How do worn-out seals contribute to door seal failure, and what are some best practices for maintaining door seals in industrial ovens?",1
"How do ASTM standards address the issue of heat resistance in industrial ovens, and what specific properties do they require for materials used in high-temperature applications?",2
How can data analytics and machine learning be used to optimize energy consumption in industrial ovens? Are there any specific energy-saving strategies that are commonly used?,2
"How do environmental factors such as humidity and air quality affect the scalability and flexibility of industrial oven designs, and what are some strategies for designing ovens that can adapt to changing environmental conditions?",2
"What are some common failure modes for temperature and pressure sensors used in industrial ovens, and how can they be detected and prevented?",2
"Can you explain the different types of controls and electrical components used in industrial ovens, and what are the most common failure modes for each?",2
Can you explain the reasoning behind choosing One-Class SVM and Isolation Forest as anomaly detection techniques? How do these techniques perform in terms of accuracy and false positives?,2
How can manufacturers balance the need for high temperatures with the need to minimize thermal stress and prolong the lifespan of heating elements in industrial ovens?,2
"Can you provide examples of how pressure sensors can help identify issues such as clogged filters, reduced airflow, or increased resistance in fans and blowers?",2
How do you account for factors such as employee turnover or changes in production processes when evaluating the long-term effectiveness of training programs?,2
Can you provide examples of successful case studies or real-world implementations of insulation material selection and maintenance strategies that have resulted in improved oven efficiency and reduced failure rates?,2
"Can you describe a scenario where a failure in the temperature sensors or heating elements could lead to a safety hazard, and how would the control system respond to such a scenario?",2
Can you provide some examples of regular maintenance tasks that can be performed on industrial ovens to prevent failures during peak production hours?,2
How can data analytics be applied to the data collected by environmental monitoring systems and temperature control systems to predict potential equipment failures and optimize maintenance schedules?,2
"Can you provide examples of how industrial oven failures can be mitigated or prevented through the use of IoT/OT systems and data analytics? For instance, how can real-time monitoring of sensor data help detect anomalies and predict failures?",2
What are some common sources of vibration that can affect the accuracy of temperature and pressure measurements in industrial ovens? How can these sources be mitigated?,2
"How often is regular maintenance and inspection performed on the temperature control system, and what are the key tasks performed during these activities?",2
Can you explain the concept of creep and its impact on the lifespan of heating elements made from copper and other materials?,2
"Can you provide examples of chemicals and gases that can affect industrial ovens, and how can proper ventilation systems help mitigate their impact?",2
Are there any specific design features or materials that can help improve the performance and reliability of industrial ovens?,2
How can data analytics and machine learning be used to improve the maintenance and reliability of emergency stops and safety interlocks in industrial ovens?,2
"Are there any specific challenges or limitations associated with integrating sensors and monitoring systems with the control system in industrial ovens? If so, how are they addressed?",2
"What are some common mistakes or oversights that industrial oven operators make when it comes to maintenance and testing, and how can they avoid these mistakes?",2
"How does the oven's conveyor belt system handle different part sizes and shapes, and what are the maximum and minimum part dimensions that can be accommodated?",2
"Are there any industry-standard practices or guidelines for maintaining and troubleshooting the motor and control system in an industrial oven? If so, what are some key takeaways from these practices?",2
"Can you describe a scenario where air flow issues could impact temperature uniformity, and how would the system respond to such a scenario?",2
"Can you provide examples of specific industrial oven applications where the failure of the temperature control system could have serious consequences, such as in the production of medical devices or aerospace components?",2
"What are some of the most promising alternative heating technologies that could replace traditional industrial oven heating elements, and how do they compare in terms of efficiency, maintenance, and cost?",2
"How often should temperature, air flow, and sensor calibration be monitored and maintained to ensure optimal performance of industrial ovens?",2
Are there any specific maintenance or cleaning practices that can help mitigate the effects of environmental factors on an industrial oven's performance?,2
"Can you provide more information about the sensor calibration process? How often is calibration performed, and what methods are used to ensure that the sensors are accurately calibrated?",2
"Are there any specific regulations or standards that the industrial oven must comply with, and how do they impact the design and operation of the system?",0
"Are there any emerging trends or technologies in industrial oven design or filter technology that could improve the performance, efficiency, or lifespan of these systems?",2
How do temperature control systems and safety interlocks work together to ensure the safe and reliable operation of industrial ovens?,2
How can industrial oven operators ensure that anomaly detection algorithms are continuously improving and adapting to changing operating conditions and product requirements?,2
Can you discuss the role of employee training and education in ensuring compliance with industry-standard guidelines and regulations for industrial oven maintenance and repair?,2
"Can you discuss the various methods used to ensure cleanability in food processing ovens, and how do these methods impact the design and operation of the ovens?",2
"Can you discuss the role of machine learning and artificial intelligence in predictive maintenance for industrial ovens, and how these technologies can be used to improve maintenance scheduling and decision-making?",2
"What are the most common failure modes of the frame and structure of an industrial oven, and how do they occur?",2
"Can you discuss the importance of proper installation and alignment of emergency stops and safety interlocks, and how can operators ensure that these components are properly connected and aligned?",2
"How can the models be adapted to accommodate changes in the industrial oven environment, such as new equipment or process modifications, and how can they be updated to reflect changing operating conditions?",2
"Can you provide more information about the types of temperature sensors that are commonly used in industrial ovens, and their respective advantages and limitations?",2
Can you provide more information about the high false alarm rate in industrial ovens and how it can lead to unnecessary maintenance and downtime? How do you think this could be addressed in an anomaly detection model?,2
"Can you discuss the importance of data visualization and analytics in interpreting the data collected from these safety features and monitoring systems, and how can they be used to improve safety and efficiency in industrial ovens?",2
"Can you discuss the potential impact of temperature control failures on the environment, such as emissions or waste?",2
"Can you provide examples of how data analytics or machine learning can be applied to improve the performance and safety of industrial ovens? For example, how can data be used to predict potential failures or optimize maintenance schedules?",2
"How do you distinguish between temperature fluctuations that are indicative of heating element failure and those that are caused by other factors, such as changes in ambient temperature or humidity?",2
"How do doors and seals made of metal, ceramic, rubber, or silicone maintain temperature and prevent heat loss in industrial ovens? What are the different types of doors and seals used in industrial ovens?",2
"Are there any specific challenges or limitations that are unique to anomaly detection in industrial ovens? For example, are there any specific types of noise or interference that can affect the accuracy of the model, or any specific types of anomalies that are particularly difficult to detect?",1
"How often should each maintenance procedure be performed, and what factors can affect the frequency of maintenance?",2
"Can you provide examples of specific anomalies that have been detected in the Industrial Oven system using anomaly detection models, and how were they addressed?",2
"Can you provide examples of how ASTM standards have been used to address specific challenges or problems encountered in industrial oven construction, such as reducing energy consumption or improving thermal insulation?",2
Can you discuss the role of ventilation and air flow in preventing moisture intrusion and thermal bridging in industrial ovens?,2
"How do the specific operating conditions of an industrial oven, such as temperature range, humidity, and air flow, affect the likelihood and severity of component failures?",2
"How can operators ensure that sensor measurements are accurate and reliable in the presence of varying environmental conditions, such as temperature, humidity, and vibration?",2
"Can you provide more information about the specific components of the oven's cooling system that are most prone to failure, and how do these failures typically occur?",2
"How do emergency stops and safety interlocks vary between different types of industrial ovens, such as those used in the food industry versus those used in the chemical industry?",1
"Can you discuss the advantages and limitations of using each type of temperature sensor in industrial ovens, and provide examples of specific applications where each type is best suited?",2
"How do pressure sensors measure pressure inside the oven, and what are the common pressure ranges encountered in industrial oven applications?",1
Are there any specific industry standards or regulations that the temperature control system must comply with? How does the system ensure compliance with these standards?,2
What are some common warning signs or indicators that suggest a motor is about to fail? How can we detect these signs early on?,2
"How do the safety features of industrial ovens compare to those in other industrial equipment, such as machinery or robotics? Are there any differences in the types of safety features used or the level of reliance on these features?",2
"Can you explain the process of infrared thermography, and how it can help detect potential failures in the oven's electrical components?",1
"Can you discuss some of the emerging trends and technologies in industrial oven design and control, such as the use of advanced sensors, machine learning algorithms, and predictive maintenance?",2
"How does temperature monitoring help prevent uneven wear on door seals in industrial ovens, and what temperature ranges are typically monitored?",2
What are some common causes of false positives or false negatives in detecting early signs of failure in industrial ovens using real-time time series sensor data?,2
"Can you provide examples of products that have specific chemical properties that impact the choice of materials used in the oven's construction? How do these materials impact the cost, maintenance, and lifespan of the oven?",2
"Can you explain the significance of each parameter measured by the sensors and devices, and how do they relate to the overall performance of the industrial oven?",2
Can you provide more information on the specific cleaning and degreasing methods that are most effective for industrial oven components?,2
"How does the monitoring system handle data processing and analysis when integrating with other systems, such as ERP or SCADA systems?",2
What are the typical maintenance schedules and procedures for the oven's components? Are there any specific maintenance tasks that are more critical than others in preventing failures during startup and shutdown?,2
"Can you provide more information about the insulation materials used in the oven? How do they help maintain a consistent temperature, and what are their thermal conductivity and heat capacity properties?",2
How did the temperature control systems address the issues of inconsistent product quality and ambient temperature fluctuations in the two examples?,2
What are some common safety procedures that should be followed when working with industrial ovens? How can operators and maintenance personnel ensure that these procedures are followed consistently?,2
"Can you provide more information about the specific types of thermocouples, RTDs, and infrared thermometers used in industrial ovens? How do their measurement ranges and accuracies compare?",2
"Can you discuss the various degradation mechanisms that can occur in an industrial oven, such as wear and tear, oxidation, or corrosion? How do these mechanisms affect the performance and safety of the oven, and what are some common indicators of degradation that can be monitored?",2
"How do different types of industrial ovens (e.g. conveyor belt, batch, or continuous) have different fan motor maintenance requirements?",2
"Are there any specific control strategies or algorithms used in industrial oven control systems to maintain optimal temperature and humidity levels, and how do these control systems account for variables such as material properties, air flow, and ambient conditions?",2
"How do the models account for changes in the operating conditions of the oven, such as changes in temperature or humidity, when detecting anomalies?",2
"How do you currently determine the normal operating conditions of an industrial oven, and how do you account for variations in temperature, pressure, or other parameters?",2
"Can you discuss the importance of door alignment in maintaining the integrity of door seals in industrial ovens, and how can misalignment affect the seals' performance?",2
"Can you provide examples of real-world anomalies that have been detected in the oven's sensor data? How were these anomalies addressed, and what was the outcome?",2
"What are the typical warning signs that a fan or blower is failing, and how much advance notice can operators expect before a failure occurs?",2
"How do environmental factors such as humidity, air flow, and temperature affect the performance and lifespan of industrial ovens?",2
"Can you provide examples of specific maintenance practices that can help prevent wear and tear on motor bearings, and how often should these practices be performed?",2
"Can you provide more information about the temperature sensor used in the temperature control system? What type of sensor is it, and how does it measure temperature?",2
Can you elaborate on the specific temperature and humidity ranges that are ideal for different industrial oven applications?,2
"How do environmental regulations and sustainability considerations impact the selection and maintenance of thermocouples, temperature controllers, and insulation in industrial ovens, and are there any specific strategies for balancing performance, cost, and sustainability?",2
"Can you explain the process of thermocouple calibration, and how often should it be performed to ensure accurate temperature readings?",2
"How do air filtration systems impact the energy consumption and carbon footprint of industrial ovens, and are there any strategies to minimize these impacts?",2
Can you provide examples of how proper insulation selection and maintenance can extend the lifespan of heating elements and optimize industrial oven performance?,2
"How do different types of industrial ovens (e.g., conveyor belt, rotary, or cabinet ovens) respond differently to environmental factors?",2
"How do proper training practices for operators and maintenance personnel help ensure proper operation and maintenance of industrial ovens, and what are some common training methods used?",2
"Can you discuss any challenges or limitations you have encountered when prioritizing maintenance and inspection for industrial ovens, and how have you addressed these challenges?",2
"What are the most common failure modes for the electrical components in industrial ovens, and how do they compare in terms of frequency and severity?",2
"What are the common failure modes of an industrial oven? For example, overheating, underheating, mechanical failure, etc. This information will help identify the types of anomalies to detect.",0
Can you provide examples of faulty control system software or incorrect configurations that can cause false triggers in industrial ovens?,2
"Can you provide examples of successful implementations of predictive maintenance using sensor data in industrial ovens, and what were the key factors that contributed to their success?",2
What are some common application-specific requirements that must be considered when selecting sensors for industrial oven monitoring?,2
"Can you discuss the importance of proper installation and mounting of industrial ovens to minimize vibration transmission, and how can vibration isolation systems be used to achieve this?",2
"How can data analytics be used to identify patterns or trends in the failure modes and degradation mechanisms of components in an industrial oven, and how can this information be used to improve the design and manufacturing of new ovens?",2
"Can you provide examples of how electromagnetic interference can disrupt industrial oven operations, and what are some strategies to prevent or mitigate this issue?",2
"How do environmental factors impact the energy efficiency of industrial ovens, and what are some strategies for reducing energy consumption while maintaining oven performance?",2
"Are there any emerging technologies or materials that can help improve the performance and longevity of thermocouples, temperature controllers, and insulation in industrial ovens, and how do these technologies address seasonal challenges?",2
"What are the typical lead times for repairing or replacing faulty components associated with emergency stops and safety interlocks in industrial ovens, and how can these lead times be minimized?",2
"Are there any specific industries or applications where temperature uniformity is particularly critical, and what are some common strategies for addressing these requirements?",2
"Can you provide more information about the temperature monitoring system mentioned in the preventive measures for Scenario 1? How does it work, and what are the recommended temperature ranges for different types of industrial ovens?",2
Can you provide examples of specific industrial oven applications where environmental factors have had a significant impact on performance?,2
"Can you discuss the impact of emerging technologies, such as artificial intelligence and the Internet of Things, on the implementation and effectiveness of PM and PdM strategies for industrial ovens?",2
Are there any specific industry standards or regulations that need to be considered when selecting and implementing insulation materials and designs for industrial ovens?,2
"How do pressure sensors used in industrial ovens differ from those used in other industrial applications, such as in HVAC systems or automotive applications?",2
"What are some common causes of bearing wear and tear in fans and blowers, and how can we mitigate them?",1
"Can you discuss the trade-offs between temperature uniformity and other factors such as production rate, energy consumption, and product quality in industrial ovens?",2
"How do the heating elements in the oven work? Are they resistive heating elements, or do they use another technology?",1
"What are some common types of debris that can buildup in industrial ovens, and how do cleaning and lubrication practices help prevent this buildup?",2
"How do the materials used in constructing industrial ovens, such as metals, ceramics, and refractory materials, affect their performance and longevity?",2
How do the costs of repairing or replacing heating elements compare to the costs of preventative maintenance and inspection? Are there any specific cost-benefit analyses that can help justify the investment in preventative measures?,2
How do shielded cables and connectors help to reduce noise and interference from nearby equipment in industrial oven sensor data?,2
"Can you discuss the importance of signal conditioning in improving sensor accuracy, and provide examples of signal conditioning techniques commonly used in industrial ovens?",2
Can you describe a scenario where the integration of sensors and monitoring systems with the control system has prevented a failure or reduced downtime in an industrial oven?,2
"How do the operating conditions of an industrial oven, such as temperature and pressure, affect the selection and design of the materials used in its construction?",2
"How do the costs associated with industrial oven failures, such as repair costs, downtime, and lost productivity, impact the overall profitability of a manufacturing operation?",2
"How does the design of the oven, such as the shape and size of the chamber, affect the likelihood of failure? Are there any specific design features that can mitigate the risk of failure?",2
Can you provide examples of door and seal maintenance schedules or protocols that have been successful in industrial settings?,2
"Can you provide examples of industrial processes that require precise temperature control, and how do they benefit from the control panel's monitoring capabilities?",2
"How do software issues in industrial ovens impact the safety of the operators, equipment, and products being manufactured?",2
What are some common causes of pressure spikes in industrial ovens? How can they be prevented or mitigated?,2
"Can you discuss the various ways in which the electrical system of an industrial oven can fail? For example, what are some common causes of overheating, short circuits, overloads, and grounding faults?",2
"Can you provide case studies or examples of successful implementation of air filtration systems in industrial ovens, including the benefits achieved and lessons learned?",2
How do temperature fluctuations affect the energy consumption of the oven? Are there any specific energy-saving strategies that can be implemented to mitigate the impact of temperature fluctuations?,2
"What are some common hazards associated with industrial oven maintenance and repair, and how can they be mitigated?",2
"How do operating cycles, including start-ups, shutdowns, and temperature changes, affect the lifespan of industrial oven components?",1
"Can you discuss some common challenges or obstacles that industrial oven operators face when implementing energy-efficient technologies and practices, and how can these be addressed?",2
How do the sensor measurements change over time in a typical industrial oven application? Are there any specific patterns or trends that are commonly observed?,2
How do the various components and subcomponents of an industrial oven interact with each other? Are there any specific design considerations or constraints that need to be taken into account when assembling the oven?,2
How does the air circulation system ensure uniform temperature distribution within the oven? Are there any specific design features or components that are critical to its function?,1
"Can you discuss the potential for temperature control systems to be integrated with other manufacturing processes, such as quality control or supply chain management?",2
Can you discuss some common safety protocols that industries should have in place in case of an emergency involving an industrial oven?,2
Can you provide examples of specific industrial oven applications where the use of a particular material for heating elements is particularly advantageous?,2
How can data analytics and machine learning be applied to industrial oven maintenance to predict potential failures and optimize maintenance schedules?,2
How do the different types of heating elements affect the temperature distribution within the oven? How can we ensure uniform temperature distribution?,2
Can you discuss the role of safety training and education for operators and maintenance personnel in ensuring the safe operation of industrial ovens?,2
"How often are the sensors calibrated, and what is the process for calibration?",2
Can you elaborate on the different types of temperature sensors used in industrial ovens and their respective calibration methods?,2
"How do the failure modes of emergency stop button stuck and safety interlock failure compare in terms of severity, likelihood of occurrence, and potential impact on operator safety and accident prevention?",2
"Are there any specific industry standards or regulations that need to be followed when it comes to maintaining and inspecting industrial ovens to prevent mechanical failures, and how can we ensure compliance with these standards?",2
"Are there any emerging trends or technologies in the field of industrial oven design or fan and blower manufacturing that could help improve the efficiency, reliability, or safety of these systems? If so, can you provide some examples or explanations?",2
"How do the parameters of an industrial oven interact with each other, and how do changes in one parameter affect the others? For example, how does a change in temperature affect pressure, flow rate, and moisture levels?",2
"Can you explain how ASME standards for pressure vessel design, construction, and inspection apply to industrial ovens, and how they can help ensure safe and reliable operation?",2
Can you provide more information about the temperature control loops and voltage and current readings that are used to monitor the heating elements? How do these metrics indicate potential failures?,2
"How do you handle situations where an operator reports a malfunction or issue with a safety feature, and how do you ensure that the issue is resolved promptly and effectively?",1
"Can you provide examples of specific maintenance tasks or procedures that can help extend the lifespan of industrial oven components? How often should these tasks be performed, and what are the potential consequences of neglecting them?",2
"How often should the safety interlock system be tested, and what are the procedures for testing its proper functioning?",2
Can you provide examples of specific environmental factors that have caused anomalies in industrial ovens?,2
Can you provide more information about the maintenance cycles that can lead to failures if not performed correctly? Are there any specific maintenance tasks that are most critical to preventing failures?,1
"Can you provide examples of specific industrial applications where coils, tubes, and plates are commonly used?",2
"How do industrial ovens used in cleanroom environments differ from those used in other industries, and what are the specific challenges and considerations for maintaining these ovens?",2
"Can you provide examples of how poor maintenance can lead to reduced efficiency and increased energy consumption in industrial ovens, and what are some strategies for maintaining the oven's control system to prevent software or hardware issues?",2
Are there any specific challenges or considerations when it comes to maintaining and repairing electrical components in industrial ovens that are located in remote or hard-to-reach areas?,2
"What are some potential future trends or developments in industrial oven design and operation that could significantly impact energy consumption and emissions, and how can data science and analytics support these advancements?",2
Can you provide examples of real-time anomaly detection systems that have been implemented in industrial ovens and what were the results?,2
"How does the monitoring system balance accuracy and efficiency in detecting anomalies, and what are the potential risks of sacrificing one for the other?",2
"Can you provide examples of successful implementations of sensor calibration, noise reduction, and signal conditioning in industrial ovens, and what were the benefits achieved?",2
"How do you evaluate the thermal conductivity and heat transfer properties of different materials used in industrial oven construction, and what are the most appropriate methods for measuring these properties?",2
"Are there any specific challenges or limitations in implementing the anomaly detection model in the industrial oven environment? If so, what are they, and how can they be addressed?",1
Can you discuss the role of feedback mechanisms in the temperature control system of Industrial Ovens?,2
How do the sensor measurements and failure modes in industrial ovens vary depending on the type of fuel or energy source used? Are there any specific fuels or energy sources that are more commonly used in certain industries or applications?,2
"How do Condition Monitoring Systems (CMS) prioritize maintenance tasks and schedule them based on the severity and urgency of potential issues, and what are the key factors that need to be considered when developing a CMS?",2
"How do different types of industrial ovens (e.g. conveyor belt, batch, or continuous) have different signs of premature failure, and how do the sensor data and detection methods differ for each type?",2
"What are the specific types of filters used in industrial ovens, and how do their characteristics (e.g., mesh size, material) affect their performance in different applications?",2
"Can you provide more information about the temperature control system and its potential failure modes? For example, what specific components are involved in the temperature control system, and how might they fail?",1
What are some common challenges or obstacles that organizations face when implementing anomaly detection models in industrial ovens?,2
"How do the operating conditions of the industrial oven, such as temperature and time, affect the likelihood of failure of the heating element? Are there any specific operating conditions that are particularly challenging for the heating element?",2
"Can you provide examples of specific industrial oven applications where one cooling system type (air-cooled or water-cooled) is more commonly used than the other, and why?",2
How often should regular maintenance and calibration of the temperature control system be performed?,2
Can you provide examples of predictive maintenance strategies that have been successfully implemented in industrial ovens to extend the lifespan of fans and blowers?,2
"What are some common failure modes associated with temperature control systems in industrial ovens? How can we identify and address potential issues with temperature sensors, calibration, and control systems to prevent poor temperature control (OF-02)?",2
What are some best practices for cleaning and maintaining industrial ovens to prevent dust and dirt accumulation?,1
"Can you provide examples of specific industrial oven applications where the performance and lifespan of the heating elements are particularly critical, and how do the factors discussed earlier impact the reliability and efficiency of the oven in these applications?",2
"Can you provide examples of how industrial ovens have been integrated with other systems, such as manufacturing execution systems (MES) or supervisory control and data acquisition (SCADA) systems, to improve anomaly detection and overall performance?",2
"Can you provide examples of how the choice of motor can impact the overall system design and architecture, such as the need for additional components like power supplies or control systems?",2
Can you discuss the safety risks associated with insulation failure in industrial ovens? How can these risks be mitigated through proper maintenance and inspection practices?,2
"How do the severity and detectability ratings of failure modes vary across different types of industrial ovens, such as those used in chemical processing, food processing, or automotive manufacturing?",2
"How do air leaks caused by worn-out doors and seals affect the performance of industrial ovens, and what are some common solutions to prevent or fix them?",2
"How do you ensure that the sensor placement is representative of the oven's temperature profile, and what methods do you use to validate this placement?",2
"How do UL standards address the testing and certification of industrial ovens, and what are the consequences of failing to meet these standards?",2
"How does the ambient environment (e.g. temperature, humidity) impact the performance of industrial ovens? Are there any specific design considerations or operating procedures that can help mitigate these impacts?",2
"Can you provide examples of industry-specific failure modes in industrial ovens, such as those experienced in the food processing or automotive industries?",2
"How does the temperature control system interface with other systems or components within the industrial oven, such as the control system for the conveyor belt or the exhaust system?",2
"Can you explain the physics behind heat transfer and temperature control in industrial ovens, and how can we use this understanding to optimize their performance and prevent failures?",1
"Can you discuss the importance of regular preventive maintenance for fans in industrial ovens, and how it can help prevent failures?",2
"Can you provide examples of how industrial ovens are used in specific applications within each industry, and how do these applications impact the design and operation of the ovens?",2
How do sensors ensure the quality of the final product in various industrial oven applications?,2
How do the integration protocols and standards you mentioned enable scalability and flexibility in the integration of the monitoring system with other systems?,2
"How can the predictive maintenance strategy be adapted to different types of industrial ovens, and what considerations need to be taken into account when implementing the strategy across different production lines or facilities?",2
Can you provide examples of specific temperature control systems used in each of the industries you mentioned?,2
How do NFPA standards for industrial ovens address the use of automation and robotics in the design and operation of these systems? Are there any specific considerations or guidelines for integrating automation and robotics into industrial oven design?,2
"What are some common mistakes or oversights that operators may make when it comes to using emergency stops and safety interlocks, and how can these be addressed through training?",2
"What are some common warning signs or indicators that an industrial oven is experiencing a failure mode? For example, are there specific temperature fluctuations or changes in airflow that could signal a problem?",2
Can you provide examples of specific types of sensors that are commonly used in industrial ovens and how they can be used to detect anomalies?,2
"Can you explain the process of troubleshooting and diagnosing issues in industrial ovens, and how it can help identify root causes and prevent future failures?",2
Are there any specific metrics that can be used to measure the effectiveness of preventive maintenance tasks on an industrial oven?,2
In what ways can pressure sensors such as pressure transducers or pressure switches be used to monitor pressure inside an industrial oven?,2
"Were there any differences in the way that the systems were implemented and used in the automotive and food processing industries, and if so, what were they?",2
"Can you provide examples of specific industrial oven models that are particularly sensitive to environmental factors such as temperature, humidity, air flow, pressure, vibrations, noise, and power supply fluctuations?",1
"Can you provide examples of how different manufacturers or industries have addressed conveyor system failures, and what lessons can be learned from their experiences?",2
"Can you explain the role of testing and certification in ensuring compliance with ASTM standards, and how often are materials tested to ensure they meet the required specifications?",2
Are there any specific industries or applications where fan and blower failures in industrial ovens are more common or have a greater impact?,2
Can you provide examples of how these industry standards and regulations have been applied in real-world industrial oven settings to detect and prevent anomalies?,2
"Are there any specific industry standards or regulations that govern the design and operation of temperature control systems in industrial ovens, and how do they address the issue of sudden changes in temperature?",2
"Can you discuss the role of insulation in preventing heat loss and ensuring efficient operation of the industrial oven, and how can insulation be properly maintained or replaced?",2
"Can you provide examples of specific maintenance activities that can help prevent or mitigate the degradation mechanisms, and how often should these activities be performed?",2
"How do the degradation mechanisms impact the uniformity of the oven's temperature, and what are the potential consequences of non-uniform temperature distribution?",2
How does the shape and size of heating elements affect their performance in industrial ovens?,2
How can the accuracy and reliability of the anomaly model be improved? Are there any best practices or industry standards for building and validating anomaly models in industrial oven settings?,2
"How do thermocouples used in industrial ovens differ from those used in other applications, such as laboratory settings or food processing? Are there any unique challenges or considerations when selecting thermocouples for industrial oven applications?",2
"How do imaging techniques such as thermal imaging and visual imaging complement the data collected from other sensors, and what are some potential applications of these techniques in industrial oven safety monitoring?",2
"Can you discuss the challenges and limitations of implementing measures to control humidity, air temperature, and dust in industrial ovens, and how can these challenges be addressed?",2
"How do the doors and seals of an industrial oven differ from those of a residential oven, and what are the main considerations when designing and installing industrial oven doors and seals?",2
What are some common patterns or trends that you have observed in sensor data that may indicate a potential failure in an industrial oven?,2
What types of maintenance and monitoring activities can be performed on industrial ovens to help identify potential issues before they become major problems?,2
How can industrial oven operators ensure that their preventive maintenance program is effective in identifying and addressing potential issues before they become major failures?,2
"Can you provide examples of specific industries or applications where industrial ovens are particularly prone to failure, and what are the common causes of these failures?",2
"Can you discuss the potential impact of environmental factors, such as humidity and temperature, on the performance and lifespan of the oven's components?",2
"Can you provide more information about the different types of heating elements used in industrial ovens, such as electric heating elements, gas burners, or steam heating coils? What are their advantages and disadvantages?",2
"How do the failure modes of heating elements, insulation, controls, and electrical components differ in terms of their impact on equipment performance and production downtime?",2
Can you provide examples of specific maintenance activities that have been shown to be most effective in preventing failures in industrial ovens?,2
Can you provide examples of scenarios where the ventilation system may need to be shut down or reduced during maintenance or cleaning? How does the temperature control system compensate in these situations?,2
"Are there any emerging technologies or techniques that can improve the accuracy, reliability, or maintenance of sensors in industrial ovens?",2
How does the system account for the effects of maintenance and cleaning schedules on the performance of the oven and the quality of the final product?,2
Can you explain the difference in accuracy between thermocouples and RTDs in more detail? Are there any specific applications where one type of sensor is preferred over the other?,2
Can you discuss the impact of fan and blower failures on energy consumption in industrial ovens? How can this impact be minimized?,2
"How do high temperatures, noise, and vibration affect operators' ability to perform tasks efficiently and safely? Are there any specific strategies or tools that can help mitigate these challenges?",2
"Can you discuss some common pitfalls or mistakes that operators and maintenance personnel make when dealing with electrical components in industrial ovens, and how can these be avoided?",2
"Can you explain the reasoning behind assigning severity and detectability ratings to potential failures in industrial ovens, and how these ratings can help prioritize maintenance schedules and resource allocation?",2
"How do the materials used in industrial oven construction, such as insulation, thermal protection, or heating elements, affect the risk of safety failure modes?",2
"Can you provide examples of gas detection systems used in the chemical industry, and how do they work to prevent exposure to hazardous chemicals?",2
"Can you provide examples of different failure modes that can occur in an industrial oven, and how they would impact the severity and detectability ratings?",2
Can you provide examples of scenarios where emergency stops and safety interlocks have been used successfully in both the food industry and chemical industry?,2
"What are the specific temperature, humidity, and air quality levels that are considered ""ideal"" for the proper functioning of fans and blowers in industrial ovens?",2
"How do the severity and detectability ratings for each failure mode vary depending on the specific component and the impact of the failure on the oven's performance? Are there any specific factors that influence these ratings, such as the likelihood of failure or the ease of detection?",1
"What are some common design features or modifications that can be made to industrial ovens to mitigate the impact of environmental factors, and how effective are they in different applications?",2
"Can you explain the severity ranking system used to classify equipment failures? How is the severity of a failure determined, and what are the consequences of a severity 1 failure?",2
"What are some common issues that can arise with the door and seals of the industrial oven, and how do they impact the overall performance and safety of the system?",1
"Can you discuss the importance of proper air flow and circulation in industrial ovens? How does it impact the quality and consistency of the products being manufactured, and what are the potential consequences of poor air flow or circulation?",2
"Can you provide more information about the types of sensors used in industrial ovens and how they can be affected by noise, interference, or calibration issues?",2
"How does the monitoring system ensure data consistency and accuracy when receiving data from multiple sources, such as sensors, devices, and other systems?",2
"How often should the temperature calibration be performed, and what are the acceptable tolerances for temperature deviation?",2
Can you discuss the potential consequences of not properly maintaining belt tension in fans and blowers? Are there any specific case studies or examples that illustrate the impact of poor belt tension on industrial oven performance and maintenance costs?,2
"Can you provide examples of how ASTM standards have been used to improve the safety and efficiency of industrial ovens in specific industries, such as aerospace or automotive?",2
"What are some common signs of corrosion, thermal degradation, and chemical reactions in industrial ovens, and how can they be detected early?",2
"How does acoustic emissions testing work, and what types of failures can it detect in the oven's components?",1
"What are some common temperature sensors used in industrial ovens, and how do dust and other environmental factors affect their accuracy?",2
How often should thermography testing be performed to effectively detect potential issues in the fan or blower?,2
"Can you explain the concept of ""process variability"" in industrial ovens, and how can it be minimized through proper component selection and system design?",2
"Can you elaborate on the temperature control systems used in industrial ovens? How do they work, and what are the common temperature ranges that they can control?",2
How do the electrical components of an industrial oven differ from those used in residential or commercial ovens? Are there any specific design or safety considerations that are unique to industrial ovens?,2
"Can you discuss some common repair and replacement strategies for industrial ovens, and how can operators determine when it's more cost-effective to repair rather than replace a failed oven component?",2
Can you discuss any specific industrial processes or applications where industrial ovens are particularly critical? How do the sensor measurements and failure modes in these applications differ from others?,2
Can you provide examples of innovative design and engineering solutions that have been implemented to meet local building codes and regulations for industrial ovens while also improving performance and efficiency?,2
"Can you provide examples of how machine learning algorithms such as autoencoders, Isolation Forest, and Recurrent Neural Networks (RNNs) are used in industrial oven anomaly detection and prediction? What are the strengths and limitations of each approach?",2
How can data analytics and machine learning be applied to predict and prevent environmental factor-related issues in industrial ovens?,2
"Can you discuss some common challenges or obstacles that arise during sensor installation in industrial ovens, and how do you address them?",2
"What are some common challenges or limitations in implementing these safety features and monitoring systems in industrial ovens, and how can they be addressed?",2
"Can you provide examples of predictive maintenance strategies that can be implemented in industrial ovens using sensor data analysis, and how have these strategies improved maintenance outcomes?",2
"Can you provide more information on the specific design factors that can lead to insufficient heating element size or number? For example, what are some common mistakes made during the design process that can result in inadequate heating?",2
What are some common signs of wear and damage that inspectors should look for when inspecting door seals in industrial ovens?,2
What are the most common applications of industrial ovens that require the use of heating elements?,2
"How do the design and operational parameters of the oven, such as air flow and insulation, impact the temperature and humidity levels inside the chamber, and what are the optimal settings for these parameters to minimize the risk of heating element failure?",2
"How does the oven's performance change over time, and how can this information be used to improve the model?",1
"How do the materials used in the construction of the oven, such as insulation and heating elements, affect the temperature uniformity within the oven?",2
"How often should regular maintenance and inspection of the doors, seals, and hinges be performed to ensure optimal performance and prevent failures?",2
"How does the design of the oven, such as airflow and insulation, impact the performance of the heating elements?",2
"How do different types of products being manufactured impact the performance of industrial ovens? For example, do certain products require specific temperature or humidity levels that are more susceptible to environmental factors?",1
"Are there any specific regulations or standards that govern the design and maintenance of industrial oven cooling systems, and how do these regulations impact the selection and implementation of cooling system components?",2
"Can you provide examples of situations where human error may contribute to control panel failure, and how can these errors be prevented?",2
"Are there any specific safety considerations that must be taken into account when designing and operating industrial ovens, particularly when working with hazardous or flammable materials? How do these considerations impact the oven's design, operation, and maintenance?",2
"What are some common mistakes or oversights that operators and maintenance personnel make when using industrial ovens, and how can training and maintenance practices address these issues?",2
"How do temperature control systems in industrial ovens integrate with other manufacturing systems, such as SCADA or MES, to ensure seamless operation and data exchange?",2
"How do accelerometers and proximity probes measure vibration in industrial ovens, and what are the typical vibration frequencies that they measure?",2
Can you provide examples of advanced technologies or materials that can be used to improve the reliability and lifespan of heating elements in industrial ovens?,2
"What are some challenges or limitations of using sensor data to predict failures in industrial ovens, and how can they be addressed?",2
"How can proper sealing and insulation of the oven chamber help prevent heat loss or gain and moisture ingress, and what are some common materials and techniques used for such purposes?",2
"Can you provide examples of successful predictive maintenance strategies that have been implemented in industrial ovens to prevent control system failures, and what were the key components of these strategies?",2
"How do you determine the appropriate level of redundancy for a particular industrial oven control system, and what components are most critical to include in redundant systems?",2
"How can the predictive maintenance approach using sensor data be integrated with other maintenance strategies, such as preventive maintenance or condition-based maintenance?",2
Can you provide examples of specific regulations or standards that are most relevant to anomaly detection in industrial ovens?,2
"What are some common materials used in the construction of industrial ovens, and how do their properties affect the oven's performance and safety?",2
Can you provide examples of how machine learning and artificial intelligence can be used to improve anomaly detection in industrial ovens?,2
Are there any specific challenges or obstacles that need to be addressed when implementing regular maintenance schedules and inspections for emergency stops and safety interlocks in industrial ovens?,2
"Can you explain the process of vibration analysis, and how it can help detect potential failures in the oven's mechanical components?",1
"Can you provide more information on the most common causes of bearing failure in industrial ovens, and how can we detect early warning signs of bearing failure?",2
"Can you describe the control system used in the oven? Is it a closed-loop system, and if so, what type of feedback mechanism does it use?",1
Can you provide examples of how industry standards and regulations have been applied in practice when building anomaly detection models for industrial ovens?,2
How can operators monitor the performance of the heating element to detect potential issues before they become major problems?,2
"What are some common warning signs or indicators that suggest a failure is imminent or has occurred in the doors, seals, or hinges of an industrial oven?",2
"How do maintenance and cleaning practices impact the failure rates of industrial ovens, and what are the best practices for maintaining and cleaning industrial ovens?",2
How do the high temperatures in industrial ovens affect the accuracy of anomaly detection models? Are there any specific techniques that can be used to mitigate this challenge?,2
How often should operators clean and replace these components to ensure proper functioning of the temperature control system?,2
"Can you provide examples of specific environmental monitoring systems that have been effective in tracking humidity, air quality, and temperature levels in industrial ovens?",2
"Can you provide information on the typical lifespan of a heating element in an industrial oven, and how does it vary depending on the specific application and operating conditions?",2
How do you recommend maintaining proper air flow in industrial ovens to prevent hot spots and uneven heating/cooling?,1
"How do you measure the effectiveness of predictive maintenance strategies, and what metrics are used to evaluate their success?",2
"How do the sensors used in the system measure temperature, current, pressure, and vibration? What are the normal operating ranges for these sensors, and how do they detect anomalies?",2
"How does vibration analysis integrate with other predictive maintenance techniques, such as thermal imaging or oil analysis, to provide a comprehensive view of equipment health?",2
"Are there any specific production cycles or processes that are more susceptible to failures in the industrial oven? For example, are there certain products that require specific temperature ranges or heating element settings that could increase the likelihood of failure?",2
How do industrial oven manufacturers balance the need for energy efficiency with the requirement for uniform temperature distribution and process control?,2
"Can you discuss the benefits and limitations of using CAD software for design optimization in industrial oven insulation, and provide some examples of successful implementations?",2
"How often should regular maintenance and inspections be performed on the air circulation system, and what specific tasks should be included in these maintenance routines? Are there any specific tools or equipment that are needed to perform these tasks?",2
"Can you provide more information about the maintenance and inspection schedule for the oven? Are there any specific maintenance tasks that are most important for preventing failures, and how often should they be performed?",2
"What are the most common causes of anomalies in industrial ovens, and how can they be prevented or mitigated? For example, what are some common sources of temperature fluctuations, and how can they be controlled?",2
"Can you explain the process of calibrating temperature sensors and thermocouples in industrial ovens? How often should this be done, and what are the consequences of not doing it regularly?",2
What are some common warning signs or indicators that insulation materials are degrading or failing?,2
Can you provide examples of how data analytics and machine learning can be applied to predict and prevent equipment failure in industrial ovens?,2
"What are some common warning signs or indicators that an industrial oven is experiencing environmental factor-related issues? For example, what are some telltale sounds, smells, or visual cues that may indicate a problem?",1
Can you provide examples of specific high-quality temperature sensors and controllers that are designed for harsh environments and have been shown to be reliable in industrial ovens?,2
"How do environmental factors such as humidity, temperature, and air quality affect the lifespan and failure modes of heating elements in industrial ovens?",2
Can you discuss the importance of data quality and preprocessing in using sensor data to predict failures in industrial ovens?,2
"How do the sensors account for changes in the oven's environment, such as changes in air temperature or humidity, when measuring temperature, pressure, or current?",2
How often should regular visual inspections and thermal imaging surveys be performed to detect failures in insulation and door seals? Are there any specific techniques or tools that should be used during these inspections?,2
"How do industrial oven parameters impact the energy efficiency and environmental impact of the oven, and how can these parameters be optimized to reduce energy consumption and emissions?",2
Can you provide examples of situations where door misalignment has led to safety hazards or damage to the oven's interior?,2
"How does the system handle unexpected changes in environmental factors, such as a sudden increase in humidity or a drop in temperature?",2
"How do you ensure that sensor-based monitoring systems are integrated with existing systems and processes, such as manufacturing execution systems (MES) and supervisory control and data acquisition (SCADA) systems?",2
How did the system determine when to alert maintenance personnel? Was it based on predefined thresholds or machine learning algorithms?,2
"Can you provide guidance on how to properly clean and maintain industrial ovens to prevent chemical buildup and degradation, and how often should this be done?",2
How do changes in ambient temperature and humidity levels affect the performance of air filtration systems in industrial ovens?,2
Can you explain the process of integrating data from multiple sensors in a Condition Monitoring System (CMS) and how it helps in detecting anomalies and optimizing maintenance schedules?,2
"How do the design and placement of heating elements within an industrial oven affect their performance and longevity? For example, what are some common design configurations for heating elements, and how can data analytics be used to optimize their placement and performance?",2
"How do factors such as humidity, air pressure, and ambient temperature impact the performance of industrial ovens, and how can these factors be controlled or accounted for in the design and operation of the oven?",2
"What are the most common failure modes for industrial ovens, and how do environmental factors contribute to these failures?",1
Can you discuss the importance of operator training and clear operating procedures in preventing failures and ensuring the safe operation of industrial ovens?,2
"Can you provide examples of successful implementations of emergency stops and safety interlocks in industrial ovens, and what lessons can be learned from these cases?",1
"How do the properties of insulation materials change over time, and how can these changes affect the performance of the industrial oven?",2
"Can you elaborate on the electrical component inspection process, and what specific components should be checked?",2
"Can you provide more information on the specific temperature, humidity, air flow, pressure, vibrations, noise, and power supply fluctuations that can affect each type of industrial oven? For example, what are the typical ranges of temperature and humidity that Thermcraft and Blue M industrial ovens can tolerate?",2
"How does insulation failure occur in industrial ovens, and what are some common signs of insulation failure?",1
"Can you provide examples of specific materials or components that are commonly used in industrial oven door seals, and what are their properties that make them suitable for this application?",2
Can you provide examples of how regular maintenance and inspections can help predict and prevent failures in industrial ovens?,2
How can operators ensure that employees are properly trained on the proper use of equipment and emergency response plans?,2
"How can data from multiple sensors be integrated and analyzed to provide a comprehensive view of the oven's condition, and how can this data be used to make predictive maintenance decisions?",2
"Can you discuss the potential consequences of failing to properly maintain or replace the doors, seals, and hinges in an industrial oven, such as impact on product quality, production downtime, and safety risks?",2
"Can you provide examples of specific types of electrical components that are most prone to failure in industrial ovens, and what are some common causes of these failures?",2
"How do thermal imaging cameras work, and what are their limitations in monitoring industrial oven performance?",2
"Can you discuss the potential failure modes and effects of the air circulation system in more detail? How do they impact the quality of the product being cooked or heated, and what are the consequences of a complete failure of the system?",2
Are there any specific industry-recognized best practices or guidelines for implementing anomaly detection in industrial ovens that align with these industry standards and regulations?,2
"What are some common food safety risks associated with industrial ovens, and how can they be mitigated through proper cleaning, maintenance, and operation procedures?",2
"Can you provide examples of how temperature sensors can be used to optimize industrial oven performance and product quality, and how can operators use data from these sensors to make process improvements?",2
How does the data validation process work in real-time? Are there any specific algorithms or techniques used to detect errors or inconsistencies in the data?,2
How do pressure sensor data and flow sensor data complement each other in detecting anomalies and predicting potential failures in industrial ovens?,2
"What are the specific safety features included in the system, such as emergency stops and alarm systems, and how do they function?",2
"Can you provide more information about the specific failure modes that can occur in industrial ovens, and how they can impact product quality and safety?",2
"How does the design of the conveyor system, such as the materials used or the geometry of the conveyor belt, impact its reliability and efficiency?",2
"How do you determine the optimal thickness and composition of insulation material for a specific industrial oven application, and what factors does this decision depend on?",2
"What are some common failure modes of fans in industrial ovens, and how do they impact the oven's performance?",2
"How do you measure the return on investment (ROI) of training programs, and what factors are considered when evaluating the cost-effectiveness of training programs?",2
"How do environmental factors, such as humidity or air quality, affect industrial oven performance and failure modes, and how can we mitigate these effects?",1
"How do control systems integrate data from various sensors to regulate the operation of an industrial oven, and what are some common sensor types used in this application?",2
"Can you discuss the role of automation and control systems in industrial ovens, and how do they ensure consistent and reliable operation?",2
"Can you provide examples of successful implementations of door seal maintenance best practices in industrial ovens, and what were the benefits achieved?",2
How do vibration sensors distinguish between normal vibrations generated during operation and abnormal vibrations that may indicate a potential safety issue?,2
"How often should we calibrate temperature sensors, pressure sensors, and flow sensors to ensure their accuracy and reliability?",2
Can you provide examples of specific environmental factors that can lead to heating element failure and temperature control system failure in industrial ovens?,2
What kind of data processing and analysis techniques are used to convert the raw sensor data into meaningful insights and predictions? Are there any machine learning algorithms or models used for this purpose?,1
Can you explain the different types of temperature sensors available and their advantages/disadvantages in monitoring industrial oven performance?,1
"Can you explain the mechanism by which acoustic emission sensors detect issues such as blade damage, misalignment, or bearing failure in fans and blowers?",2
"How do the failure modes of thermocouples and RTDs differ, and what are the most common failure modes for each type of sensor?",2
"Can you discuss the role of maintenance and upkeep in preventing failure modes in industrial ovens? For example, how often should thermocouples and temperature controllers be calibrated, and what are some common maintenance tasks that can help prevent mechanical failure?",2
"Can you provide examples of products that are typically produced using conveyor belt ovens and batch ovens, respectively?",2
How do the temperature sensors account for the effects of humidity and air pressure on temperature measurement? Are there any specific algorithms or techniques used to compensate for these factors?,2
Are there any specific challenges or obstacles that operators may face when implementing temperature control measures in industrial ovens?,2
Are there any specific industry standards or regulations that must be followed when designing and maintaining industrial ovens to ensure safety and minimize failures?,2
"Can you provide examples of specific industrial oven applications where high-temperature operations are common, and what are some of the most critical components that are susceptible to thermal stress and fatigue in these applications?",2
"How do you currently handle non-stationarity in industrial ovens, and how do you think this could be addressed in an anomaly detection model?",2
"How do factors such as temperature, humidity, and air flow inside the oven chamber affect the performance and lifespan of heating elements? Are there any specific design or operational parameters that can help mitigate these factors?",1
"Are there any specific industry standards or regulations that must be followed when designing, installing, and maintaining the heating element in an industrial oven?",2
"How does the monitoring system handle missing data points or sensor failures, and what are the implications for anomaly detection and predictive maintenance?",2
"Can you discuss the importance of proper installation, regular inspection, and testing of the temperature control system, and how they can help prevent failures and maintain optimal temperature control?",2
Are there any emerging trends or technologies in the field of industrial oven heating elements that could potentially disrupt the current market?,2
How does the temperature control system account for changes in the ambient temperature outside of the oven cavity?,2
"How do current sensors factor into predictive maintenance strategies for industrial ovens, and what benefits can be gained from using them in this context?",2
"Can you provide examples of common failure modes of industrial ovens, such as heating element failure due to overheating, wear and tear, or poor maintenance, and temperature control system failure due to sensor, controller, or actuator failure? How do these failures impact the performance and safety of the oven?",2
Can you explain the importance of calibration and maintenance of sensors in industrial oven applications?,2
"Can you provide examples of specific safety features in industrial ovens that you have encountered in your experience, and how have you prioritized their maintenance and inspection?",2
"What are some common signs of premature failure in industrial ovens, and how can they be detected early?",1
Can you provide examples of industrial oven applications where temperature sensors are critical to the process? How do temperature sensors help ensure product quality and safety in these applications?,2
"What are the most common maintenance practices that are overlooked or neglected in industrial oven operations, and how can we ensure they are performed regularly?",2
Can you discuss the potential consequences of not detecting anomalies in industrial ovens? How can data scientists prioritize the most critical areas for anomaly detection?,2
"Can you provide more details about the potential causes of failure to heat in the heating elements? For example, what are some common reasons for worn-out heating elements, and how can we detect them?",1
Can you discuss the importance of air flow and temperature uniformity in industrial ovens? How can these factors be optimized?,2
"What are some common warning signs or indicators that an industrial oven is experiencing environmental factor-related issues? For example, are there specific temperature fluctuations, noise levels, or other changes in performance that could signal a potential problem?",2
"How frequently should visual inspections be conducted to detect wear and tear, corrosion, and electrical faults in industrial ovens?",2
"How do advanced technologies and sensors enable predictive maintenance in industrial ovens, and what kind of data analysis or machine learning techniques are typically used to predict potential issues?",2
"Can you provide examples of specific failure modes that thermal fatigue, oxidation, or arcing can cause in industrial ovens, and how do they impact the oven's performance?",2
How does the selection of materials for the heating element and temperature control system impact the overall performance and lifespan of the Industrial Oven? Are there any specific materials that are more prone to failure or wear and tear?,2
Can you explain the difference in accuracy between thermocouples and RTDs in measuring temperature in industrial ovens?,2
How can industrial oven operators ensure that their preventive maintenance schedule is effective in minimizing downtime and reducing maintenance costs?,2
"Can you discuss the calibration and maintenance requirements for these sensors, and how often should they be performed to ensure optimal performance?",2
"Can you explain how EMI can disrupt industrial oven electrical systems, and what are some strategies for mitigating EMI in these environments?",2
Can you provide more information about the specific components that are most prone to failure during startup and shutdown? Are there any specific failure modes that are more common during these periods?,1
Can you provide examples of how a lack of proper maintenance has led to equipment failure or production downtime in the past?,2
How can data analytics and predictive maintenance be used to identify potential issues before they become major failures in industrial ovens?,2
"How do the safety features, such as emergency stops and safety interlocks, interact with the rest of the system, and what are the potential failure modes associated with these interactions?",1
How do airborne contaminants in industrial ovens affect the performance of the oven's heating elements?,2
"How do the failure modes of overheating and uncontrolled temperature fluctuations in industrial ovens compare in terms of their likelihood of occurrence, potential impact on product quality and safety, and maintenance costs?",2
"Can you explain the process for setting alarm or alert thresholds in the anomaly detection model, and how do you ensure that the thresholds are set appropriately to minimize false alarms or missed detections?",2
"Can you discuss the trade-offs between different maintenance strategies, such as predictive maintenance versus preventive maintenance, and how can we determine the most effective approach for a given industrial oven application?",1
"Are there any industry standards or regulations that need to be followed when using temperature sensors in industrial ovens, and how do they impact the calibration and maintenance process?",2
How do the doors or access panels provide a tight seal while also allowing for easy opening and closing? Are there any specific seal materials or designs used to prevent heat loss?,2
What are some common preventive maintenance strategies that manufacturers can implement to predict and prevent failures in industrial ovens?,2
How can the anomaly detection model be ensured to be effective in predicting and preventing failures in the industrial oven? Are there any specific performance metrics or benchmarks that can be used to evaluate the model's effectiveness?,2
Can you discuss the role of pressure sensors in ensuring the safety of industrial ovens? What are some potential hazards or risks associated with pressure sensor failure?,2
Can you discuss the importance of regular cleaning and inspection of the oven chamber and components? How can we optimize cleaning and inspection procedures to minimize downtime and ensure that all components are properly maintained?,2
"How do the failure modes, reasons, and degradation mechanisms for heating element failure and temperature control system failure differ, and how do they impact the performance of industrial ovens?",2
"How can data from an industrial oven be used to improve the design and operation of future ovens, and what are some potential areas for improvement?",2
"Can you provide examples of specific types of air filters that are commonly used in industrial ovens, and their characteristics?",2
"What are the most common causes of wear and tear on temperature sensors in industrial ovens, and how can they be prevented?",2
Can you provide more information about the data that is collected during monitoring and maintenance activities? Are there any specific metrics or KPIs that are most useful in identifying potential failures?,1
"How do the operating conditions of industrial ovens, such as temperature, humidity, and air flow, impact the likelihood of heating element failure and temperature control system failure?",2
How do temperature control systems need to be maintained and serviced to ensure proper function?,2
Can you provide examples of product defects or safety hazards that can result from temperature control failures in industrial ovens?,2
"Can you provide examples of specific emergency scenarios that operators should be trained to respond to, and how should they respond in each case?",2
"Can you explain how the temperature profiles for specific products are created, and how do they take into account factors such as product size, shape, and material?",2
"Can you provide examples of specific products or materials that are particularly sensitive to temperature fluctuations, thermal shock, or moisture exposure during the heating process?",2
"Can you provide examples of warning labels and instructions that industrial oven manufacturers must provide to ensure compliance with UL standards, and how do these labels and instructions help prevent accidents?",2
What are some common mistakes or oversights that can lead to environmental factor-related issues during maintenance activities? How can operators and maintenance personnel avoid these mistakes?,2
"How can we effectively monitor and control temperature fluctuations in industrial ovens, especially in areas with extreme temperature variations?",2
How do you ensure that the training content is tailored to the specific needs of industrial oven operators? Are there any specific techniques or methods used to customize the training content?,2
"How do you determine the appropriate placement and coverage of sensors within an industrial oven, and what factors influence this decision?",2
"How do you ensure that the materials used in industrial oven construction are safe and non-toxic for the products being manufactured, and what are the most common safety standards and regulations that need to be considered?",2
How do the maintenance and repair processes for industrial ovens impact their performance and lifespan? Are there any specific maintenance or repair strategies that can be implemented to extend the oven's lifespan or improve its efficiency?,2
"What are some common temperature ranges and fluctuations that can be expected in industrial ovens, and how can they be managed to optimize heating element performance and lifespan?",2
"How does ventilation work in industrial ovens? What are the different types of ventilation systems used, and how effective are they in removing fumes, smoke, or other hazardous materials from the oven interior?",2
How can operators and maintenance personnel ensure that they are properly trained to handle electrical components and prevent failures in industrial ovens? What types of training or certifications are available or recommended?,2
"How do industry standards and regulations evolve over time, and how can we ensure that our anomaly detection models stay compliant with the latest regulations?",2
"What are some potential applications of industrial oven data beyond process control and monitoring, such as predictive maintenance, quality control, or supply chain optimization?",2
"What are some common repair and maintenance techniques used to extend the life of industrial ovens, and how do they impact performance?",2
"Can you describe some product-specific failure modes that can impact oven performance, and how do they differ from one another?",2
How do temperature control systems maintain precise temperature control in the presence of environmental factors such as humidity and air quality issues?,2
"What are some common failure modes for temperature sensors in industrial ovens, and how can we predict and prevent them?",2
"Can you discuss the impact of temperature uniformity on the quality of the final product in various industries, and how can industries ensure that their products meet quality standards while maintaining optimal temperature uniformity?",2
"Can you provide examples of how sensor data can be used to predict and prevent failures in industrial ovens, and what are the common warning signs of impending failure that can be detected through sensor data analysis?",2
How do current monitoring and thermography methods detect anomalies in heating elements? Are they using any specific algorithms or techniques to analyze the data?,2
"How do industrial ovens ensure predictable and reliable operation? What are the factors that contribute to unpredictable or unreliable operation, and how can they be mitigated?",2
"Can you provide examples of products that are particularly sensitive to failures in industrial ovens, and what are the consequences of such failures?",2
How do the severity and detectability ratings for industrial oven component degradation compare to other types of equipment or systems in the industrial setting? Are there any specific challenges or limitations in detecting and preventing failures in industrial ovens?,2
"How do temperature sensors need to be selected and installed differently in different types of industrial ovens, such as those used for baking, drying, or curing, and what are some specific considerations for each type of oven?",2
"How do you communicate with operators and other stakeholders throughout the process of resolving an issue? Are there any specific communication protocols or tools that you use, and if so, what are they?",2
"Can you discuss the importance of preventive maintenance and predictive maintenance in ensuring the reliability and efficiency of industrial ovens, and how they can help prevent failures and downtime?",1
"How often should pressure sensors in industrial ovens be calibrated, and what methods are used to perform calibration?",2
"Are there any emerging trends or technologies in industrial oven design or maintenance that could help improve the reliability and lifespan of the doors, seals, and hinges?",2
What are some common warning signs or indicators that suggest a potential failure in one of these components is imminent?,2
Can you provide more information about the specific temperature tolerances or sensitivities of the products or materials that may be affected by temperature fluctuations during the heating process?,2
"How do the actuators, such as motors, pumps, or solenoids, control the oven's operations? Are there any specific control algorithms or strategies used to ensure smooth and efficient operation?",2
"How do software issues in industrial ovens typically impact the manufacturing process, and what are the potential consequences of not addressing them?",2
How often should routine maintenance and inspection of industrial ovens be performed to prevent failure modes? Are there any specific maintenance tasks that should be prioritized?,2
"How do industrial oven operators typically monitor energy consumption, and what metrics do they use to evaluate energy efficiency?",2
"How do humidity and dust particles affect industrial ovens, and what are some common dehumidification systems used to mitigate these factors?",2
"How can operators determine the root cause of a temperature control failure, and what steps can they take to prevent it from happening again in the future?",2
Are there any specific industry standards or regulations that manufacturers must follow when monitoring and maintaining industrial ovens?,2
"How do the materials used in industrial oven insulation affect its performance and longevity, and are there any emerging materials or technologies that offer improved insulation properties?",2
Are there any specific industry standards or regulations that need to be followed when designing and maintaining industrial ovens to ensure the safety and quality of the products being manufactured?,2
"Can you discuss the potential consequences of failing to comply with UL standards, and how can industrial oven manufacturers mitigate these risks?",2
What are the specific steps involved in the regular cleaning and maintenance of the emergency stop button and its surrounding area?,2
"Can you discuss the various environmental conditions that industrial ovens operate in, such as high temperatures, humidity, chemical exposure, and cleaning and maintenance requirements, and how do these conditions affect the choice of materials and design?",2
"Can you explain the role of the fans in the industrial oven? Are they used for cooling, or do they serve another purpose?",1
"How do environmental factors such as humidity, temperature, and air quality affect the performance and lifespan of industrial ovens, and what design features or modifications can help mitigate these impacts?",2
"What are some common design mistakes or oversights that can lead to poor air flow and hotspots in industrial ovens, and how can they be avoided?",2
Can you provide more information on the specific types of refractory insulation materials that are commonly used in industrial oven applications?,2
Can you discuss the scalability and reliability requirements for a data storage solution used for machine learning models in industrial ovens? How do you ensure that the solution can handle large volumes of data and provide real-time predictions?,2
How do you determine the appropriate temperature range for a sensor in a specific industrial oven application?,2
"How can the effectiveness of regular maintenance be measured and monitored over time, and what metrics can be used to evaluate its impact on the anomaly detection model?",2
Can you discuss the maintenance practices that are commonly used for industrial ovens? Are there any specific maintenance tasks that are known to be particularly effective in preventing failures or improving performance?,2
"What are some emerging trends or technologies in industrial oven design and operation that can improve efficiency, productivity, and sustainability in food processing applications?",2
How did the system detect the leak in the oven's insulation? Was it through a pressure sensor or another method?,2
"Can you provide examples of product quality issues that can result from poor temperature control, and how can we mitigate them?",2
"How can maintenance personnel ensure that sensor components are properly cleaned and lubricated, and what are the potential consequences of neglecting these tasks?",2
"How often should the emergency stop button and its surrounding area be inspected, and what are the criteria used to determine if the button is functioning properly?",2
"How do different types of insulation materials used in industrial ovens affect the temperature uniformity and stability, and which types of insulation are most commonly used?",2
"How can anomaly detection algorithms be tailored to the specific needs of different types of industrial ovens, such as those used for baking, roasting, or sterilization?",2
Can you provide examples of specific thermal imaging cameras and software that are commonly used for detecting temperature anomalies in industrial ovens' electrical components?,2
How do you recommend preventing or mitigating corrosion or scaling in the heat exchanger of a water-cooled system?,2
"How do you ensure that the maintenance and inspection schedule is communicated effectively to all relevant stakeholders, including operators, maintenance personnel, and management?",2
"Are there any specific areas of the industrial oven that are more prone to failure than others, such as the joints or seals, and what are the common failure modes associated with these areas?",1
Can you provide some examples of how inadequate insulation can lead to heat loss or damage to surrounding components in Industrial Ovens? How can operators ensure that the oven is properly insulated to prevent these issues?,2
"What are some common causes of industrial oven failures, and how can they be prevented or mitigated?",2
"Can you describe the calibration process for the temperature sensor, and how often is it performed?",2
"How do the wear and tear on mechanical and electrical components in an industrial oven impact the overall performance and efficiency of the oven? For example, how might worn-out door seals or a failing heating element affect the oven's ability to maintain consistent temperatures?",2
"How do temperature sensors, such as thermocouples or resistance temperature detectors (RTDs), measure temperature in industrial ovens? What are the advantages and limitations of each type of sensor?",2
"Can you provide examples of how sensor calibration is performed in industrial ovens, and what are some common pitfalls to avoid during this process?",2
"Are there any specific challenges or limitations in monitoring and maintaining temperature sensors in industrial ovens, and how can they be addressed?",2
"What are the most common failure modes in industrial ovens, and how do they impact the quality and safety of the products being produced?",2
What are some common installation mistakes that can lead to poor heat transfer or mechanical stress in Industrial Ovens? How can these mistakes be avoided during the installation process?,2
Can you discuss the importance of calibration and maintenance of these sensors to ensure accurate and reliable data collection?,1
"How do ASTM and ISO standards for materials and construction impact the design and manufacturing process for industrial ovens, and what are some common materials used in their construction?",2
How can industries ensure that their personnel are properly trained on the safe operation and maintenance of industrial ovens?,2
"How do different types of industrial ovens (e.g. conveyor belt, rotary, etc.) impact temperature uniformity, and what design considerations can help mitigate any issues?",2
"Can you discuss the impact of energy efficiency regulations and standards (e.g., Energy Star, EU Eco-design) on the design and operation of industrial ovens?",2
Can you explain the different types of communication protocols used between the controller and the actuator? How do they ensure that the signals are transmitted correctly?,2
Can you discuss the importance of operator training in relation to emergency stops and safety interlocks? How can operators be trained to properly use these features in emergency situations?,2
"How do the loading and unloading processes for the oven impact its performance? Are there any specific loading or unloading mechanisms that are commonly used in industrial ovens, and how do they impact the oven's throughput and efficiency?",2
"What are some common preventive measures that can be taken to avoid failures of the heating elements, insulation, and control system?",2
"Can you provide examples of specific anomalies that have occurred in industrial ovens, and how did they impact the performance and safety of the oven and its components?",2
Can you provide examples of industry-specific regulations that must be followed when implementing sensors for industrial oven monitoring?,2
What are some common applications of industrial ovens that require high-temperature insulation?,2
"Are there any specific safety protocols or procedures that need to be followed when performing maintenance on industrial ovens, and what are the potential hazards associated with neglecting these protocols?",2
"How do industrial ovens address the issue of thermal bridging, which can occur when there are gaps or discontinuities in the insulation?",2
"How do industrial oven control systems differ from those used in other industrial settings, such as manufacturing or power generation, and what are some unique challenges associated with oven control systems?",2
"How do safety considerations impact the design and operation of the electrical system in an industrial oven? For example, what types of safety features or protocols are typically included in the design, and how do they impact the operation and maintenance of the oven?",2
Can you provide more information on the specific types of heating elements used in industrial ovens and their typical failure modes?,2
"How do different types of industrial ovens (e.g. conveyor belt, batch, or continuous) vary in their susceptibility to different failure modes? For example, are certain types of ovens more prone to mechanical failure due to wear and tear on moving parts?",2
"Can you discuss the potential safety risks associated with industrial oven operation in extreme environmental conditions, and what are some strategies for mitigating these risks?",2
Can you explain the specific mechanisms used by the fans or blowers to circulate the air within the oven? How do they create the necessary airflow to ensure uniform temperature distribution?,2
"Can you discuss the different types of maintenance schedules that can be implemented for industrial ovens, and how do these schedules help prevent failures?",2
"How do software issues typically arise in industrial ovens, and what are some common bugs or errors that can occur?",1
Can you provide examples of successful strategies or techniques for preventing or mitigating insulation degradation in industrial ovens?,2
"What are the most common failure modes for industrial ovens, and how do they impact operation?",2
"What are some common challenges or errors that can occur during the calibration process, and how can they be addressed or prevented?",2
"How do seasonal changes impact the performance of thermocouples, temperature controllers, and insulation? Are there any specific seasonal patterns that are more challenging for these components?",1
Are there any specific methods or tools that can be used to detect deterioration of the seal material or other components before they fail?,2
How do emergency stops and safety interlocks impact the overall efficiency and productivity of the manufacturing process?,1
"Can you provide examples of specific maintenance tasks that should be performed regularly to prevent or mitigate degradation mechanisms, such as cleaning or replacing certain components?",2
"How does the temperature control system maintain the desired temperature within the oven, and what are the potential failure modes of this system?",2
How can data analytics and machine learning be applied to improve the reliability and performance of industrial oven motors and control systems?,2
"How do environmental factors such as humidity, dust, and temperature fluctuations affect the performance and reliability of industrial oven control systems, and what are some strategies for mitigating these effects?",2
"Can you provide more information on the specific sensors used in the system, such as their accuracy, precision, and response time?",2
How does proper insulation of the oven reduce heat loss and prevent overheating? What are some common materials used for insulation in industrial ovens?,2
"Can you provide more information on the degradation mechanisms for the heating elements and temperature control system, and how are these mechanisms addressed in the system's maintenance schedule?",2
Are there any specific regulations or standards that must be followed when performing preventive maintenance tasks on an industrial oven?,2
"How do pressure fluctuations, deviations, and spikes in the oven affect product quality and safety, and what are the potential causes of these anomalies?",2
"How do environmental factors such as humidity and air quality affect the safety of industrial oven operations, and what are some strategies for ensuring safe operation while minimizing the risk of accidents or failures?",2
"Can you discuss the different types of condition monitoring systems available, such as vibration analysis, thermal imaging, and acoustic emission? How do they work, and what are their advantages and limitations?",2
"Can you discuss the potential impact of environmental factors, such as humidity, temperature, or air flow, on the likelihood and severity of safety failure modes in industrial ovens?",2
"How often should insulation materials be inspected, and what are the recommended methods for inspecting them?",2
What are some potential environmental factors that can contribute to the degradation of insulation materials in industrial ovens?,2
"Can you provide examples of how industrial ovens are used in different industries, such as aerospace, automotive, or chemical processing, and how do the specific requirements of each industry impact the design and operation of the oven?",2
"Are there any emerging trends or technologies in the field of industrial oven insulation that could potentially improve thermal conductivity, reduce failure rates, or simplify maintenance and inspection procedures?",2
Are there any specific sensor fusion techniques or algorithms used to combine the data from multiple sensors to improve accuracy and reliability in industrial oven monitoring?,2
"Can you explain the different types of temperature control systems used in industrial ovens and their potential failure modes? How do these systems typically fail, and what are some common causes of failure?",2
"Can you provide examples of how data analytics and machine learning can be applied to predict and prevent failures in industrial ovens, and how can these techniques be integrated with environmental factor mitigation strategies?",2
"Can you provide examples of successful case studies or implementations of industrial oven doors and seals in various industries, and what were the key factors that contributed to their success?",2
"How do the temperature, humidity, air flow, pressure, gas levels, and cooling systems work together to ensure consistent product quality?",2
What are some common mistakes or oversights that can lead to motor failure in industrial ovens? How can we avoid these mistakes?,2
How do you determine the appropriate speed for the fans to maintain the desired temperature and air circulation?,2
"How do environmental factors such as humidity and air quality impact the energy efficiency of industrial ovens, and what strategies can be employed to minimize energy consumption while maintaining product quality?",2
"How can wiring and connections failure affect the temperature control system in an industrial oven, and what are some common causes of such failures?",2
"How do emerging technologies such as IoT sensors, machine learning, or artificial intelligence impact the monitoring and maintenance of industrial ovens, and what opportunities do they present for improving energy efficiency?",2
"Are there any specific particle types or sizes that are particularly challenging to filter, and how do different filter types perform in capturing these particles?",2
"How do different types of power disturbances (e.g. voltage spikes, dips, frequency changes) affect industrial ovens, and how can these effects be mitigated?",2
"What are some common sources of noise in temperature sensors, and how can they be minimized or eliminated?",2
"How do you prioritize preventive maintenance tasks for industrial ovens, and what are the most effective strategies for scheduling and executing these tasks?",2
"Can you explain the different types of fire safety measures that are typically included in industrial ovens, such as fire suppression systems, ventilation, and electrical components designed to meet NFPA standards?",2
Are there any emerging trends or technologies in industrial oven design or maintenance that could help improve their reliability and efficiency?,2
"Can you provide examples of successful implementations of safety features, such as thermal cutoffs, overtemperature alarms, or automatic shutdown, in industrial ovens?",2
"How do environmental factors such as humidity and air quality affect the energy efficiency of industrial ovens, and what are some strategies for optimizing energy efficiency while maintaining oven performance?",2
"What are the most common failure modes of heating elements in industrial ovens, and how do they impact the temperature uniformity and stability?",2
"How often should operators be trained on emergency stops and safety interlocks, and what are the best methods for ensuring that their knowledge and skills remain up-to-date?",2
Can you discuss the role of software testing and validation in preventing software issues in industrial ovens?,2
"Can you provide examples of preventive maintenance tasks that should be performed regularly, and how often they should be performed?",1
"What are the common causes of sensor failure in industrial ovens, and how can we prevent them?",2
Can you discuss the importance of sensor calibration and maintenance in the context of Industry 4.0 and the increasing use of automation and IoT devices in industrial settings?,2
Can you provide guidance on how to identify potential issues with the oven's components and address them promptly to prevent equipment failure and downtime?,2
What are some potential consequences of temperature control system failure in each industry?,2
"Can you provide examples of critical anomalies that the monitoring system should be able to detect in real-time, and how do these anomalies impact the performance and safety of the industrial oven?",2
How does the monitoring of temperature control systems and heating elements help in predicting and preventing failures during peak production hours?,2
"How do the door and seals of an industrial oven affect the oven's performance and energy efficiency, and what are some common issues that can arise with these components?",2
"How do different types of industrial ovens (e.g. conveyor belt, rotary, or cabinet ovens) have different failure modes, and how do these failure modes impact product quality?",2
"Can you provide examples of industry-specific standards and regulations that must be followed when designing and operating industrial ovens in different industries, and how do these standards impact the design and operation of the ovens?",2
Can you explain the importance of proper installation and maintenance of industrial ovens to ensure they meet ASTM standards and function safely and efficiently?,2
Are there any specific safety protocols that need to be followed when performing preventive maintenance tasks on an industrial oven?,2
How do you envision the integration of machine learning models with existing control systems and operator interfaces in industrial ovens? What are the potential benefits and challenges of such integration?,2
How does the control panel's monitoring of energy consumption help in predicting maintenance needs and reducing downtime?,2
"How does the insulation retain heat and maintain a consistent temperature within the oven? Are there any specific types of insulation used, and what are their potential failure modes?",1
"How do industrial oven failure modes affect the quality and safety of the products being manufactured? For example, can overheating or leaks lead to product contamination or degradation?",2
"Can you provide examples of successful implementations of temperature control systems in industrial settings, highlighting their benefits and return on investment?",1
How does the PLC's programming or logic impact the control decisions it makes? Are there any specific programming languages or techniques used to develop the PLC's control logic?,2
How can operators use the severity and detectability ratings to inform their maintenance schedules and preventive maintenance strategies?,2
How can the detection of early signs of failure in industrial ovens be integrated with predictive maintenance techniques to optimize maintenance scheduling and reduce downtime?,2
"How does the system account for changes in the product being heated, such as variations in size, shape, or material, and how does this affect the temperature control algorithm?",2
How do different types of insulation materials used in industrial ovens affect the rate and extent of degradation?,2
Can you elaborate on the different types of pressure sensors used in industrial ovens and their advantages/disadvantages?,2
"Can you provide examples of successful case studies or pilot projects where energy-efficient technologies and practices have been implemented in industrial ovens, and what were the key factors that contributed to their success?",2
"Are there any plans to expand the use of anomaly detection and prediction to other areas of the manufacturing process, beyond industrial ovens? If so, what are the next steps in this direction?",2
"Can you provide examples of specific industrial oven applications where thermocouples, RTDs, and thermistors are commonly used, and what are the typical temperature ranges required for these applications?",2
"How do the costs and benefits of different maintenance and repair strategies compare? For example, is it more cost-effective to replace the heating elements regularly or to repair them when they fail? How does the cost of maintenance and repair compare to the cost of downtime and lost productivity due to a failure?",2
"Are there any specific design features or modifications that can be made to industrial ovens to improve their resistance to environmental factors? For example, can special coatings or materials be used to reduce the impact of temperature fluctuations on the oven's performance?",2
"How do you handle situations where a safety feature has a high severity score but a low detection score, or vice versa? What strategies do you use to balance the need for maintenance and inspection with the potential for false alarms or unnecessary maintenance?",2
How do the properties of the materials used in industrial ovens impact the maintenance and repair of the oven over time?,2
"How can data analytics be used to monitor and predict potential issues with industrial ovens, and what metrics should be tracked to ensure they are operating safely and efficiently?",2
"Are there any specific maintenance schedules or procedures that need to be followed to prevent failures in the industrial oven? If so, what are they, and how do they impact the anomaly detection model?",1
"Can you provide more information on the specific algorithms and techniques used for predictive maintenance and environmental monitoring, and how were they selected?",2
What are the biggest challenges or obstacles that manufacturers face when implementing data-driven monitoring and maintenance strategies for industrial ovens?,2
"How do temperature sensors affect the overall performance and efficiency of industrial ovens, and what are the potential consequences of sensor failure on the oven's performance?",2
Are there any emerging technologies or trends in industrial oven design that can help mitigate the risk of heating element failure and temperature control system failure?,2
"How do fan and blower failures in industrial ovens typically occur? Are they due to wear and tear, improper maintenance, or other factors?",2
Can you discuss the importance of temperature uniformity within the oven and how it relates to the temperature control system?,2
Are there any specific machine learning algorithms or techniques that have been shown to be effective in detecting anomalies in industrial oven environments?,2
"Are there any other environmental factors besides temperature that the anomaly detection model should consider when detecting anomalies? For example, humidity, pressure, or gas composition?",2
How do temperature sensors interface with other equipment and systems in an industrial oven? Are there any specific communication protocols or interfaces used to transmit temperature data?,2
"Are there any emerging trends or technologies in industrial oven control systems that could help reduce the likelihood of controller malfunction, and if so, what are they?",2
"How do the degradation mechanisms in industrial ovens, such as corrosion, fatigue, and thermal degradation, impact the lifespan and performance of the vessel?",2
Can you provide examples of the types of data that are collected during regular visual inspections of the heating element? How do you document and track this data over time?,2
Are there any specific industry standards or regulations that manufacturers must follow when designing and implementing environmental monitoring systems and temperature control systems for industrial ovens?,2
How do the regulatory and compliance requirements impact the design and implementation of the anomaly detection model? Are there any specific requirements or guidelines that need to be followed?,2
Can you explain the different types of industrial ovens and their specific applications?,2
Can you explain the principles behind thermal imaging cameras and how they can detect temperature anomalies in insulation materials?,2
"Are there any specific environmental factors that can accelerate wear and tear on these components, such as high humidity, extreme temperatures, or exposure to chemicals?",2
"How do software tools and algorithms used in industrial oven monitoring systems detect issues with the temperature control system? Are there any specific challenges or limitations associated with monitoring temperature control systems, and how do these systems address them?",2
How can poor insulation and uneven air circulation be identified and addressed in industrial ovens to prevent poor temperature uniformity?,2
Can you provide examples of successful case studies or implementations of environmental factor monitoring and prediction systems in industrial oven settings? What were the key challenges and successes in these implementations?,1
"Can you provide examples of how data from temperature sensors and thermocouples can be used to detect potential failures in an industrial oven? How do these sensors provide early warning of potential failures, and what are the typical response times for addressing these issues?",2
"What are some common mistakes that users make when operating the oven that can contribute to control panel failure, and how can these mistakes be avoided?",2
Can you provide examples of how the monitoring system has been customized or tailored to meet the specific needs of different industrial settings or use cases?,2
How do you ensure that the data used to train the machine learning models is representative of the different operating conditions and scenarios that the oven may encounter?,2
"Can you provide examples of specific anomalies that could occur in an industrial oven controller, and how they might impact product quality or productivity?",2
"Can you provide examples of historical data or case studies of anomalies that have occurred during the heating process, and how they were detected and addressed?",2
How can we ensure that preventive maintenance programs are effective in identifying and addressing potential issues before they become major failures? What metrics or KPIs can we use to measure the success of preventive maintenance programs?,2
How does the cost of preventive maintenance tasks compare to the cost of repairing or replacing an industrial oven that has failed due to lack of maintenance?,2
How often should industrial oven operators conduct regular inspections and tests to ensure the safe and efficient operation of their equipment?,2
How do temperature fluctuations affect the chemical composition of the product? Are there any specific chemical reactions that are particularly sensitive to temperature changes?,2
"Can you provide more information on the typical lifespan of industrial oven components, such as heating elements, insulation materials, and temperature control systems?",2
"How do thermal imaging and electrical testing help in detecting potential failures in industrial ovens, and what are some common issues that these tests can identify?",2
How often should emergency stops and safety interlocks be inspected and maintained to ensure proper functioning?,2
"Can you provide examples of the types of anomalies that need to be detected in the industrial oven? For example, what constitutes an abnormal temperature, pressure, or gas emission?",2
"Can you discuss the importance of regular maintenance and monitoring of the cooling system, and how it can help prevent failures and ensure efficient operation of the oven?",2
Are there any industry-standard algorithms or techniques used to process and analyze the data from these sensors?,1
"How does the closed-loop system handle disturbances or changes in the process that affect the temperature, such as changes in the raw material or ambient conditions?",2
"How does poor maintenance contribute to control panel failure, and what are some common signs of control panel failure?",1
Can you provide examples of specific temperature control failures that have occurred in industrial ovens and their consequences?,2
What are some common causes of heating element failure in industrial ovens? How can these failures be prevented or mitigated?,2
"Can you discuss the role of technology in ensuring compliance with industry-wide standards and regulations for industrial ovens, such as automated monitoring and control systems, and data analytics for predictive maintenance?",2
"Can you provide examples of specific design considerations that can be implemented to minimize operator errors, such as clear and concise labels, real-time feedback, and visual and auditory alerts?",2
"What are some common warning signs that an industrial oven is experiencing a failure, and how can personnel be trained to identify and respond to these signs?",2
"How do the energy consumption sensors account for variations in energy input and output, such as changes in ambient temperature, humidity, or air pressure?",2
"How does thermal insulation help maintain consistent temperatures in industrial ovens, and what are some common materials used for thermal insulation?",2
"How do the industry standards and regulations vary across different regions or countries? For example, are there any differences in the regulations between the EU and the US?",2
"Can you discuss the potential consequences of faulty PLC programming or logic? How might this impact the oven's operation, and what steps can be taken to mitigate these risks?",2
How will the anomaly detection model be validated and tested? Are there any specific test cases or scenarios that need to be considered?,2
"Can you discuss the potential safety risks associated with poor air quality in industrial ovens, particularly in industries such as pharmaceuticals?",2
"How do the materials and design of industrial oven components impact their resistance to degradation? Are there any specific materials or design features that are particularly effective in withstanding high temperatures, humidity, and vibrations?",2
Are there any specific maintenance or repair procedures that should be followed to ensure the oven's optimal performance and longevity? Are there any recommended schedules for routine maintenance or inspections?,2
Can you explain the mechanism by which door sweeps prevent heat from escaping and cold air from entering the oven?,2
How do UL standards for safety and performance impact the design and operation of industrial ovens? Are there any specific safety features or testing procedures that must be met?,1
Are there any emerging trends or technologies in insulation materials for industrial ovens that could improve their performance or lifespan?,2
"What are the most common types of insulation materials used in industrial ovens, and how do their properties affect their performance?",2
How can a reliability-centered maintenance approach help determine the most cost-effective and efficient solution for repairing or replacing oven components?,2
Can you provide examples of specific maintenance tasks that should be performed regularly to prevent failures in industrial ovens?,2
"Can you provide examples of specific fan and blower failure modes that can occur in industrial ovens, and how they impact performance and efficiency?",2
How do you ensure that the data collected from the sensors is accurate and reliable? Are there any quality control measures in place?,2
"Can you discuss the role of the operations, maintenance, and engineering teams in ensuring smooth oven operations and preventing failures, and how can they collaborate effectively?",2
How do you determine the appropriate thickness and type of insulation required for a specific industrial oven application?,2
Can you provide examples of how environmental factors can affect the quality and consistency of products being manufactured in industrial ovens?,2
Can you provide examples of how the anomaly detection model has helped prevent equipment failure or improved production efficiency in the past?,2
How does the control system adjust the power output of the heating elements and fan speed to maintain the desired temperature and process conditions?,2
"How do different types of industrial ovens (e.g., batch, conveyor, etc.) impact the design and implementation of safety features and maintenance practices?",2
"Can you explain the role of safety features in industrial ovens, such as safety interlocks and emergency stops, and how they can prevent failure modes?",2
Can you provide examples of how the industrial oven's failure modes can impact the quality of the final product? Are there any specific product quality metrics that are particularly sensitive to oven failures?,1
"How do the operating conditions of an industrial oven, such as temperature range, airflow, and humidity, impact the aging process and potential failure modes of the oven components?",2
"What are some of the main challenges or obstacles that need to be addressed when implementing these emerging trends and technologies in industrial oven insulation, and how can they be overcome?",2
"How do the design and operational parameters of the oven impact the safety of the heating elements, and are there any specific safety features or protocols that should be in place to prevent accidents or injuries?",2
Are there any emerging technologies or materials that can help mitigate the impact of environmental factors on industrial oven components and improve their overall performance and lifespan?,2
How does the model handle missing data or incomplete data? Are there any specific techniques used to impute missing data or handle incomplete data?,2
What are some key performance indicators (KPIs) that can be used to measure the effectiveness of the anomaly detection model in industrial ovens?,2
"How do local authorities and experts conduct inspections and enforcement of building codes and regulations for industrial ovens, and what are the potential consequences for non-compliance?",2
Can you provide examples of how temperature sensing and calibration can impact product quality and safety in different manufacturing processes?,2
"How do NFPA standards address the use of alternative fuels or energy sources in industrial ovens, such as natural gas or biomass?",2
How do you evaluate the performance of the anomaly detection and prediction models? Are there any specific metrics or benchmarks used to assess their accuracy and effectiveness?,2
"Can you provide examples of how thermal fatigue, oxidation, and creep can occur in industrial ovens due to excessive temperature fluctuations, and how can they be prevented or mitigated?",2
"How does the temperature control system tuning and calibration process work, and what are some common pitfalls to avoid during this process? How can operators ensure that the temperature control system is properly tuned and calibrated to prevent failures?",2
"Can you provide more information about the materials used in the oven's construction? How do these materials affect the oven's thermal performance, and are there any specific materials used to mitigate the effects of humidity and air pressure?",2
How can operators ensure that their maintenance and reliability efforts are aligned with the severity and detectability ratings of the failure modes in their industrial ovens?,2
"How often should maintenance and inspection procedures be performed on the conveyor system, and what are some best practices for executing these tasks?",2
"How do environmental factors, such as humidity and temperature, affect the performance and lifespan of heating elements?",2
Can you provide more information on the specific types of motors and control systems commonly used in industrial ovens?,2
"How do environmental factors such as humidity, temperature, and air quality affect the performance of industrial ovens, and what steps can manufacturers take to mitigate these factors?",2
"Can you provide examples of specific failure modes that have occurred in conveyor ovens, batch ovens, and industrial ovens with heating elements or control systems?",2
How does the design of the oven chamber and the placement of the doors affect the efficiency of heat retention and loss prevention?,2
Are there any specific installation challenges or considerations when using vacuum insulation panels (VIPs) in industrial ovens?,2
"Can you provide some examples of successful case studies or real-world applications of these emerging trends and technologies in industrial oven insulation, and what were the key factors that contributed to their success?",2
How do noise and interference affect the accuracy of anomaly detection models in industrial oven environments?,2
"How do changes in production processes or product materials affect the likelihood of industrial oven failures, and how can we adapt maintenance strategies to accommodate these changes?",1
"Can you discuss the importance of proper maintenance and upkeep of industrial ovens, and what are some common maintenance tasks that should be performed regularly to ensure optimal performance and prevent failures?",2
"How do changes in temperature and pressure impact the operation and safety of industrial ovens, and how can operators monitor and control these factors?",2
Can you discuss the role of moisture management in preventing insulation material failure? Are there any specific strategies or technologies that can be employed to mitigate moisture exposure and its effects on thermal conductivity?,2
"Can you provide some examples of components that are particularly susceptible to failure due to constant cycling between temperature ranges, and how can these components be selected and maintained to reduce the risk of failure?",2
"What are the most common failure modes of the fan or blower in the cooling system, and how do they occur?",2
"How do industrial oven operators typically monitor the performance of the electrical system, and what metrics or indicators do they use to assess its health and reliability?",2
"What is the importance of proper grounding in industrial ovens? How does it prevent electrical shock or fires, and what are the potential consequences of improper grounding?",2
Can you provide examples of specific safety features that are commonly included in industrial ovens to meet OSHA standards?,1
"How do doors and seals fail over time, and what are the potential safety hazards associated with their failure?",2
"Are there any emerging trends or technologies that could improve the detection and prevention of failure modes in industrial ovens, such as predictive maintenance or machine learning algorithms?",2
How can we effectively detect and diagnose leaks in the oven chamber (OF-03)? Are there any specific techniques or tools that can help us identify the source of the leak and determine the appropriate course of action?,2
"Can you provide examples of specific industrial oven components where hall effect sensors, shunt resistors, and current probes may be used to measure current consumption?",2
"Are there any specific regulations or standards that govern the maintenance and monitoring of insulation in industrial ovens, and if so, how are they enforced?",2
"How do the materials used in the construction of industrial ovens impact their performance over time? For example, are there any specific materials that are known to degrade more quickly than others, or that are more prone to wear and tear?",2
"Can you provide examples of electrical issues that can lead to failure in industrial ovens, and how can they be addressed?",1
"How do fire suppression systems used in the chemical industry differ from those used in the food industry, and what types of fires do they aim to suppress?",2
"Can you provide examples of production defects, reduced quality, or safety hazards that can result from sensor failures or inaccuracies?",2
"How do the failure modes identified in the FMEA (thermal conductivity decrease, water intrusion, mechanical failure, and reduced insulation thickness) typically occur in practice? Are there any specific scenarios or conditions that tend to lead to these failures?",2
"Can you discuss some common misconceptions or myths about industrial oven maintenance, and how can operators ensure they are following best practices to prevent failures?",2
"Can you provide examples of how the electrical system of an industrial oven can be customized or modified to meet specific application requirements? For example, how might the electrical system be designed differently for an oven used in a cleanroom or other controlled environment?",2
"Can you explain the main differences between thermocouples, RTDs, and thermistors in terms of their temperature measurement ranges, accuracy, and cost?",2
"Can you provide examples of how the materials used in industrial ovens can affect the quality and consistency of the products being manufactured, and how can these effects be mitigated?",2
"Are there any specific challenges or obstacles that industrial oven operators may face when implementing a predictive maintenance program, and how can they be addressed?",2
"Can you provide examples of critical components in industrial ovens that require regular inspection and testing, and how often should these inspections and tests be performed?",2
"Are there any specific regulations or standards that govern the design and implementation of safety interlocks in industrial ovens, and if so, can you provide examples?",2
"How do temperature sensors such as thermocouples, RTDs, and thermistors differ in terms of their temperature range, accuracy, response time, and durability?",2
Are there any specific testing methods or standards that are used to evaluate the effectiveness of thermal insulation materials in industrial ovens?,2
"How do rapid temperature changes affect the performance and lifespan of industrial oven components, and are there any specific components that are more prone to thermal shock?",2
"Can you explain the role of the cooling system (if applicable) in the industrial oven? How does it rapidly cool the oven down after a heat cycle, and what are the potential failure modes?",1
How can data analytics and machine learning be used to improve the safety and efficiency of industrial oven operations? Are there any specific algorithms or techniques that can be applied to detect potential issues or optimize maintenance schedules?,2
Can you provide examples of troubleshooting techniques that can be used to identify the root cause of environmental factor-related issues? How can operators and maintenance personnel use these techniques effectively?,2
"Can you discuss the impact of air circulation and turbulence on temperature measurement inside an industrial oven, and how can these factors be optimized?",2
"Are there any specific industry standards or regulations that must be followed when designing and operating industrial ovens? How do these standards impact the oven's design, operation, and maintenance?",2
"How can temperature drift be minimized or eliminated in temperature sensors used inside industrial ovens, and what are the best practices for calibration and maintenance?",2
"How do the materials used in industrial oven construction, such as metals, ceramics, and refractory materials, affect the oven's performance and lifespan?",2
"How do you ensure that the data collected from sensors and monitoring devices is accurate and reliable, and that it is used effectively to predict maintenance needs?",2
"What are some common warning signs or indicators that a particular maintenance cycle is needed, and how can operators identify these signs?",2
How do infrared heating elements differ from traditional convection ovens in terms of heating mechanism and efficiency?,2
"How do emergency stop buttons work in industrial ovens? Are they manually activated, or can they be triggered automatically in certain situations? What happens when the emergency stop button is pressed?",2
"Are there any industry-specific regulations or standards that govern the use of sensors and devices in industrial ovens, and how do these impact the selection and implementation of these technologies?",2
Are there any emerging trends or advancements in materials science that could potentially impact the use of ASTM standards in industrial oven construction in the future?,2
"Can you discuss the role of maintenance and cleaning in preventing insulation degradation in industrial ovens, and what are some best practices for these activities?",2
Can you provide examples of specific vibration analysis techniques that can be used to detect early signs of fan or blower failure?,2
"Can you explain how the control system's electronic components, software, and sensors/actuators can fail, and what are the potential consequences of these failures?",2
"Can you provide more information about the industrial oven's cooling system, such as the type of cooling method used and its potential failure modes?",1
"Can you provide examples of how anomaly models can be used to predict and prevent industrial oven failures? For instance, how far in advance can a model predict a potential failure, and what actions can be taken to prevent it?",2
"What are the common sources of error in vortex flow meters, ultrasonic flow meters, and differential pressure flow meters, and how can they be minimized?",2
Can you provide more details about the sensors used to measure temperature and how they are calibrated? Are there any limitations or potential sources of error in the sensor data?,1
"How often should temperature monitoring, pressure monitoring, current monitoring, vibration monitoring, acoustic emission monitoring, thermographic imaging, and oil analysis be performed to ensure optimal efficiency and minimal downtime?",2
"Are there any specific challenges or limitations associated with real-time monitoring of temperature and pressure sensors in industrial ovens, such as data acquisition, processing, or storage issues?",2
"Can you provide more information about the power supply problems, wiring faults, and electrical component failure that could impact the oven's electrical systems, and how do these failures typically occur?",2
"Can you provide more information about the temperature sensors used in the temperature control system? For example, what type of thermocouples are commonly used, and what are their specific characteristics and limitations?",2
"Are there any specific industries or applications where industrial ovens are more prone to failure? For example, are ovens used in the food industry more prone to failure than those used in the automotive industry, or are ovens used in high-temperature applications more prone to failure than those used in low-temperature applications?",2
"Can you provide more information about the specific types of sensors used in temperature control systems, such as thermocouples, thermistors, or resistance temperature detectors? How do they work, and what are their failure modes?",2
"How do the sensors used in the oven's safety features detect abnormalities in the oven's operation? Are there any specific types of sensors used, and what are their failure modes?",2
How do the environmental controls interact with each other to maintain the optimal conditions for industrial processes?,2
"Can you describe the different types of heating elements used in the temperature control system, their characteristics, and advantages?",2
"Can you provide examples of specific failure modes that have occurred in industrial ovens in the past, and how were they addressed?",1
"How do the degradation mechanisms for each failure mode differ, and what are the most common degradation mechanisms for each type of industrial oven?",2
"How do you recommend prioritizing maintenance and cleaning practices for industrial ovens? Are there specific areas of the oven that require more frequent cleaning or maintenance, and how often should these tasks be performed?",2
"Can you provide examples of specific failure modes and their corresponding failure codes, and how are these failure codes used in the system?",2
Are there any industry-specific regulations or standards that manufacturers must follow to ensure the quality and safety of their products in relation to industrial oven failures?,2
"Are there any industry standards or regulations that govern the calibration and maintenance of temperature sensors in industrial ovens, and if so, can you provide examples?",2
"How do sensor failures in industrial ovens impact temperature control and product quality, and what are the common causes of sensor failure?",2
How do different types of sensors complement each other in detecting anomalies and predicting failures in industrial ovens?,2
"Can you provide examples of other failure modes that can occur in industrial ovens, such as control system failures or issues with the oven's electrical components?",2
"Can you elaborate on the different types of noise that can affect sensor measurements in industrial ovens, and how they can be reduced?",2
"Are there any specific areas of the industrial oven that are more prone to anomalies or maintenance issues? For example, are there any specific sensors or components that are more likely to fail or require maintenance?",2
"How do rapid temperature changes impact the performance of industrial ovens, and what are some common applications where this is a critical factor?",2
Can you explain how the oven's control system ensures that the heating elements and fans are operating within their designated specifications and safety limits?,2
"How do you currently evaluate the performance of anomaly detection models in industrial ovens, and what metrics do you use to measure their effectiveness?",2
Can you provide examples of how improper thermal management of an industrial oven can lead to fan motor failure?,2
Can you explain the different types of sensors used in industrial ovens and their specific functions?,2
"What are some common maintenance and repair issues that can arise with industrial ovens, and how can they be prevented or addressed?",2
How do the performance metrics for anomaly detection in industrial ovens compare between traditional machine learning algorithms and deep learning techniques?,2
"How do the cooling system and potential blockages impact the energy efficiency of an industrial oven, and what are some strategies for minimizing energy consumption while maintaining a consistent temperature?",2
"Can you discuss the design and implementation of temperature control systems that can anticipate and respond to sudden changes in temperature, and what are the challenges and limitations of such systems?",2
How do you envision the integration of machine learning algorithms and predictive models with existing control systems and operator interfaces in industrial ovens?,2
How can data analytics and machine learning be used to predict and prevent insulation failure in industrial ovens? Are there any specific algorithms or techniques that have been shown to be effective in this area?,2
"Can you explain the importance of atmosphere monitoring and control in industrial ovens, and what are some common safety devices used to ensure a safe working environment?",2
"How often should regular maintenance and testing of emergency stops and safety interlocks be conducted, and what are some common issues that may be identified during these checks?",2
"What are some common failure modes that can occur in industrial ovens due to environmental factors, and how can they be prevented?",2
How do thermal shock and sensor calibration drift affect the accuracy of temperature measurements in industrial ovens? What methods can be used to minimize their impact?,2
"Can you provide examples of specific failure modes that can occur in industrial ovens, such as heating element malfunctions or insulation faults, and how they can be detected through temperature sensor data?",2
Can you provide examples of how faulty control systems can cause unintended temperature fluctuations in industrial ovens? Are there any specific types of control systems that are more prone to faults?,2
"Can you provide examples of preventive maintenance tasks that should be performed regularly on industrial ovens, and how often should they be performed?",2
Can you provide examples of successful case studies or testimonials from industrial oven operators who have implemented regular maintenance programs for fans and blowers?,2
"What are some common mistakes or oversights that operators may make when monitoring and maintaining industrial ovens, and how can these be addressed?",2
Can you provide examples of how vibration analysis has led to cost savings or improved productivity in specific industrial oven applications?,2
"Can you provide examples of specific failure modes that can occur in industrial ovens, and how they can impact production and product quality?",2
"What are some common warning signs or indicators that an industrial oven's components are degrading or failing? For example, are there specific temperature fluctuations or patterns that could indicate a problem with the heating elements or temperature control system?",2
How do different materials used in the construction of industrial ovens affect the heating element's performance and lifespan?,2
Can you explain the feedback control mechanism in more detail? How does the control system adjust the oven's operating parameters in response to sensor feedback?,2
"Are there any specific challenges or limitations associated with implementing IoT/OT sensors and machine learning algorithms in an industrial oven setting, and how can these challenges be addressed?",2
What are the typical repair and replacement costs for industrial ovens that have experienced failure due to overheating or electrical faults?,2
"How do advanced control systems, such as automation and robotics, impact the operation and maintenance of industrial ovens, and what are some of the benefits and challenges associated with their use?",2
"Can you provide examples of specific materials that are commonly used in the construction of industrial ovens, and how do their properties contribute to the overall performance and safety of the vessel?",2
"Can you provide examples of how IoT technology and predictive analytics can be used to monitor and maintain industrial ovens, and how can these technologies help prevent failures?",2
"How does the thermal conductivity of refractory insulation materials change over time, and what factors can affect this change?",2
What are some common challenges or obstacles that arise when measuring pressure inside industrial ovens? How can these challenges be addressed?,2
"How do the heating elements, temperature control system, and motor and drive system interact with each other during startup and shutdown? Are there any specific failure modes that are more likely to occur during these periods?",2
"What are some common challenges or obstacles that can arise when implementing and maintaining environmental controls in industrial ovens, and how can they be addressed?",2
"How do industrial oven failures typically affect the quality of the products being manufactured, and what are the potential consequences for the manufacturer and customers?",1
"How do the sensors detect and respond to sudden changes or shocks in the oven's environment, such as a sudden increase in temperature or pressure?",2
Can you explain the process for adjusting the control circuit to address issues with intermittent operation or loss of control?,2
"Can you provide examples of advanced technologies or automation systems that can be integrated into conveyor belt ovens and batch ovens to improve their performance, efficiency, and reliability?",2
"How do different failure modes in the temperature control system impact the quality and consistency of the final product, and what are some potential consequences of failing to address these issues promptly?",2
Are there any specific sensor technologies or monitoring systems that have proven effective in detecting anomalies and predicting failures due to environmental factors in industrial ovens?,2
Can you discuss the potential consequences of using uncalibrated or poorly maintained temperature sensors in industrial ovens?,2
How does moisture intrusion impact the reliability and accuracy of infrared thermography readings? Are there any methods to compensate for moisture intrusion during the analysis process?,2
How do the fans in an industrial oven affect the temperature uniformity inside the oven?,2
"What are some common causes of failure in emergency stops, safety interlocks, and alarm systems, and how can they be prevented?",2
"How does the monitoring system integrate with cloud-based platforms, such as AWS IoT, Microsoft Azure IoT, or Google Cloud IoT Core, and what benefits does this integration provide?",2
"Are there any specific industry standards or regulations that must be followed when designing, manufacturing, and maintaining industrial ovens to ensure the safety and reliability of the doors, seals, and hinges?",2
"How do industrial ovens typically operate, and what are the normal temperature ranges and fluctuations that can be expected during operation?",2
"How do environmental factors interact with each other to affect industrial oven performance? For example, how might high humidity and temperature fluctuations combine to cause issues?",2
"How do industrial ovens used in hazardous environments, such as those with explosive or flammable materials, differ from those used in other industries?",2
"How do advances in materials science and technology impact the design and performance of heating elements? For example, are there new materials or designs that can improve the efficiency, reliability, or lifespan of heating elements?",2
"Can you explain the importance of proper maintenance and inspection of industrial ovens, and what are some common issues that can arise if these tasks are neglected?",2
Are there any specific regulations or standards that industries must follow when it comes to the safety and maintenance of industrial ovens?,2
What are some common warning signs or indicators that industrial oven components are degrading or failing? How can data scientists and subject matter experts work together to identify and monitor these indicators?,2
"Are there any specific quality control procedures in place to ensure the accuracy and reliability of the sensor data? If so, what are they, and how do they impact the anomaly detection model?",1
"Are there any specific failure modes that are more common in certain types of industrial ovens (e.g., conveyor ovens, batch ovens, etc.)?",1
"How can overtemperature protection failure occur in an industrial oven, and what are some common consequences of such failures?",2
"How do the materials used in the construction of heating elements affect their performance and lifespan? Are there any specific materials that are more commonly used in industrial oven heating elements, and why?",2
What are some common warning signs or indicators that a software issue may be present in an industrial oven?,2
"Are there any industry-wide standards or regulations that govern the design, installation, and maintenance of safety features in industrial ovens, and how do they impact the manufacturing and operation of these ovens?",1
"How do you ensure that the control algorithms used in industrial ovens are robust and fault-tolerant, and what techniques or tools do you use to test and validate these algorithms?",2
"Can you provide examples of how software issues in industrial ovens have led to equipment downtime, product quality issues, or safety risks?",2
"How do industrial oven failures impact the production process, and what are the consequences of a failure? For example, how much downtime can a failure cause, and what are the financial implications?",2
"Can you discuss the various methods used to inspect and maintain industrial ovens, and how do they help prevent failures and ensure compliance with safety standards?",2
"How do we integrate data from multiple sensors to get a comprehensive view of industrial oven performance, and what are the challenges associated with it?",2
"How do the specific design and layout of an industrial oven impact the performance and lifespan of fans and blowers, and what design modifications can be made to mitigate the impact of temperature, humidity, and air quality fluctuations?",2
"How does the control panel monitor temperature distribution across the oven, and what steps can be taken to improve temperature uniformity?",2
How do environmental conditions affect the accuracy of temperature sensors? Are there any specific environmental factors that are more likely to impact sensor accuracy?,2
How do the severity ratings of failures in the different components impact the overall performance and safety of the industrial oven? Are there any specific safety protocols that should be followed when certain failures occur?,2
How does the PLC receive input signals from the sensors? Are there any intermediate components or systems that facilitate communication between the sensors and the PLC?,2
Can you discuss the various types of control systems used in industrial ovens and how they can fail or malfunction?,2
Are there any specific environmental factor thresholds that should be avoided to prevent damage to the oven or its components?,2
"Can you provide examples of false alarms that have occurred in the past, and how were they addressed?",2
"Are there any specific industry standards, regulations, or guidelines that must be followed when designing, manufacturing, installing, and maintaining industrial ovens to ensure their safe and reliable operation?",1
"How do power quality fluctuations impact the reliability and maintainability of industrial ovens, and what strategies can be employed to minimize downtime and extend the lifespan of oven components?",2
"Can you provide some examples of how the safety failure modes you mentioned, such as overheating, sparking, and fire, could occur in an industrial oven? How can we mitigate these risks?",1
How do these integration protocols and standards address the issue of data security and privacy in industrial settings?,2
"Can you discuss the maintenance and inspection procedures for the heating elements, and how often should they be performed to ensure reliable operation?",2
How does real-time data monitoring help identify potential issues with temperature sensors? Are there any specific algorithms or techniques used to detect anomalies in sensor data?,2
"How do industrial oven temperature sensors need to be selected, installed, and maintained to ensure accurate temperature control and prevent failures?",2
"Can you describe a time when a controller malfunction occurred in an industrial oven temperature control system, and how was it resolved?",2
How do high humidity levels affect the quality of the finished product in both conveyor belt and batch ovens?,2
"Can you provide examples of emergency scenarios where the use of emergency stops and safety interlocks would be necessary, and how can operators effectively use these features in these situations?",2
"How do different types of products being manufactured affect the accuracy of anomaly detection models? For example, do certain products produce more variability in temperature or pressure readings?",2
"Can you elaborate on the specific environmental factors that have the most significant impact on industrial ovens? For example, which specific temperature ranges, humidity levels, air flow patterns, dust levels, and chemical exposures are most critical to consider?",2
"Are there any specific industry standards or regulations that must be followed when it comes to maintaining and inspecting the heating element, and how do these standards impact the maintenance and inspection schedule?",2
Can you discuss the role of machine learning and artificial intelligence in analyzing sensor data and predicting equipment failure in industrial ovens?,2
How does debris buildup in the heating element or temperature control system affect the performance and lifespan of the Industrial Oven? What are some common sources of debris and how can they be prevented or mitigated?,2
"How does AET account for variability in the acoustic signals generated by an industrial oven during normal operation, such as changes in temperature, pressure, or flow rate?",2
Can you discuss the impact of temperature sensor and controller failures on the quality and safety of the products being manufactured in an industrial oven?,2
"How do the power consumption and energy efficiency of AC, DC, and servo motors compare, especially in scenarios where the motor is running at low loads or intermittently?",2
"Can you provide more information about the safety features of the industrial oven, such as emergency stops, safety interlocks, and alarm systems? How do these features work, and what are the potential failure modes associated with them?",1
"How do worn or damaged blades affect fan and blower performance, and what are some common blade materials and repair methods used?",2
How does poor air circulation affect the efficiency and performance of industrial ovens? Are there any specific metrics that can be used to measure the impact of poor air circulation?,2
"How do different types of industrial ovens (e.g., conveyor belt, batch, or continuous) respond differently to environmental factors?",2
"How do ASTM standards address the issue of material degradation over time, such as corrosion or wear and tear, in industrial ovens?",2
"What are the most effective methods for detecting potential failures in conveyor ovens, batch ovens, and industrial ovens with heating elements or control systems?",2
What are some common misconceptions or myths about industrial oven fan motor maintenance that can lead to premature failure?,2
How do the safety features of the industrial oven take into account the specific requirements of the products being manufactured? Are there any specific safety considerations for certain types of products or materials?,2
Can you provide examples of predictive maintenance tasks that can be performed based on the data collected from the sensors? How do these tasks help prevent downtime and improve the overall efficiency of the industrial oven?,1
How do advanced controls and automation systems ensure precise temperature control and uniform heating in industrial ovens?,2
How does the temperature control system adjust the heat input from the heating elements? Are there any specific algorithms or control strategies used to maintain the desired temperature?,2
"Can you provide examples of product defects that can result from failure to heat in industrial ovens, and how do they impact the manufacturing process?",2
"Can you discuss the potential challenges or limitations of integrating the monitoring system with other systems, such as data compatibility, communication protocols, or security concerns?",2
How do the failure rates of different components vary during peak production hours? Are there any components that are more susceptible to failure during this time?,1
"Can you provide examples of how poor design, manufacturing defects, improper installation, inadequate maintenance, and software issues can lead to failures in the heating element, temperature control system, and insulation?",1
How does the type and thickness of insulation used in an industrial oven impact temperature uniformity and efficiency? Are there any specific types of insulation that are better suited for certain industries or applications?,2
"How do the thermal conductivity properties of insulation materials change over time, and what factors contribute to these changes? Is there a typical lifespan for insulation materials in industrial ovens, and how can this be extended through proper maintenance and care?",2
"How do industrial ovens address safety concerns, such as overheating, electrical shock, or fire hazards? What safety features are commonly included in industrial ovens?",2
"Can you explain the different types of degradation mechanisms in temperature control systems, such as wear and tear, environmental conditions, or improper maintenance? How do these mechanisms impact the performance of temperature control systems?",2
How do temperature control systems in industrial ovens typically monitor and control temperature? Are there any common pitfalls or failure points in these systems?,2
"What are some common maintenance practices that can help extend the lifespan of industrial oven components, and how often should these practices be performed?",1
Can you provide examples of the types of anomalies that the model is designed to detect? How does the model distinguish between a normal variation in sensor data and an anomaly that requires an alert?,2
How does the model account for changes in the oven's performance over time? Are there any specific techniques used to ensure that the model remains accurate and effective as the oven ages?,2
"Can you provide examples of monitoring techniques used to identify potential issues in temperature control systems, and how do these techniques help prevent major failures?",2
"What are the most common issues that arise when performing preventive maintenance on an industrial oven, and how can they be addressed?",2
"Can you provide examples of specific industrial processes that rely on humidity sensors for quality control, and how do these sensors impact the final product quality?",2
"How do different types of filters (e.g. mesh, pleated, HEPA) affect the performance and lifespan of fans and blowers, and when should each type be used?",1
"Can you provide more information about the sensors and actuators used in the industrial oven? What types of sensors are used to measure temperature, humidity, pressure, and conveyor belt speed?",2
"Can you discuss the limitations of AET in terms of the types of failures it can detect, the accuracy of the results, and the potential for false alarms?",2
"Can you discuss some common control loop stability problems that can occur in temperature controllers during seasonal changes, and how can these issues be addressed through proper tuning or other methods?",2
How do the heating elements and temperature control systems interact with each other to maintain the desired temperature within the oven?,2
"How do different types of materials used in industrial oven construction (e.g. metals, insulation, etc.) respond to various environmental factors?",2
Can you provide more information about the sensors used in temperature control and how they are calibrated?,1
"Can you discuss the various ways in which heating elements can fail, and how do these failures impact the performance of the oven?",2
"Can you explain the concept of ""element burnout"" and how it occurs? How can it be prevented, and what are the consequences of element burnout in an industrial oven?",2
Can you explain the criteria used to determine the appropriate maintenance and testing schedule for each type of industrial oven?,2
"Can you provide examples of real-world failures that have occurred in industrial ovens, and what were the root causes of these failures?",2
"Are there any specific operating conditions, such as temperature or humidity levels, that can increase the likelihood of failure in the oven? If so, how can these conditions be monitored and controlled to minimize the risk of failure?",2
"What are some common failure modes for fans and blowers in industrial ovens, and how do bearing failure, motor failure, and clogged air filters affect their performance?",2
"How do moisture meters or infrared thermometers work, and what are the acceptable moisture levels for insulation materials in industrial ovens?",2
"How do software bugs or miscalibration issues typically arise in the control panel, and what are some common symptoms of these problems?",2
"How do changes in temperature and humidity levels affect the performance and lifespan of industrial ovens, and what are some strategies for mitigating these effects?",2
Can you discuss the importance of regular inspections and maintenance in preventing failures of the frame and structure of an industrial oven?,2
How do the quality control procedures in place affect the accuracy and reliability of the anomaly detection model? Are there any specific metrics or benchmarks used to evaluate the model's performance?,2
"How frequently should the ducts, fans, and heat exchangers be cleaned and inspected to prevent blockages, and what are the recommended cleaning methods?",2
"How do different types of insulation used in industrial ovens affect their energy efficiency and temperature control, and what are some potential failure modes?",2
Can you discuss the role of maintenance and inspection in preventing equipment failure and ensuring reliable operation of industrial ovens?,2
Can you discuss any case studies or real-world examples of how data analysis has helped prevent unexpected downtime or improve the performance of industrial ovens?,2
"Can you provide examples of successful implementation of sensor calibration and maintenance programs in industrial settings, and what were the key factors that contributed to their success?",2
"How do vibration sensors detect abnormal vibrations in the oven's components, and what are the common causes of such vibrations?",2
"Can you discuss the importance of response time in sensor selection, and how does it impact the accuracy of the data collected?",2
"Can you discuss the potential consequences of failing to follow proper safety protocols when using industrial ovens, and how can we ensure that operators understand the importance of these protocols?",2
"Are there any regulatory or compliance considerations that need to be taken into account when implementing anomaly detection in industrial oven controllers, such as data privacy or safety standards?",2
"Can you discuss the role of preventive maintenance in reducing the risk of heating element failure, and provide examples of effective preventive maintenance strategies?",2
How do the materials used in the construction of heating elements affect their performance and lifespan?,2
"How do temperature, vibration, acoustic, and gas sensors compare in terms of their accuracy, reliability, and cost-effectiveness for detecting degradation mechanisms in industrial ovens?",2
"How do advanced analytics techniques such as machine learning or data mining help in identifying patterns and trends in sensor data, and what are some common patterns or trends that indicate potential issues?",2
How does the temperature control system handle power outages or other disruptions to the power supply?,2
"Can you discuss the temperature control requirements outlined in UL 858, and how do industrial oven manufacturers ensure that their products meet these requirements?",2
"How do environmental factors such as humidity, air pressure, or ambient temperature affect the performance of the industrial oven? Are there any environmental factors that could affect the accuracy of the sensor data or the performance of the anomaly detection model?",2
"How do NFPA standards address the specific hazards associated with industrial ovens, such as overheating or electrical malfunctions?",2
"What are the typical temperature ranges that temperature sensors such as infrared thermometers and thermocouples measure in fans and blowers, and how do they detect overheating?",2
"Can you provide examples of specific seasonal patterns that have caused failures or performance issues in industrial ovens, and how were these issues addressed?",2
How can automation and alarm systems be optimized to effectively alert operators of potential issues before they become critical?,2
"Can you provide examples of how insulation degradation can impact product quality, and are there any specific product quality metrics that are particularly sensitive to insulation degradation?",2
Can you provide examples of sensor data analysis techniques that can be used to detect anomalies and predict potential failures in industrial ovens?,2
"Are there any specific regulations or standards that industrial oven operators must follow when it comes to maintaining door seals, and what are the consequences of non-compliance?",2
"Are there any plans to incorporate domain knowledge from subject matter experts into the anomaly detection models, such as knowledge about the physical processes occurring within the oven?",2
"How did the system impact the overall efficiency of the industrial oven monitoring process? For example, did it reduce the number of maintenance personnel required, or improve the speed and accuracy of maintenance tasks?",2
What are the most common applications of industrial ovens in various industries?,2
"How does the system integrate with other systems or tools used in the industrial oven process? For example, does it interface with control systems, monitoring systems, or maintenance management systems?",2
"Can you discuss the potential consequences of not properly cleaning and maintaining industrial ovens, and how can operators ensure that they are following proper procedures?",2
"Are there any potential risks or limitations associated with implementing an anomaly detection model in an industrial oven? For example, are there any concerns about false positives or false negatives, or any potential impacts on the oven's performance or reliability?",2
"How do overloading sensors detect overloading of the oven, and what are the potential consequences of overloading on the oven's performance and safety?",2
"Can you provide examples of specific data visualization techniques, such as heat maps and scatter plots, that are used in the system to help operators detect anomalies and relationships between variables?",2
"Can you provide examples of successful implementations of temperature sensors in industrial ovens, and what were the key factors that contributed to their success?",2
"Can you discuss the role of power supply stability in industrial oven performance? How can fluctuations in power supply impact the oven's operation, and what measures can be taken to mitigate these impacts?",2
Can you explain the relationship between pressure and temperature in industrial ovens? How does this relationship affect the performance of pressure sensors?,2
"How do you prioritize the maintenance tasks for the fan or blower, and how do you determine which tasks should be performed first?",2
Can you explain the different types of heating elements used in industrial ovens and their failure modes?,1
"Can you discuss the maintenance and repair strategies for conveyor belt ovens and batch ovens, and how do they differ?",2
"Can you provide more information about the types of sensors used in industrial ovens and their respective failure modes? For example, what types of failures can occur with temperature sensors, pressure sensors, flow sensors, vibration sensors, and acoustic sensors?",2
"How do the materials used in the construction of industrial ovens impact the wear and tear on mechanical and electrical components? For example, do certain materials used in the oven's frame or insulation tend to wear out faster than others?",2
"Are there any specific challenges or limitations associated with implementing these predictive maintenance tasks, and how can they be addressed?",2
Can you provide examples of specific industry-standard guidelines and regulations that are commonly used in industrial oven maintenance and repair?,2
Are there any specific tools or equipment that are necessary for performing preventive maintenance tasks on an industrial oven?,2
How do you ensure that operators are properly trained to use and maintain the software systems in industrial ovens?,2
Can you discuss the potential consequences of failing to comply with industry standards and regulations when designing and operating industrial ovens?,2
"Can you provide more information on the typical maintenance schedule for industrial ovens and their components, such as fans and blowers? How do manufacturers recommend scheduling maintenance, and what are some common warning signs that maintenance is needed?",2
Can you explain the factors that influence the choice between an air-cooled and water-cooled cooling system for an industrial oven?,2
What are the most effective methods for lubricating hinges and maintaining door alignment in industrial ovens?,2
How do the regulations and standards impact the severity and detectability ratings of potential failures in industrial ovens?,2
How do the quality control procedures in place impact the overall efficiency and productivity of the Industrial Oven?,2
What are some common warning signs or indicators that suggest an industrial oven is experiencing uncontrolled temperature fluctuations?,2
"Can you discuss the role of sensor fusion in improving measurement accuracy and reliability in industrial ovens, and how can data from multiple sensors be combined and processed?",2
How do moisture intrusion and thermal bridging contribute to insulation failure in industrial ovens? Are there any specific materials or designs that are more susceptible to these failure modes?,2
How often should thermal insulation be inspected and maintained to ensure its effectiveness in mitigating environmental factors?,2
Can you discuss the role of operator training and procedures in preventing failures and ensuring effective operation of industrial ovens? How can operators be trained to recognize and respond to potential issues?,2
"How do the environmental factors, such as humidity and temperature, affect the industrial oven's performance and potential failure modes?",1
"What are some common warning signs or indicators that suggest insulation material degradation is occurring, and how can these be detected during regular inspections?",2
Can you provide any historical data or examples of sensor data from industrial ovens that have experienced anomalies or maintenance issues? This data could be used to train and validate the anomaly model.,2
How do temperature monitoring systems typically detect worn-out heating elements or faulty thermocouples? Are there any specific algorithms or techniques used?,2
"Can you provide examples of specific types of bearings that are commonly used in fans and blowers, and their characteristics?",2
"Can you discuss the role of data analytics and machine learning in predicting and preventing control system failures in industrial ovens, and what are some potential applications of these technologies in this field?",2
"Can you discuss the trade-offs between using real-time sensor data and historical data for detecting early signs of failure in industrial ovens, and how do these trade-offs affect the accuracy and efficiency of the detection method?",2
What are some common coatings or treatments used to protect aluminum exterior panels and frames from corrosion in industrial ovens?,2
"Can you discuss the role of human factors, such as operator error or fatigue, in contributing to safety failure modes in industrial ovens?",2
"How do automatic shut-off features, such as timers, complement emergency stops and safety interlocks in preventing accidents? Can you provide examples of how these features have been successfully implemented in industrial ovens?",2
How do companies determine the appropriate temperature range for their industrial oven needs?,2
"How do different types of industrial ovens (e.g. convection, infrared, etc.) affect the lifespan and failure modes of heating elements?",2
Can you provide examples of specific maintenance tasks that should be performed regularly on industrial ovens to prevent unexpected breakdowns and safety hazards?,2
"Are there any specific industrial oven applications or industries where component failure is more common or critical, and what are some strategies for addressing these challenges?",2
"How do the degradation mechanisms of the insulation and temperature control system interact with each other? For example, can a failure in the temperature control system lead to increased heat loss or uneven temperature distribution, which can in turn accelerate the degradation of the insulation?",2
Can you explain how increased production rate can lead to thermal fatigue in industrial ovens?,2
"Can you explain the mechanism by which the industrial oven's ventilation system interacts with the temperature control system, and how this interaction affects the overall performance of the oven?",2
"How do the maintenance and testing procedures for industrial ovens evolve over time, and what factors drive these changes?",2
Can you provide more information on the types of anomalies that can be detected or predicted in industrial ovens using real-time sensor data?,2
How can data analytics and machine learning be applied to predict and prevent safety failure modes in industrial ovens?,2
"How can predictive maintenance be implemented to identify potential oven failures before they occur, and what are some common predictive maintenance techniques used in industrial settings?",2
"Can you discuss a specific instance where acoustic emission sensors have detected a potential safety hazard in an industrial oven, and how was the issue addressed?",2
How do the failure modes of the insulation material impact the temperature control and energy consumption of the oven?,2
"Can you discuss the potential consequences of a failure of the air circulation system in an industrial oven? How can a failure impact production, worker safety, and product quality, and what are some steps that can be taken to mitigate these risks?",2
"How do temperature control and humidity control differ in pharmaceutical ovens compared to food processing and aerospace ovens, and what are some of the unique challenges associated with these controls in pharmaceutical applications?",2
"Can you provide examples of predictive maintenance techniques that have been successful in identifying potential issues in the temperature control system? How were these techniques implemented, and what were the results?",2
Are there any specific regulations or standards that industrial oven operators must follow when it comes to maintenance and testing procedures?,1
"Can you discuss the importance of employee training and buy-in when implementing predictive maintenance strategies, and how to ensure that employees are properly trained and motivated?",2
"How does insufficient heat transfer occur in an industrial oven, and what are some common causes of this issue?",2
How can data analytics and machine learning be used to improve the performance and reliability of industrial ovens? Are there any specific use cases or applications where these techniques have been successfully implemented?,2
"Can you discuss some common maintenance practices that can help prevent failure modes in industrial ovens, and how can we optimize these practices to minimize downtime and increase efficiency?",1
"How do personal protective equipment (PPE) and training for operators help to minimize exposure risks to hazardous gases and chemicals in industrial ovens, and what are some common PPE and training methods used in the industry?",2
"Can you explain the specific factors that affect the choice of heating element for a particular application? For example, what are the key considerations when deciding between resistive, infrared, and induction heating elements?",2
Can you provide examples of specific faulty sensors or malfunctioning control circuits that have caused controller malfunction in industrial ovens?,2
What are some common preventive maintenance tasks that can be performed on industrial ovens to prevent failures of the components you mentioned?,2
"How do environmental factors such as humidity, temperature fluctuations, or exposure to chemicals affect insulation degradation in industrial ovens?",2
"How do voltage stabilization, power factor correction, and harmonic filtering mitigate the risks of power quality fluctuations on industrial oven components? Can you provide examples of how these measures have been successfully implemented in practice?",2
"Can you discuss the potential impact of uncontrolled temperature fluctuations on the energy efficiency of industrial ovens, and how can this be mitigated through preventive maintenance and regular inspections?",2
"How do environmental factors such as humidity, air flow, and temperature affect the performance and efficiency of industrial ovens, and how can these factors be controlled or mitigated?",2
"Can you provide examples of successful implementations of humidity sensors in industrial oven environments, and what were the key factors that contributed to their success?",2
"Can you explain the different types of safety interlocks used in industrial ovens? How do they prevent the door from opening while the oven is in operation, and what are the potential consequences of bypassing these interlocks?",2
"How do industrial oven components and their failure modes vary across different industries, such as food processing, pharmaceuticals, and aerospace?",2
"How do the cleaning and replacement frequencies of filters and other components (e.g., lubrication, coatings) vary depending on the specific type of industrial oven and its application?",2
"How do the materials used in the construction of industrial ovens impact the likelihood of heating element failure and temperature control system failure, and are there any materials that are more resistant to these types of failures?",2
Can you provide more information about the potential consequences of non-compliance with industry standards and regulations when building anomaly detection models for industrial ovens?,2
Can you provide data or examples of the cost savings that can be achieved by implementing air filtration systems in industrial ovens?,2
How do the failure modes of heating elements impact the overall efficiency and productivity of an industrial oven? Can you provide examples of how a failed heating element can affect production schedules or lead to increased maintenance costs?,2
"What are the potential sources of error or inaccuracy in the temperature readings obtained from infrared cameras, and how can they be minimized or corrected?",2
"How can the anomaly detection model be tailored to the specific needs and requirements of the industrial oven and its users? For example, are there any specific temperature control or humidity requirements that the model should be designed to accommodate?",2
"How do thermal stress and degradation of seals impact the performance of an industrial oven, and what can be done to minimize these effects?",2
Can you provide some examples of how machine learning or data analytics can be applied to predict and prevent failures in industrial oven control systems?,2
"How often should temperature sensors be calibrated, and what factors influence the calibration frequency?",2
How can the models be trained to distinguish between anomalies that are indicative of actual issues and those that are due to normal variability or noise in the data?,2
"Can you discuss the impact of local building codes and regulations on the cost and lead time of industrial oven projects, and how can project managers and engineers mitigate these impacts?",2
"Are there any specific challenges or limitations associated with maintaining the temperature control system in an industrial oven, such as accessibility or safety concerns?",2
"Can you provide more information about the types of accidents or equipment failures that can occur in industrial ovens? For example, are there any specific types of mechanical failures that are more likely to occur in certain types of ovens, or any specific types of accidents that have occurred in the past?",1
"How do environmental factors such as humidity, temperature, and air quality impact industrial oven performance and product quality, and what are some strategies for mitigating these factors?",2
"How do PM and PdM strategies for industrial ovens differ from those used in other industrial equipment, and what are some unique considerations that must be taken into account?",2
How do the temperature fluctuations or environmental factors affect the quality of the products or materials? Are there any specific quality metrics that are impacted?,2
"Can you discuss the different types of filters that can be used to improve air quality in industrial ovens, and how do they compare in terms of effectiveness, cost, and maintenance requirements?",2
What are some common causes of power supply failures in the temperature control system? How can these failures affect the system's performance?,2
Are there any emerging trends or technologies in industrial oven insulation that could potentially improve energy efficiency or performance?,2
"What are the common causes of sensor failure, controller failure, heating element failure, and wiring and connections failure in the temperature control system? How do these failures impact the system's performance?",2
"Can you elaborate on the specific components of an industrial oven that are most prone to failure, and how do these failures typically occur?",2
"What are some common applications where industrial fans and blowers are used, and how do the motor choices you mentioned (AC, DC, servo) typically fare in these applications?",2
"How do the temperature sensors used in industrial ovens handle temperature fluctuations and shocks, and what are the potential failures that can occur if the sensors are not properly calibrated?",2
"What are the most effective methods for cleaning and maintaining the heating elements, insulation, and control systems in industrial ovens to prevent temperature-related failures or defects?",2
"How does the door and seal failure impact the oven's performance, and what are the potential consequences of heat loss?",2
Can you discuss the importance of calibration in ensuring the accuracy of pressure sensors used in industrial ovens? How often should calibration be performed?,2
"How do thermal cutoffs and alarm systems help prevent catastrophic failures in industrial ovens, and what are some common settings for these safety features?",2
"Are there any specific challenges or limitations associated with implementing regular maintenance in industrial ovens, and how can they be addressed?",2
"What are some common causes of sensor failure in industrial ovens? How do these failures typically manifest, and what are the consequences for the oven's operation?",2
"Can you discuss the potential challenges or limitations of implementing advanced technologies and sensors in industrial ovens, and how can they be addressed?",2
"How do temperature, humidity, pressure, gas composition, air flow, and energy consumption data interact with each other in industrial ovens, and what are the potential implications for process control and product quality?",2
"Are there any regulatory or compliance considerations that need to be taken into account when implementing regular maintenance and anomaly detection in industrial ovens, and how can they be addressed?",2
"Can you provide examples of how environmental monitoring systems and temperature control systems can be integrated with other manufacturing systems, such as production planning and control systems, to optimize production processes?",2
"Can you provide examples of how anomaly detection models have been successfully implemented in industrial oven environments, and what were the key factors that contributed to their success?",2
How do ASTM standards for materials and testing impact the selection and use of materials in industrial ovens? Are there any specific materials that are commonly used in industrial oven construction?,1
"Can you discuss the importance of proper installation, configuration, and testing of components in preventing failures and ensuring the smooth operation of industrial ovens?",2
"How do industrial oven failures impact the overall manufacturing process, and what are some strategies that can be used to mitigate these impacts?",2
"Can you provide examples of software bugs that have caused issues in industrial oven temperature control systems, and how were they identified and fixed?",2
"How do you determine which PM and PdM techniques are most appropriate for a particular industrial oven, and how do you prioritize their implementation?",2
"Can you provide examples of emergency situations where emergency stops and safety interlocks have failed to activate, and what were the root causes of these failures?",2
What are some common signs of degradation that can indicate a potential failure of the heating element or temperature control system in industrial ovens?,2
"What are some common signs or indicators of product degradation or reaction during the heating process, and how can we detect them?",2
"How do you ensure that the affected area is properly isolated during an investigation? Are there any specific procedures or protocols that need to be followed, and if so, what are they?",2
Can you provide more information about the specific components of the temperature control system that are most prone to failure? Are there any specific failure modes that are more common than others?,2
"How do the materials and construction of industrial ovens affect their thermal efficiency and heat transfer, and what design improvements can be made to enhance these performance metrics?",2
What are some practical methods or techniques for inspecting and maintaining insulation materials in industrial ovens to prevent failures?,1
"How does the age of the oven impact the likelihood and severity of insulation degradation, and are there any specific maintenance or repair strategies that should be prioritized for older ovens?",2
"What are some common warning signs or indicators that an industrial oven's control system is failing or about to fail, and how can operators and maintenance personnel be trained to recognize them?",2
Can you explain the difference in accuracy between Type K and Type J thermocouples? Is the slight difference in accuracy significant enough to warrant the use of Type K over Type J in certain applications?,2
How do Machine Learning (ML) algorithms train on historical temperature data? Are they using supervised or unsupervised learning methods? Are they using techniques such as autoencoders or One-Class SVMs?,2
Can you elaborate on the specific design elements that contribute to optimal airflow and heating elements in industrial ovens?,2
Are there any plans to incorporate additional quality control procedures or improve existing ones to further enhance the accuracy and reliability of the anomaly detection model?,2
How can data analytics and machine learning be used to improve product quality in industrial ovens? Are there any specific quality metrics that are commonly used?,2
How do the thermal conductivity and melting point of the materials used in industrial ovens impact their performance in different temperature ranges?,2
"What are some best practices for troubleshooting fan motor issues in industrial ovens, and how can data analytics be used to identify patterns and predict potential failures?",2
"Can you discuss the maintenance and repair strategies for industrial ovens, including preventive maintenance tasks and troubleshooting techniques?",2
"How do environmental factors such as temperature, humidity, and air quality affect the performance and lifespan of industrial ovens?",2
"What are the most common failure modes for industrial ovens, and how do they impact production and revenue?",2
"Can you discuss the challenges and limitations of using these sensors in industrial oven applications, and how can they be addressed through proper sensor selection, installation, and maintenance?",2
How can operators and maintenance personnel identify potential failure points in the oven's design and construction? What are some common failure points that they should be aware of?,2
How do temperature control systems impact the cost and efficiency of manufacturing processes?,2
"Are there any specific design or engineering features that could be improved to reduce the likelihood or impact of potential failure modes? If so, what are they and how would they be implemented?",1
"How do the temperature control system and its components (temperature sensors, controllers, and actuators) work together to regulate the temperature in an industrial oven? What are the common failure modes of these components?",2
"How often should visual inspections be performed, and what are the key indicators of damage or deterioration that inspectors should look for?",2
"Can you provide examples of preventive maintenance programs that can be implemented to extend the lifespan of fans and blowers, and what are some common tasks included in these programs?",2
Can you provide examples of successful preventive maintenance strategies that have been implemented in industrial settings to mitigate electrical issues and improve oven reliability?,2
"What are the common materials used for ceramic heating elements, and how do their properties affect their performance?",2
"Are there any specific failure modes that are more common in certain industries or applications? For example, are there any failure modes that are more common in the food processing industry versus the automotive industry?",1
"Can you discuss the impact of temperature uniformity on industrial oven performance, and how can it be maintained or improved?",1
Can you provide examples of how the predictive maintenance tasks have helped in reducing downtime and improving the productivity of the industrial oven?,2
"Can you provide more information about the materials used in the construction of the industrial oven, such as the type of steel or aluminum used, and their properties?",1
"Can you discuss the cost differences between Type K, Type J, and Type T thermocouples? Are there any situations where the cost difference would justify the use of a lower-accuracy thermocouple?",2
"Can you discuss the importance of regular cleaning and maintenance schedules for industrial ovens, and how they can help prevent debris accumulation and maintain efficient heat transfer?",2
Can you discuss the importance of sensor calibration and how it can help prevent failures in industrial oven control systems? What are some common methods or techniques used for sensor calibration?,2
How does the ventilation system's airflow rate adjustment work when the temperature control system is in override mode? Are there any specific thresholds or parameters that trigger the adjustment?,2
Can you provide examples of how pressure sensor data can be used to optimize industrial oven performance and product quality?,2
"Can you discuss some common errors that can occur in temperature sensing and calibration, and how can they be prevented or detected?",2
"How do industrial oven failures impact the environment, and what are some strategies for minimizing environmental impact when failures do occur?",2
"How do different types of industrial ovens (e.g. conveyor belt ovens, batch ovens, etc.) have different maintenance requirements, and what are some unique considerations for each type of oven?",2
"How does thermal insulation failure occur in industrial ovens, and what are some effective methods for preventing moisture and high temperatures that can lead to thermal insulation failure?",2
"Can you discuss the role of insulation in industrial ovens and how it can affect performance and efficiency, and what are some common issues that can arise with insulation over time?",2
"Can you provide examples of how human error can lead to industrial oven failures, and what kind of training can be provided to operators to prevent these errors?",1
"Can you provide examples of the types of vibration patterns that may indicate mechanical issues, such as worn-out bearings or imbalanced motors? How do you analyze the accelerometer data to detect these patterns?",2
"Can you provide data or examples of the most common types of failures that occur in pumps, valves, and seals due to low production hours in an industrial oven, and how these failures can impact the overall performance of the oven?",2
"How do the sensors and devices used in the industrial oven integrate with other systems or software, such as building management systems or manufacturing execution systems, to provide a comprehensive view of the oven's performance?",2
"How do different types of industrial ovens (e.g. conveyor belt, batch, or continuous) have different motor and control system requirements?",2
"Can you provide more information on the specific types of environmental factors that are most likely to affect industrial oven components? For example, what are the most common types of dust, chemicals, and cleaning agents that can impact component lifespan?",2
"How do the failure rates of different components of an industrial oven compare to each other? For example, are heating elements more prone to failure than thermal insulation, or are doors and seals more prone to failure than fans and blowers?",2
Are there any specific maintenance or testing procedures that are recommended or required for the industrial oven and its components? How do these procedures impact the detection of potential failures?,1
"What are some common warning signs or indicators that suggest a potential failure or degradation of a component in an industrial oven, and how can data analytics be used to identify these signs earlier?",2
"Can you provide more details about the sensor maintenance process? How often are the sensors cleaned, and what types of faulty components might need to be replaced?",2
What are some common warning signs or indicators that an industrial oven's motor or control system is failing or degrading?,2
Can you discuss the potential impact of environmental factors on the efficiency and quality of the production process? How can data scientists and subject matter experts work together to optimize production processes and minimize the risk of equipment failure?,2
"How does the anomaly detection model handle situations where multiple sensors are reporting conflicting data? For example, if one sensor reports a temperature reading that is significantly different from the others, how does the model resolve this discrepancy?",2
"Can you provide any examples of real-world failures that have occurred in industrial ovens, and how they could have been prevented? For example, were there any instances where a failure occurred due to a lack of regular maintenance, or were there any instances where a failure occurred due to a design flaw in a particular component?",2
How often should temperature sensors and controllers be calibrated and tested to ensure accurate temperature control and prevent failures?,2
"What are some common warning signs or indicators that an industrial oven is experiencing environmental factor-related failures, and how can operators identify and address these issues promptly?",2
"Are there any emerging technologies or trends in industrial oven design that can help mitigate electrical component failure, such as the use of advanced materials or IoT-enabled monitoring systems?",2
"What are some common causes of fan motor failure in industrial ovens, and how can they be prevented?",1
Can you discuss the importance of proper maintenance and upkeep of industrial oven insulation to ensure optimal performance and energy efficiency?,2
What are some common indicators or warning signs that suggest an electric heating element is failing or has failed? How can data scientists detect these indicators in the data?,2
"How does the closed-loop system handle non-linear relationships between the process variables, such as temperature and humidity? Are there any specific techniques or algorithms used to address these non-linearities?",2
"How do environmental factors interact with each other and with other variables (e.g., production rate, product type) to affect the likelihood of failure in industrial ovens? For example, how might high humidity and high temperature combine to increase the risk of corrosion?",2
What are some common challenges or obstacles that arise when implementing temperature control systems in these industries?,2
What is the typical data range for each sensor? This information will help set threshold values for anomaly detection.,0
Are there any specific tools or technologies that can be used to monitor the conveyor system and detect potential failures before they occur?,2
"What are the most common types of mechanical failures that occur in industrial ovens, and how do they typically happen?",1
How do you ensure that the temperature sensors and other sensors used in the closed-loop system are accurately calibrated and maintained? What are the consequences of using inaccurate or uncalibrated sensors?,2
"Can you discuss the importance of regular maintenance and upkeep for the temperature control system, and what are some specific maintenance tasks that should be performed regularly?",2
"What are some common electrical safety issues that can arise in industrial ovens, and how can they be identified and addressed?",2
Can you explain the mechanism by which clogged air filters and dirty burners can cause heating elements to overheat?,2
"How does the system handle false alarms or false positives, and what measures can be taken to minimize their occurrence?",2
"Are there any specific components or parts of industrial ovens that are most prone to failure, and if so, how can these parts be monitored or replaced to prevent failures?",1
"How can the effectiveness of anomaly detection algorithms be evaluated and validated in industrial oven controllers, and what metrics can be used to measure their performance?",2
"Can you provide examples of successful case studies or applications of industrial ovens in various industries, and how did temperature and humidity control contribute to the success of these applications?",2
"What are some common industries or applications where industrial ovens with fans or blowers are used, and what are the typical particle sizes and types that need to be filtered in these environments?",2
"How do you ensure that the preventive maintenance program is effective in detecting potential issues early, and what metrics do you use to measure its success?",2
Are there any regulatory or compliance requirements that the system must adhere to? How does the system ensure compliance with these requirements?,2
How does the programmable logic controller (PLC) or distributed control system (DCS) used in industrial ovens differ from a traditional control system? What are the advantages of using a PLC or DCS in this application?,2
"How do the temperature control system, heating elements, cooling systems, and safety features interact with each other? Are there any known failure modes or patterns that could affect multiple components simultaneously?",2
How does the model handle situations where the sensor data is noisy or missing? Are there any specific techniques used to handle missing data or data cleaning techniques used to remove noise?,2
"Can you provide examples of industrial oven applications where environmental factors pose unique challenges, such as in cleanroom environments or high-humidity environments?",2
"How do regulatory and compliance requirements for industrial ovens vary between different regions or countries? Are there any differences in the way that OSHA, EU directives, FDA, and ISO standards are enforced or interpreted in different regions?",2
Can you provide examples of successful strategies for reducing downtime and minimizing the impact of fan motor failure in industrial ovens?,2
"How do different environmental factors, such as air flow, pressure, and humidity, affect the heating process and the quality of the product?",2
"How do industrial oven controllers typically collect and store data, and what kind of data is most useful for anomaly detection?",2
"Can you provide more information about the frame and structure of the industrial oven? How does it provide support and stability to the oven, and what are the potential failure modes?",1
How do industrial oven design and construction materials impact its performance and lifespan in various environmental conditions?,1
"How do the sensor measurements correlate with the actual physical phenomena they are intended to measure? For example, how does a temperature sensor's measurement correspond to the actual temperature of the oven?",1
"Can you provide more information on the specific components of the heating element that are most susceptible to overheating, burnout, and failure to heat evenly?",2
"What are some common failure modes for fan motors and blowers in industrial ovens, and how can they be prevented?",2
Can you discuss some common data augmentation techniques that can be used to generate additional training data for anomaly detection models in industrial oven environments?,2
Can you provide examples of specific industrial oven applications where anomaly detection has been particularly challenging?,2
"Can you explain how modular design can reduce maintenance downtime, and are there any specific examples of modular design in industrial oven heating elements that you can share?",2
What are the typical maintenance and inspection procedures for fans and blowers in industrial ovens? How often should these procedures be performed?,2
"Can you discuss the challenges or limitations of using certain metrics, such as reduction in accidents, to evaluate training program effectiveness?",2
Can you explain how contamination can occur in industrial ovens and what are the common sources of contamination?,2
"Can you discuss the importance of sensor data validation and verification in industrial ovens, and how can data scientists ensure the accuracy and reliability of sensor data?",2
"Can you provide examples of how data analytics and machine learning can be applied to improve the maintenance and reliability of safety features in industrial ovens, and what are some potential benefits and challenges of implementing these approaches?",1
Can you discuss the specific negative impacts of poor air quality on the drying efficiency of industrial ovens?,2
"How do changes in production processes or product materials affect the energy efficiency of industrial ovens, and what opportunities exist to improve energy efficiency while also reducing the likelihood of failures?",2
"How do factors such as humidity, air pressure, and altitude impact temperature uniformity in industrial ovens, and how can industries compensate for these factors to maintain consistent temperatures?",2
"How do industrial ovens address environmental sustainability, and what are some ways that data analytics can be used to monitor and optimize the environmental impact of these systems?",2
"Can you provide examples of how industrial oven sensors can be used to improve product quality, reduce equipment failure, or optimize energy consumption?",2
How can domain knowledge be used to guide the development of a robust data collection process for anomaly detection in industrial ovens?,2
Are there any specific challenges or considerations that need to be taken into account when designing or upgrading the cooling system of an industrial oven?,2
"How do different types of industrial ovens (e.g., convection ovens, infrared ovens, steam ovens) vary in their sensitivity to environmental factors? Are some types of ovens more susceptible to certain types of failures than others?",2
"What are some common challenges or obstacles that arise when implementing temperature control systems in industrial ovens, and how can they be addressed?",2
"How do industrial ovens typically handle safety features, such as emergency stops or interlocks? Are there any specific safety standards or regulations that must be followed in the design and operation of industrial ovens?",2
"What are the typical maintenance schedules and procedures for industrial ovens, and how can data analysis help optimize these schedules?",2
"How can thermal cycling, moisture exposure, mechanical damage, and aging affect the thermal conductivity of insulation materials in industrial ovens?",1
"Can you provide more information on the specific industries that have the highest failure rates for industrial ovens? Are there any industries that have lower failure rates, and if so, what are their best practices?",1
"How does API 556 standard address the unique challenges of instrumentation, control, and electrical systems in oil and gas production facilities that use industrial ovens?",2
"Are there any specific regulations or standards that industrial ovens must comply with regarding emergency stops and safety interlocks, and how can we ensure that these standards are met?",2
How do the monitoring tasks and data analysis help in ensuring the safety of the operators and the equipment during the maintenance process?,2
"Can you explain the impact of humidity on product quality, and how do controlled humidity environments prevent moisture-related defects or spoilage?",2
"How do pressure sensors used in industrial ovens compare in terms of cost, accuracy, and reliability? Are there any trade-offs between these factors?",2
"What are the potential consequences of a failure in the industrial oven, and how could they impact the production process and product quality?",1
"How do the costs of coils, tubes, and plates compare to each other, and how do they impact the overall cost of the oven?",2
"Can you provide examples of how the temperature control system has been improved or upgraded over time, and what were the key drivers for these changes?",2
"How do control panels in industrial ovens typically communicate with the rest of the system, and what are some potential failure modes in this communication?",2
Can you explain the principle behind the operation of infrared pyrometers and how they are calibrated for accurate temperature measurement in industrial ovens?,2
"What are some common hazards associated with industrial ovens, and how can they be mitigated through proper design, installation, maintenance, and operation?",2
"Can you explain the normalization process in more detail? What is the purpose of normalizing the data, and how does it facilitate analysis and pattern identification?",2
Can you discuss the importance of proper training and personal protective equipment for operators and maintenance personnel who work with industrial ovens?,2
How do the data collection rate and sampling interval impact the accuracy and effectiveness of the anomaly detection algorithms used in the monitoring system?,2
"How do the design and construction of industrial ovens impact their temperature uniformity and stability, and what are the key factors that should be considered during the design and construction process?",2
"How do advanced insulation materials and designs help reduce heat loss in industrial ovens, and are there any specific examples of successful implementations in the industry?",2
"How do temperature fluctuations and hotspots occur in industrial ovens, and what are the common causes of these issues?",2
How do the cooling system and its potential blockages impact the temperature control system and the overall performance of the oven?,1
Can you provide examples of how proper maintenance of fans and blowers can improve the overall performance and efficiency of an industrial oven?,2
"What are some potential challenges or limitations of using temperature and pressure sensors in industrial oven monitoring, and how can they be addressed?",2
"How often should regular maintenance and monitoring be performed to prevent equipment failure, and what are the recommended maintenance schedules for each type of industrial oven?",2
"How do the environmental factors, such as temperature and humidity, affect the efficiency of the heating elements, and are there any specific design or operational modifications that can be made to mitigate these effects?",2
"What are some common degradation mechanisms that can occur in industrial ovens due to chemical exposure, and how can they be prevented or mitigated?",2
"Can you provide more information about the types of components used in the electrical system of an industrial oven? For example, what types of heating elements, power supplies, and control systems are commonly used?",2
"Can you provide examples of specific failure modes or degradation mechanisms that are particularly challenging to detect or predict, and how can data-driven methods help identify these issues earlier?",2
"How do the components of the industrial oven's control system, such as the programmable logic controller (PLC), interact with each other and the sensors, and what are the potential failure modes associated with these interactions?",1
"Can you provide examples of specific predictive maintenance techniques that have been effective in industrial settings, and what were the results?",2
Are there any specific tools or techniques used to clean burners and ensure proper airflow?,2
"How do the accuracies of these temperature sensors change over time, and what factors can affect their accuracy in an industrial oven setting?",2
Can you discuss the importance of sensor calibration and how it affects the accuracy of temperature measurement in industrial ovens?,2
"How do the environmental factors (humidity, air pressure, temperature changes) typically affect the performance of industrial ovens? Are there any specific ways in which these factors can impact the accuracy and reliability of sensor data?",2
Can you provide examples of other industries or manufacturing processes where temperature control systems have been successfully implemented?,2
"What are some common mistakes that operators make when installing and calibrating temperature sensors in industrial ovens, and how can they avoid them?",2
"Can you provide examples of successful case studies or implementations of fan and blower maintenance programs in industrial ovens, and what were some key factors that contributed to their success?",2
"How can real-time sensor data be used to monitor the performance of fans and blowers in industrial ovens, and what are some common warning signs of impending failure that can be detected through this monitoring?",2
"How do NFPA standards for fire safety impact the design and operation of industrial ovens, and what are some common fire suppression systems or materials used?",2
"Can you provide examples of specific software issues that have occurred in industrial ovens, and how they were resolved?",2
"How do industrial ovens address the issue of condensation and moisture buildup, which can impact the performance and lifespan of the oven and its components?",2
"Are there any specific industrial oven designs or configurations that are more prone to certain failure modes, and how can operators and maintenance personnel identify and address these potential issues proactively?",2
Can you discuss the trade-offs between accuracy and cost constraints when implementing anomaly detection models in industrial oven environments?,2
Are there any emerging trends or technologies in the use of chemicals in industrial ovens that could potentially improve their performance and longevity?,2
"How do you ensure the integrity and security of sensor data, especially in the context of industrial control systems and the potential for cyber threats?",2
"How do different types of industrial ovens (e.g. conveyor belt, rotary, etc.) react differently to environmental factors?",2
"How does proper cable routing and grounding of sensors impact the accuracy of temperature measurement in industrial ovens, and what are some common mistakes to avoid?",2
"What are some common electrical components that require maintenance in industrial ovens, and how do preventive replacement practices help prevent failures?",2
Can you provide examples of successful strategies for addressing fan and blower failures in industrial ovens? How have these strategies improved performance and efficiency?,2
"Are there any specific regulations or safety guidelines that need to be considered when building the anomaly detection model? For example, are there any specific temperature ranges that must be maintained to ensure safety?",0
How can spare parts and components be effectively managed to ensure quick replacement in the event of a failure?,2
"How does environmental factors such as high temperatures, humidity, or exposure to chemicals affect the control panel's performance, and what steps can be taken to mitigate these effects?",2
"Can you explain the significance of the specific ASTM standards mentioned (e.g. A36, A514, A572, A653, C155, C273, E18, and E29) in industrial oven construction?",2
"Are there any specific materials or coatings that are more resistant to chemical exposure and degradation in industrial ovens, and if so, what are they?",2
"Can you explain how machine learning algorithms can be used to identify patterns in temperature, vibration, and power consumption data that are indicative of failure? What types of algorithms are typically used for this purpose, and how do they work?",2
"How do the degradation mechanisms you mentioned (wear and tear, corrosion, electrical or mechanical faults) typically manifest in industrial ovens, and how can they be detected early?",1
How do industrial ovens typically handle software issues or malfunctions in the temperature control system? Are there any redundancies or backup systems in place to prevent software failures from causing significant downtime?,2
What are some common warning signs or indicators that a heating element is failing or about to fail?,2
"What are some common application areas for thermal insulation coatings, and how do they compare to traditional insulation materials in terms of performance and cost-effectiveness?",2
"How do different types of insulation materials (e.g. fiberglass, mineral wool, ceramic) compare in terms of their resistance to degradation, and are there any specific industries or applications where certain types of insulation are more commonly used?",2
"Can you provide examples of how the data from these sensors can be used to optimize industrial oven performance, such as by improving efficiency or reducing energy consumption?",1
"How do different types of fan blades and motors react to temperature, humidity, and air quality fluctuations? Are some materials or designs more resistant to these factors than others?",2
"Can you provide more information about the sensors used to collect time series data from the oven? What type of sensors are used, and how are they installed?",2
"How can power surges or outages cause false triggers in industrial ovens, and how effective are surge protectors and backup power systems in mitigating this issue?",2
"Can you elaborate on the specific types of sensors that are most commonly used for industrial oven monitoring, and their respective advantages and limitations?",2
"How do the sensors account for environmental factors such as humidity, air pressure, and temperature changes?",1
How do the fans circulate heat inside the oven? Are there any specific design considerations or placement strategies for the fans to ensure uniform temperature distribution?,2
How do the severity and detectability ratings change depending on the specific industry or application of the industrial oven?,2
How do the quality control procedures in place ensure that the sensor data used in the anomaly detection model is representative of the actual conditions in the Industrial Oven?,2
"Can you provide examples of specific safety features that are commonly found in industrial ovens, such as emergency stops, safety interlocks, and alarm systems?",2
"How do temperature fluctuations, deviations, and spikes in the oven affect product quality, and what are the potential causes of these anomalies?",2
"How do the different types of industrial ovens (e.g., curing ovens, drying ovens, annealing ovens, furnaces, incinerators, kilns) vary in terms of their insulation requirements and potential degradation mechanisms?",2
Can you explain how UL standards differ from OSHA regulations in terms of their focus on safety and performance requirements for industrial ovens?,2
"How does the system account for variability in the oven's operating conditions, such as changes in temperature or pressure? Are there any compensation mechanisms in place to ensure accurate monitoring?",2
"Are there any specific regulations or standards that industrial ovens must comply with, and how do these regulations impact the design and operation of the oven?",1
Can you elaborate on the different types of heating elements used in industrial ovens and their characteristics? How do these characteristics affect the temperature control system's ability to regulate the temperature?,2
Can you provide more examples of the types of features that are extracted through feature engineering? How do these features help in identifying insulation failures?,2
How do advanced technologies such as machine learning or artificial intelligence play a role in predicting and preventing failures in temperature control systems?,1
Can you provide examples of how the data from these sensors can be used to build an anomaly model for predictive maintenance in industrial ovens? What types of algorithms or techniques are commonly used for this purpose?,2
"What are some common signs of deterioration or damage to insulation in industrial ovens, and how can it be addressed?",2
Can you provide examples of degradation mechanisms that can affect thermocouples in industrial ovens? How do these mechanisms impact the accuracy and reliability of temperature measurements?,2
Can you provide examples of how the system has been used in real-world scenarios to prevent equipment failure and improve overall efficiency in industrial oven environments?,2
Can you provide examples of specific failure modes that have occurred in industrial ovens and their corresponding severity and detectability ratings?,2
How do environmental factors like humidity and vibrations impact the performance and lifespan of thermocouples used for temperature measurement in industrial ovens?,2
"How do different types of materials used in industrial oven construction (e.g., metals, ceramics, insulation) affect the risk of thermal stress, fatigue, or cracking due to temperature fluctuations?",2
"Are there any specific patterns or trends in the sensor data that indicate a potential failure? For example, a gradual increase in temperature could indicate a problem with the oven's heating element.",0
"Can you provide more information about the specific types of heating elements used in industrial ovens, such as electric heating elements, gas burners, or infrared heaters? How do their failure modes and mechanisms differ?",2
How do electrical noise and sensor calibration drift affect the accuracy of current measurements in industrial ovens? What methods can be used to minimize their impact?,2
"How do industrial ovens typically monitor environmental factors, and what types of sensors or monitoring systems are commonly used? Are there any emerging technologies or trends in environmental monitoring for industrial ovens?",2
"How do industry-wide standards and regulations for industrial ovens evolve over time, and what factors drive these changes?",2
"How can we use data analytics to identify patterns or trends in industrial oven failures, and what types of data are most useful for this purpose?",1
"Can you discuss the importance of proper record-keeping and documentation for maintenance procedures, and how it can help in troubleshooting and predicting potential issues?",2
"Can you discuss the installation process for current transformers and Rogowski coils, and how they can be integrated into an existing industrial oven system?",2
Can you provide examples of how data analytics or machine learning algorithms can be applied to predict heating element failures or optimize their performance? What types of data are needed to train these models?,2
"Are there any specific testing or validation procedures that need to be followed before the oven is put into operation, and how often should they be performed?",2
How do temperature sensors need to be calibrated and maintained to ensure accurate temperature control in industrial ovens?,2
Are there any specific challenges or limitations associated with maintaining a consistent temperature inside the oven? How do the oven's design and control systems address these challenges?,2
How do the design and installation of the heating element impact its performance and likelihood of failure? Are there any specific design or installation practices that can mitigate the risk of failure?,2
"Can you provide examples of advanced technologies or sensors that can be used to monitor the performance and health of fans and blowers, and how do they compare to traditional methods?",1
"What are the potential consequences of an incorrect temperature setpoint, and how can we prevent it from occurring?",2
Can you explain how the vibration analysis software assigns severity and detectability ratings to potential failure modes?,2
"How do temperature sensors used in industrial ovens need to be protected from environmental factors such as vibration, shock, and moisture, and what are some common protection methods used?",2
"Can you provide examples of specific industrial processes or products that require tighter temperature tolerances, and what are the acceptable temperature variations for these cases?",2
How do the machine learning algorithms and rule-based systems interact with each other in the anomaly detection model? Are there any specific integration challenges that need to be addressed?,2
"What are some common warning signs or indicators that a temperature control system is experiencing a failure mode, and how can operators be trained to recognize them?",2
Can you explain how electronic interference from nearby equipment or wiring issues can cause false triggers in industrial ovens?,2
"How do the temperature control systems work, and what are the common failure modes of the thermocouples or temperature probes?",0
"Can you provide more information about the specific components and subcomponents of the temperature control system, such as the type of thermocouples used and their expected lifespan?",1
How can data analytics and machine learning be applied to predict and prevent insulation failures in industrial ovens?,1
"Are there any specific industry standards or regulations that govern the use of pressure sensors in industrial ovens, and how do they impact sensor selection and maintenance?",2
"How do you ensure that the data collected from temperature monitoring and vibration analysis is accurate and reliable? Are there any quality control measures in place to validate the data, or any procedures for handling missing or inconsistent data?",2
Can you provide examples of pre-trained models that can be leveraged for transfer learning in anomaly detection for industrial ovens?,2
"How can data analytics and machine learning be applied to predict and prevent electrical component failures in industrial ovens? What types of data are most useful for this purpose, and how can they be collected and analyzed?",2
"How can the effectiveness of power supply mitigation strategies be measured and evaluated, and what metrics are most relevant for industrial oven performance?",2
"Can you provide examples of specific temperature sensors, controllers, heating and cooling elements, and insulation materials commonly used in industrial ovens?",2
Can you explain the different types of heating elements used in industrial ovens and their advantages/disadvantages?,2
"How do the anomaly detection models handle false positives or false negatives in the data, and what are the potential consequences of such errors in the industrial oven environment?",2
"Can you discuss the various safety devices and features that are commonly used in industrial ovens to prevent accidents or mitigate their impact? How do these devices work, and how do they interact with the monitoring system to ensure safe operation of the oven?",2
Can you provide examples of successful case studies or real-world applications of infrared thermography in predicting and preventing failures in industrial ovens' electrical components?,2
How can data scientists ensure that anomaly detection models are properly trained and validated to detect accurate anomalies in industrial oven sensor data?,2
"Can you discuss the potential safety hazards associated with insulation degradation in industrial ovens, such as increased risk of fire or explosion?",2
"How do you determine the threshold for abnormally high or low temperature readings? Is it based on historical data, industry standards, or other factors?",2
How do automatic shut-off switches and thermal cut-offs differ in their design and functionality between the food industry and chemical industry?,2
"How do sudden changes in temperature affect the energy efficiency of industrial ovens, and what are the potential cost savings associated with implementing temperature control systems that can mitigate these effects?",2
"How do the failure modes of the heating element impact the overall performance of the industrial oven, and what are the potential consequences of failure?",2
How do you ensure that the sensor data is accurately and reliably transmitted to the control system or monitoring device?,2
Can you provide examples of specific industries or applications where insulation degradation in ovens is particularly common or problematic?,2
"Can you discuss the potential environmental impacts of the failure modes of the heating element, such as energy waste or emissions?",2
Can you provide examples of failure modes that are most critical in industrial ovens and how they can be prevented or mitigated?,2
"Can you provide more information about the fans or blowers, such as their size, speed, and type of motor used? How do they fail, and what are the common failure modes?",0
"How do the heating elements in the industrial oven work? Are they resistive heating elements, or do they use another technology?",1
"Are there any specific safety considerations or regulations that need to be taken into account when selecting a motor for industrial fans and blowers, such as explosion-proof or hazardous location requirements?",2
How does a modular design reduce downtime and improve maintainability in an industrial oven? Can you provide examples of modular components that can be easily replaced or upgraded?,2
Can you provide examples of specific preventive measures that industries can take to avoid accidents or equipment failures in industrial ovens?,2
"What are the most common indicators of overheating in industrial oven fan motors, and how can we detect them?",2
How can industrial oven operators and maintenance personnel be trained to identify and address environmental factor-related issues promptly and effectively?,2
"Can you discuss the challenges of monitoring and controlling environmental factors in industrial ovens, especially in remote or hard-to-reach locations?",2
"Can you discuss the role of employee training and education in preventing conveyor system failures, and what are some effective strategies for training operators and maintenance personnel?",2
"How do vibrations affect industrial ovens, and what are some ways to mitigate their impact?",2
Can you provide examples of software bugs or communication issues that have caused failures in the industrial oven's control system? How were these issues diagnosed and resolved?,2
"How do the environmental factors affect the performance of each type of industrial oven? For example, how do temperature fluctuations impact the heating elements of Thermcraft ovens, and how do humidity changes affect the moisture levels in Blue M ovens?",2
"Can you explain the process for troubleshooting and repairing faults in the oven's safety features? How do technicians diagnose and repair issues with the control system, sensors, and actuators?",2
"How do vibrations affect the thermal insulation of an industrial oven, and what are the potential consequences of thermal insulation degradation on oven performance?",2
"How often should air filters be cleaned or replaced, and what factors can affect the frequency of maintenance?",2
"How do temperature sensors need to be combined with other control system components, such as PID controllers and actuators, to achieve precise temperature control in industrial ovens?",2
"How do the sensors measure the temperature, pressure, current, voltage, humidity, gas concentration, air flow, and vibration of the industrial oven? Are there any specific sensors or devices used for each parameter?",1
"What are some common misconceptions or misunderstandings about industrial oven maintenance and repair, and how can they be addressed?",2
"Can you provide examples of electrical components and connections that are most susceptible to failure in industrial ovens, and how can thermal imaging be used to detect overheating or hotspots?",2
"What are some common warning signs or indicators that an industrial oven is likely to fail, and how can operators detect these signs early on to prevent downtime?",2
"Can you provide examples of successful implementations of environmental factor control measures and predictive maintenance strategies in industrial ovens, and what were the key factors that contributed to their success?",2
How does the production schedule affect the temperature cycling patterns in an industrial oven? Are there any specific industries or processes where this is particularly relevant?,2
"How can data analysis be used to predict and prevent equipment failures in related manufacturing processes, such as cooling systems or conveyor belts?",2
How do ISO standards and ASME standards differ in their requirements for industrial oven monitoring?,2
"How do the operating conditions of an industrial oven, such as temperature, humidity, and production rate, affect the degradation mechanisms of its components? For example, does a higher production rate lead to increased wear and tear on the heating elements, or does a higher temperature lead to increased thermal stress on the insulation?",2
Can you provide examples of specific building codes and regulations that industrial ovens must comply with in different regions?,2
"Can you provide examples of specific cleaning chemicals, process chemicals, lubricants, paints, and solvents that are commonly used in industrial ovens and their potential impact on the oven's performance and longevity?",2
"Can you provide examples of specific industrial processes that require precise environmental conditions, and how do the environmental controls used in these processes differ from one another?",2
How do the maintenance schedules impact the accuracy of the anomaly detection model? Are there any specific maintenance tasks that are more likely to cause false positives?,2
"How does gearbox failure typically occur in industrial ovens, and what are some best practices for lubrication and maintenance to prevent gearbox failure?",2
Can you explain the difference in efficiency between resistance heating elements and infrared heating elements in more detail? How does the type of heating element used affect the energy consumption and cost of operation?,2
"What are the typical ranges for temperature, pressure, flow rate, and moisture levels in an industrial oven, and how do these ranges vary depending on the specific application or product being processed?",2
"How often should door seals in industrial ovens be replaced, and what factors can influence the replacement frequency?",2
Are there any industry-standard guidelines or regulations that must be followed when performing maintenance procedures on industrial ovens?,2
"How do industrial ovens typically handle changes in environmental factors? Are there any built-in mechanisms for adjusting temperature, pressure, or humidity levels in response to changes in the environment?",2
How do you think an anomaly detection model could be designed to minimize false alarms while maintaining a high detection rate? Are there any specific techniques or approaches that you think would be effective?,2
"Can you discuss the role of air flow and circulation within the oven in maintaining temperature uniformity, and how can industries optimize air flow to achieve consistent temperatures?",2
"How do the predictive modeling techniques, such as Random Forest and Neural Networks, account for variables that may affect insulation performance, such as temperature, humidity, and air flow?",2
"Can you provide examples of different control strategies that can be used in industrial ovens, and their advantages and disadvantages?",2
Can you explain the importance of regular maintenance and upkeep of industrial ovens? What are the common maintenance tasks that need to be performed regularly to ensure optimal performance and prevent failures?,2
Can you provide examples of the types of data that industrial oven operators should collect and analyze to monitor the performance and safety of their equipment?,2
Can you provide examples of specific industries or use cases where the advantages of one motor type over another are particularly pronounced?,2
"How can the effectiveness of air filter cleaning and maintenance, air duct installation and maintenance, and fan and blower inspection and replacement be monitored and measured?",2
Can you discuss any instances where the choice of algorithm had a significant impact on the accuracy or effectiveness of anomaly detection in industrial ovens?,2
"Can you discuss the different types of filters or screens that can be installed to prevent dust and debris from entering the system, and their respective advantages and disadvantages?",2
"How often should emergency stops and safety interlocks be tested, and what are the recommended test procedures?",2
"What are some common warning signs or indicators that a heating element is failing or is likely to fail? For example, are there any specific temperature fluctuations or changes in performance that could indicate a problem?",2
"Can you provide examples of specific types of pumps, valves, and seals that are most susceptible to failure due to low production hours in an industrial oven?",2
How do you evaluate and adjust the anomaly detection methods to ensure accurate and reliable anomaly detection? Are there any specific metrics or benchmarks used to evaluate the performance of these methods?,2
How do drafts and other environmental factors impact the temperature control system of the oven? Are there any specific design features or modifications that can be made to the oven to mitigate the impact of drafts and other environmental factors?,2
"How do the costs of repairing or replacing a failed fan or blower compare to the costs of regular maintenance, and what is the average downtime associated with such repairs?",2
"Can you provide more information about the sensors used to monitor environmental factors in industrial ovens? For example, what types of temperature sensors are commonly used, and what are their accuracy and precision?",2
"Are there any specific data visualization or reporting requirements for the anomaly detection model? If so, what are they, and how do they impact the model's performance?",1
Can you provide examples of specific maintenance procedures that have been effective in preventing failures or detecting potential issues early?,2
"How do the degradation of lubricants and moisture and contamination affect the performance of pumps, valves, and seals in an industrial oven?",2
"Can you discuss the various types of industrial ovens, such as batch ovens, conveyor ovens, and continuous ovens, and their respective advantages and limitations?",2
"How do you ensure that the sensors and monitoring systems are able to detect anomalies and predict failures in a timely and accurate manner, and what are some common challenges associated with this task?",2
"Are there any industry standards or guidelines for selecting appropriate chemicals for use in industrial ovens, and if so, what are they?",2
Are there any specific control algorithms or strategies used to regulate the temperature inside the oven? How do these algorithms account for changes in ambient temperature and humidity?,2
How do you ensure that emergency stops and safety interlocks are properly maintained and tested regularly? What are some common challenges or obstacles in implementing regular testing procedures?,2
"How do environmental factors such as temperature, humidity, and exposure to chemicals impact the performance and lifespan of door seals and locks in industrial ovens?",2
"How does the model account for changes in the industrial oven's operating conditions over time? For example, how does it handle changes in temperature setpoints or variations in the raw materials being processed?",2
"Can you provide examples of how a comprehensive maintenance strategy, including regular inspections, testing, and repairs, can help prevent failures in industrial ovens?",2
What are some common warning signs or indicators that a temperature control system is failing or has failed?,1
"What are the most common failure modes for heating elements in industrial ovens, and how can we detect them early?",2
"Can you provide examples of specific industrial oven failures that have occurred in the past, and how were they addressed?",2
Can you provide more information about the temperature control system? How does it adjust the heat output based on input from temperature sensors?,1
"How did the predictive maintenance solution and environmental monitoring system address the challenges of integration with existing equipment and systems, data quality and accuracy, and training and education for operators?",2
"Can you discuss the potential safety hazards associated with industrial oven failures, such as the risk of fire or explosion? How can these hazards be mitigated through proper maintenance and operation?",2
How do you currently monitor and maintain industrial ovens in your facility? Are there any specific procedures or protocols in place for addressing anomalies or maintenance needs?,2
How do changes in production processes or product formulations affect the performance and lifespan of the heating element in an industrial oven?,2
Are there any emerging technologies or trends in industrial oven design and maintenance that have the potential to significantly improve equipment reliability and reduce failures?,2
"How does radiative heat transfer affect temperature measurement inside an industrial oven, and what are the best methods for accounting for this factor?",2
How does the control panel allow operators to set and monitor temperature and control heating elements in industrial ovens? What are the different types of control panels used in industrial ovens?,2
Can you provide examples of how thermographic imaging and vibration analysis can be used to detect overheating and burnout in the heating element?,2
"Can you elaborate on the specific temperature-induced degradation mechanisms that affect heating elements, such as resistive coils and infrared heaters?",2
"Can you provide examples of specific industries or applications where temperature uniformity is particularly critical, and how do they address the challenges associated with maintaining uniform temperatures?",2
"Can you discuss some of the challenges or limitations of using sensors and control systems to monitor and prevent electrical component failures in industrial ovens, and how can these challenges be addressed?",2
"How do customizable dashboards help operators tailor the presentation of data to their specific needs, and what are some common customizations that operators make?",2
"Can you discuss the scalability and reliability of the monitoring system when integrated with other systems, especially in large-scale industrial settings?",2
What are some common warning signs or indicators that insulation degradation is occurring in an industrial oven?,1
"How do the temperature control system and ventilation system interact with each other in industrial ovens, and what are some potential failure modes that could occur?",2
"How can a thorough failure analysis be conducted to determine the root cause of an oven failure, and what are some common tools or techniques used in this process?",2
How do you ensure that all personnel involved in the maintenance and operation of industrial ovens are properly trained and aware of the importance of emergency stops and safety interlocks?,2
How does the oven's control system communicate with the operator? Are there any visual or auditory alerts used to signal potential problems or abnormalities?,2
"Can you discuss the importance of proper maintenance and upkeep of industrial ovens, and how it can help prevent failures and improve overall performance?",2
How does the durability rating of Type T thermocouples compare to Types K and J? Are there any specific applications where Type T would be a better choice despite its lower durability?,2
Can you discuss the importance of proper installation and placement of temperature sensors in ensuring accurate temperature measurement?,2
Are there any industry standards or regulations that govern the maintenance and testing of industrial ovens?,2
"Can you discuss the challenges and limitations of using data analytics to predict and prevent failure of heating elements? For example, what are some common data quality issues that can impact the accuracy of predictive models, and how can they be addressed?",2
"Can you provide examples of monitoring techniques and tools used to detect uneven settling of fans and blowers, and how often should this monitoring be performed?",2
"What are the most common failure modes for the electrical components in the industrial oven? How do these failures typically occur, and what are the consequences of a failure?",1
"How can industries ensure that their temperature control systems are properly calibrated and functioning correctly to maintain temperature uniformity, and what are some common issues that can arise if the temperature control system is not properly maintained?",2
"Can you explain how overcooking prevention systems are designed to work in the food industry, and how do they differ from the safety measures used in the chemical industry?",2
"Can you provide more details about the temperature sensors used in the system? What type of sensors are they, and how do they measure temperature?",2
"Are there any specific materials or brands that are known to perform better than others in terms of durability and resistance to heat, chemicals, and other environmental stressors?",2
Can you provide examples of how the data collected from these monitoring tasks has been used to predict and prevent equipment failures in the past?,2
"How can data analytics and IoT sensors be used to monitor and optimize industrial oven performance in real-time, and what are some potential benefits and challenges of implementing these technologies?",2
"What are the most common failure modes in conveyor belt ovens and batch ovens, and how do they impact production efficiency and product quality?",2
"Can you provide examples of specific industrial oven applications where thermocouples, RTDs, and thermistors are commonly used?",2
"Are there any specific challenges or limitations associated with collecting and preprocessing sensor data in industrial ovens? For example, how do you handle sensor noise or missing data, and what are the potential biases in the data?",2
"How do you recommend implementing temperature control systems to regulate the temperature within industrial ovens, and what are the potential challenges or limitations of these systems?",2
How do you recommend balancing the cost of maintenance and repairs with the need to ensure reliable operation and prevent failures in industrial ovens?,2
"How do the sensors and data analytics system integrate with existing control systems, such as programmable logic controllers (PLCs) or supervisory control and data acquisition (SCADA) systems?",2
"Can you provide examples of how industrial oven maintenance can be outsourced to third-party providers, and what are the potential benefits and drawbacks of this approach compared to in-house maintenance?",2
"How do temperature control systems used in industrial ovens compare to those used in laboratory settings, and what are some key differences in terms of sensor selection, calibration, and accuracy requirements?",2
"What are the potential causes of a clogged air filter, and how can we prevent it from happening?",2
"What are some common warning signs or indicators that a temperature sensor or controller may be failing, and how can they be identified?",2
"Are there any specific regulations or standards that industrial oven manufacturers must follow to ensure the safety and reliability of their products, and how do these regulations impact the design and maintenance of heating elements?",2
Can you explain the principle of thermoelectricity and how it is used in thermocouple heating elements?,2
How do temperature control systems ensure the quality and safety of products in each industry?,2
How do industry-wide standards and regulations for industrial ovens impact the cost and feasibility of implementing new technologies and innovations in the manufacturing process?,2
"How do humidity sensors work, and what are the common applications of humidity sensors in industrial oven environments?",1
"Are there any industry standards or regulations that govern the design and implementation of safety features in industrial ovens, and if so, what are they?",2
"Can you provide more information about the temperature control system, such as the type of controller used, the temperature range it can handle, and the accuracy of the temperature control?",1
How can data analytics and machine learning be applied to improve the accuracy and reliability of temperature sensors and controllers in industrial ovens?,2
What are some best practices for maintaining and repairing industrial ovens to prevent failures and extend their lifespan?,2
"Can you discuss the importance of heating and cooling rates in industrial processes, and how does the control panel regulate these rates to prevent thermal stress?",2
Are there any specific sensor data preprocessing techniques that are commonly used in industrial oven anomaly detection?,2
How do the integration protocols and standards you mentioned handle data compatibility and interoperability between different systems and devices?,2
"What are some common symptoms of shaft failure, and how can we prevent misalignment and imbalance in industrial ovens?",2
"How do Ultrasonic Testing (UT) sensors detect leaks, blockages, or restrictions in the airflow path, and what are the advantages and disadvantages of using UT compared to other monitoring techniques?",2
"How do the costs and benefits of using advanced technologies and sensors in industrial ovens compare to traditional methods, and what is the typical return on investment for such systems?",2
"How do industrial oven manufacturers ensure that their products continue to meet UL standards throughout the product's lifespan, and what are some common maintenance and inspection procedures that must be performed?",2
How do the operators receive alerts or notifications when anomalies are detected or predicted? Are there any specific visualization tools or dashboards used to present the data to the operators?,1
Can you explain how using secure and reliable data transmission protocols such as HTTPS or VPN can prevent data transmission errors in industrial oven sensor data?,2
Are there any specific regulatory or compliance requirements that must be met in terms of product quality and safety? How do these requirements impact the detection and prevention of anomalies in the oven?,1
Are there any emerging trends or technologies that are being used to improve anomaly detection in industrial ovens?,2
What are some common patterns or trends that the data analytics system has identified in terms of energy consumption and temperature profiles across different products and production runs?,2
"Can you provide examples of industrial oven applications where temperature control system failures can have particularly severe consequences, such as in the production of sensitive materials or pharmaceuticals?",2
How do power surges and electrical noise affect the performance and lifespan of heating elements? Are there any specific measures that can be taken to mitigate these effects?,2
Can you elaborate on the specific types of insulation materials commonly used in industrial ovens and their respective thermal conductivity properties?,2
"Can you discuss the potential health risks associated with exposure to chemicals or VOCs released during industrial oven operation, and what measures can be taken to mitigate these risks?",2
Can you provide examples of domain knowledge that could be incorporated into an anomaly detection model to adapt it to different operating conditions?,2
"Can you explain the role of air filters and condenser coils in the cooling system of industrial ovens, and how do they contribute to reduced cooling efficiency?",2
"Are there any specific times of day or production cycles when failures are more likely to occur, such as during periods of high demand or low usage?",1
"How do the degradation mechanisms for the heating element in an industrial oven differ from those in other types of equipment, such as domestic ovens or laboratory equipment?",2
"Can you explain the different types of sensors used in automatic emergency stops and safety interlocks, and how they work?",2
"How often should the doors and seals be inspected, and what are the recommended inspection procedures?",2
"Can you discuss the potential safety hazards associated with industrial oven heating element failures, such as overheating or burnout, and how can these be mitigated?",2
Can you explain the redundancy measures implemented in the oven's safety features? How do backup power supplies and redundant sensors help ensure the safety of the oven's operation?,2
"Can you discuss the importance of data quality and integrity in predictive maintenance, and how can data scientists ensure that the data used for analysis is accurate, complete, and reliable?",2
"How do industrial oven failures impact production schedules, product quality, and worker safety, and what strategies can be implemented to minimize these impacts?",2
"How do temperature control systems in industrial ovens typically monitor and control temperature? What are the most common types of temperature sensors used, and how accurate are they?",2
"Can you provide examples of how data scientists can use predictive analytics to forecast potential failures in industrial ovens, and what are some common techniques used in this process?",2
Are there any regulatory or compliance considerations that manufacturers need to keep in mind when using data analytics and machine learning in industrial oven maintenance and reliability?,2
"Can you provide examples of real-world applications where industrial ovens have been used, and how the temperature uniformity and stability were ensured in these cases?",2
"Can you provide more information about the training data used to train the anomaly detection model? How large is the dataset, and what is the composition of the data in terms of normal vs. anomalous readings?",2
"How do you evaluate the performance of the anomaly detection models over time, and what metrics do you use to measure their effectiveness?",2
"Can you provide more details about the typical maintenance schedule for an industrial oven, including the frequency and scope of maintenance tasks?",2
"Can you explain how imbalanced fans can cause vibration and noise issues in industrial ovens, and how can this issue be resolved?",2
"Can you describe a scenario where the air circulation system could leak, and how would you detect and repair such a leak?",2
How do temperature sensors help in maintaining product quality and ensuring production efficiency in industrial ovens?,2
"Can you discuss the role of technology in predicting and preventing mechanical failures in industrial ovens, and how can we leverage data analytics and machine learning to improve maintenance and inspection protocols?",2
"Can you provide examples of specific calibration methods used in temperature control systems, and how do they ensure accurate temperature control?",2
Are there any emerging trends or technologies in industrial oven design that are expected to have a significant impact on the industry in the near future?,2
"What are some common causes of overloading in industrial ovens, and how can operators prevent excessive pressure on the door seals?",2
"Can you discuss the potential impact of industrial oven failures on product safety, and how can manufacturers ensure that their products meet safety standards despite failures?",2
What are some of the key factors that need to be considered when selecting a heating element for a specific industrial oven application?,2
"What are some common types of insulation used in industrial ovens, and how do their properties affect thermal efficiency and energy consumption?",2
How do you determine which components of an industrial oven are most critical and should be monitored using predictive maintenance?,2
"Can you provide more information about the control system used in the industrial oven? How does it monitor the oven's parameters, and what are the potential failure modes associated with it?",2
How do temperature sensors need to be selected and integrated into the control system of an industrial oven to ensure proper temperature control and safety?,2
"Can you provide examples of specific scenarios where emergency stops and safety interlocks have failed to activate in real emergencies, and what were the root causes of these failures?",2
"Can you provide more information about the sensors that are typically used in industrial oven environments, and their limitations?",2
"How do moisture control system failures in industrial ovens impact the quality of the final product, and what are some common causes of these failures?",2
Can you provide examples of how material handling systems can be customized to optimize production efficiency and minimize labor costs?,2
"How do you prioritize the maintenance of emergency stops and safety interlocks in industrial ovens, considering the potential severity of failure?",2
"Can you provide examples of specific safety features that are commonly included in industrial ovens to meet OSHA, NFPA, and ISO standards?",2
"How do industrial oven failures vary across different industries and use cases? For example, are there specific failure modes that are more common in certain industries, such as food processing or aerospace?",2
"What are some common temperature sensors used in industrial ovens to monitor temperature, and how do they compare in terms of accuracy, reliability, and cost-effectiveness?",2
Are there any specific regulations or standards that must be followed when designing and operating industrial ovens to ensure product quality and safety?,2
"Can you provide examples of specific industries or sectors that rely heavily on industrial ovens, and how do their energy consumption patterns differ?",2
How do the safety interlocks used in the food industry ensure the product being cooked is not compromised during an emergency stop?,2
"What are the typical failure modes of the temperature sensor, and how do they affect the accuracy of the temperature measurements?",2
"How do the costs of thermocouples, RTDs, and thermistors compare, and what factors contribute to their pricing?",2
"How do you monitor the performance of fans in industrial ovens, and what metrics do you use to evaluate their effectiveness?",2
"Can you provide more information about the severity and detectability ratings for the different failure modes? How were these ratings determined, and what factors were considered?",2
"Can you explain why low production hours can lead to failures in pumps, valves, and seals? Is it due to a lack of use or some other factor?",1
Are there any plans to integrate machine learning algorithms or other advanced analytics techniques to improve the accuracy and effectiveness of predictive maintenance tasks?,2
"How often should the temperature sensors, such as thermocouples, RTDs, and thermistors, be calibrated to ensure their accuracy and reliability?",2
"How do the temperature sensors, heating elements, fans, and control systems interact with each other in the industrial oven? Are there any specific dependencies or relationships that we should be aware of?",1
Can you discuss some common data analysis and visualization tools that are used to interpret sensor data and make informed decisions about oven performance?,2
Can you provide examples of failures or errors that can occur when using thermocouples in industrial ovens? How do these failures or errors impact the overall efficiency and safety of the system?,2
"Can you discuss the challenges of developing an effective anomaly detection model for industrial oven failures, and how can these challenges be addressed?",1
"Can you discuss the importance of data quality and integrity in developing and training anomaly models for industrial oven failures? How can data scientists ensure that the data used for model development is accurate, complete, and representative of the system's behavior?",2
How do sensors ensure the safety of workers and the surrounding environment in industrial oven applications?,2
Are there any specific industries or applications where industrial ovens are subject to more stringent regulations or standards?,2
"Can you discuss any specific technologies or methods that can be used to monitor the performance and health of safety features in industrial ovens, and how do they compare in terms of cost, accuracy, and reliability?",1
"Can you discuss the importance of regular maintenance and cleaning of temperature sensors in industrial ovens, and how can operators ensure that these tasks are performed regularly and effectively?",2
"How do the quality control procedures impact the accuracy and reliability of the anomaly detection model? Are there any specific ways in which the procedures improve the model's performance, and how do they reduce the likelihood of false positives?",2
Can you provide examples of the types of anomalies that can be detected by monitoring the parameters mentioned above? How do these anomalies impact the performance and safety of the industrial oven?,1
How do Rogowski coils differ from current transformers in terms of their measuring range and accuracy?,2
"Can you provide more information about the potential causes of failure in the temperature control system, such as sensor calibration issues, control algorithm faults, or actuator failures?",2
"Can you elaborate on the specific types of wear and tear that can occur in industrial ovens, and how they can affect performance and reliability?",2
"What are the typical maintenance schedules and procedures for the temperature sensors, heating elements, and fans in an industrial oven?",2
"Can you provide more information on the specific types of temperature monitoring methods that can be used to detect heating element failure? For example, what kind of temperature sensors are typically used, and how are they calibrated?",2
Can you discuss the role of operator training and education in preventing equipment failure and improving overall equipment performance?,2
"Can you discuss the common causes of inconsistent heating or cooling in an industrial oven, and how can these issues be resolved?",2
"What are some common human errors that can cause false triggers in industrial ovens, and how can they be prevented?",2
"How do the failure modes and degradation mechanisms of different components in an industrial oven interact with each other, and what are some common scenarios where these interactions can lead to significant consequences?",2
"How do we ensure that the data collected from these sensors is reliable and accurate, and what steps can we take to validate the data?",2
Are there any specific materials or designs that are more prone to seal damage or door lock failure in industrial ovens?,2
Can you provide more information on the historical patterns and vulnerabilities in the oven's performance that were revealed by the maintenance records? Are there any specific areas of the oven that are more prone to anomalies?,2
"Can you provide more information on the most common failure modes for each component of an industrial oven? For example, what are the most common causes of failure for heating elements, thermal insulation, controls and sensors, fans and blowers, doors and seals, hinges and latches, and electrical components?",2
"How can thermal stratification be minimized or eliminated inside an industrial oven, and what are the best practices for ensuring uniform temperature distribution?",2
Can you discuss the importance of proper insulation in industrial ovens and how it can impact the overall performance of the oven?,2
"How do pressure sensors in industrial ovens typically fail, and what are the most common failure modes?",2
"Can you explain how dust, smoke, and surface reflectivity can affect the accuracy of infrared thermometer measurements in industrial ovens? How can these sources of error be minimized?",2
How does the controller adjust the heat output of the heating element to maintain the desired temperature within the oven chamber? What are the different control strategies used in the temperature control system?,2
"How do industrial ovens generate heat, and what are some of the key factors that affect heat transfer and temperature uniformity within the oven?",2
Can you provide examples of successful case studies or implementations of insulation degradation prevention or mitigation strategies in industrial ovens?,2
"What are some common lubrication methods used in industrial ovens to reduce the impact of high humidity on fans and blowers, and how effective are they in different industrial oven settings?",2
"How do the sensors and data analytics system handle the variability in raw materials, production batches, and equipment performance, which can affect the quality and consistency of the final product?",2
Are there any specific industry standards or regulations that guide the maintenance and inspection of emergency stops and safety interlocks in industrial ovens?,2
Can you discuss the common maintenance practices and schedules for the industrial oven's motor and control system? How do these practices help prevent failures?,2
Can you provide examples of specific sensors and monitoring devices that are commonly used in predictive maintenance for industrial ovens?,2
"How do the degradation mechanisms for the heating element impact the overall energy efficiency of the industrial oven, and what are some strategies for minimizing energy consumption?",2
How do you handle missing data or incomplete data in anomaly detection methods? Are there any specific techniques or algorithms used to impute missing data or handle incomplete data?,2
Can you provide examples of how training maintenance personnel on specific failure modes and their associated causes has helped to improve maintenance activities and reduce downtime?,2
"Can you discuss the importance of oil analysis in predicting fan or blower failure, and what specific information can be gained from this test?",2
"Are there any specific maintenance tasks or procedures that should be performed on thermocouples, temperature controllers, and insulation during seasonal transitions to ensure optimal performance and extend their lifespan?",2
"What are the most common failure modes and effects of industrial ovens not meeting local building codes and regulations in terms of fire safety, electrical safety, and hazardous materials handling?",2
"What are the minimum and maximum data collection rates and sampling intervals that can be used in the monitoring system, and what are the trade-offs between these extremes?",2
"What are some common causes of false triggers for emergency stops and safety interlocks in industrial ovens, and how can they be prevented?",2
"How do you ensure that the maintenance and inspection schedule is tailored to the specific needs of each safety feature, and what factors do you consider when creating the schedule?",2
Are there any specific maintenance or repair tasks that should be prioritized to minimize downtime and ensure optimal performance?,2
"How can data from industrial ovens be integrated with other data sources, such as enterprise resource planning (ERP) systems, manufacturing execution systems (MES), or supervisory control and data acquisition (SCADA) systems, to enhance operational efficiency and decision-making?",2
"Can you provide examples of how the interaction between sensors and control systems can detect potential failure modes, such as overheating, underheating, uneven heating, and mechanical failures?",2
"What are the potential sources of error or inaccuracy in the measurements obtained from the sensors and devices, and how can these be mitigated or corrected?",2
"What are some common causes of sensor failures in industrial ovens, and how can they be prevented?",2
Can you provide examples of specific preventive maintenance tasks that can help detect and prevent overheating issues in industrial ovens?,2
"Can you explain how the integration of the monitoring system with other systems such as MES, SCADA, or ERP can improve the efficiency and quality of the manufacturing process?",2
"Can you explain the role of the control system in the industrial oven, and how it interacts with the heating elements, temperature sensors, and other components?",2
"How do you handle false positives or false negatives in predictive maintenance, and what steps are taken to minimize their occurrence?",2
"Can you provide examples of how predictive maintenance techniques, such as machine learning algorithms or vibration analysis, can be applied to industrial ovens to predict potential failures and prevent equipment downtime?",2
How does the integration of production schedules and maintenance records impact the model's ability to detect anomalies in real-time? Are there any specific challenges or limitations to implementing this integration in a production environment?,2
"Can you provide examples of successful implementations of real-time sensor data-based detection systems for industrial ovens in different industries, and what were the key factors that contributed to their success?",2
Can you explain how maintenance accessibility can reduce downtime and improve maintainability in an industrial oven? What are some design features that can improve maintenance accessibility?,2
"Are there any regulatory or safety standards that industrial ovens must comply with, and how do these standards impact the design and operation of the oven?",2
"Can you provide more information about the temperature control system, heating elements, cooling systems, and safety features of the industrial oven? For example, what are the normal operating ranges for temperature and heating element status? What are the safety features in place to prevent overheating or cooling?",2
How does the vibration analysis of fans help in identifying issues related to vibration and noise in industrial ovens?,2
Can you provide guidance on how to troubleshoot belt tension issues in fans and blowers? Are there any specific diagnostic tools or techniques that can be used to identify and resolve these issues quickly and efficiently?,2
"What are some common indicators of overloading, and how can we monitor the oven's performance to detect overloading before it becomes a significant issue?",2
"How do the failure modes of the various components of the conveyor system, such as the conveyor rollers, drive system, tensioning system, and guide rails, impact the overall operation of the oven?",2
"How do advances in technology, such as the use of artificial intelligence or machine learning, impact the detection and prevention of heating element failures in industrial ovens?",2
"How do the chemical properties of these substances (e.g. pH, reactivity, volatility) contribute to their potential impact on the oven's materials and performance?",2
"How do the monitoring tasks and data analysis help in identifying the root cause of equipment failures, and what actions can be taken to address them?",2
"How do you handle the case where the failure mode is not easily identifiable or is intermittent, and how do you troubleshoot such issues?",2
"Can you provide more information on the temperature monitoring methods used to detect overheating and underheating? For example, what kind of temperature sensors are used, and how frequently are temperature readings taken?",2
What are some common protective coatings or treatments used to prevent corrosion and warping in industrial oven frames and structures?,2
"Are there any specific maintenance or testing procedures that are recommended or required for the industrial oven, and how do they impact the detection of potential failures?",0
"Can you provide examples of successful implementations of data-driven maintenance strategies for industrial ovens or similar equipment, and what were some of the key factors that contributed to their success?",2
Can you provide examples of specific sensor malfunctions that can cause false triggers in industrial ovens?,2
"Are there any industry standards or guidelines for the maintenance and inspection of pumps, valves, and seals in industrial ovens, and how do these standards address the issue of low production hours?",2
"Can you discuss the challenges and limitations of implementing IoT/OT systems and data analytics in industrial oven settings? For example, what types of infrastructure and resources are required, and how can data scientists ensure that the system is secure and scalable?",2
"Can you discuss the maintenance and monitoring procedures for the sensors and communication protocols? How often are these procedures performed, and what are the criteria for determining when maintenance is needed?",2
"Can you provide examples of specific failure modes that can occur with emergency stops and safety interlocks, and how they can be detected during regular maintenance?",2
"How do the materials used in the construction of an industrial oven, such as the insulation and wiring, affect the performance and safety of the electrical system?",2
"Can you discuss the limitations of using sensor data for anomaly detection in industrial ovens, and how can these limitations be addressed?",2
Can you explain the proportional-integral-derivative (PID) control algorithm used in industrial ovens and how it differs from model predictive control (MPC)?,2
"Can you discuss the challenges of implementing infrared thermography in industrial settings, such as cost, availability of equipment, and trained personnel?",2
What are the most common failure modes associated with improper belt tension in fans and blowers?,2
"How do industrial ovens address environmental concerns, such as energy efficiency and emissions, and what are some of the strategies used to minimize their environmental impact?",2
"Are there any emerging trends or technologies in humidity sensors that could improve their accuracy, reliability, or cost-effectiveness in industrial oven environments?",2
"How do maintenance and inspection schedules for temperature control systems and heating elements vary across different industries and oven types, and what are some best practices for ensuring these schedules are effective?",2
"What are some common signs of wear and tear on the oven's mechanical and electrical components, and how can operators identify them?",1
"Are there any specific regulations or standards that govern the maintenance and inspection of industrial ovens? If so, how do these regulations impact the anomaly detection model?",1
"How do you currently simulate failures for data augmentation purposes, and how do you think this could be improved?",2
"How can electrical components be monitored for signs of wear and tear, and what are the potential consequences of failing to address these issues promptly?",2
"What are some common misconceptions or misunderstandings about heating elements that can lead to premature failure or poor performance? For example, is there a common myth about the use of resistive heating elements that can lead to overheating?",2
"How do environmental controls used in industrial ovens differ from those used in other industrial settings, such as clean rooms or laboratories?",2
"How do you balance the cost of implementing predictive maintenance with the potential benefits, such as reduced downtime and extended equipment life?",2
"Can you explain how the severity and detectability ratings were determined, and how do these ratings inform maintenance and inspection activities?",2
"Can you provide more information about the sensor data that will be used for anomaly detection? For example, what type of sensors are used, how often are the data collected, and what is the granularity of the data?",2
Can you provide examples of how sensor data can be used to predict equipment failure and prevent unplanned downtime in industrial ovens?,2
Can you provide examples of safety protocols and emergency procedures that should be implemented in case of a temperature control failure?,2
"Can you provide examples of specific industries or use cases where advanced technologies and sensors have been successfully implemented in industrial ovens, and what were the results?",2
"Can you discuss the role of preventive maintenance and regular testing in ensuring the reliability and efficiency of industrial ovens, and how these practices can help prevent temperature-related failures or defects?",2
"Are there any specific industrial oven applications or environments where controller malfunction is more likely to occur, and if so, what are some proactive measures that can be taken to mitigate these risks?",2
"Can you discuss the potential consequences of not addressing industrial oven failures promptly, both in terms of product quality and customer satisfaction?",2
"Can you discuss the maintenance and repair procedures for heating elements, including how to diagnose and troubleshoot common issues?",2
Can you explain the different types of failure modes and their corresponding reasons in industrial ovens? How do these failures typically occur?,2
"Can you discuss some real-world examples or case studies of successful industrial oven data analysis and monitoring projects, including the challenges faced, solutions implemented, and benefits achieved?",2
"How does AET differentiate between minor and major failures, and what criteria are used to determine the severity of a failure?",2
"How does a malfunctioning PID controller or faulty temperature sensor contribute to temperature control system failures, and what are the typical symptoms of such failures?",2
Can you explain how data logging and analysis can help identify and address software issues in industrial ovens?,2
How do you recommend balancing the need for maintaining a stable temperature and humidity environment with the need to reduce energy consumption and minimize waste? Are there any strategies or technologies that can help achieve this balance?,2
"How can industrial oven operators ensure the reliability of the anomaly detection model over time, given the complexity of the oven and the high temperature environment?",2
"Can you elaborate on the different types of failure modes and failure reasons that can occur in an industrial oven? How do these failures typically manifest themselves, and what are the potential consequences of each type of failure?",2
"How do environmental factors such as temperature, humidity, and air flow affect the performance and lifespan of industrial ovens and their components?",2
"How do thermal insulation materials degrade over time, and what are the most effective ways to maintain their performance?",2
"How long does a typical preventive maintenance task take to complete, and how many personnel are typically required?",2
Are there any safety considerations that need to be taken into account when selecting and installing heating elements in industrial ovens?,2
Can you explain how conducting a failure modes and effects analysis (FMEA) can help identify potential failure modes and their effects in temperature control systems? What are some common failure modes that FMEA can help identify in these systems?,2
"What are the most common operator errors that can occur when measuring temperature inside an industrial oven, and how can these errors be prevented through training or procedural changes?",2
"How do ASTM standards address the issue of sustainability in industrial oven construction, such as the use of recycled materials or energy-efficient designs?",2
Can you describe the process by which the PLC sends output signals to the actuators? Are there any safety mechanisms in place to prevent the PLC from sending incorrect or harmful commands to the actuators?,2
"What are some common failure modes that can occur in industrial ovens, and how do they impact the operation and safety of the vessel?",2
"How do environmental factors, such as humidity, air temperature, and dust, affect the oven's performance?",1
Are there any specific industry standards or regulations that must be followed when designing and maintaining industrial ovens to ensure their safe and reliable operation?,2
"How does the system monitor and maintain the health of the heating elements, and what actions are taken when a failure is detected?",2
"Can you provide examples of operator knowledge assessments, skill demonstrations, and feedback surveys that are used to evaluate the effectiveness of training programs? How are these assessments designed and implemented?",2
"Can you provide examples of abnormalities or anomalies that may indicate potential failures in industrial oven components, and how can we address them proactively?",2
"What are some common safety interlocks that industrial oven manufacturers must include in their designs to ensure operator safety, and how do these interlocks function?",2
"Can you discuss the importance of data analytics and machine learning algorithms in analyzing data from multiple sensors and predicting potential equipment failures, and how can these techniques be improved over time?",2
How does the motor's speed control affect the performance of the industrial oven? Are there any specific speed control strategies that are commonly used?,2
"Can you provide examples of successful predictive maintenance implementations for industrial ovens in different industries, and what were the key factors that contributed to their success?",2
"How do you handle sensor drift or deviation over time, and what methods do you use to maintain sensor accuracy in industrial ovens?",2
"What are the specific challenges associated with ensuring uniform temperature distribution within the oven's chamber, walls, or product?",2
"How do the different filter types (mesh, pleated, HEPA) compare in terms of their ability to capture particles of different sizes and types, and what are the trade-offs in terms of cost, maintenance, and airflow restriction?",2
What are some common warning signs or indicators that a failure mode is occurring or is likely to occur in an industrial oven?,2
"Can you provide examples of software bugs, hardware failures, or wiring issues that can cause control system failure in industrial ovens, and how can they be identified and addressed?",2
"How can data analytics be used to identify patterns and trends in industrial oven failures, and what insights can be gained from this data to improve equipment design and maintenance practices?",2
Can you provide examples of how sensor data can be used to optimize industrial oven operations and reduce downtime?,2
"Can you provide examples of successful implementations of regular maintenance and anomaly detection in industrial ovens, and what lessons were learned from these implementations?",2
"What are some common warning signs or indicators that suggest an industrial oven component may be failing due to power quality fluctuations? How can these signs be detected, and what actions should be taken once they are identified?",2
Can you discuss the various applications of industrial ovens and how the choice of heating element can impact performance?,2
"What are some common types of sensors used in industrial ovens, and what are their specific advantages and disadvantages?",2
"How does the maintenance and repair history of the oven impact the likelihood and severity of insulation degradation, and are there any specific maintenance or repair strategies that can help extend the lifespan of the insulation?",2
"Can you provide examples of hotspots that flow sensors can detect in industrial ovens, and how do they impact the oven's performance?",2
"What are some common causes of sensor failure in industrial ovens, and how can operators prevent them?",2
"How do industrial oven failure modes impact the production process, and what are some strategies for minimizing downtime and increasing productivity?",2
How do the real-time dashboards and historical data analysis capabilities of the system help operators identify and respond to potential issues?,2
"What are some common indicators of wear and damage in industrial ovens, and how can these be detected and monitored over time to predict potential failures?",2
"Can you provide examples of how sensor-based monitoring systems have been successfully implemented in industrial oven settings, and what benefits have been realized as a result?",2
"What are the typical ranges for the parameters measured by the sensors and devices in the industrial oven, and how do these ranges affect the functioning of the oven?",2
"How does warping occur in the components of an industrial oven, and what are some ways to prevent or mitigate its effects?",2
Can you provide examples of specific sensor data that can be used to predict potential failures in industrial ovens?,2
Can you explain the importance of CE marking and UL certification in the context of industrial oven monitoring?,2
What are some challenges or limitations that you have encountered when implementing predictive maintenance for industrial ovens?,2
"How do different types of fans and blowers used in industrial ovens differ in terms of their maintenance and inspection requirements, and what are some best practices for maintaining each type?",2
"How do industrial ovens used in different industries compare in terms of their size, capacity, and throughput, and what are some of the factors that influence these differences?",2
"Can you provide examples of specific industrial oven applications where optimized heating element design and operation have resulted in significant improvements in performance, efficiency, and lifespan?",2
"How do temperature and humidity fluctuations impact the safety of industrial ovens, and what are some of the safety measures that can be implemented to mitigate these risks?",2
How do you see the role of explainability and interpretability evolving in the application of machine learning algorithms for anomaly detection in industrial ovens?,2
"Can you provide examples of how sensor data anomalies can be detected by monitoring temperature, vibration, and power consumption patterns? What are some common types of anomalies that may indicate heating element failure?",2
"How does insulation degradation, moisture intrusion, or thermal bridging affect the performance and safety of the industrial oven?",1
Are there any other non-destructive testing methods that can be used in conjunction with infrared thermography to improve the accuracy of predictive maintenance?,2
Can you discuss the importance of proper wiring and connections in industrial ovens and how they can prevent control system failures?,2
"What are the most common causes of door misalignment in industrial ovens, and how can they be prevented?",2
Can you provide examples of how data analytics or machine learning can be applied to improve the performance and reliability of industrial ovens? How can data from sensors and other sources be used to predict and prevent failures or optimize maintenance schedules?,2
"How long does each maintenance cycle typically take to complete, and what impact can neglecting maintenance have on the overall lifespan of the industrial oven?",2
How do NFPA standards address the need for regular maintenance and inspection of industrial ovens to ensure fire safety? What are some common challenges or obstacles in implementing regular maintenance and inspection protocols?,2
"Can you provide more information about the temperature control system? How does it regulate temperature within the oven, and what are the potential failure modes?",1
"Can you provide examples of how PM and PdM strategies have been used to improve the safety and environmental performance of industrial ovens, and what are some potential areas for future improvement?",2
"How do the data exchange protocols, APIs, and integration with other systems help improve the efficiency and effectiveness of the monitoring system?",2
"How do you prioritize and address alerts and notifications generated by the monitoring system, and what are some common response protocols used in industrial oven monitoring?",2
Can you provide examples of preventive maintenance tasks that can be performed to ensure reliable operation of temperature sensors? How often should these tasks be performed?,2
Can you discuss the role of human error in causing failures in the industrial oven's motor and control system? How can human error be minimized or eliminated?,2
How do air ducts need to be properly installed and maintained to prevent leaks and ensure even air distribution?,2
"How do manufacturers optimize industrial oven performance, reduce downtime, and improve product quality by leveraging data and analytics, and what are some common strategies or best practices that they follow?",2
Can you elaborate on the specific design features of conveyor belt ovens that make them sensitive to temperature fluctuations?,2
"Can you provide more information about the heating elements, such as their power output, temperature range, and expected lifespan? How do they fail, and what are the common failure modes?",1
Can you discuss the importance of proper training and education for operators on the proper use and maintenance of emergency stops and safety interlocks?,1
"How do the sensors and devices used in the industrial oven account for environmental factors such as temperature, humidity, and air flow, and how do these factors impact the accuracy of the measurements?",2
"Are there any specific failure modes or patterns that are commonly observed in the heating elements, and how do they impact the overall performance of the industrial oven?",2
How do environmental factors affect the accuracy and reliability of temperature sensors and controllers in industrial ovens?,1
"Can you discuss the role of safety features, such as emergency stops, interlocks, and alarm systems, in ensuring the safe operation of industrial ovens?",2
"Can you provide more information about the maintenance and repair processes for environmental factor-related failures in industrial ovens? How do you currently prioritize and schedule maintenance, and how might machine learning models be used to optimize these processes?",2
"Can you provide examples of specific knowledge assessments, skill assessments, and behavioral assessments that have been used to evaluate the effectiveness of training programs for operators?",2
Can you provide examples of specific products that are particularly sensitive to temperature fluctuations? How do temperature fluctuations impact the quality of these products?,2
"How do the temperature control systems address the issue of sensor accuracy and reliability, especially in the presence of ambient temperature fluctuations?",2
"How do smart heating elements with sensors and IoT integration work, and what kind of data do they collect? How is this data used to improve maintenance and predict potential failures?",2
"Can you explain how fatigue failure can occur in the frame and structure of an industrial oven, and how can it be prevented?",2
"Can you discuss the various ways in which environmental factors can affect the uniformity of heating in industrial ovens, and what are some strategies for addressing these issues?",2
How does the preventive maintenance schedule for an industrial oven vary depending on the industry or application in which it is used?,2
"How do the materials used in fan and blower blades affect their lifespan and performance, and what are some common materials used?",2
Can you elaborate on the most common signs of insulation failure in industrial ovens? How do these signs vary depending on the type of insulation used?,2
"How do imaging sensors capture images of the oven's interior, and what are the common abnormalities that they can detect?",2
What are some common mistakes or oversights that can lead to insulation failure in industrial ovens? How can these be avoided during the installation and maintenance process?,2
"Can you provide more information about the environmental factors that can affect the oven's performance, such as dust, moisture, or extreme temperatures? How can these factors be mitigated to prevent failures?",2
How do the safety features of industrial ovens impact the overall efficiency and productivity of the equipment? Are there any trade-offs between safety and performance?,2
"Can you explain how the temperature sensor, controller, and actuator work together to regulate the temperature within the oven?",2
Are there any emerging technologies or trends in temperature sensing that could potentially replace or augment thermocouples and RTDs in industrial ovens?,2
"Are there any specific industrial oven designs or configurations that are more susceptible to environmental factors, and how can they be mitigated?",1
"How do you ensure that the sensor data is accurate and reliable during the validation process? Are there any specific checks or tests that are performed, and what are the criteria for determining whether the data is valid?",2
"Can you provide examples of how improper installation, poor maintenance, and environmental conditions can contribute to industrial oven failures, and how can these factors be mitigated?",2
Are there any technological advancements or upgrades that can improve the reliability and effectiveness of emergency stops and safety interlocks in industrial ovens?,2
"How do doors and seals wear out over time, and what are some common failure modes for these components in industrial ovens?",2
How does the system handle false positives or false negatives in the anomaly detection alerts? Are there any mechanisms in place to adjust the model's sensitivity or threshold for detecting anomalies?,2
Can you provide examples of common sensor failures or errors in industrial ovens and how they can be addressed?,2
Are there any industry-standard guidelines or regulations for maintaining and repairing industrial ovens to prevent failures?,1
"Can you describe the typical failure modes of industrial ovens, and how do these failures manifest in the sensor data?",2
"How do industrial ovens used in different industries (e.g., food processing, aerospace, pharmaceuticals) differ in terms of design, components, and maintenance practices?",2
"Are there any specific industries or applications where the risk of failure to heat is particularly high, and what are some strategies for mitigating this risk?",2
"Can you explain the difference between thermocouples, RTDs, and thermistors, and in which situations would each be preferred for temperature measurement in industrial ovens?",2
How do the properties of the materials used in heating elements affect their ability to withstand the high temperatures and harsh environments found in industrial ovens?,2
"How do different types of insulation materials impact temperature uniformity in industrial ovens, and which materials are most effective in certain applications?",2
"How do safety interlocks in industrial ovens ensure safe operation, and what are some potential failure modes that could lead to unsafe operation?",2
"Are there any emerging technologies or trends in temperature sensing that could potentially improve the accuracy, reliability, or cost-effectiveness of temperature sensors in industrial ovens?",2
Are there any emerging technologies or trends in industrial oven design and operation that can help mitigate the impact of power supply fluctuations?,2
"Can you explain the difference between a PID, modulating, and cascade controller in the context of Industrial Ovens?",2
How do the materials used in the construction of industrial ovens affect their maintenance and testing requirements?,2
Are there any industry standards or guidelines for selecting and using chemicals in industrial ovens to ensure optimal performance and longevity?,2
How can machine learning algorithms be used to improve the accuracy of failure predictions in industrial ovens?,2
Are there any emerging trends or technologies in industrial motors that could potentially disrupt the current market or provide new opportunities for efficiency and performance improvements?,2
Can you provide examples of advanced technologies or automation systems that can be used to improve the efficiency and safety of industrial oven operations?,2
Can you discuss the potential consequences of not properly maintaining or testing an industrial oven?,2
"Are there any specific industry standards, regulations, or guidelines that need to be considered when selecting and maintaining filters for industrial ovens, and how do these requirements impact the choice of filter and maintenance schedule?",2
"Can you explain the mechanisms by which worn-out hinges, damaged door seals, and faulty door actuators can lead to door failure in an industrial oven?",2
"Can you provide examples of specific failure modes that can occur in industrial ovens, and how do they impact product quality?",2
Can you explain the different types of fans and blowers used in industrial ovens and how they can fail?,2
"Are there any specific materials or designs that are more resistant to degradation mechanisms, and if so, how do they compare in terms of cost and performance?",2
Can you provide examples of predictive maintenance techniques that can be used to identify potential issues before they become major problems? How can operators and maintenance personnel implement these techniques effectively?,2
"How do software bugs and hardware failures contribute to control system failures in industrial ovens, and what are some strategies for mitigating these risks?",2
How effective are backup systems or redundant components in minimizing the impact of failures in industrial ovens?,2
"Are there any emerging trends or technologies in the field of industrial ovens that could potentially improve the performance and lifespan of heating elements, and how do they compare to traditional methods?",2
"How do power supply fluctuations affect industrial ovens, and what measures can be taken to mitigate their impact?",1
"How do environmental factors such as humidity, air quality, and temperature affect the accuracy of sensor data in detecting early signs of failure in industrial ovens?",2
"Can you provide examples of how temperature sensor failure, temperature controller failure, and heating/cooling element failure can occur in an industrial oven?",2
What are some common signs or indicators that an air filter needs to be cleaned or replaced?,2
What are some preventive measures that can be taken to minimize the impact of chemicals on industrial oven performance and longevity?,2
"Are there any specific types of products or materials that are particularly sensitive to temperature fluctuations or other environmental factors during the heating process? If so, how do these factors affect the anomaly detection model?",1
How does the temperature control system ensure that the temperature setpoint is accurate and consistent with the desired product quality standards?,2
"What are some common materials used for constructing industrial ovens that are resistant to corrosion, and how do they compare in terms of cost and performance?",2
"Can you discuss the importance of proper training and education for industrial oven operators, and how can operators ensure that they are adequately trained to perform their jobs safely and effectively?",2
"Can you provide examples of how companies have successfully implemented FMEA or other systematic approaches to prevent industrial oven failures, and what were the results?",2
How do the temperature control systems ensure that the desired temperature levels are maintained during unexpected events such as power outages or equipment failures?,2
What are some common software maintenance tasks that should be performed regularly to prevent software issues in industrial ovens?,2
What are some common challenges or obstacles that operators face when it comes to properly using and maintaining the safety features in industrial ovens?,1
"How does the temperature control system integrate with other systems in the Industrial Oven, such as the control system, the safety system, and the monitoring system? What are the potential interfaces and communication protocols used in the integration?",2
"What are some common causes of fan and blower failure in industrial ovens, and how can these failures be prevented?",2
"How does a lack of maintenance contribute to the failure of pumps, valves, and seals in an industrial oven, and what specific maintenance tasks should be performed regularly to prevent these failures?",2
"What are some common maintenance practices that can help prevent industrial oven failures? For example, how often should the oven be cleaned, and what types of materials should be used for cleaning?",2
"Are there any specific sensor technologies or data sources that have proven particularly useful for anomaly detection in industrial ovens, and if so, why?",2
"How do industrial oven design and operation influence the types and frequencies of data collected, and what are the potential trade-offs between different design and operational parameters?",2
What are some common safety measures that need to be considered when implementing anomaly detection models in industrial oven environments?,2
"Can you discuss the potential environmental impacts of using refractory insulation materials in industrial oven applications, such as the release of harmful chemicals or particles during production or disposal?",2
Can you discuss the impact of insulation degradation on the overall energy efficiency and carbon footprint of an industrial oven?,2
How does the size and capacity of an industrial oven affect the choice of fan motor and maintenance schedule?,2
"Are there any industry-specific regulations or standards that govern the design, maintenance, and operation of industrial ovens to ensure safety?",2
Can you provide more information on the energy savings achieved by reducing energy loss due to the insulation leak? How was this calculated?,2
"Are there any industry standards or regulations that govern the use of sensors and monitoring systems in industrial ovens? If so, can you provide examples?",2
"Are there any specific components or parts of the motor and control system that are more prone to failure than others? If so, what are some strategies for mitigating these failures?",2
"What are some common temperature control systems used in industrial ovens, and how do they perform under power supply fluctuations?",2
"How does humidity affect the performance and lifespan of fans and blowers in industrial ovens, and what are some common methods for controlling humidity levels in industrial ovens?",2
Can you provide more information on the failure modes and effects analysis (FMEA) that you conduct to identify potential failure modes and their impact on the oven's safety and performance? How do you use the results of the FMEA to develop and implement preventive maintenance tasks and procedures?,2
"How do the materials used in industrial oven construction affect the likelihood of failure, and are there any materials that are more prone to failure than others?",2
How do the sensors' data collection rates and sampling intervals impact the accuracy and effectiveness of the monitoring system?,1
"Are there any maintenance schedules or procedures in place for the industrial oven? How do maintenance activities affect the performance of the oven, and are there any specific maintenance tasks that could increase the likelihood of failure?",2
"How do you ensure that the data used for predictive maintenance is accurate, reliable, and relevant to the specific equipment and industrial setting?",2
How do the sensors and monitoring systems integrate with the oven's control system? Is it a wired or wireless connection?,2
"Are there any specific industries or applications where the risk of electrical component failure is higher, and if so, what are the contributing factors?",2
"Can you provide examples of specific sensor data that would indicate temperature fluctuations, overheating, underheating, cycling, and vibrations in industrial ovens?",2
"Can you discuss the impact of temperature control and humidity management on the lifespan and performance of industrial oven components, such as heating elements and thermocouples?",2
"What are some common applications of industrial ovens, and how do the temperature range and insulation requirements vary for each application?",2
"Can you provide examples of real-world scenarios where insulation degradation, moisture intrusion, or thermal bridging have led to equipment failure or product quality issues in industrial ovens?",2
"Can you provide examples of specific environmental factors that can cause unusual sounds, smells, and visual cues in industrial ovens?",2
Can you provide examples of specific temperature control systems and cooling systems that are commonly used in industrial ovens and are prone to malfunction or failure?,2
"What are some potential future developments or advancements in temperature control systems for industrial ovens, and how might they impact the manufacturing process or product quality?",2
"How do the degradation mechanisms for the heating element, such as wear and tear, corrosion, oxidation, overloading, and poor maintenance, affect the performance of the industrial oven?",1
"Can you provide examples of specific accidents or incidents that have occurred in industrial ovens due to failure of the safety features? How did these incidents occur, and what were the root causes?",2
How do these maintenance practices impact the energy efficiency and environmental sustainability of industrial ovens?,2
What are the typical failure modes for the control systems used in the industrial oven? Are there any specific components that are prone to failure?,1
"How do advanced technologies and sensors integrate with existing control systems, and what kind of real-time data can they provide to operators and maintenance personnel?",2
"Can you provide examples of specific failure modes or scenarios that have occurred in industrial ovens, and how were they addressed?",2
How do the safety measures used in the food industry and chemical industry differ in terms of their maintenance and testing requirements?,2
"How do the degradation mechanisms for safety features, such as wear and tear, contamination, and improper maintenance, affect the reliability of these features?",2
Can you provide examples of how the quality control procedures have improved the accuracy and reliability of the anomaly detection model in practice? Are there any specific success stories or case studies that demonstrate the effectiveness of these procedures?,2
"Can you discuss the cost-benefit analysis of implementing regular inspections and maintenance schedules for industrial ovens, and how can the benefits be quantified in terms of reduced downtime, increased productivity, and extended equipment lifespan?",2
"Can you provide examples of successful implementations of anomaly detection and predictive maintenance in industrial ovens, and what were the benefits and lessons learned from these implementations?",2
"Can you provide more information about the data that is typically collected from industrial ovens? For example, are there any specific sensors or data points that are commonly collected, and how frequently is this data typically collected?",1
Can you provide examples of how a regular maintenance schedule and proper alignment of the fan motor with the oven's airflow pattern can prevent excessive vibration and premature failure?,2
"How can operators detect potential issues with fans and blowers before they fail, and what steps can they take to prevent failures from occurring?",2
Can you provide examples of common false positives or false negatives that can occur in industrial oven anomaly detection models and how they can be addressed?,2
"How do you prioritize potential failures identified by infrared thermography? Is it based on severity, likelihood of occurrence, or a combination of both?",2
"Can you provide examples of successful implementations of temperature sensor and controller systems in industrial ovens, and what were the key factors that contributed to their success?",2
How do the sensors transmit the data to the monitoring system? Are there any specific communication protocols or standards used for this purpose?,1
"Can you explain how gas fired heating elements work, and what are the most common causes of clogged burners? How do clogged burners affect the performance of the oven?",2
"How does thermal insulation work in industrial ovens? What materials are commonly used for thermal insulation, and how effective are they in reducing heat loss?",2
"Can you discuss the different types of overtemperature protection mechanisms available, such as thermocouples, temperature limit switches, and cooling systems? How do they work, and what are their advantages and limitations?",2
How do sensors contribute to energy efficiency and sustainability in industrial oven operations?,2
Can you discuss the role of operator training and education in preventing failures and ensuring proper use and maintenance of industrial ovens?,2
What are some common methods or tools used to measure and monitor belt tension in industrial ovens? Are there any emerging technologies or trends in this area?,2
"Can you discuss the potential consequences of failing to replace or repair aged industrial oven components, such as increased energy consumption, reduced product quality, or safety hazards?",2
Can you provide examples of how the interaction between the heating elements and temperature control system can affect product quality? How can these effects be mitigated?,2
Can you provide more information about the data processing and analysis methods used to detect anomalies in the sensor data? Are there any specific algorithms or techniques that are commonly used for this purpose?,2
"How do software issues typically arise in industrial oven controllers, and what are some common software errors that can lead to malfunction?",2
"How do the temperature and humidity control systems in conveyor belt ovens and batch ovens differ, and what are the challenges in maintaining optimal conditions in each type of oven?",2
"How do the materials used in heating elements, such as copper, aluminum, and steel, affect their performance and lifespan? Are there any specific alloys or materials that are better suited for certain applications or environments?",1
"Can you provide more information about the temperature sensors used in industrial ovens? What type of sensors are they, and how do they work?",2
"Can you provide examples of how the temperature control system, fans, and blowers can be optimized for energy efficiency, while still maintaining uniform temperature distribution?",2
"How do vibrations impact the energy efficiency of industrial ovens, and what are the potential energy savings associated with reducing vibration levels?",2
"Can you discuss the potential consequences of a conveyor system failure, such as product damage, loss, or safety hazards?",2
"How do environmental factors such as humidity, temperature, and air quality affect the performance and lifespan of industrial ovens, and how can operators mitigate these factors to extend the life of their ovens?",2
"How do anomalies in oven performance indicate potential issues, and what are some common signs of impending failure that data scientists should look for in monitoring data?",2
"What are some common indicators of a malfunctioning ignition system, and how can they be detected?",2
"How does the system ensure that the temperature control algorithm is accurate and reliable, and what measures are in place to prevent software bugs or calibration issues?",2
"Can you provide examples of corrosion-resistant materials that are commonly used in industrial ovens to mitigate the effects of high humidity on fans and blowers, and how do they compare in terms of cost, performance, and durability?",2
"Can you provide examples of specific tools or equipment that are needed to perform each maintenance cycle, and what are the typical costs associated with these tools?",2
"Can you provide examples of specific failure modes that have occurred in the past, and how did they impact production?",2
How do the ducts and air diffusers work together to distribute the hot air evenly throughout the oven chamber? Are there any specific design considerations or constraints that must be taken into account when designing these components?,2
"Can you discuss the various safety standards and regulations that apply to industrial ovens, and how do they ensure the protection of operators and the surrounding environment?",2
"How can we effectively monitor and analyze the vibration levels of fan motors to predict potential failures, and what tools or techniques are commonly used for this purpose?",2
Can you provide examples of diagnostic tests that can be used to identify sensor malfunctions in industrial oven sensor systems?,2
"How do Acoustic Emissions (AE) sensors differentiate between normal and abnormal sounds generated by fan or blower components, and what are the potential limitations of this technique?",2
"How do the degradation mechanisms impact the lifespan of the heating element, and what factors can influence the lifespan of the element?",2
"How can operators ensure that the temperature control system is properly calibrated and functioning correctly, especially after maintenance or repairs have been performed?",2
"What are some common challenges or obstacles that industries face when trying to maintain or improve temperature uniformity in their ovens, and how can they overcome them?",2
"How do you currently handle missing values in the sensor data, and are there any specific imputation or interpolation techniques that you have found to be effective?",2
"How do the sensors account for environmental factors such as temperature, humidity, and air flow that can impact the performance of the industrial oven? Are there any specific calibration methods used to ensure the accuracy of the sensors in different environmental conditions?",1
How does the model handle anomalies that occur during routine maintenance? Are there any specific strategies or techniques used to distinguish between routine maintenance and genuine anomalies?,2
"How do the detection methods for overheating, poor temperature uniformity, and door failure vary depending on the specific type of industrial oven and its application?",2
Are there any specific industry standards or regulations that need to be considered when designing and implementing power supply mitigation strategies for industrial ovens?,2
"Can you provide examples of specific failure modes that vibration analysis has detected in industrial ovens, and how were they addressed?",2
"Can you discuss the role of air flow within the oven in preventing failure modes, and how can it be optimized to ensure reliable operation?",2
"Can you provide more information about the different types of heating elements used in industrial ovens, such as their power output, temperature range, and expected lifespan?",2
Can you explain how the monitoring system handles data security and authentication when integrating with other systems?,2
"How do temperature control systems typically malfunction, and what are some common causes of temperature fluctuations in industrial ovens?",2
Can you elaborate on the specific types of temperature control systems that can be used to regulate industrial ovens?,2
"How does incomplete combustion occur in gas fired heating elements, and what are the risks associated with it? Can you provide examples of how incomplete combustion can damage the heating element or affect the oven's performance?",2
"How do you ensure that the oven's safety features and procedures are up-to-date and effective in preventing accidents? Are there any specific industry standards or regulations that you need to comply with, and if so, how do you ensure compliance?",2
"How do temperature fluctuations affect the quality of the product being cooked, and what are the acceptable limits for temperature fluctuations in different industrial processes?",2
"Can you discuss any potential risks or drawbacks associated with using the anomaly detection model, such as increased maintenance costs or false alarms, and how do you mitigate them?",2
"Are there any emerging technologies or techniques that have the potential to improve predictive maintenance for industrial ovens, and how might these technologies be integrated into existing maintenance strategies?",2
"How do different types of electrical components (e.g., heating elements, motors, sensors) have different failure modes and maintenance requirements?",2
"How do safety features in industrial ovens compare to those in other industrial equipment, such as furnaces or boilers, and are there any differences in design or implementation?",2
"What are some common safety interlock testing procedures that should be performed, and how often should they be conducted?",2
Can you provide examples of how proper loading and door seals can help prevent structural failure in an industrial oven?,2
How do door seals contribute to the overall performance and efficiency of industrial ovens? Are there any specific types of door seals that are more effective than others?,2
How do the sensor data and machine learning algorithms used in the anomaly detection model account for variations in production processes or changes in environmental conditions? Are there any techniques or methods that can be used to improve the model's robustness to changes in the production environment?,2
How do temperature and humidity fluctuations impact the maintenance schedule of the oven? Are there any specific maintenance tasks that should be prioritized to mitigate the impact of temperature and humidity fluctuations?,2
How do you prioritize maintenance and repair schedules for heating elements based on the data collected from temperature monitoring and vibration analysis? Are there any specific metrics or criteria used to determine when maintenance is necessary?,2
"Can you discuss the common types of chemicals or moisture that industrial ovens may be exposed to, and how do these exposures affect the components and performance of the oven?",2
How does the complexity of industrial oven designs impact anomaly detection? Are there any specific design features that can make it easier or harder to detect anomalies?,2
How often should regular maintenance be performed on industrial ovens to ensure they are in good working condition?,2
Are there any industry-specific best practices or guidelines for building anomaly detection models that are compliant with industry standards and regulations?,2
"Can you provide examples of specific failure modes that AET can detect in an industrial oven, such as cracks in the heat exchanger or bearing failures in the fan motor?",2
"Are there any specific times of day or production cycles when failures are more likely to occur? For example, during startup or shutdown, during peak production hours, etc.",0
Can you discuss the importance of proper oven design and operation in minimizing the risk of insulation material failure? Are there any specific design or operational parameters that are particularly critical in this regard?,2
"Are there any specific challenges or limitations to implementing anomaly detection in industrial oven controllers, such as data quality issues or limited computing resources?",2
"Can you provide examples of specific industrial oven applications where pressure sensors are particularly critical, such as in the production of certain materials or components?",2
"How do changes in ambient temperature or humidity impact temperature uniformity in industrial ovens, and what strategies can help mitigate these effects?",2
"Can you provide examples of how data analytics can be used to monitor and optimize the performance of industrial ovens in real-time, such as predictive maintenance, process optimization, and energy management?",2
"How do humidity sensors account for variables such as air movement, temperature, and contamination that could affect their accuracy?",2
"How do safety interlocks fail in a safe state, and what are some common safety interlocks used in industrial ovens?",2
"How does regular cleaning and maintenance of industrial ovens help to minimize the risk of equipment failure, and what are some best practices for cleaning and maintaining these systems?",2
"Can you discuss the impact of energy efficiency measures, such as reducing energy consumption or using alternative energy sources, on the lifespan and failure modes of heating elements in industrial ovens?",2
"Can you provide examples of any advanced technologies or materials that are being used to improve the performance and lifespan of heating elements in industrial ovens? For example, are there any new materials or designs that are more resistant to thermal fatigue or corrosion?",2
Are there any emerging trends or advancements in machine learning that you believe will have a significant impact on anomaly detection in industrial ovens in the near future?,2
"How do the temperature controllers in the temperature control system work? Are they based on a specific technology or protocol, and what are their key features and vulnerabilities?",2
"Can you explain how you assign severity scores and detection scores to each failure mode, and how do you weight these scores when prioritizing maintenance and inspection?",2
"Are there any emerging trends or technologies in the field of industrial oven sensors that could improve their performance, reliability, or maintenance?",2
"How can industrial oven operators ensure that their equipment operates within safe limits, and what are the consequences of operating outside of those limits?",2
"Can you provide examples of accidents or incidents that have occurred due to non-compliance with industry-wide standards and regulations for industrial ovens, and what lessons can be learned from these incidents?",2
"How do industrial oven sensors integrate with other systems, such as control systems, data acquisition systems, or safety systems, to ensure efficient and safe operation?",2
Are there any specific industries or applications where certain types of insulation materials are more commonly used?,2
"How does AET address the challenge of data interpretation and analysis, particularly in complex industrial systems with multiple variables and interactions?",2
How do you prioritize which failure modes to address first in an FMEA analysis?,2
"What are some common root causes of failures in industrial ovens, and how do you address them?",2
"Can you discuss some common contamination control measures that can be implemented in industrial ovens to reduce the impact of high humidity on fans and blowers, and how effective are they in different industrial oven settings?",2
How does the temperature control system account for changes in the product's thermal properties during the heating process? Are there any specific compensation strategies used to maintain the desired temperature?,2
"How do industrial oven monitoring systems typically integrate with other factory systems, such as manufacturing execution systems or enterprise resource planning systems? Are there any specific integration challenges or considerations that need to be taken into account when connecting these systems?",2
"Can you provide examples of successful implementations of predictive maintenance in industrial ovens, and what were the benefits of using this approach?",2
"Can you provide examples of common applications of current sensors in industrial ovens, and how they can be used to optimize energy efficiency and reduce costs?",2
"How do gas detection systems detect the presence of combustible gases, and what are the potential sources of these gases in an industrial oven?",2
"Can you provide examples of specific sensor drift scenarios that have occurred in industrial ovens, and how did they impact the quality of the final product?",2
"Can you discuss the importance of routine maintenance tasks, such as cleaning and lubricating moving parts, and how they can help prevent equipment failure?",2
"Can you provide examples of specific air filtration systems that have been successfully implemented in industrial ovens, and the benefits achieved?",2
"What are some common misconceptions or misunderstandings about industrial oven maintenance and operation, and how can these be addressed through training or education programs for food processing professionals?",2
"Are there any specific challenges or limitations associated with detecting element failure using temperature monitoring and vibration analysis? For example, are there any sources of noise or interference that can affect the accuracy of these methods?",2
Can you provide examples of preventive maintenance actions that can be taken to address potential failures identified by infrared thermography?,2
"Can you discuss the potential sources of anomalous sounds that acoustic sensors might detect in industrial ovens, and how these sounds can be used to identify specific problems?",2
How do environmental factors affect the lifespan of an industrial oven and its components?,2
"Are there any specific design features or materials that can be used in pumps, valves, and seals to mitigate the effects of low production hours and extend their lifespan?",2
"What are some potential challenges or limitations in using thermocouples, RTDs, and thermistors in industrial oven applications, and how can they be addressed?",2
"Can you provide examples of successful implementation of measures to predict and prevent failures in industrial ovens, and what were the key factors that contributed to their success?",2
How often should infrared thermography surveys be conducted to ensure effective predictive maintenance? Are there any industry standards or guidelines for this?,2
Can you provide more information about the specific communication protocols and standards used by the sensors in an industrial oven? How do these protocols ensure data accuracy and reliability?,2
"How do the design and construction requirements for industrial ovens differ from those for other types of pressure vessels, such as boilers or heat exchangers?",2
Can you provide examples of how blockages in air circulation paths can occur in industrial ovens and what can be done to prevent them?,2
Can you discuss the effects of vibrations from nearby machinery or transportation on industrial ovens?,1
"Can you describe a time when a motor control failure occurred in an industrial oven, and how was it resolved?",2
"Can you provide more details on the emergency response plan that you activate when an operator reports a malfunction or issue with a safety feature of the industrial oven? What are the specific steps involved in the plan, and how do you ensure that all operators are aware of it?",2
"Can you discuss the role of human factors in industrial oven failures, such as user error or lack of training, and how can we design systems to mitigate these factors?",1
"Are there any specific design features or components that are critical to the proper functioning of the industrial oven, such as insulation, seals, and doors?",2
"How do temperature monitoring and control systems work in industrial ovens, and what are some common challenges or limitations in implementing these systems?",2
"Can you discuss the role of human factors in industrial oven control system design and operation, and how do you ensure that the system is user-friendly and easy to operate?",2
"Can you discuss the role of preventive maintenance in ensuring the longevity and performance of the cooling system and overall industrial oven, and what are some common preventive maintenance tasks that should be performed regularly?",2
"How do the oven's critical components interact with each other, and how might a failure in one component impact the overall performance of the oven?",1
How does the ambient temperature and humidity affect the belt tension and performance of fans and blowers in industrial ovens? Are there any specific considerations or adjustments that need to be made to account for these factors?,2
"How do temperature control system failures impact the overall efficiency and productivity of an industrial oven, and what are some potential long-term consequences of repeated failures?",2
"Can you discuss the importance of proper installation in preventing control panel failure, and what specific steps should be taken during installation to minimize the risk of failure?",2
"What are the industry standards for compression testing and vacuum testing, and how do these tests assess the integrity of insulation materials?",2
"What are the most common causes of leaks in the oven chamber, and how can they be prevented or repaired?",2
"How do the failure modes and reasons for each type of heating element vary depending on the specific application and operating conditions? For example, are there certain failure modes that are more common in certain industries or temperature ranges?",2
"How do you determine the appropriate frequency for preventive maintenance tasks, such as cleaning and lubricating?",2
"Can you discuss the role of employee training and education in preventing industrial oven failures, and what specific training should be provided to employees responsible for operating and maintaining industrial ovens?",2
"How do the standards and regulations for industrial ovens differ between the US and other countries, and what are some of the key considerations for international manufacturers and suppliers?",2
"Are there any emerging technologies or trends in safety features for industrial ovens, such as the use of machine learning or artificial intelligence to improve detection and response to emergency situations?",2
"Can you discuss the trade-offs between different methods for mitigating power supply fluctuations, such as voltage stabilization vs. power conditioning vs. load management?",2
"How do the materials used in the construction of industrial ovens, such as stainless steel, aluminum, and copper, affect their performance and lifespan?",2
"Can you provide more details about the sensor calibration process? How often is calibration performed, and what methods are used to ensure that the sensor output matches the reference signal?",2
Can you explain how malfunctioning thermostats can cause overheating in industrial ovens? Are there any specific types of thermostats that are more prone to malfunctioning?,2
"In what ways can the control panel's monitoring of pressure and flow rate be applied in vacuum ovens, and what are the benefits of doing so?",2
"How do different industrial oven applications, such as heat treatment, drying, and sintering, affect the choice of sensors and measurement strategies?",2
"How does a preventive maintenance program for industrial ovens differ from a reactive maintenance program, and what are the benefits of implementing a preventive maintenance program?",2
"Can you provide more details about the rule-based systems used for anomaly detection in temperature control systems? How are the rules defined, and what types of logical rules are used?",2
"How do the materials used in industrial oven construction, such as stainless steel or aluminum, affect their performance and lifespan?",2
How do the particle size and shape of the products being manufactured impact the design of the oven's heating elements and agitation systems? Are there any specific design considerations or constraints that must be taken into account when working with particular particle sizes or shapes?,2
"How do the components of an industrial oven age over time, and what are some potential failure modes that could occur as a result of aging?",1
Can you explain how incorrect setup or configuration of the oven's control system or safety interlocks can lead to false triggers?,2
"How often should industrial ovens be cleaned, and what are the best practices for cleaning them?",2
"Are there any emerging trends or technologies in the field of industrial oven heating elements that could improve their performance, lifespan, or maintenance? For example, are there any new materials, designs, or monitoring techniques that could be used to improve their efficiency or reduce downtime?",1
How do the integration protocols and standards you mentioned support real-time data exchange and monitoring of the manufacturing process?,2
"Can you discuss the impact of environmental factors on the lifespan of industrial oven components? For example, how does exposure to high temperatures, humidity, or vibrations affect the lifespan of heating elements, thermocouples, or other components?",1
Can you provide more information about the hinges or latches used in the doors or access panels? How do they maintain a tight seal while also allowing for easy opening and closing?,2
"How can the lifespan of refractory insulation materials be extended, and what maintenance practices are recommended to ensure optimal performance?",2
What are some common anomalies or safety hazards that can be detected in industrial ovens using machine learning algorithms?,2
How does the temperature control system in Industrial Ovens handle overshoot or undershoot of the desired temperature?,2
"Can you provide examples of common failure modes or faults that can occur in the oven's components, such as the temperature controller, timers, push buttons, or heating elements? How do these failures typically manifest, and what are the consequences of such failures?",2
"How do different types of insulation used in industrial ovens affect their performance, and what are the most effective ways to maintain their effectiveness in various environmental conditions?",2
"How do vibration patterns in the oven change when a failure is imminent, and what are the potential causes of these changes?",2
How do the challenges faced by operators of industrial ovens compare to those faced by operators of other types of industrial equipment? Are there any common themes or differences in the challenges faced across different types of equipment?,2
"Can you discuss the various maintenance and repair strategies that can be used to extend the life of the electrical system in an industrial oven? For example, what types of routine maintenance tasks should be performed, and when should repairs be carried out?",2
"Can you provide examples of specific faults or issues that can cause a safety interlock sensor or wiring issue, and how are these issues typically identified and addressed?",2
"What are the most common door actuator failures in industrial ovens, and how can they be prevented or mitigated?",2
"What are the most common causes of cooling system failures in industrial ovens, and how can we prevent them?",2
"Can you discuss the potential consequences of a failure or degradation of a component in an industrial oven, including the impact on production, safety, and environmental factors?",2
"Can you discuss the importance of pressure sensor accuracy in industrial oven applications, and what are the consequences of inaccurate pressure readings?",2
Are there any specific design considerations that need to be taken into account when selecting a heating element for an industrial oven?,2
"How often should each of these maintenance practices be performed, and what are some common indicators that a particular practice is needed?",2
"What are the typical failure modes for the heating element, and how do they impact the performance of the temperature control system?",2
How does the temperature control system in Industrial Ovens handle temperature calibration and validation?,2
"Can you discuss the potential environmental impacts of insulation degradation in industrial ovens, such as increased energy consumption or emissions?",2
"How common is sensor calibration drift in temperature sensors, and what are some common causes of this issue?",2
Can you provide examples of how industrial ovens can be customized to meet specific industry or application requirements?,1
Can you provide examples of specific industrial oven applications where these sensors are commonly used?,1
How do air filtration systems improve drying efficiency in industrial ovens?,2
"What are some potential consequences of a cooling system failure in an industrial oven, and how can they be mitigated?",2
"Can you elaborate on the specific properties of nanomaterials, aerogels, and composites that make them effective in industrial oven insulation?",2
Can you discuss the different types of fire suppression systems used in industrial ovens and their effectiveness in extinguishing fires?,2
"How do corrosion and electrical faults typically manifest in industrial ovens, and how can gas sensors be used to detect these issues?",2
Can you explain the process of properly installing and calibrating sensors in industrial ovens to prevent sensor failure?,1
Can you explain the mechanism of how resistive heating elements generate heat? How does the resistance change with temperature?,2
"Can you provide examples of specific industrial oven applications where mitigation strategies need to be tailored to unique environmental factors, such as high-altitude or underwater environments?",2
"Can you elaborate on the different types of sensor failures that can occur in the temperature control system, and how do they impact the accuracy of temperature measurements?",2
Can you discuss any real-world examples of safety feature failures in industrial ovens and the consequences of such failures?,2
"How do ISO standards, such as ISO 14001, relate to industrial oven maintenance and repair, and what are the benefits of implementing these standards?",2
How do monitoring and alarm systems help operators to quickly identify and respond to deviations from setpoint conditions?,2
"How does thermal conductivity testing differ from acoustic emission testing, and what types of defects or damage can each test detect?",2
"How do changes in humidity levels affect the cooking time and quality of products in industrial ovens, and what are some ways to mitigate these effects?",2
How do temperature sensors need to be calibrated and maintained to ensure their accuracy and reliability in industrial oven environments?,2
How do the production schedules and maintenance records vary for different products and recipes? Are there any specific products or recipes that have a higher likelihood of anomalies?,2
"How do environmental factors, such as humidity and temperature, affect the performance and reliability of industrial ovens?",2
"How do the sensors and devices used in the industrial oven impact the energy efficiency and sustainability of the oven, and are there any opportunities to optimize their use to reduce energy consumption or waste?",2
"Can you discuss the various testing methods that can be used to assess the condition of refractory insulation materials, and their advantages and limitations?",2
What are the common causes of false activation or failure to activate for emergency stop buttons/switches and safety interlock switches?,2
Are there any regulatory or compliance considerations that must be taken into account when implementing anomaly detection systems in industrial ovens?,2
"Can you provide examples of industries that are particularly reliant on reliable temperature control systems in their ovens, and how do they typically address potential failure modes?",2
"Can you discuss the impact of environmental factors such as humidity and air quality on the lifespan and reliability of industrial oven components, and how can data analytics be used to predict and prevent component failures?",2
How does the oven's design and construction ensure that it meets the required safety standards and regulations for industrial equipment?,2
"Are there any specific environmental factors that could affect the industrial oven's performance and lead to anomalies, such as changes in air quality or altitude?",1
What are some common predictive maintenance techniques that can be used to detect potential failures in industrial ovens?,2
Are there any specific challenges or limitations that need to be considered when implementing industry standards and regulations in the context of anomaly detection models?,2
How do the thermal properties of the materials used in the construction of the oven impact the performance of the heating elements?,2
Can you provide more information on the specific types of insulation used in industrial ovens and how they can degrade over time?,2
What are some best practices for ensuring the calibration and maintenance of sensors used in industrial oven monitoring?,2
Can you provide examples of operating procedures that can help minimize the risk of environmental factor-related issues? How can operators and maintenance personnel ensure that these procedures are followed consistently?,2
How did the system detect the increase in motor temperature? Was it through a temperature sensor or another method?,2
What are some common degradation mechanisms in industrial ovens? How do they impact the performance and reliability of the equipment?,2
"Can you discuss the role of maintenance and cleaning schedules in mitigating the impact of environmental factors on industrial ovens, and how can data analytics be used to optimize these schedules and predict potential failures?",2
"What are some common failure modes or mechanisms for fans and blowers in industrial ovens? How can their degradation be detected before failure, and what maintenance strategies can be employed to prevent or mitigate these failures?",2
What are the typical warning signs or indicators that an industrial oven is experiencing overheating or electrical faults?,2
How does the cleaning and maintenance of the oven's exterior and interior surfaces help prevent insulation failure? Are there any specific cleaning methods or products that are recommended for this purpose?,2
"Can you explain how the cleaning and sanitizing system of an industrial oven works, and how does its failure impact the safety and quality of the final product?",2
"Can you provide examples of specific environmental factors that have contributed to failure modes in industrial ovens? For example, have you seen cases where high ambient temperatures or humidity have caused overheating or thermal fatigue?",2
"How do the fans and blowers circulate the air inside the oven, and how do they ensure consistent temperature across all areas?",2
"Can you provide examples of common mistakes or oversights that can lead to premature failure of fans and blowers in industrial ovens? How can these mistakes be avoided, and what are some best practices for ensuring proper installation, maintenance, and operation of these components?",2
"What are the most common failure modes for insulation, doors, and seals in industrial ovens, and how do they impact temperature control?",2
Can you elaborate on the specific types of thermocouples or infrared sensors used in industrial ovens and their advantages/disadvantages?,2
Are there any other systems or components that interact with the temperature control system and ventilation system in industrial ovens? How do these interactions affect the overall performance and reliability of the ovens?,2
"Can the oven's electrical supply be adjusted to accommodate different power requirements, and what are the potential risks or considerations when doing so?",2
Can you describe a typical temperature control system used in industrial ovens and how it regulates heat output?,2
Can you provide more information about the specific sections or requirements within OSHA regulations that are most relevant to anomaly detection in industrial ovens?,2
"How do you currently detect and diagnose environmental factor-related failures in industrial ovens? Are there any specific tools or techniques used, and how effective are they?",2
Can you explain the specific mechanisms used by the temperature sensors to provide feedback to the control system?,2
How does the model handle missing or incomplete sensor data? Are there any backup systems or redundancies in place to ensure that the model can still function even if some sensors are not working properly?,2
"How does the control panel's failure affect the overall performance of the oven, and what are the potential consequences of a malfunctioning control panel?",2
"Can you explain how reduced air circulation due to fan and blower failure can lead to production defects, and how common is this type of failure?",2
"How do thermocouples, thermistors, and RTDs differ in terms of their temperature measurement capabilities and limitations, and how do these differences impact their selection for specific industrial oven applications?",2
Can you describe a successful implementation of total productive maintenance (TPM) in an industrial setting? What were the key elements that made it successful?,2
"What are some advanced software and hardware solutions that can be used for real-time data processing and analytics in industrial oven monitoring, and what are their key features and capabilities?",2
"Are there any emerging trends or technologies in industrial oven design or monitoring that could potentially improve performance, reliability, or maintenance?",2
Can you provide an example of a time when condition-based maintenance detected a potential failure before it occurred?,2
"Can you provide more information on the specific components of an industrial oven that are most prone to failure, and how these components can fail?",1
"What are the most effective ways to clean and maintain industrial ovens to prevent dust and dirt accumulation, and how often should these activities be performed?",2
"What are some potential applications of using sensor data to predict failures in industrial ovens beyond just predicting failures, such as optimizing energy consumption or improving product quality?",2
Can you provide examples of specific industries or applications where proper belt tension is particularly critical for fan/blower performance and longevity?,2
Can you provide more information on the specific types of heating elements used in industrial ovens and their typical lifespan?,2
"Are there any specific sensors or monitoring systems that can be used to detect potential failure modes in industrial ovens, and how do these systems interact with the oven's control systems?",1
How does the temperature control system handle temperature ramping and temperature profiling? What are the typical temperature ramping and profiling scenarios used in industrial oven applications?,2
"Can you provide examples of successful implementations of reliability-centered maintenance approaches in industrial ovens, and what were some of the key factors that contributed to their success?",2
"How do the IoT/OT sensors and machine learning algorithms determine when maintenance is needed, and how does this proactive maintenance scheduling reduce downtime and increase efficiency?",2
What are the main factors that affect the choice of heating element for a specific industrial oven application?,2
How can the anomaly detection models be integrated with existing control systems and processes to ensure seamless implementation and operation in the industrial oven environment?,2
"Can you elaborate on the different types of redundancy that can be implemented in critical components, such as heating elements and temperature control systems?",2
"Can you provide examples of how AET can be used to monitor the effectiveness of maintenance and repairs, and to optimize the maintenance schedule for an industrial oven?",2
Can you provide an overview of the industrial oven's components and their functions? This will help identify the most critical components for which anomaly detection is crucial.,0
"How do you ensure that the training programs are tailored to the specific needs and learning styles of the operators, and that they are engaging and interactive?",2
Can you elaborate on the different types of sensor drift compensation techniques that can be implemented to mitigate sensor calibration errors?,2
"How can the data collected from regular maintenance activities be used to improve the training and validation of the anomaly detection model, and what techniques can be used to incorporate this data into the model?",2
"Can you provide examples of common instrumentation limitations in temperature measurement inside an industrial oven, and how can these limitations be mitigated?",2
"What are some common warning signs or indicators that a fan or blower is approaching failure, and how can we detect them?",1
"Can you provide examples of how an effective maintenance strategy can be implemented in an industrial setting, and what are the potential benefits of doing so?",1
"How can data from industrial ovens be used not only for predictive maintenance but also for process optimization and quality control, such as by monitoring temperature uniformity, pressure, and flow rates to ensure consistent product quality?",2
"Can you provide more information about the different types of temperature sensors used in industrial ovens, such as thermocouples, thermistors, and resistance temperature detectors?",2
"How do environmental factors such as humidity, altitude, or ambient temperature affect the performance of heating elements and burners in industrial ovens?",2
"Can you discuss any real-world examples of chemical-related failures or performance issues in industrial ovens that you have encountered, and how were they addressed?",2
Can you provide examples of control panel failures in industrial ovens and how they can be addressed?,2
Can you discuss the different types of current sensors available and their suitability for measuring current consumption in various industrial oven components?,1
"Can you provide some examples of industrial oven applications where closed-loop control is particularly important, such as in the production of chemicals, pharmaceuticals, or food products?",2
"Can you describe a time when a failure in the cooling system occurred, and how was it addressed and resolved?",2
Can you provide an example of a specific industrial oven application where PID control or MPC was used successfully? What were the benefits of using these control strategies?,2
"Are there any emerging technologies or trends in industrial oven safety monitoring that could potentially enhance the accuracy, reliability, or cost-effectiveness of the current methods?",2
How do you evaluate the effectiveness of the preventive maintenance strategies implemented for emergency stops and safety interlocks in industrial ovens?,2
Can you describe the process for detecting failure modes in the system? Are there any specific algorithms or machine learning models used for anomaly detection?,2
"Can you provide examples of how advanced analytics, such as machine learning or predictive modeling, can be applied to detect and predict power quality fluctuations in industrial ovens? How can these analytics be used to optimize oven performance and prevent failures?",2
Can you provide examples of how the failure of one component in an industrial oven can have a domino effect on other components or the overall performance of the oven?,2
"How do PM and PdM strategies for industrial ovens intersect with other maintenance strategies, such as condition-based maintenance and total productive maintenance, and what are some potential synergies or conflicts between these approaches?",2
"How do industry standards and regulations address the issue of data privacy and security, particularly in the context of anomaly detection models that may involve sensitive data?",2
Are there any emerging trends or technologies in thermal insulation materials that are being used in industrial ovens?,2
"How do industrial oven design and operation vary across different industries, such as food processing, pharmaceuticals, and aerospace, and what are some of the unique challenges and considerations for each industry?",2
"Can you discuss the various motor types used in fans and blowers (e.g. AC, DC, servo) and their advantages and disadvantages in terms of performance, efficiency, and maintenance?",1
How do the safety interlocks used in the oven's doors work? Are there any specific mechanisms or sensors used to detect when the doors are open or closed?,2
"How do the properties of the industrial oven itself, such as its size, shape, and insulation, affect the heating process and the potential for anomalies?",2
"Can you provide examples of how industrial oven operators have successfully implemented preventive maintenance programs and avoided costly repairs and downtime? What lessons can we learn from these case studies, and how can we apply them to our own maintenance strategies?",2
"How can data analytics be used to optimize the maintenance schedule and predict potential failures or degradations of components in an industrial oven, and what are some potential challenges or limitations of implementing such a system?",2
"Can you provide examples of how Industry 4.0 technologies, such as predictive maintenance and machine learning, can be applied to improve the reliability and performance of industrial ovens?",2
"Can you provide examples of actuator failure modes in industrial ovens? How do these failures impact the oven's operation, and what are the typical consequences?",2
"How do UL standards address the risk of explosions in industrial ovens, and what are some common explosion protection measures that manufacturers must implement?",2
How do the emerging trends and technologies in industrial oven heating elements impact the cost and feasibility of retrofitting existing industrial ovens versus purchasing new ones?,2
"Are there any specific environmental factors, such as temperature, humidity, or vibration, that can affect the operation of the industrial oven and its components?",0
"How do PM and PdM strategies impact the lifespan and overall cost of ownership of industrial ovens, and what are some strategies for optimizing these factors?",2
"How do factors such as temperature setting, airflow, and humidity affect the performance and lifespan of the heating element in an industrial oven?",2
Are there any specific regulations or standards that govern the design and maintenance of industrial ovens to ensure safe and efficient operation?,2
Can you provide examples of specific safety features that are commonly found in industrial ovens and how they are typically used?,2
"What are some common causes of calibration drift in controls and sensors, and how can it be prevented or mitigated?",2
"Can you explain how the temperature control system handles sudden changes in temperature, such as when the oven door is opened or closed?",2
How does implementing redundancy in sensor systems help to prevent sensor malfunctions and improve anomaly detection models?,2
"Can you explain the algorithms and models used to analyze the data collected from pressure sensors and gas sensors to detect potential safety issues, and how do they improve over time?",2
"How do the temperature sensors account for factors such as heat transfer, radiation, and convection, which can affect temperature uniformity inside the oven?",2
"What are some common issues or problems that can arise with thermal insulation in industrial ovens, and how can they be prevented or addressed?",2
"Are there any emerging trends or technologies that are being used to improve the reliability and efficiency of fan motors in industrial ovens, and how do they work?",2
"What are some common cleaning agents or manufacturing processes that introduce chemicals into industrial ovens, and how can their impact be minimized?",2
"How do control system issues typically manifest in the cooling system, and what are some common causes of these issues?",2
"Can you describe the insulation used in the temperature control system? What are its key properties, and how does it help maintain a consistent temperature within the oven chamber?",2
"Can you discuss the potential environmental impacts of insulation degradation in industrial ovens, such as energy consumption and greenhouse gas emissions?",1
Can you provide more information on the temperature control algorithm and how it accounts for changes in humidity and air flow?,2
"Can you provide examples of outliers that have occurred in the sensor data, and how were they identified and handled?",2
"Can you describe any challenges or limitations that you have encountered when implementing anomaly detection models in the Industrial Oven system, and how were they addressed?",2
What are some common warning signs or indicators that an industrial oven is experiencing performance issues due to environmental factors?,2
"Can you provide examples of energy efficiency measures that are commonly included in industrial ovens, such as insulation, efficient heating elements, and smart control systems, and how do these measures impact the overall energy consumption and cost of operation?",2
Can you provide more information about the historical data analysis component of the system? How does the model use historical data to identify trends and patterns that may indicate potential failures?,2
"How do you determine the appropriate placement and coverage of sensors in an industrial oven, and what factors do you consider when making this decision?",2
"Can you provide examples of real-world scenarios where heating elements have failed in industrial ovens, and how these failures were addressed? What were the root causes of the failures, and how could they have been prevented?",1
"How do the characteristics of the industrial oven itself, such as its size, shape, and materials used in its construction, affect the propagation of EMI and RFI within the oven?",2
"What are some common challenges or obstacles that need to be addressed when implementing temperature sensors in industrial ovens, and how can they be overcome?",2
What are some common causes of improper installation or poor maintenance of insulation in industrial ovens?,2
How do signal filtering and smoothing techniques help to improve sensor signal quality and reduce noise in industrial oven sensor data?,2
"Can you discuss the importance of safety systems in industrial ovens, and what are some common safety features that are often overlooked or underutilized?",2
Are there any specific industry standards or regulations that must be followed when designing and installing industrial oven doors and seals?,2
"How do temperature control systems and cooling systems fail, and what are the common failure modes?",2
Can you provide examples of how data analytics and machine learning have been successfully implemented in industrial oven maintenance and reliability in the past? What were the key factors that contributed to their success?,2
"How do you ensure that preventive maintenance tasks are performed correctly and effectively, and what metrics or KPIs are used to measure success?",2
"How do you assess the effectiveness of training programs for operators in terms of proper use and maintenance of safety features in industrial ovens, and what metrics do you use to evaluate their success?",1
"Can you explain the purpose of safety lighting in industrial ovens? What are the different types of safety lighting used, and how effective are they in providing visibility in case of a power outage or emergency?",2
How do you ensure that maintenance and monitoring strategies for industrial ovens are tailored to the specific needs of the asset and the environmental factors that affect its performance?,2
"How can the anomaly detection model be tailored to accommodate different types of industrial ovens, such as those used in food processing, chemical processing, or aerospace?",2
"What are some of the challenges or obstacles that need to be addressed when integrating the monitoring system with other systems, and how can they be overcome?",2
"Can you discuss the impact of air quality issues on industrial ovens, and what are some common solutions to address these issues?",2
"How do different types of temperature control systems (e.g. manual, automatic, semi-automatic) respond to sudden changes in temperature, and what are the advantages/disadvantages of each system in terms of reliability and safety?",2
"How do software updates and regular maintenance tasks, such as cleaning and replacing the heating element, impact the overall performance and lifespan of the Industrial Oven? Are there any specific best practices or schedules that operators should follow to ensure that these tasks are performed effectively?",2
"How effective are the current methods for detecting failures in safety features, such as visual inspection, functional testing, and preventive maintenance? Are there any limitations or areas for improvement?",2
How do different materials and finishes used in industrial oven construction impact the performance and lifespan of the oven and its components?,2
Are there any industry standards or regulations that must be followed when developing an anomaly detection model for industrial ovens?,2
How does the age of the oven impact the likelihood of failures? Are there any specific components that are more prone to failure as the oven ages?,1
"Can you provide examples of successful implementations of preventive maintenance programs for heating elements in industrial ovens, and what were some of the key elements of these programs?",2
"How does the temperature control system address safety concerns, such as overheating, electrical shock, and fire hazards? What are the safety features and protocols built into the system?",2
"Can you explain the role of gas sensors in monitoring the presence of specific gases or gas levels in industrial ovens, and how do they help prevent safety hazards?",2
"How do the specific application and industry of the industrial oven affect the likelihood and severity of different failure modes? For example, are certain industries (e.g. aerospace, automotive, or food processing) more prone to certain types of failures due to their specific requirements or operating conditions?",2
"What are some common warning signs or indicators that an industrial oven is likely to fail, and how can manufacturers detect these signs early on?",2
"How do temperature control systems in industrial ovens differ from those in other industrial settings, such as manufacturing plants or warehouses, in terms of their susceptibility to EMI and RFI?",2
"Can you discuss the role of operator training and awareness in ensuring the proper use and maintenance of emergency stops and safety interlocks, and how can operators be trained to recognize and respond to emergency situations?",2
"How does the oven's control system monitor and control the various components, such as the heating elements, conveyor belt, and curing lamps?",2
Can you elaborate on the specific advanced materials and technologies that are commonly used in industrial ovens to improve performance and reliability?,2
Can you provide more information on the specific types of materials and designs that are most resistant to thermal exposure and wear and tear in industrial ovens?,2
"How do the temperature controls and ventilation systems typically interact with each other in industrial ovens? For example, are there any specific scenarios where the temperature control system might override the ventilation system, or vice versa?",1
"Are there any specific environmental factors that can affect the performance of the industrial oven, such as humidity, air flow, or temperature?",1
What are some potential sources of error or inaccuracy in pressure sensor measurements in industrial ovens? How can these sources of error be minimized or eliminated?,2
"Can you discuss the role of humidity in insulation degradation, and are there any specific humidity levels or control strategies that can help mitigate the risk of degradation?",2
"Can you explain the different types of heating elements used in industrial ovens, such as electric heating elements, gas heating elements, or steam heating elements? How do they fail, and what are the common failure modes?",2
"Can you elaborate on the different types of temperature control systems used in industrial ovens, and their respective advantages and disadvantages?",2
"Are there any specific challenges or limitations in collecting and analyzing data from industrial ovens, such as noise, interference, or sensor calibration issues? If so, how can these challenges be addressed?",2
"Can you provide examples of any previous attempts to develop an anomaly detection model for industrial ovens, and what were the results?",2
Can you discuss the potential impact of maintenance and repair history on the performance and reliability of the industrial oven? Are there any specific maintenance practices or repair methods that could introduce anomalies or affect the accuracy of the model?,2
"How do the materials used in the construction of the oven, such as the insulation and door materials, affect the likelihood of failure? Are there any specific materials that are more prone to degradation or failure?",2
"Are there any specific industry standards or regulations that need to be considered when implementing emerging trends and technologies in industrial oven heating elements, and how can companies ensure compliance?",2
"Can you provide examples of specific cleaning chemicals, brushes, and other tools that are commonly used for cleaning and maintaining industrial ovens?",2
"Are there any emerging trends or technologies in the field of thermocouples or temperature probes that could potentially improve their accuracy, reliability, or durability in industrial oven applications?",2
How do different manufacturing processes impact the severity and detectability of industrial oven failures?,2
"What are some common failure modes or issues that can occur with industrial oven fans or blowers, and how can proper filter maintenance and replacement help prevent or mitigate these issues?",2
"What are some common mistakes or oversights that can lead to fan motor failure in industrial ovens, and how can we avoid them?",2
Can you discuss the role of preventive maintenance in reducing energy consumption and improving the overall efficiency of industrial ovens?,2
"Can you provide more information about the specific types of Statistical Process Control (SPC) methods used for temperature control systems? For example, are they using control charts, distribution charts, or other types of SPC methods?",2
Are there any regulatory or compliance requirements that we need to be aware of when building the anomaly detection model for the industrial oven?,1
"How do the severity and detectability ratings for anomalies in industrial ovens vary depending on the specific industry and application? For example, might the severity rating for a failure in the cooling system be higher in a pharmaceutical application where temperature control is critical?",2
"Are there any specific alarm or alert thresholds that need to be set for the anomaly detection model? If so, what are they, and how do they impact the model's performance?",1
How do you ensure that the data analytics and machine learning models are interpretable and explainable to the operators and maintenance personnel who need to use them?,2
"Can you explain the difference in temperature control strategies between convection, infrared radiation, and conduction, and in which situations would one method be more appropriate than the others?",2
"What are some common challenges or obstacles that manufacturers face when implementing quality control procedures, regular safety inspections, and proper maintenance in industrial ovens? How can these challenges be addressed?",2
How can industrial oven operators balance the need for proper ventilation and airflow with the need to minimize energy consumption and reduce costs?,2
Are there any specific industry standards or regulations that must be followed when designing and implementing a temperature control system for an industrial oven?,2
"Can you discuss the role of data analytics and machine learning in predicting and preventing industrial oven failure modes, and what are some examples of successful implementations in this area?",2
"Can you provide more information on the variations in temperature readings across different parts of the oven? How did the system identify these variations, and what were the root causes of the temperature differences?",2
How do you envision the integration of machine learning algorithms with other monitoring and control systems in industrial ovens to improve overall efficiency and quality?,2
Can you provide examples of specific degradation mechanisms that can lead to overheating or sparking in industrial ovens?,2
"How does the data backup process work? How frequently is data backed up, and how is it stored?",2
"How do safety risks associated with sudden changes in temperature vary across different industries and applications, and what are the most effective safety measures that can be implemented to mitigate these risks?",2
"How do you ensure that the control system is designed to handle the specific requirements and constraints of the industrial oven, such as temperature range, heating/cooling rates, and response time?",2
"Can you discuss the maintenance and inspection procedures that can help detect and address EMI and RFI issues in temperature control systems? How often should these procedures be performed, and what specific components or areas should be inspected?",2
"Can you provide examples of how environmental controls have been used to improve product quality, reduce waste, or increase efficiency in specific industrial processes?",2
"How do the materials used in industrial oven construction, such as refractory materials and insulation, affect the oven's energy efficiency and operating costs?",2
"How can data analytics be used to track and analyze operator performance during emergency situations, and what insights can be gained from this data to improve operator training and emergency response procedures?",2
"How does air infiltration affect the performance of insulation in industrial ovens, and are there any specific sealing or weatherstripping methods that can help reduce air infiltration and improve insulation performance?",2
How can manufacturers ensure that the oven chamber is properly sealed and insulated to prevent heat loss and maintain a consistent temperature?,2
Are there any industry standards or regulations that govern the use and maintenance of sensors in industrial ovens?,2
Are there any industry-standard guidelines or regulations that must be followed when performing maintenance activities on industrial oven components?,2
"How often should temperature sensors be calibrated, and what are the industry standards for calibration intervals?",2
How do you ensure that maintenance activities do not introduce new failures or defects into the system?,2
"What are some common signs of worn-out bearings in industrial ovens, and how can they be addressed?",2
"Can you provide examples of how regular inspection and maintenance of the temperature control system, including the temperature sensor, temperature controller, and heating/cooling element, can help prevent failure modes in industrial ovens?",2
Can you elaborate on the different types of fans used in industrial ovens and their specific purposes?,2
"Can you provide examples of specific components or parts that are most susceptible to failure in the heating elements, control panel, insulation, and door seals? How do these failures typically occur, and what are the consequences of each failure?",2
"Can you discuss the importance of proper belt tensioning in preventing fan motor failure, and how can we ensure that belts are properly tensioned?",2
"Can you provide more information on the specific types of heating elements used in industrial ovens and their potential failure modes? For example, what are the most common types of heating elements used, and how do their failure mechanisms differ?",2
"Are there any safety features built into the temperature control system to prevent overheating or underheating of the oven chamber, and how do they work?",2
"Can you discuss the potential benefits of using cloud-based infrastructure and services for storing, processing, and analyzing data from industrial ovens, such as scalability, cost-effectiveness, and ease of deployment?",2
"How can data analytics and machine learning be applied to predict and prevent industrial oven failures, and what are some challenges and limitations of these approaches?",2
Can you explain the mechanism by which the doors and seals prevent heat loss? Are there any specific materials or designs used to ensure tight fitting and minimize air leakage?,1
Can you explain how statistical process control (SPC) is used to monitor and control processes in industrial ovens? Are there specific SPC methods or tools that are commonly used in this context?,2
"How does temperature uniformity testing ensure the quality of the cooking process, and what are the potential consequences of temperature non-uniformity?",2
Are there any industry standards or regulations that govern the use of insulation materials in industrial ovens? How do these standards vary depending on the specific industry or location?,2
"How does the thermal resistance of insulation materials change over time, and what factors can affect their long-term performance?",2
How does a Failure Modes and Effects Analysis (FMEA) help reliability engineers identify and prioritize potential failure modes in industrial ovens?,2
"Can you provide examples of how technology, such as IoT sensors and data analytics, can be used to improve industrial oven maintenance and repair?",2
Are there any specific maintenance schedules or procedures that should be followed to ensure the longevity and reliability of the cooling system components?,2
"Can you provide examples of production inefficiencies that can result from environmental factors in industrial ovens, and how can they be addressed?",2
"Can you provide examples of environmental factors that can affect the control systems in industrial ovens, and how can these factors be monitored and controlled?",2
"Can you discuss some common mistakes or oversights that operators make when maintaining fans and blowers in industrial ovens, and how can these mistakes be avoided?",2
"Can you provide examples of specific maintenance and repair strategies that can be used to extend the life of industrial oven components? For example, what types of coatings or treatments can be applied to protect the heating elements from corrosion, or what types of insulation materials are most effective at reducing heat loss?",2
"How do different types of industrial ovens (e.g. convection, radiation, or combination ovens) respond differently to environmental factors such as humidity, air temperature, and dust?",2
"How do the design and engineering features mentioned in the summary impact the overall cost and efficiency of the industrial oven? Are there any trade-offs between safety, reliability, and maintainability?",2
"Can you elaborate on the most common types of electric heating elements used in industrial ovens? What are their specific characteristics, and how do they differ from each other?",2
What are some common patterns and trends that indicate when maintenance is needed for an industrial oven?,2
"How do the sensors handle extreme values, such as very high or very low temperatures, pressures, or flow rates?",1
Can you discuss the role of data analytics in monitoring and predicting potential failure modes in industrial ovens? How can data analytics be used to improve the performance and efficiency of the oven?,2
"How do industrial oven temperature control systems ensure compliance with regulatory requirements and standards, such as those related to product safety and quality?",2
"How do different types of industrial ovens (e.g., conveyor, batch, etc.) affect the temperature control and ventilation systems?",2
"Can you discuss the most common temperature fluctuations that industrial ovens experience, and how do they affect oven components?",2
Can you discuss the importance of proper ventilation in industrial ovens and how it can help prevent moisture buildup and other issues?,2
"Can you provide examples of how the detection of anomalies in industrial ovens has led to improved production efficiency, quality, or safety?",2
Can you discuss the maintenance and repair requirements for each type of heating element? How can we prolong their lifespan and prevent failures?,2
How does the age of the oven affect the likelihood of failure? Are there any specific components that are more prone to failure as the oven gets older?,2
"Can you provide examples of any advanced technologies or techniques that can be used to mitigate EMI and RFI effects in temperature control systems, such as active noise cancellation or adaptive filtering?",2
"How do factors such as humidity and air flow affect the efficiency and lifespan of heating elements in industrial ovens, and how can they be managed to optimize performance?",2
How often should regular maintenance and cleaning of burners be performed to prevent clogged burners and ensure proper airflow?,2
"Can you provide examples of specific maintenance tasks that should be performed regularly to prevent fan and blower failures, and how often should they be performed?",1
"Are there any specific areas of the oven that are more prone to failure, and if so, how can the model be tailored to detect anomalies in those areas?",1
"What are some common patterns or anomalies that the models may detect in the data, and how do these correspond to specific issues or faults in the industrial oven environment?",2
"How does inadequate insulation affect the temperature control system in an industrial oven, and what are some common ways to improve insulation in such systems?",2
How does the control system account for variations in the thermal properties of different products being processed?,2
Can you provide examples of specific industrial oven applications where air quality and temperature control are particularly critical?,2
Can you discuss the potential safety hazards associated with fan and blower failures in industrial ovens? How can these hazards be mitigated?,2
"How often should the performance of the oven and its components be monitored, and what are some common indicators of potential failures?",2
How can manufacturers ensure that their industrial ovens are operating within safe temperature ranges and that the risk of overheating or underheating is minimized?,2
"How do industry-specific guidelines, such as those for the food and pharmaceutical industries, differ from general guidelines such as OSHA regulations and NFPA standards?",2
"What are some potential safety hazards associated with industrial ovens that can be mitigated by detecting early signs of failure, and how can sensor data be used to identify these hazards?",2
"How often should industrial ovens be inspected and maintained to ensure the proper functioning of safety features, and what are the potential consequences of neglecting maintenance?",2
"Can you discuss the potential causes of false positives or false negatives in AET, and how can they be mitigated?",2
"What are the most common failure modes for industrial ovens, and how do they impact product quality and manufacturing downtime?",2
"Can you discuss the importance of proper maintenance and upkeep of heating elements to prevent failure? For example, what are some common maintenance tasks that should be performed regularly, and how can data analytics be used to monitor and predict maintenance needs?",2
Can you explain the mechanism of how temperature sensors monitor the temperature inside the oven and ensure that it remains within set limits?,2
"Can you discuss some potential future developments or advancements in industrial oven monitoring technology, and how might these impact the data scientist's role in this field?",2
"What are some common challenges or obstacles that need to be addressed when implementing modern technologies and sensors for monitoring industrial oven fans and blowers, and how can they be overcome?",2
"What are the most common causes of fan and blower failures in industrial ovens, and how can they be prevented?",2
Are there any emerging technologies or trends in industrial oven motor and control system design that could improve reliability and efficiency?,2
"Can you discuss the factors that affect the selection of a specific type of heating element for a particular application? For example, what are the considerations for choosing between a coil, film, or strip heating element?",2
"How do you ensure that the anomaly detection model is adaptable to different types of industrial ovens or production processes, and can be easily integrated with existing equipment and systems?",2
How do the temperature range and power output of resistance heating elements compare to those of infrared heating elements? Are there any specific applications where one type of heating element is more suitable than the other?,2
"How do advancements in technology, such as smart sensors and predictive analytics, impact the monitoring and maintenance of heating elements in industrial ovens?",2
"Are there any specific types of motors or components that are more prone to failure in industrial ovens, and why?",2
"Can you provide more details about the components of the industrial oven and their interactions? For example, what are the specific components, how do they interact with each other, and what are the potential failure modes?",1
"Can you discuss the different methods used to measure temperature uniformity in industrial ovens, and how do these methods help prevent failures?",2
"Can you provide examples of specific failure modes and reasons that have been observed in industrial ovens, and how did they occur? For example, what caused a particular overheating incident, and how did it damage the oven's components?",2
"How do industry-specific standards, such as those set by ASME, impact the design, manufacturing, and operation of industrial ovens?",2
What are some common misconceptions or myths about industrial oven maintenance that can lead to failures?,1
Are there any specific maintenance or inspection procedures that can help extend the lifespan of industrial oven components or identify potential failure modes before they occur?,2
"Can you provide examples of specific industries or applications where industrial ovens are commonly used, and how do the cooling system requirements vary across these different industries?",2
"Can you provide information on the typical lifespan of each type of industrial oven, and how does it vary depending on environmental factors and maintenance schedules? For example, how long can a Despatch oven last under normal operating conditions, and how does that lifespan change if the oven is exposed to frequent pressure changes?",2
"Can you discuss the importance of real-time data processing in the control system, and how does it help in detecting potential failure modes and preventing downtime?",2
"How do humidity sensors impact energy efficiency and sustainability in industrial oven environments, and are there any opportunities for improvement in these areas?",2
"Can you provide examples of specific high-temperature bearing materials that are commonly used in industrial ovens and how they compare in terms of cost, performance, and lifespan?",2
"How can companies prioritize and address potential failure modes in their industrial ovens, considering factors such as likelihood of occurrence, potential impact, and feasibility of mitigation?",2
Are there any specific sensor technologies or monitoring systems that can help detect environmental factor-related degradation in an industrial oven?,2
"Can you provide more information about the environmental conditions that can affect the doors and seals, such as temperature and humidity ranges?",2
"Can you provide examples of specific industrial oven applications where refractory insulation materials have been used successfully, and what were the key factors that contributed to their success?",2
"What are the most common software or hardware components that fail in industrial ovens with control systems, and how can these failures be prevented or mitigated?",2
How do you prioritize maintenance activities when using a condition-based maintenance program that incorporates both predictive and preventive maintenance strategies?,2
"What are some common lubricants used for door seals in industrial ovens, and how do their properties affect the performance and lifespan of the seals?",2
Can you provide examples of diagnostic tests or alarm systems that can be used to detect potential failures in industrial ovens?,2
"Can you discuss the role of operator training and human factors in preventing industrial oven failures, and how can companies ensure that their operators are adequately trained and equipped to handle the equipment?",2
"What are some common warning signs or indicators that an industrial oven is experiencing a failure mode, and how can operators be trained to identify them?",2
How often should temperature monitoring and visual inspections be performed to ensure early detection of potential failure modes in industrial ovens?,2
"How do door seal failures in industrial ovens impact product quality and production processes, and what are the common causes of door seal failure?",2
Can you provide examples of environmental controls that are commonly used in industrial ovens to meet ISO standards for environmental management?,1
How can operators and maintenance personnel ensure that they are staying up-to-date with the latest best practices and technologies related to industrial oven operation and maintenance? Are there any resources or training programs that they can utilize?,2
"What are some common warning signs that indicate a heating element is nearing failure, and how can maintenance personnel be trained to identify them?",2
Can you provide more information on the specific components of an industrial oven that are most susceptible to degradation from environmental factors?,2
"Can you provide examples of potential safety hazards, fire hazards, emissions, and quality issues that the anomaly detection model should be designed to detect? How do these issues typically manifest in an industrial oven, and what are the potential consequences of not detecting them?",2
How do the data storage requirements and communication overheads impact the choice of data collection rate and sampling interval?,2
What are some common warning signs that an industrial oven may be due for maintenance or testing?,2
Can you discuss the importance of proper installation and maintenance of heating elements in preventing failures? What are some common mistakes or oversights that can lead to premature failure of heating elements?,2
Can you provide more information on the typical lifespan of each mechanical and electrical component in an industrial oven? This would help us better understand when to expect wear and tear and plan for maintenance and replacement.,2
"What are some potential consequences of failing to properly maintain or test emergency stops and safety interlocks, and how can these be mitigated through regular inspections and maintenance?",2
"How do industrial oven failures due to environmental factors impact product quality and customer satisfaction, and what are some strategies for mitigating these impacts?",2
"How do the temperature control system and the heating elements interact, and what are some potential failure modes that could occur at the interface between these two components?",1
How do you ensure that the metrics used to evaluate training programs are aligned with the organization's overall goals and objectives?,2
"How can we account for variability in the product itself, such as differences in material composition or moisture content, when developing the anomaly detection model?",2
"How do the cooling systems in industrial ovens differ from those in other high-temperature applications, such as furnaces or boilers?",2
How does the oven's temperature control system ensure uniform heating across the 10 heating zones?,2
"Can you explain how safety doors, safety screens, and emergency stop buttons differ in their design and functionality between the food industry and chemical industry?",2
Can you discuss some common challenges or obstacles that arise when trying to accurately measure temperature inside an industrial oven?,1
"How do industrial ovens used in different industries, such as aerospace, automotive, and food processing, differ in terms of their design, materials, and performance requirements?",2
"Can you explain the significance of temperature stability and uniformity in the context of industrial ovens? How do these metrics impact the quality of the products being manufactured, and what are the consequences of non-compliance?",2
"Can you discuss the role of variable frequency drives (VFDs) and servo drives in controlling motor speed, and how they impact the efficiency and performance of the motor?",2
"Can you discuss the advantages and disadvantages of using different materials, such as carbon steel, stainless steel, and aluminized steel, for the outer shell and internal components of industrial ovens?",2
"Can you provide examples of specific industrial oven applications where maintaining proper air flow is particularly critical, and what the consequences might be if hot spots or uneven heating/cooling occur?",2
"How do controller and actuator failures impact the temperature control system's ability to regulate temperature, and what are some common causes of these failures?",2
"How do environmental factors such as temperature, humidity, and air flow impact the performance and lifespan of industrial ovens?",2
Can you describe the communication protocols used between the PLC and sensors or actuators? Are there any redundancies or fail-safes in place to ensure reliable communication?,2
How often should calibration and maintenance be performed on these sensors to ensure optimal performance?,2
What are some common misconceptions or misunderstandings about NFPA standards for industrial ovens? How can these be addressed through education and training?,2
Can you provide examples of specific industry or application requirements that have driven the customization of industrial ovens?,2
Can you elaborate on the specific materials and coatings that can be used to enhance the thermal conductivity and protect against corrosion and oxidation of heating elements?,2
"How do you handle situations where a fan or blower failure occurs unexpectedly, and how can we minimize downtime in these situations?",2
How do different types of materials used in the construction of industrial ovens affect their thermal efficiency and susceptibility to moisture intrusion?,2
What are some common misconceptions or misunderstandings about insulation degradation in industrial ovens that you have encountered?,1
"How often should regular maintenance be performed on industrial ovens to prevent failures? For example, how often should hinges and latches be lubricated, and how often should other components be inspected and replaced?",2
"Can you discuss the importance of proper maintenance and repair practices for industrial ovens, and how can these practices be optimized to reduce downtime and improve equipment performance?",2
"Can you provide examples of how you have implemented and monitored the maintenance and inspection schedule in the past, and what metrics do you use to measure its effectiveness?",2
"Are there any specific regulatory or compliance requirements that dictate the use of vibration analysis in industrial ovens, and how does it fit into a broader maintenance strategy?",2
"How do the properties of refractory insulation materials, such as thermal conductivity and durability, affect the overall energy efficiency and productivity of an industrial oven?",2
"How do doors and seals fail in industrial ovens, and what are the common causes of these failures?",2
What are some common misconfigurations or incorrect settings that can occur during the installation or maintenance of the industrial oven's control system? How can these issues be identified and resolved?,2
"Can you discuss the impact of environmental factors on the lifespan and reliability of industrial ovens? How can exposure to certain environmental conditions affect the oven's longevity, and what steps can be taken to extend its lifespan?",2
How do the maintenance and testing schedules for industrial ovens vary depending on the specific industry or application?,2
"Are there any specific challenges or considerations when designing and implementing fan systems for industrial ovens, such as size constraints, noise reduction, or energy efficiency?",2
"Can you provide examples of specific failure modes that have occurred in industrial ovens, and how they were addressed?",2
How does the type of heating element used in an industrial oven affect the choice of insulation material?,2
"Can you provide examples of how the design and operation of industrial ovens have evolved over time to accommodate changing product requirements or advances in technology? How have these changes impacted the efficiency, productivity, and safety of the ovens?",2
"How does the temperature control system interface with other systems in the industrial oven, such as the control system for the conveyor belt or the exhaust system?",2
"How do power quality fluctuations affect the energy efficiency of industrial ovens, and what measures can be taken to minimize energy waste and optimize oven performance?",2
"How do the costs of refractory insulation materials compare to other types of insulation materials, such as fiberglass or mineral wool, in terms of upfront cost, maintenance cost, and lifespan?",2
"How can data analytics and IoT technologies be used to monitor and optimize the maintenance cycles of industrial ovens, and what are some potential challenges or limitations associated with these approaches?",2
How does the control panel ensure that the oven's temperature remains within the setpoint range? What are the consequences of temperature deviations?,2
"Can you explain the most common causes of motor failure in industrial ovens, and how can we monitor and prevent overheating and electrical faults?",2
"How do environmental conditions, such as humidity or air quality, impact the performance of industrial ovens? Are there any specific environmental factors that are known to cause issues with temperature uniformity or heat transfer?",2
Can you provide examples of specific industrial oven applications where environmental factors such as humidity and air quality have had a significant impact on performance and failure modes?,2
"Can you discuss the potential impact of human factors on the accuracy and reliability of the anomaly detection model? For example, are there any specific types of user error or bias that could affect the model's performance?",2
"Can you provide examples of how data analytics and predictive maintenance can be applied to industrial ovens to predict and prevent failures, and what are some of the key data points that should be monitored and analyzed?",2
Are there any specific regulatory or compliance requirements that the anomaly model must adhere to? Are there any specific data privacy or security concerns that need to be addressed?,2
Can you provide information on the specific temperature ranges and humidity levels that are typically used for different types of products during the heating process?,2
"Are there any regulatory or industry standards that govern the design and operation of industrial ovens, and how do these standards address the challenges faced by operators?",2
"Can you provide more information about the specific safety interlocks that are typically used in industrial ovens? For example, are there any specific types of sensors or switches that are commonly used to detect door position, overloading, or other safety hazards?",1
"What types of temperature sensors are typically used in the air circulation system, and how do they provide feedback to the control system? Are there any specific challenges or limitations associated with measuring temperature in an industrial oven environment?",2
"Can you provide examples of environmental factors that can cause false triggers in industrial ovens, and how can proper installation and maintenance help minimize these risks?",2
"How often should the control panel be tested, and what tests should be performed to ensure it is functioning properly?",2
"How do environmental factors affect the lifespan of industrial oven components, and what are some strategies for extending their lifespan through regular maintenance and monitoring?",2
"Can you discuss some common thermal protection measures that can be implemented to protect fans and blowers from high temperatures, and how effective are they in different industrial oven settings?",2
"How do vibrations affect the lifespan of industrial oven components, and what are the potential costs associated with replacing components that have failed due to vibrations?",2
"How do the operating conditions of an industrial oven, such as temperature, humidity, and air flow, affect the performance and lifespan of heating elements? Are there any specific design features or modifications that can be made to improve the performance and reliability of heating elements in harsh operating conditions?",2
"What are some common corrosion-detecting techniques used in industrial ovens, and how effective are they in detecting early signs of corrosion?",2
Can you describe the typical maintenance and repair procedures for the temperature control system? What are the recommended maintenance schedules and procedures for the different components of the system?,2
"Can you explain the different types of temperature sensors used in the temperature control system, their advantages, and disadvantages?",2
"What are some common challenges or limitations associated with monitoring industrial oven performance using these sensors, and how can they be addressed?",1
Are there any specific maintenance tasks or procedures that are particularly effective in preventing or mitigating the impact of high severity and detectability failure modes in industrial ovens?,2
What are some common failure modes or warning signs that indicate an air filtration system is needed or not functioning properly in an industrial oven?,2
"Can you discuss the role of machine learning and artificial intelligence in sensor-based monitoring systems for industrial ovens, and how these technologies can be used to improve predictive maintenance and fault detection?",2
Can you explain how ASME standards for pressure vessels and boilers apply to industrial ovens? Are there any specific design or construction requirements that must be met?,1
"Can you discuss the potential impact of environmental factors, such as dust, moisture, or extreme temperatures, on the performance and reliability of the sensors and monitoring system?",2
"Can you discuss the role of regular exercise and maintenance in preventing failures in pumps, valves, and seals, and how these practices can be incorporated into the routine maintenance schedule of an industrial oven?",2
"How do the lifespan and maintenance requirements of coils, tubes, and plates differ from each other?",2
"Can you provide more information on the typical lifespan of heating elements in industrial ovens, and how it can be extended?",2
"Can you discuss the importance of motor sizing and selection in relation to the specific application, and how this can impact the performance and efficiency of the system?",2
How often should filters be cleaned or replaced to prevent false triggers in industrial ovens?,2
Are there any specific industry standards or regulations that must be followed when monitoring the performance of industrial ovens? Are there any specific metrics or KPIs that are commonly used to evaluate oven performance?,2
"What are the most common causes of thermocouple malfunctioning in industrial ovens, and how can they be prevented?",2
"Can you provide examples of common manufacturing defects that can lead to cracks, weak spots, or incorrect wiring in the heating element or temperature control system? How do these defects typically arise during the manufacturing process?",2
"How do the materials used in industrial oven construction affect its thermal insulation properties, and what are the trade-offs between material choice and cost, weight, and maintenance requirements?",2
"How do the failure modes and degradation mechanisms of the different components interact with each other, and what are the potential consequences of these interactions for the overall performance and safety of the industrial oven?",1
"How do the failure rates of industrial ovens in the chemical processing industry compare to other industries, and what are some unique challenges associated with maintaining these ovens in harsh chemical environments?",2
"Are there any specific maintenance tasks or procedures that are commonly performed on industrial ovens, and how do these tasks affect the sensor data?",2
"Can you provide examples of how sensor data can be used to monitor industrial oven performance, and what are some common metrics that are used to evaluate performance?",2
"Are there any opportunities to use unsupervised machine learning techniques, such as clustering or dimensionality reduction, to identify patterns or anomalies in industrial oven controller data?",2
"Can you describe a time when the temperature control system failed, and how was the issue resolved? What changes were made to prevent similar failures in the future?",2
"How do the environmental factors, such as temperature and humidity, affect the energy efficiency of conveyor belt ovens and batch ovens?",2
"Can you discuss the cost-benefit analysis of using high-temperature resistant materials for the heating elements, and how does it impact the overall cost of ownership and maintenance of the industrial oven?",2
Can you discuss the impact of temperature and humidity fluctuations on the performance of industrial ovens?,1
Can you explain the process of analyzing data collected from thermal imaging cameras to identify potential failures? Are there any specific algorithms or techniques used?,2
"What are some common signs of overloading in industrial ovens, and how can operators monitor and prevent overloading to extend the lifespan of the oven?",2
Are there any specific regulations or standards that must be followed when designing and maintaining industrial ovens to prevent equipment failure and ensure safety?,2
"How do humidity sensors integrate with other control systems, such as temperature control systems, in industrial oven environments?",2
Can you provide examples of specific preventive maintenance strategies that manufacturers can implement to prevent industrial oven failures?,2
Can you discuss the potential consequences of not properly maintaining or repairing industrial oven motors and control systems?,2
"Can you provide examples of how regular maintenance and inspection can help prevent or mitigate mechanical failures in industrial ovens, and what are some common challenges or obstacles that need to be addressed when implementing regular maintenance and inspection protocols?",2
"How do the materials and construction of fans and blowers used in industrial ovens differ from those used in other industrial settings? Are there any specific materials or designs that are better suited for oven applications, and why?",2
"Are there any other potential failure modes that could impact the oven's performance, such as issues with the electrical systems or mechanical components?",1
"How do the sensors and monitoring system account for any variations in the oven's performance or environment that are not related to failures, such as changes in production schedules or raw materials?",2
"Can you explain the different methods used to detect anomalies in the temperature control system, such as monitoring temperature readings, monitoring controller output, and monitoring heating element performance? What are the advantages and limitations of each method?",2
"How do the safety features of the industrial oven integrate with other systems in the factory, such as ventilation and fire suppression systems? Are there any specific protocols or standards that must be followed?",2
"Can you discuss the importance of proper installation, maintenance, and monitoring of air filtration systems to ensure optimal performance and minimize downtime in industrial ovens?",2
"How does the product conveyor system interact with the other components of the oven, and what are some potential failure modes that could occur during the conveyor process?",1
"Can you provide examples of specific industrial oven components that are most susceptible to power quality fluctuations, and how do these fluctuations affect their performance and lifespan?",2
"How does vibration affect industrial ovens, and what are some common sources of vibration in these systems?",2
Can you provide examples of specific industrial oven applications where insulation degradation is a critical issue?,1
"Can you provide more information about the temperature control system's override priority during startup and shutdown? How does it determine when to take priority, and how long does it typically take to reach the desired temperature or cool down?",2
Can you provide examples of specific types of industrial ovens where these maintenance practices are particularly important?,2
"How can the impact of human factors on industrial oven failures be assessed and quantified, and what metrics can be used to measure the effectiveness of design considerations and training programs?",2
"Can you discuss the design practices that can help reduce the impact of EMI and RFI on temperature control systems? For example, how does the separation of sensitive components from noise sources help mitigate these effects?",2
"How do the maintenance costs of AC, DC, and servo motors compare, especially in the long term? Are there any specific maintenance tasks that are more or less frequent for one type of motor versus another?",2
"How do you handle missing or incomplete data from sensors, and what techniques are used to fill in gaps or make predictions about oven performance?",2
"How do air filtration systems interact with other components of an industrial oven, such as heating elements, control systems, and exhaust systems?",2
Can you provide more information about the limited training data available for anomaly detection models in industrial ovens? How do you think data augmentation techniques could help address this limitation?,2
How can operators monitor temperature readings and controller performance to identify potential issues before they become major problems?,2
Can you provide examples of successful implementations of design considerations and training programs that have resulted in reduced industrial oven failures and improved overall equipment performance?,2
Are there any specific tools or equipment that are necessary for performing maintenance procedures on industrial ovens?,2
"Can you discuss the importance of operator training in relation to the proper use and maintenance of industrial ovens, and how can operators be trained to effectively use safety features?",2
"Can you provide examples of specific failure modes that can occur in industrial ovens, and how they can be detected using sensor data?",2
"Can you provide examples of specific warning signs that may indicate control panel failure, such as unusual noises or smells?",2
"How do the fans in an industrial oven contribute to temperature uniformity, and what are the common issues that can arise with fan performance?",2
"What are some common warning signs or indicators that an industrial oven component is nearing failure, and how can we detect them?",2
How does the air circulation system handle variations in air density and pressure within the oven chamber? Are there any specific components or design features that help to mitigate the effects of these variations?,2
Can you describe the different types of safety thermal cut-offs (STCOs) used in industrial ovens and their specific functions?,2
"Can you discuss the maintenance schedules and procedures for industrial ovens, and how do they impact the accuracy of anomaly detection models?",2
"How often should thermal uniformity testing be performed, and what are the acceptable tolerances for temperature variation within the oven?",1
"Can you provide examples of specific industrial oven applications where thermowells are particularly useful, and how do their designs and materials impact their performance?",2
How does the interaction between different chemicals used in industrial ovens affect their performance and longevity?,2
"Can you provide more information about the sensors used to monitor the oven's temperature, humidity, and other parameters? What types of sensors are used, and how do they work?",2
How do the severity and detectability ratings of anomalies in industrial ovens change depending on the specific sensor data and failure mode?,2
"Can you provide examples of personal protective equipment that operators should wear when working with industrial ovens, and what are the proper procedures for lockout/tagout?",2
"How do power fluctuations affect industrial ovens, and what are some ways to ensure a stable power supply?",2
How do ISO 12100:2010 and IEC 60204-1 standards address the safety of control systems and electrical equipment in industrial ovens?,2
"What are some common challenges or obstacles that arise when implementing humidity sensors in industrial oven environments, and how can they be addressed?",2
"How do the quality control procedures account for changes in the oven's performance over time? Are there any methods used to monitor and adjust for drift in the sensor data, and how do these methods ensure that the data remains accurate and reliable?",2
"Can you provide more information about the sensors used in the industrial oven's control system? What types of sensors are used, and how do they measure the operating conditions of the oven?",2
"Can you explain how the fans and blowers are designed to circulate air within the oven, and what are some common failure modes that could occur in these components?",1
"What are some common misconceptions or misunderstandings about insulation degradation in industrial ovens, and how can they be addressed?",2
"How do industrial oven failures impact the production process, and what steps can manufacturers take to minimize downtime and increase production efficiency?",2
"How do environmental factors, such as humidity, temperature, and air quality, affect the degradation mechanisms in industrial ovens, and how can these factors be controlled or mitigated?",2
"Can you discuss the role of machine learning and data analytics in predicting fan or blower failure, and how can we leverage these tools to improve the maintenance program?",2
What are some common warning signs or indicators that suggest a sensor may be failing or requires calibration?,2
Are there any specific industry-standard practices or guidelines for maintaining and repairing temperature control systems to prevent failures? How do maintenance and repair schedules impact temperature control system performance?,2
"Can you explain the concept of ""leaks"" in the oven cavity and how they can affect temperature control?",2
What are the most common causes of false triggers for emergency stops and safety interlocks in industrial ovens?,1
"How can emergency procedures be effectively communicated to operators, and what are some strategies for ensuring that operators understand and follow these procedures?",2
"How do the failure modes of electric heating elements (overheating, thermal fatigue, and corrosion) differ in terms of their causes and effects on the oven's performance?",2
"Can you provide examples of successful case studies or real-world applications where predictive maintenance strategies have been implemented to prevent failures in industrial ovens, and what were the key factors that contributed to their success?",2
"How do the materials used in the construction of heating elements impact their lifespan and resistance to failure? For example, are there any specific materials that are more resistant to thermal fatigue or corrosion?",2
"What are some common failure modes of door seals and sweeps in industrial ovens, and how can they be detected and prevented?",2
"How do buildup of powder coatings, moisture, or contaminants on oven walls and racks affect the quality of the final product? Are there any specific cleaning or maintenance procedures that can help prevent or remove these buildups?",2
"What are some common mistakes or oversights that operators and maintenance personnel make when it comes to maintaining emergency stops and safety interlocks, and how can these be avoided?",2
"What are the most common applications of industrial ovens in different industries, and how do the temperature control systems used in these ovens differ?",2
How does the temperature control system account for variations in the thermal properties of different materials being processed in the oven?,2
"How can data analytics and machine learning be applied to predict and prevent failures in industrial ovens, and what are some potential benefits and limitations of these approaches?",2
How can data analytics and predictive maintenance be used to detect early warning signs of heating element failure and prevent unplanned downtime?,2
"How do you see these emerging trends and technologies evolving in the future, and what new developments or innovations can we expect to see in the field of industrial oven insulation?",2
"Can you discuss some advanced features or technologies that are being incorporated into modern industrial oven temperature control systems, such as machine learning algorithms or predictive maintenance capabilities?",2
"How does the temperature control system ensure that the oven chamber is heated uniformly, and what are the potential consequences of non-uniform heating?",2
"How do you prioritize maintenance procedures when there are multiple ovens in operation, and how do you ensure that all ovens receive the necessary maintenance attention?",2
"How do power quality fluctuations affect industrial oven components such as heating elements, motors, and control systems?",1
Are there any specific industry standards or regulations that must be followed when maintaining and repairing industrial ovens? Are there any recommended practices or guidelines that should be followed to ensure optimal performance and safety?,2
Are there any specific regulations or industry standards that must be followed when it comes to the maintenance and testing of emergency stops and safety interlocks in industrial ovens?,2
How does the system handle temperature control during startup and shutdown? Are there specific procedures in place to ensure stable temperature control during these periods?,2
"Are there any specific challenges or limitations associated with implementing the system in industrial oven environments, and how can they be addressed?",2
"Can you provide examples of specific failure modes for emergency stops and safety interlocks, and how they can be addressed?",1
"Can you provide more information on the specific materials used for the heating elements in the industrial oven, and how do their properties affect their performance and lifespan?",2
How can data analytics and machine learning be applied to the data collected from sensors in industrial oven monitoring to improve process efficiency and product quality?,2
"Are there any specific maintenance practices or procedures that can help extend the lifespan of controls and electrical components, such as relays, in industrial ovens?",2
Can you explain how local building codes and regulations impact the design and operation of industrial ovens? Are there any specific requirements or restrictions that must be met?,1
Are there any specific maintenance or inspection procedures that can help identify potential issues with heating elements before they fail? How often should these procedures be performed?,2
Can you provide examples of specific industrial oven applications where anomaly detection methods have been successfully implemented? How did they address potential false positives and false negatives in these applications?,2
"How do advances in technology, such as IoT sensors or machine learning algorithms, impact the ability to monitor and control temperature uniformity in industrial ovens?",2
"Can you provide examples of how industrial ovens have been customized to meet specific safety requirements in different industries, such as chemical processing or food processing?",2
"How do different types of materials used in industrial oven construction (e.g., metals, ceramics, glass) respond to environmental factors such as humidity and air quality, and what are the implications for oven performance and failure modes?",2
"Can you explain the specific requirements for ventilation and airflow in industrial ovens, and how do these requirements vary depending on the industry and application?",2
"What are some common warning signs or indicators that a failure mode is imminent, and how can operators detect them?",2
"Can you elaborate on the specific types of thermocouples and temperature controllers that are most commonly used in industrial ovens, and how do their performance characteristics change during seasonal transitions?",2
"Can you discuss the importance of continuous monitoring and analysis of sensor data for detecting anomalies in real-time, and how the models can be used to improve the overall efficiency and productivity of the manufacturing process?",2
"Have you considered using other machine learning techniques, such as reinforcement learning or deep learning, to improve the accuracy of insulation failure predictions?",2
What are some common warning signs that an industrial oven's fan motor is failing or about to fail?,2
"How do changes in energy efficiency regulations and standards, such as the use of energy-efficient motors, impact the reliability and maintenance of electrical components in industrial ovens?",2
"What are some common causes of equipment failure in industrial ovens, and how can operators prevent them?",2
"How do the sensor characteristics, such as accuracy, precision, and response time, affect the performance of the industrial oven, and what are the acceptable tolerances for these parameters in different applications?",2
"How do the materials used in the construction of the industrial oven, such as the type of metal or insulation, impact the performance of the cooling system and overall temperature control?",2
"How can data analytics and machine learning be applied to predict fan and blower failures in industrial ovens, and what are some potential benefits and challenges of using these techniques?",2
How do you measure the impact of the training programs on operator performance and safety? Are there any specific metrics or KPIs used to evaluate the effectiveness of the training programs?,2
Can you provide examples of temperature control systems that have been successfully implemented in each industry?,2
Can you provide examples of how machine learning or data analytics have been used to improve industrial oven performance and predict failures due to environmental factors?,2
"Are there any specific maintenance or testing procedures that are recommended or required for the industrial oven's components, such as cleaning or calibration, and how do they impact the detection of potential failures?",1
"What are some common electrical components that can fail in a fan or blower, and how can we detect potential issues with these components?",2
"How does AET integrate with other predictive maintenance techniques, such as vibration analysis or thermal imaging, to provide a more comprehensive view of the oven's condition?",2
"What are the most common sensor configurations used in industrial ovens, and how do they impact the data collection process?",2
Can you provide examples of specific safety protocols and procedures that operators should follow when using emergency stops and safety interlocks in industrial ovens?,2
"Can you explain the relationship between corrosion, oxidation, and overloading, and how they can interact to impact the heating element's performance?",2
How do you see the use of machine learning models evolving in the future for predicting environmental factor-related failures in industrial ovens? Are there any potential applications or areas where the models could be further developed or refined?,2
"Are there any specific industry standards or regulations that govern the design and implementation of temperature control systems in industrial ovens to mitigate EMI and RFI effects? If so, can you provide examples?",2
Can you provide more information on the degradation mechanisms of the insulation material over time? How does it affect the motor's performance?,2
Are there any specific industry standards or regulations that must be followed when it comes to temperature control in industrial ovens?,2
How do different types of insulation materials used in industrial ovens affect their efficiency and failure rates?,2
"How do electrical surges or voltage spikes typically occur in industrial ovens, and what are the most effective ways to prevent them?",2
"How do temperature sensors used in industrial ovens differ from those used in other industrial applications, such as in HVAC systems or power plants?",2
"Can you provide examples of how the detection of heating element failure can be integrated with other predictive maintenance techniques, such as predicting bearing failure or detecting leaks in the oven's heat exchanger?",2
"How do vibrations impact the control system of an industrial oven, and what are the potential consequences of control system errors on oven performance and product quality?",2
"How do industry standards and regulations, such as OSHA 29 CFR 1910.218 and NFPA 86, impact the design and operation of industrial ovens?",2
"How do environmental factors such as humidity, dust, or vibration affect sensor performance and accuracy?",2
Can you discuss the importance of proper calibration and maintenance of environmental controls to ensure accurate and reliable performance?,2
Can you provide more information about the specific types of heating elements used in industrial ovens and their potential failure modes?,2
"Are there any opportunities to incorporate additional data sources (e.g. sensor data, production data) into the anomaly detection model to improve its accuracy and effectiveness?",2
"How do vibration sensors contribute to predicting potential failures in industrial ovens, and what types of mechanical failures can they detect?",2
"Can you discuss the importance of proper installation and startup procedures for industrial ovens, and how can data analytics be used to ensure that the oven is operating within safe and efficient parameters during the commissioning process?",2
"Can you provide examples of specific maintenance and inspection procedures that can help prevent failures in industrial ovens? For example, how often should the burner nozzle or orifice be cleaned, and what methods are used to inspect the steam line for leaks?",2
"Can you discuss the pros and cons of using ceramic fiber blankets or other insulation materials in industrial ovens, and how do they compare to traditional insulation materials like refractory ceramic fiber?",2
"How do fan and blower failures impact the overall performance and efficiency of industrial ovens, and what are the potential consequences of not addressing these failures promptly?",1
Can you discuss the importance of proper belt tension and how it affects the performance and lifespan of fans and blowers?,1
"How can the effectiveness of emergency stops and safety interlocks be evaluated, and what metrics can be used to measure their performance?",2
"What type of insulation is used in the industrial oven, and how does it deteriorate over time? Are there any specific failure modes associated with the insulation?",0
Can you provide examples of specific industries or use cases where each of these integration protocols and standards is most commonly used?,2
"Can you discuss the importance of air circulation in maintaining a uniform temperature within an industrial oven? How does the design of the oven, including fan placement, vents, and ducts, impact air circulation and heat distribution?",2
"What are some common challenges or obstacles that industrial oven operators face when implementing PM and PdM strategies, and how can they overcome them?",2
"Can you discuss the importance of proper insulation in industrial ovens, and how can we ensure it is maintained over time?",2
"Can you provide examples of common applications of industrial ovens, such as drying, curing, baking, and heat treating, and how do the temperature control strategies and design of the oven impact the quality of the final product?",2
"Are there any specific areas of the industrial oven that are more prone to failure than others? For example, the heating element, the temperature control system, etc.",0
"How do you see the anomaly detection model evolving in the future, and what advancements or improvements do you anticipate?",2
Are there any specific tools or technologies that can be used to monitor the performance of fans and blowers and detect potential issues before they become major problems?,2
"Can you provide more information on the software bugs that can cause temperature control system failure? For example, what are some common software bugs that can occur, and how do they impact the system's performance?",2
"Can you provide more information about the specific components and subcomponents of the heating elements, such as the type of materials used, their expected lifespan, and any known failure modes?",0
"How do the materials used in industrial oven construction (e.g. stainless steel, aluminum, or ceramic) affect their resistance to failure modes? For example, are certain materials more resistant to thermal fatigue or corrosion?",2
"How do environmental factors such as humidity, altitude, and ambient temperature affect the performance of industrial ovens, and what design considerations can help mitigate these effects?",2
What are some common symptoms that indicate a fan or blower is failing in an industrial oven? How can these symptoms be detected?,2
Can you discuss the role of operator training and education in ensuring proper maintenance and testing of industrial ovens?,2
"How do temperature fluctuations and moisture affect the accuracy and longevity of thermocouples in industrial ovens, and are there any specific calibration methods or materials that can help mitigate these effects?",2
Can you elaborate on the specific safety features that industrial oven manufacturers must implement to ensure compliance with UL standards?,2
"Can you provide more information about the real-time analytics capabilities? How do the alerts and notifications work, and how are they triggered?",2
"How do you address the issue of human error in the maintenance and operation of emergency stops and safety interlocks, considering that it can be a significant contributor to failure?",2
How can maintenance schedules and procedures be optimized to prevent failures in industrial ovens?,2
"Can you provide examples of specific industrial oven applications where these design and engineering features are particularly critical, such as in the production of high-temperature materials or in cleanroom environments?",2
"Can you provide examples of real-world scenarios where temperature sensor failure has led to significant problems, such as product defects, safety issues, or equipment damage?",2
"Can you explain the reasoning behind choosing specific sensor types, such as thermocouples, RTDs, and thermistors, for temperature monitoring in industrial ovens?",2
Can you explain the role of fans and blowers in industrial ovens? How do they ensure uniform temperature distribution and remove moisture or fumes? What are the different types of fans and blowers used in industrial ovens?,2
"Can you provide more information about the specific failure modes and anomalies that can occur in industrial ovens? For example, what are some common temperature deviations or overheating scenarios that could indicate a potential issue?",2
"Can you discuss the maintenance and repair procedures for the temperature control system? How often are thermocouples and temperature controllers typically replaced, and what are the key steps involved in troubleshooting and repairing the system?",2
"Can you provide more information about the anomaly detection techniques used? How do these techniques distinguish between true anomalies and false positives, and what are the criteria for determining whether a data point is an anomaly?",2
"Can you provide examples of successful case studies where vibration mitigation strategies have been implemented in industrial ovens, and what were the results in terms of reduced downtime, increased productivity, and improved product quality?",2
"Can you explain how cascade control works in industrial ovens, and how it differs from other control strategies?",2
Can you discuss the role of thermal insulation in industrial ovens and how it affects the performance and lifespan of heating elements? Are there any specific types of insulation that are more effective for certain applications or environments?,1
What are some common software bugs that can occur in industrial oven control systems and how can they be prevented or mitigated?,2
How do the environmental factors and degradation mechanisms mentioned in the summary affect the energy efficiency and carbon footprint of industrial ovens?,2
"Are there any specific environmental factor monitoring and control systems that are commonly used in industrial ovens, and what are their advantages and limitations?",2
"What are the most common types of wear and tear that occur in industrial ovens, and how can they be detected early on?",2
How can data analytics and machine learning be applied to sensor data to predict and prevent failures in industrial ovens?,2
"How do fans and blowers fail in industrial ovens, and what are some common causes of motor failure?",2
"Can you provide examples of specific PM and PdM techniques that have been effective in industrial ovens, and what were the benefits of implementing them?",2
"Can you provide examples of advanced algorithms that have been used to detect anomalies in industrial ovens, and how did they perform compared to traditional methods?",2
How do you ensure that the training programs are regularly evaluated and updated to reflect changing needs and new technologies? Are there any specific processes or procedures in place for this purpose?,2
"Can you provide examples of how you have used data analytics or machine learning to improve the maintenance and inspection process for industrial ovens, and what benefits have you seen from these approaches?",2
Are there any specific industry standards or regulations that must be followed when selecting and maintaining temperature sensors and controllers for industrial ovens?,2
"How often should pre-operational checks be performed on emergency stops and safety interlocks, and what are some common issues that may be identified during these checks?",2
How do emerging trends or technologies in insulation materials and designs impact the performance and lifespan of industrial ovens?,2
Can you provide examples of specific industrial oven applications where certain types of motors are better suited than others?,2
"Are there any specific production cycles or operating conditions that are more challenging for industrial ovens? For example, are there any specific chemicals or materials that can cause stress on the components?",1
"How do UL standards address the use of automation and robotics in industrial ovens, and what are some potential safety risks associated with these technologies?",2
"What are the most common types of industrial ovens used in manufacturing, and what are their specific applications?",2
"How do environmental factors, such as temperature, humidity, and dust, affect the motor and control system's performance and failure modes?",2
"Can you discuss the role of preventive maintenance in reducing the likelihood of industrial oven failure modes, and what are some best practices for maintaining these systems?",2
"How do the costs of repairing or replacing failed components in an industrial oven compare to the costs of preventative maintenance and regular inspections? For example, is it generally more cost-effective to replace a failed heating element than to perform regular maintenance on it, or is it more cost-effective to replace a failed door seal than to repair it?",2
"Can you discuss the importance of proper training for operators using industrial ovens, and what are some common mistakes that operators may make if they are not properly trained?",2
"Can you provide more information about the conveyor belt speed and how it relates to the oven's operation? Are there any specific failure modes that could occur with the conveyor belt, and how would they be detected?",2
How do temperature fluctuations caused by thermal bridging affect the quality of the products being manufactured in an industrial oven?,2
Can you discuss the importance of regular cleaning or replacement of filters and sensors in maintaining accurate temperature readings and preventing equipment failure?,2
How do emergency stops and safety interlocks impact the overall efficiency and productivity of industrial ovens? Are there any trade-offs between safety and efficiency that need to be considered when implementing these features?,2
"Are there any specific types of industrial ovens that require more frequent maintenance and testing, and if so, why?",1
Can you discuss the importance of sensor calibration and regular maintenance in preventing sensor drift and ensuring accurate temperature control?,2
"Can you discuss the potential benefits and limitations of using machine learning algorithms for anomaly detection in the industrial oven environment, and how do these compare to traditional rule-based methods?",2
Can you provide examples of equipment damage caused by severe temperature fluctuations? How can we detect early warning signs of equipment damage due to temperature fluctuations?,2
"Are there any specific industries or applications where industrial ovens are more prone to insulation degradation, moisture intrusion, or thermal bridging?",2
"How can the effectiveness of maintenance and repair procedures for industrial ovens be evaluated and optimized, and what metrics can be used to measure their success?",2
How do the specific temperature and humidity requirements for different products impact the energy efficiency of the oven? Are there any design or operational trade-offs that can be made to balance energy efficiency with product quality and safety?,2
How do different concentrations of chemicals affect industrial oven performance and longevity?,2
"What are some common challenges or obstacles that industrial settings face when implementing predictive maintenance, and how can they be addressed?",2
"How do industrial oven control systems typically monitor pressure sensor performance, and what alerts or alarms are used to signal potential issues?",2
"How do safety features, such as explosion-proof designs and safety interlocks, contribute to the overall safety of industrial ovens?",2
Can you provide examples of specific industrial oven applications where power supply fluctuations have caused significant problems?,2
"Can you discuss the various factors that contribute to door seal damage due to vibrations, and how can door seal maintenance or replacement help mitigate this issue?",2
"Can you discuss the role of preventive maintenance in reducing the likelihood of electrical component failure, and what are some best practices for scheduling and executing maintenance tasks?",2
"What kind of maintenance schedule is recommended for the oven's components, and how often are replacement parts needed?",2
"How do different types of industrial ovens (e.g., conveyor belt, batch, or continuous) affect the heating element's performance and lifespan, and what are some unique challenges associated with each type of oven?",2
"Are there any regulatory or policy incentives that encourage industrial oven operators to adopt energy-efficient technologies and practices, and how effective have these been in promoting sustainability?",2
How do the fans or blowers account for changes in air pressure and humidity? Are there any specific designs or features that help to maintain a uniform temperature throughout the oven?,2
"How do the unique requirements of each type of oven impact the selection and design of materials, coatings, and other components used in their construction?",2
How does the frequency of preventive maintenance tasks vary depending on the usage and wear and tear of the oven?,2
"What are some common applications of industrial ovens, and how do their specific requirements influence the design and operation of the oven?",2
What is the expected false positive rate for the anomaly detection model? Are there any mechanisms in place to reduce false positives or to address them when they occur?,2
"What are some common misconceptions or myths about heating element failure in industrial ovens, and how can they be addressed?",2
What are some common misconceptions or myths about thermal insulation in industrial ovens?,2
How does belt tension affect the airflow and energy consumption of fans and blowers? Are there any specific metrics or benchmarks that can be used to measure these effects?,2
"Can you discuss the impact of air quality on industrial oven performance, and how can air filtration systems help mitigate this impact?",1
"Are there any specific challenges or limitations associated with implementing predictive maintenance strategies for industrial ovens, and how can these challenges be addressed?",2
"Can you provide examples of how predictive maintenance has led to cost savings, increased productivity, or improved safety in industrial settings?",2
"What are the specific temperature ranges that the temperature control system is designed to maintain, and how do these temperatures affect the products being manufactured?",2
"How does the oven's control logic work, and how does it interact with the other components? Are there any specific failure modes that could occur within the control logic, and how would they be detected?",2
"How does uneven heating contribute to mechanical stress and failure of heating elements, and what are some common causes of uneven heating in industrial ovens?",2
Can you provide examples of predictive maintenance techniques that can be used to prevent equipment failure and reduce downtime in industrial ovens?,2
"Can you elaborate on the different types of heating elements used in industrial ovens, such as coils, tubes, and plates? What are their advantages and disadvantages, and how do they compare in terms of performance, cost, and lifespan?",1
"How did the real-time monitoring and alert systems help operators respond to potential failures or issues more effectively, and what were the specific benefits of having real-time data analytics and reporting features?",2
How do you prioritize maintenance and monitoring strategies for industrial ovens based on the specific environmental factors that are most critical for a given asset class?,2
"Can you provide more details about the specific failure modes and reasons that can occur in an industrial oven? How do these failures typically manifest in the sensor data, and what are the consequences of failing to detect these failures?",2
"How do pressure sensors account for factors such as altitude, atmospheric pressure, and humidity when measuring pressure inside industrial ovens?",2
"Can you discuss the role of ventilation and airflow in preventing environmental factor-related issues in industrial ovens, and how can these be optimized?",2
"Can you discuss a time when a door or seal failure occurred in an industrial oven, and how was it addressed?",2
"How often should temperature control procedures be performed, and what are the recommended procedures for calibrating temperature control devices?",2
"How does the monitoring system integrate with other systems such as manufacturing execution systems (MES), supervisory control and data acquisition (SCADA) systems, or enterprise resource planning (ERP) systems? Are there any specific integration protocols or standards used for this purpose?",1
"How do the regulatory and compliance requirements vary depending on the location and industry of the industrial oven? For example, are there any differences in regulations between an industrial oven used in a food processing plant versus one used in a chemical plant?",2
How do the severity and detectability ratings of failure modes vary depending on the specific component and failure mode?,2
"Are there any specific machine learning algorithms or techniques that have been used successfully in similar applications? If so, what are they, and how do they compare to the current approach?",1
"What are some common warning signs or indicators that an industrial oven is failing, and how can operators detect these issues before they impact product quality?",2
"How common is it for heating elements to fail due to corrosion in industrial ovens, and what are some common sources of moisture or chemicals that can cause corrosion?",2
"How do different operating conditions, such as temperature, humidity, and air flow, affect the lifespan and performance of the doors, seals, and hinges in industrial ovens?",2
"How do power quality fluctuations vary across different industries and applications, and what are some industry-specific challenges and solutions for mitigating these fluctuations in industrial ovens?",2
How do different types of insulation materials affect the overall weight and structural integrity of an industrial oven?,2
"How do the materials being processed in an industrial oven affect the parameters of the oven, and how can the parameters be adjusted to optimize the processing of different materials?",2
How does the motor's efficiency affect the overall energy consumption of the industrial oven? Are there any energy-efficient motor options available?,2
"How do environmental factors such as humidity, temperature, and air quality affect the performance and lifespan of industrial oven components?",2
"Can you provide guidance on how to prioritize and address potential issues or faults detected by sensor-based monitoring systems, and how to communicate these issues to stakeholders and maintenance personnel?",2
"Can you provide examples of specific failure modes that have occurred in industrial ovens, and how did they happen?",1
"Can you discuss the potential safety hazards associated with industrial oven controller malfunction, and what measures can be taken to mitigate these risks?",2
How do air filtration systems help ensure the quality of the final product in industries such as food and pharmaceuticals?,2
How do clogged air filters contribute to poor air circulation in industrial ovens? Are there any specific types of air filters that are more prone to clogging?,2
"Can you provide more details about the temperature sensor used in the system? What type of sensor is it, and how does it measure temperature?",2
"How do temperature control systems in industrial ovens work, and what are some common challenges or issues that can arise in terms of temperature fluctuations or overheating?",2
What are some common warning signs or indicators that an industrial oven is experiencing environmental factor-related degradation?,2
How do the industry-standard algorithms and techniques discussed in the document account for sensor noise and other sources of data corruption?,2
"Can you discuss the challenges or limitations of detecting potential issues in industrial ovens, and how can data analytics and machine learning be used to improve detection and prediction?",2
Are there any emerging trends or technologies in fan design or maintenance that can improve the performance and reliability of fan systems in industrial ovens?,2
"How do the specific application and requirements of the industrial oven impact the selection and design of fans and blowers? For example, are there specific fan or blower designs that are better suited for certain types of products, cooking methods, or production volumes?",2
Can you discuss the role of operator training and safety protocols in preventing failures and improving the overall efficiency of industrial ovens?,2
"How do environmental conditions, such as humidity and air flow, affect the performance of thermal insulation in industrial ovens?",2
"What are some of the key factors that influence the choice of material for industrial ovens, and how do these factors affect the performance of the oven?",2
Can you provide examples of specific components that are most susceptible to failure due to sudden changes in temperature?,2
Can you provide examples of specific temperature control systems in industrial ovens that have been impacted by EMI and RFI? What were the specific effects observed in each case?,2
"Can you provide examples of warning labels and signs that should be placed in clear view around industrial ovens, and how can we ensure that operators are aware of their significance?",2
"How do different types of insulation materials used in industrial ovens affect the performance and lifespan of fans and blowers, and what are some common insulation materials used in industrial ovens?",2
"Can you provide examples of successful implementations of NFPA standards for industrial ovens in specific industries, such as aerospace or automotive? What lessons can be learned from these case studies?",2
"How do flexible couplings help to absorb misalignment in fans and blowers, and what are some common types of flexible couplings used?",2
"Are there any specific maintenance or repair procedures in place to address potential failure modes? If so, how effective are they in preventing or mitigating failures?",1
How often should regular inspections and maintenance be performed to prevent failures of the heating element and temperature control system in industrial ovens?,2
Are there any specific industry standards or regulations that need to be followed when it comes to maintaining proper air flow in industrial ovens?,2
How do temperature and humidity fluctuations affect the energy efficiency of industrial ovens? Are there any specific design features or control systems that can help improve energy efficiency while maintaining consistent temperature and humidity levels?,2
Can you provide examples of specific industrial oven designs that have successfully implemented emergency stops and safety interlocks? How did these designs address potential failure modes?,2
"How does the controller adjust the heat output of the heating element in response to temperature deviations, and what are the limits of this adjustment?",2
How does the Proportional-Integral-Derivative (PID) control strategy adjust the actuator output to minimize the error between the desired and measured temperature?,2
"How do thermal insulation materials deteriorate over time, and what are some common failure modes for thermal insulation in industrial ovens?",2
"Can you provide examples of how the anomaly detection models have been successfully implemented in other industrial settings, and what were the key factors contributing to their success?",2
"Can you provide examples of common mistakes or errors that can occur during the installation of the doors and seals, and how can they be avoided?",2
"Can you discuss the role of risk assessment and hazard analysis in ensuring compliance with local building codes and regulations for industrial ovens, and how can data analytics be used to support these efforts?",2
"Can you provide examples of how the design of an industrial oven's electrical system can impact its energy efficiency and environmental impact? For example, are there any design features or components that can help reduce energy consumption or minimize waste heat?",2
"Are there any specific production processes or products that are more prone to failures or anomalies in the industrial oven? If so, what are they, and what are the potential failure modes?",1
How do human factors such as improper maintenance or incorrect sensor installations impact the accuracy of anomaly detection models?,2
"Can you provide more information on the most common failure modes for each type of heating element? For example, what are the most common causes of overheating or underheating in electric heating elements?",2
How do changes in product materials affect the thermal properties and processing requirements of the oven?,2
How can manufacturers ensure that the data used for analytics and machine learning is of high quality and accurate? What are some common data quality issues that need to be addressed?,2
Can you provide examples of industries that have successfully implemented safety measures and preventive maintenance practices for their industrial ovens?,2
"Can you provide more information about the real-time data processing component of the system? How does the model process and analyze sensor data in real-time, and how does it generate alerts and reports in a timely manner?",2
"How can operators ensure that their industrial oven's fan and blower system is properly sized and configured for their specific application, and what are some potential consequences of using an undersized or oversized system?",2
How does the system account for changes in ambient temperature or humidity? Are there any compensation mechanisms in place to ensure stable temperature control despite environmental changes?,2
"Can you provide information on the maintenance and inspection schedules for each type of industrial oven? For example, how often should the heating elements of Thermcraft ovens be inspected, and what are the recommended maintenance schedules for Blue M ovens?",2
What are the specific factors that determine the choice of heating element for an industrial oven?,2
How do you balance the cost of maintenance activities with the cost of downtime and lost productivity?,2
"Can you discuss the role of preventive maintenance in reducing the likelihood of failures in industrial ovens, and how can it be effectively integrated with predictive maintenance techniques?",2
"What are some of the challenges associated with using Inconel, a high-temperature nickel-chromium alloy, in heating elements, and how can they be addressed?",2
"How does the oven's cooling system handle the heat generated during the curing process, and what are the maximum temperature limits for the oven's components?",2
"Are there any specific regulations or standards that govern the maintenance and operation of industrial ovens, and how do these regulations impact the practices you've mentioned?",2
"Can you provide examples of other potential failure modes in the industrial oven's control system, beyond sensor and actuator failure? How might these failure modes impact the oven's operation, and what are the typical consequences?",2
Can you discuss the challenges or limitations of using sensors in industrial oven applications and how they can be overcome?,2
"Can you provide more information about the temperature sensors used in the oven? What type of sensors are they, and how do they measure temperature?",1
Are there any emerging technologies or trends in temperature sensing and calibration that are expected to have a significant impact on industrial oven management in the future?,2
"Can you discuss the potential benefits and challenges of implementing condition monitoring and predictive maintenance techniques in industrial oven heating elements, and how do these techniques compare to traditional maintenance strategies?",2
How does the control unit determine the appropriate heating element output to maintain the desired temperature? Is there a specific algorithm or model used for this purpose?,2
How do the recommended maintenance tasks and frequencies for fans and blowers vary depending on the specific type of industrial oven and its application?,2
What are some best practices for maintaining and replacing seals and gaskets in industrial ovens? How can we ensure that new seals and gaskets are properly installed and aligned to prevent future leaks?,2
"How do you assess the severity and impact of electrical issues in industrial ovens, and what factors are considered when determining the appropriate course of action?",2
"Can you provide examples of how predictive models built using data from temperature, pressure, flow, and vibration sensors have prevented failures or reduced downtime in industrial ovens?",2
How does the control system handle unexpected changes in the ambient temperature or humidity that could affect the oven's performance?,2
How can data-driven decision-making be integrated into the maintenance and inspection process to ensure compliance with regulations and standards?,2
"How can operators ensure that the oven's temperature control system is functioning properly, and what are the consequences of temperature control failures?",1
"What are the factors that affect the curing time of 10 minutes per part, and how can they be optimized?",2
"How do pressure sensors detect abnormal pressure changes inside the oven chamber, and what are the typical pressure ranges that they monitor?",2
Can you provide any specific examples or case studies of failure modes occurring in industrial ovens and how they were addressed?,1
"Can you discuss the role of human factors in the failure modes and degradation mechanisms of components in an industrial oven, such as user error, lack of training, or poor maintenance practices?",2
"Are there any specific regulatory or compliance requirements that the anomaly detection model must adhere to? For example, are there any industry standards for monitoring and detecting failures in industrial ovens?",2
Can you provide examples of different types of sensors used in industrial oven monitoring systems and their respective data collection rates and sampling intervals?,2
"How do you determine which equipment should receive priority for predictive maintenance, and what factors are considered in this decision-making process?",2
"How can data privacy and security concerns be addressed when collecting and transmitting industrial oven data, particularly in cases where sensitive information is involved, such as proprietary recipes or production schedules?",2
"What are some strategies for preventing or mitigating insulation degradation in industrial ovens, such as regular inspection and maintenance schedules?",2
How can we ensure that emergency stops and safety interlocks are properly maintained to prevent failure to activate in a real emergency?,1
Can you provide examples of specific industries or use cases where certain types of heating elements are more commonly used?,2
"How can machine learning algorithms be used to improve the accuracy of detecting early signs of failure in industrial ovens, and what are some challenges associated with implementing these algorithms?",2
"Can you elaborate on the different types of sensors that can be used for monitoring industrial oven performance, and their respective advantages and limitations?",2
"How do thermocouples, RTDs, and thermistors differ in terms of their accuracy, response time, and cost? Are there any specific applications where one type of sensor is more suitable than the others?",2
"Can you elaborate on the specific factors that contribute to conveyor belt failure, such as wear and tear, overheating, or damage from foreign objects?",2
"Can you provide examples of how regular maintenance and inspection practices can help prevent failures in industrial ovens, such as cleaning and replacing door seals, inspecting heating elements, and monitoring control system performance?",2
What are some common misconceptions or myths about industrial oven performance and environmental factors that you have encountered in your experience?,2
"What are some common causes of temperature control system failures in Industrial Ovens, and how can they be prevented?",2
"How do thermocouples, RTDs, thermistors, and infrared pyrometers compare in terms of their accuracy, response time, and cost, and what are the scenarios where each sensor is most suitable for use in industrial ovens?",2
"Can you explain the concept of ""drift"" in temperature control systems and how it can lead to inaccurate temperature readings? How can drift be mitigated or corrected?",2
"Can you provide examples of error codes that may be displayed on a temperature control system's interface, and what do they indicate?",2
"How do maintenance and cleaning practices impact the performance and lifespan of industrial ovens, and what are some best practices for preventing insulation degradation, moisture intrusion, and thermal bridging?",2
"How do temperature uniformity failures in industrial ovens impact the quality of the final product, and what are some common causes of these failures?",2
"How do sensor drift, calibration issues, or control system malfunctions contribute to the failure of temperature or pressure sensors in industrial ovens?",2
"How do calibration issues typically arise in temperature sensors, and what are some common methods for addressing them?",2
"Are there any specific industries or applications where one type of thermocouple is preferred over the others? For example, are Type K thermocouples commonly used in certain industries due to their high accuracy and reliability?",2
"Can you discuss the role of sensor signal conditioning and amplification in temperature control systems, and how do these processes affect the accuracy and reliability of temperature measurement?",2
"Are there any specific environmental factors that could affect the industrial oven's performance and lead to anomalies? For example, changes in humidity, temperature, etc.",0
What are some common mistakes or oversights in the installation and maintenance of industrial ovens that can lead to temperature non-uniformity?,2
"What are the specific safety features that are in place to prevent accidents or injuries during operation, and how are they maintained and inspected?",2
"How do environmental factors such as temperature, humidity, and air quality affect the reliability of electrical components in industrial ovens?",2
"Can you explain the different cooling systems used in industrial ovens, such as fan and duct systems and water-cooled systems, and how they are selected based on the oven's size, temperature range, and application?",2
"Can you explain how air leakage into or out of the oven chamber can affect the temperature control system, and how can such leaks be detected and prevented?",2
"Are there any industry standards or guidelines for selecting and implementing air filtration systems in industrial ovens, and if so, can you provide examples or references?",2
"How do the maintenance tasks and frequencies for fans and blowers vary for different types of industrial ovens, such as those used in the food industry, pharmaceutical industry, or automotive industry?",2
"Are there any specific components or areas of the cooling system that are more prone to failure than others, and if so, why?",2
"Can you provide more information on the specific industry-specific standards that industrial ovens must comply with? For example, are there any standards specific to the food industry, pharmaceutical industry, or aerospace industry?",2
"What are some common issues that can arise with the door closure mechanism, and how can they be addressed?",2
"Can you provide examples of specific advanced materials that are being used in industrial oven heating elements, such as nanomaterials or high-temperature superconductors, and how they improve performance and lifespan?",2
"Can you provide examples of how data analytics can be used to predict and prevent failures in industrial ovens, and what types of data are most useful for this purpose?",2
"How do the safety features, such as emergency stops and safety interlocks, work, and what are the potential failure modes associated with them?",0
"How do you determine the potential failure modes for each safety feature, and what tools or techniques do you use to analyze the potential effects of each failure mode?",2
Can you discuss the potential consequences of failing to properly maintain or repair industrial ovens? Are there any specific safety or quality concerns that must be considered?,2
"Can you explain the principle behind how current transformers work, and how they are able to provide isolated measurement?",2
"How do vacuum insulation panels and phase change materials compare to traditional insulation materials in terms of thermal performance, cost, and maintenance requirements?",2
Can you elaborate on the specific types of sensors used in industrial ovens and their respective failure modes?,2
"Can you provide some examples of how regular maintenance and upkeep of the oven and its components can help prevent failures and extend the oven's lifespan, and how does this relate to the monitoring system?",2
"What are the most common materials used for door seals in industrial ovens, and what are their properties that make them effective in preventing heat loss?",2
"Can you provide examples of successful implementations of temperature uniformity improvements in industrial ovens, and what were the key factors that contributed to their success?",2
"Can you provide examples of situations where ultrasonic testing may be necessary, and how does it compare to other non-destructive testing methods?",2
"How often do failures occur in the industrial oven, and what are the most common causes of failure? This information will help determine the accuracy and precision of the anomaly detection model.",0
Can you provide examples of specific failure modes for emergency stops and safety interlocks in industrial ovens?,2
"How do vibration sensors such as accelerometers and gyroscopes measure the dynamic behavior of fans and blowers, and what specific issues can they detect?",2
"What are some common causes of moisture ingress into an industrial oven, and how can it affect the temperature control system and the quality of the products being produced?",2
"Can you provide examples of how a reliability-centered maintenance (RCM) approach can be applied to industrial ovens, and what are the benefits of using this approach?",2
"Can you provide examples of how fan failures in industrial ovens can lead to safety issues and equipment damage, and how can these be mitigated?",2
"Are there any specific challenges or considerations that must be taken into account when designing and operating industrial ovens in different industries, such as food processing, aerospace, or pharmaceuticals?",1
"What are some common causes of sudden changes in temperature in industrial ovens, and how can they be prevented or mitigated?",2
How do you determine the severity and detectability of potential failures in industrial ovens? Are there any specific methods or tools used for this assessment?,2
"Can you provide more information on the specific regulatory and compliance requirements that need to be considered when building an anomaly detection model for an industrial oven? For example, are there any specific OSHA or NFPA regulations that we should be aware of?",2
"How can organizations measure the effectiveness of their operator training programs for emergency stops and safety interlocks, and what metrics should be used to evaluate success?",2
"How do the degradation mechanisms and environmental factors mentioned in the summary vary across different types of industrial ovens, such as those used in the food industry, aerospace industry, or automotive industry?",2
"Can you provide examples of how the monitoring system has helped prevent equipment failures or improved the performance of the industrial oven in the past? What were the specific causes of the failures or performance issues, and how did the monitoring system help identify and address them?",1
"Can you provide more information on the specific types of heating elements used in industrial ovens and their susceptibility to overheating, burnout, and cracking?",2
"How do the materials used in industrial oven construction, such as refractory ceramic fibers or mineral wool, affect the aging process and potential failure modes of the oven components?",2
"Can you describe the different types of airflow systems used in industrial ovens, and how do they compare in terms of efficiency, cost, and maintenance requirements?",2
How do you currently perform vibration analysis to detect signs of element failure? Are there any specific vibration patterns or thresholds that are used to indicate potential failure?,2
How do industrial ovens ensure proper airflow and exhausting of fumes? Are there any specific design features or components that are critical to maintaining proper airflow?,2
"How do you prioritize the detection of heating element failure in industrial ovens, given that there may be multiple potential failure modes and limited resources for monitoring and maintenance?",2
"Can you provide examples of products that are particularly sensitive to temperature fluctuations during the manufacturing process, and how can their quality be affected by uncontrolled temperature fluctuations in industrial ovens?",2
"How do the degradation mechanisms for heating elements vary depending on the type of heating element and the operating conditions? For example, how does thermal fatigue affect electric heating elements differently than gas heating elements?",2
Can you discuss the potential maintenance costs and efficiency improvements that can be achieved by using the system to predict and prevent equipment failure in industrial ovens?,2
How do building codes and regulations impact the selection and use of thermal insulation materials in industrial ovens?,2
What are some common indicators or warning signs that insulation degradation is occurring in an industrial oven?,2
"Can you provide examples of successful implementations of temperature control systems that have addressed the issue of sudden changes in temperature, and what were the key factors that contributed to their success?",2
"How do changes in environmental factors, such as temperature and humidity, affect the energy consumption and efficiency of industrial ovens, and how can these impacts be mitigated?",2
Can you discuss the role of loading and unloading procedures in preventing failures in industrial ovens? Are there any specific loading or unloading techniques that can help minimize the risk of failures?,2
"How can data analytics and machine learning be applied to monitor and optimize industrial oven performance, especially in the presence of power supply fluctuations?",2
"Can you describe the control system used to regulate the speed of the fans or blowers based on temperature feedback? How does it account for variables such as the type of product being cooked, the oven's load capacity, and the ambient temperature?",2
Can you explain the preprocessing and normalization steps involved in cleaning the data? How do you handle missing data or outliers?,2
"What are some common cleaning and maintenance practices for fan blades and motor bearings in industrial ovens, and how often should they be performed to ensure optimal performance and lifespan?",2
What are some strategies for ensuring that operators are adequately prepared to respond to emergencies that may arise during non-standard operating hours or when personnel are not readily available?,2
"Can you discuss the importance of calibration and maintenance for humidity sensors in industrial oven environments, and how often should these tasks be performed?",2
"Are there any industry standards or regulations that govern the use and maintenance of emergency stops and safety interlocks in industrial ovens, and if so, can you provide examples?",2
"Can you discuss the role of temperature fluctuations in insulation degradation, and are there any specific temperature ranges or fluctuations that are particularly problematic?",2
"Can you provide examples of specific environmental factors that can affect the oven's performance, and how do they impact the oven's operation?",2
"Can you explain the process of calibration for temperature sensors in more detail? How is the reference temperature determined, and how often should calibration be performed?",2
Can you provide examples of successful predictive maintenance strategies that have been implemented in industrial oven settings?,2
"Can you provide more information about the most common failure modes for the heating element, such as overheating, burnout, or failure to heat evenly? What are the typical causes of each failure mode?",1
"How do factors such as temperature, humidity, and airflow rate affect the performance and lifespan of industrial oven fans or blowers, and how do these factors interact with filter choice?",2
How do the detectability and severity ratings for the different types of controller malfunction vary depending on the specific industrial oven application and environment?,2
How does the system handle alerts and notifications when anomalies are detected? Are there any escalation procedures in place for critical issues?,2
Are there any emerging technologies or trends in industrial oven door and seal design that could improve performance and safety?,2
Can you explain the mechanisms by which electromagnetic interference (EMI) or radio-frequency interference (RFI) can affect temperature control systems?,1
"How do the different algorithms and techniques handle multivariate data, where multiple sensors are monitoring different parameters?",2
"Can you provide more information about the temperature sensors used in the industrial oven? What type of sensors are they, and how accurate are they?",1
"Can you provide examples of situations where a fan or blower failure could have a significant impact on the overall efficiency of the industrial oven, and how can we mitigate this impact?",2
"How do building codes and regulations for industrial ovens differ between different industries, such as food processing, pharmaceuticals, and aerospace?",2
How does the temperature control system in Industrial Ovens account for changes in the oven's load or ambient temperature?,2
"How do different types of maintenance activities (e.g. cleaning, lubrication, temperature calibration) impact the performance of the anomaly detection model?",2
"How do the heating elements interact with other components of the oven, such as the control system, insulation, and air flow?",2
"Can you describe the process for calibrating the sensors, and how often is calibration performed?",2
Can you discuss the potential impact of environmental factors on the energy efficiency of an industrial oven?,2
"How do industrial oven manufacturers typically design their products to mitigate the risk of degradation mechanisms, and what are some common materials and construction techniques used to enhance durability and reliability?",2
"How do environmental factors, such as humidity and temperature fluctuations, affect the aging process of industrial oven components?",2
How do automatic loading and unloading systems integrate with the oven design to reduce downtime and increase productivity?,2
"How do piezoresistive, piezoelectric, and capacitive sensors differ in their principle of operation and application in pressure measurement?",2
"Are there any specific challenges or limitations associated with implementing the anomaly detection model in an industrial oven setting, and how have you addressed them?",2
"How do clogged heat exchangers or cooling coils typically occur, and what are the most effective methods for cleaning or maintaining them?",2
What are some common challenges or limitations that you have encountered when implementing machine learning algorithms for anomaly detection in industrial ovens?,2
"Can you discuss the role of data analytics and predictive maintenance in identifying potential failures or performance issues in industrial ovens, and how can data scientists and subject matter experts collaborate to develop effective maintenance strategies?",2
Can you provide examples of advanced monitoring systems that manufacturers can invest in to detect potential failures before they occur?,2
"Can you provide examples of how the pressure, humidity, and gas sensors have been used to optimize process control and develop optimized recipes for specific products?",2
"Are there any specific areas of the industrial oven that are more prone to failure, and if so, what are the most common failure modes in those areas?",1
"How do different types of dust (e.g. metal, wood, plastic) affect industrial oven performance, and what are the best methods for removing dust from oven surfaces?",2
"How do variables such as temperature, humidity, and air quality affect the performance and lifespan of fans and blowers, and how can we compensate for these factors?",1
How do you determine the appropriate frequency for conducting inspections and maintenance on an industrial oven's frame and structure?,2
"Are there any emerging technologies or materials that could potentially improve the reliability and lifespan of industrial oven components, such as advanced insulation materials or more efficient heating elements?",2
"Can you explain the principle behind the operation of thermocouples, RTDs, and thermistors?",2
In what ways can electromagnetic interference affect the performance of thermocouples in industrial ovens?,2
"Can you explain how overheating can occur in an industrial oven, and what are some potential consequences of this failure mode?",2
"How common is actuator sticking or binding in industrial ovens, and what are some best practices for preventing or addressing this issue?",2
"How do the sensors and monitoring system handle missing or incomplete data, and how can these issues affect the accuracy and reliability of the anomaly detection model?",2
"Can you describe any instances where the data collected from the sensors and devices has led to predicting or preventing failures in the industrial oven, and what were the consequences of not addressing these issues promptly?",2
What are some common design features or modifications that can be made to industrial ovens to prevent or mitigate the failure modes of heating elements?,2
"How can we ensure that the maintenance schedule is followed properly, and what are the consequences of neglecting regular maintenance activities?",2
"Can you explain the role of temperature sensors, pressure sensors, and flow sensors in detecting temperature control failures?",2
"Can you discuss the potential impact of anomaly detection models on the maintenance scheduling and planning process, and how they can help reduce downtime and increase productivity in the industrial oven environment?",2
"Can you provide examples of different types of industrial ovens and their specific applications? How do the design and operation of these ovens differ, and what are the unique challenges associated with each type of oven?",2
Can you discuss any regulatory or compliance considerations that need to be taken into account when implementing emergency stops and safety interlocks in industrial ovens? Are there any industry standards or best practices that need to be followed?,2
"Can you discuss the scalability of the temperature control systems, i.e., how well can they handle large volumes of data and multiple ovens or manufacturing processes?",2
Can you provide examples of specific safety features in industrial ovens that can be improved through data analytics and machine learning?,2
Can you provide examples of specific temperature control systems used in industrial ovens and their potential failure modes?,2
"How can simulation training exercises be designed to effectively mimic real-world emergency scenarios, and what are the benefits of using simulation training for operator training?",2
"Are there any specific environmental factors, such as dust, moisture, or chemicals, that can affect the operation of the industrial oven and its components? How do these factors impact the system's performance and failure modes?",1
"Can you discuss the potential consequences of failing to properly maintain or repair the doors and seals, such as safety hazards, production downtime, and increased energy costs?",2
"What are some common calibration checks that can be performed to ensure the accuracy of thermocouples in industrial ovens? How often should these checks be performed, and what are the consequences of not performing them regularly?",2
"How do industrial oven manufacturers design their products to minimize energy consumption and maximize thermal efficiency, and what features do they typically include to facilitate maintenance and inspections?",2
"Which sensors are available to monitor the industrial oven's performance? For example, temperature sensors, pressure sensors, current sensors, etc. This information will help determine the type of data to use for anomaly detection.",0
"How do temperature control systems typically handle sudden changes in temperature, such as those caused by door openings or changes in ambient temperature?",1
"Can you discuss the importance of proper installation and alignment of fans and blowers, and what are some common installation mistakes to avoid?",2
"Can you provide examples of specific types of industrial ovens that are most prone to failure due to overheating, faulty heating elements, door and seal failure, control system failure, or clogged air filters?",2
Can you discuss the importance of temperature control systems in the context of regulatory compliance?,2
How do you address the issue of false positives or false negatives in anomaly detection? Are there any techniques or algorithms used to minimize the risk of these errors?,2
"Can you explain how the air supply system in industrial ovens can fail, leading to anomalies in flow rate and pressure?",2
Are there any specific tools or equipment that are necessary for performing regular maintenance activities on industrial oven components?,2
"What are the most common sources of error or inaccuracy in these sensors, and how can they be mitigated?",1
Can you provide examples of industrial oven failures or near-failures that were caused by environmental factors?,2
"How can energy loss due to leaks in industrial ovens be quantified and mitigated, and what are the most effective methods for detecting and repairing leaks?",2
"How do the costs of current transformers and Rogowski coils compare, and what factors contribute to their cost differences?",2
"Can you provide an example of a time when you had to consult with the oven's manufacturer to identify the root cause of an issue? How did you work with the manufacturer to resolve the issue, and what was the outcome?",2
How can regular maintenance and inspections help identify potential issues before they cause false triggers in industrial ovens?,2
"Can you discuss the role of preventive maintenance in preventing control panel failure, and what specific maintenance tasks should be performed regularly to ensure the control panel operates efficiently and safely?",2
Are there any specific maintenance or testing procedures that should be performed regularly to ensure the proper functioning of the industrial oven?,2
"How did the systems account for variability in environmental factors such as temperature and humidity, and how did they adapt to changing conditions over time?",2
"How do the heating elements and temperature control system interact with each other, and what are the potential failure modes associated with this interaction?",1
"Can you discuss a time when a lack of communication between operators and other personnel or management led to a safety incident? What were the root causes of the incident, and how was it resolved?",2
How do the different types of heating elements used in industrial ovens impact the product's quality and safety? Are there any specific heating elements that are better suited for certain types of products or production processes?,2
How do the sensor measurements change over time in a typical industrial oven application? Are there any seasonal or periodic patterns in the data?,1
"How do non-linear relationships between temperature, pressure, flow rate, and other parameters impact the accuracy of anomaly detection models, and how can these relationships be modeled effectively?",2
Can you provide examples of how the integration of the monitoring system with other systems has led to specific benefits or improvements in the manufacturing process?,2
Can you explain the proper installation procedures for industrial ovens to ensure they are set up correctly and safely?,2
"What are some common issues that can arise with heating elements in industrial ovens, and how can they be prevented or addressed? Are there any specific maintenance strategies that can help prolong the lifespan of heating elements?",2
How does the failure of temperature sensors and heating elements impact the overall performance and productivity of industrial ovens during peak production hours?,2
"What are some common warning signs that an industrial oven may be malfunctioning, and how can personnel identify them?",2
"How do you handle non-stationary data when developing anomaly detection models, and what techniques have you found to be effective?",2
"Can you explain how air flow management practices help reduce hot spots in industrial ovens, and what are some common techniques used to manage air flow?",2
"How do different types of heating elements (e.g., resistive heating coils, infrared heaters) compare in terms of their performance, lifespan, and maintenance requirements in industrial ovens?",2
"How do current sensors need to be calibrated and maintained to ensure accurate and reliable measurements, and what are the potential consequences of failing to perform these tasks?",2
"Can you provide examples of how addressing underlying causes of failures, such as malfunctioning thermostats or clogged air filters, can help prevent electrical component failures in industrial ovens?",2
"What are some common signs of degradation that can be observed in refractory insulation materials, and how can they be identified?",2
How does the controller determine the appropriate signals to send to the actuator? Is there a specific algorithm or logic used to calculate the signals?,2
"Can you provide examples of how design or manufacturing defects, wear and tear, improper maintenance, and overheating can lead to anomalies in industrial ovens? For instance, how might a design defect in the oven chamber's insulation lead to reduced temperature uniformity?",2
"Can you discuss the potential safety implications of power quality fluctuations on industrial oven components, such as the risk of overheating or electrical shock? How can these risks be mitigated through proper design, maintenance, and operation of the oven?",2
"Can you discuss the impact of external factors such as ambient temperature, humidity, and air pressure on temperature measurement inside an industrial oven, and how can these factors be controlled or accounted for?",2
"Can you discuss the importance of proper sensor wiring and connectors in industrial ovens, and what are some common mistakes to avoid in this area?",2
"Can you provide examples of real-world accidents or incidents that occurred due to the failure of safety features in industrial ovens, and what lessons can be learned from these incidents?",2
"Can you describe the air flow system in industrial ovens and how it can fail, leading to flow rate anomalies?",2
How do ambient temperature changes impact the temperature control system of the oven? Are there any specific ambient temperature ranges that are particularly challenging for the temperature control system to handle?,2
"How can the risk of overheating be mitigated in industrial ovens, and what are the most effective methods for detecting and preventing overheating?",2
"How do doors and seals fail in industrial ovens, and what are the common failure modes? How do door and seal failures impact temperature control, and what are the consequences of heat loss or temperature fluctuations?",2
"What are some common maintenance tasks that should be performed regularly on industrial ovens to ensure safe and efficient operation, and how can data analytics be used to optimize maintenance schedules and predict potential issues before they become major problems?",2
"Can you provide examples of preventive measures that can be taken to prevent heating element failure? For example, are there any specific materials or designs that are more resistant to wear and tear, or any maintenance practices that can help extend the lifespan of the heating element?",2
"Can you discuss the trade-offs between different insulation materials, such as cost, thermal resistance, and durability?",2
How do the severity and detection ability of failure modes vary depending on the specific application or industry that the industrial oven is used in?,2
"How do smart insulation systems detect and respond to environmental changes, and what are some examples of these systems in use?",2
"Can you discuss the importance of sensor calibration in temperature control systems, and how often should calibration be performed to ensure accurate temperature measurement?",2
Can you provide examples of how production schedules and maintenance records can be used to improve the anomaly detection model?,1
"Can you provide examples of how a preventive maintenance program can be implemented and integrated into the daily operations of an industrial facility, and what benefits can be expected from such a program?",2
"Can you provide examples of specific use cases where the monitoring system has been integrated with other systems, such as MES, SCADA, or ERP systems?",2
"Can you provide examples of specific industrial oven components that are most susceptible to failure due to vibrations, and what are the typical failure modes for these components?",2
"How do you evaluate the performance of the anomaly detection model, and what metrics do you use to assess its accuracy and effectiveness?",2
Can you provide examples of how the data from these sensors can be used to predict and prevent failures in industrial ovens?,1
"Can you explain the temperature control system in industrial ovens and how it can fail, leading to temperature anomalies?",2
"How often should regular maintenance and inspections of the temperature control system be performed, and what are the key components that should be checked during these procedures?",2
Can you provide examples of how the data from these sensors can be used to detect anomalies or unusual behavior in industrial ovens?,1
"Can you explain the role of thermal insulation in preventing failure of heating elements? For example, how does thermal insulation affect the temperature uniformity and efficiency of heating elements, and what are some common thermal insulation materials used in industrial ovens?",2
How do fan and blower failures in industrial ovens impact product quality? Can you provide examples of how specific products may be affected?,2
"Can you provide more information about the industrial oven's electrical system, such as the type of wiring and circuit breakers used, and their potential failure modes?",1
How do the shielding materials used in temperature control systems affect the performance of EMI and RFI filters? Are there any specific shielding materials that are more effective than others in mitigating EMI and RFI effects?,2
"Can you provide more information on the specific types of wear and tear that can occur in industrial ovens, and how they can be detected using temperature and vibration sensors?",2
Are there any other failure modes or potential hazards associated with industrial ovens that should be considered in addition to emergency stop button stuck and safety interlock failure?,2
How can industrial oven operators and maintenance personnel be trained to identify and respond to environmental factor-related issues? What are some best practices for training and education in this area?,1
Can you provide examples of specific failure modes that have occurred in industrial ovens due to changes in production processes or product materials?,2
How can we optimize the maintenance schedule to minimize downtime and reduce the likelihood of failures during peak usage periods?,2
"How do environmental factors such as temperature, humidity, and dust affect the reliability and lifespan of industrial oven motors and control systems?",2
Can you provide examples of specific industrial oven applications where machine learning algorithms have been successfully applied for anomaly detection?,2
How can temperature control be maintained in industrial ovens to prevent overheating or underheating? Are there any specific temperature control systems or technologies that are commonly used?,2
"Are there any emerging technologies or trends in industrial oven design or fan motor maintenance that can improve efficiency, reduce downtime, or extend the lifespan of the equipment?",2
Can you discuss the trade-offs between energy efficiency and maintenance costs when selecting heating and cooling systems for industrial ovens?,2
"Can you discuss some common challenges or limitations associated with collecting and analyzing data from industrial ovens, such as sensor accuracy, calibration, and data transmission?",2
"How often should temperature and pressure sensors be calibrated, and what methods are used to perform calibration?",2
"What are some emerging trends or technologies in environmental controls for industrial ovens, and how do they improve upon traditional methods?",2
"Can you provide examples of how data analytics and machine learning can be applied to predict and prevent failures in industrial ovens? For instance, how might data from temperature sensors be used to detect anomalies in real-time and prevent overheating?",2
What are some emerging trends or technologies in insulation materials and designs that could help mitigate degradation in industrial ovens?,1
"Can you discuss the various methods for measuring vibration levels in industrial ovens, and what are the recommended vibration levels for different types of ovens?",2
"How can condition monitoring techniques such as vibration analysis and oil analysis be used to detect potential failures in industrial ovens, and what are the benefits of using these techniques?",2
"Can you provide more information about the insulation materials used in industrial ovens, such as refractory insulation, mineral wool, and ceramic blankets? How do they reduce heat loss and improve energy efficiency?",2
"Can you provide examples of specific sensor data that are typically collected from industrial ovens, and how do these data vary during normal operation?",2
Can you provide examples of how the anomaly detection models have been used to identify and address root causes of equipment failures or quality issues in industrial ovens?,2
How do the temperature control systems account for variations in product characteristics and ambient temperature when regulating the temperature in the ovens?,2
Can you provide examples of specific industries or manufacturing processes where temperature control systems are particularly critical?,1
Can you provide examples of how the data collected from these sensors can be used to detect anomalies and predict potential failures or malfunctions in the oven?,1
Can you explain how software updates can help prevent faulty control systems in industrial ovens? Are there any specific software features that are particularly important for preventing control system failures?,2
"How often are regular maintenance and inspections required for industrial ovens, and what are the potential consequences of failing to comply with these regulations?",2
"How do the size and complexity of industrial ovens affect their reliability and maintainability, and what design features can be incorporated to improve these factors?",2
Are there any specific maintenance tasks or procedures that can help extend the lifespan of the heating element and temperature control system in industrial ovens?,2
"Can you provide examples of common failure modes in industrial ovens, and how do these failures typically occur? For example, what are some common causes of temperature control failure or heating element failure, and how can these failures be prevented or mitigated?",2
"Can you explain the difference in operating principles between coil heaters, strip heaters, and cartridge heaters?",2
How does the temperature control system contribute to the failure of heating elements during peak production hours?,2
Are there any specific regulations or standards that industrial oven manufacturers must follow when designing and implementing safety features?,2
How can data analysis help identify patterns in energy consumption and optimize energy efficiency in industrial ovens?,2
Can you explain the concept of thermal shock resistance and why it's important in certain high-temperature applications?,2
"How do the different types of motors (DC, AC, servo) compare in terms of their reliability and maintenance requirements?",2
"Can you discuss the importance of regular maintenance and inspection for industrial ovens? What are some common maintenance tasks that should be performed regularly, and how can they help prevent failures or downtime?",2
Can you provide examples of specific products or materials that have been impacted by temperature fluctuations or environmental factors during the heating process?,2
How do the sensors transmit data to the central monitoring system? Are there any redundancies or fail-safes in place to ensure data integrity and availability?,2
"Can you provide examples of specific industrial oven applications where heating element failure and temperature control system failure have occurred, and how were these failures addressed?",2
"Can you provide more information on the specific types of wear and tear that can occur in the heating element, and how they can impact the oven's performance?",2
"How do different types of industrial ovens (e.g. conveyor belt, batch, or continuous) react differently to environmental factors such as temperature, humidity, and vibration?",1
"How do the operating conditions of industrial ovens impact their performance? For example, are there any specific operating conditions that are known to cause issues with temperature uniformity or heat transfer?",2
Can you discuss the importance of regularly inspecting and maintaining sensors in industrial oven systems to prevent errors and improve data accuracy?,2
"Can you discuss the potential impact of emerging trends and technologies in industrial oven heating elements on the skills and training required for maintenance and repair personnel, and how can companies prepare their workforce for these changes?",2
"How do the materials and construction of industrial ovens themselves affect air flow and heat transfer, and what design considerations can help mitigate hot spots and uneven heating/cooling?",2
"What are some common misconceptions or misunderstandings about industrial oven maintenance and repair, and how can these be addressed through education and training?",2
Are there any specific design considerations or modifications that can be made to industrial ovens to improve their energy efficiency or reduce heat loss?,2
Can you discuss the benefits of using energy-efficient heating systems and high-performance insulation materials in industrial ovens?,2
How does the temperature control system account for changes in ambient temperature or humidity? Are there any specific compensation mechanisms or algorithms used to ensure accurate temperature measurement?,2
"How can data analytics and machine learning be applied to predict and prevent environmental factor-related failures in industrial ovens? For example, can you discuss the types of sensors that can be used to monitor environmental factors, and how can data from these sensors be used to train machine learning models to detect anomalies?",1
How do the dimensions and geometry of an industrial oven affect its thermal efficiency and susceptibility to thermal bridging?,2
"Are there any potential risks or downsides to implementing anomaly detection in industrial oven controllers, such as false positives or negatives, and how can these be mitigated?",2
"How do the complexity of the safety features and limited resources available to operators intersect, and what are the specific challenges that arise from this intersection?",2
What are some common challenges or obstacles that you have encountered when implementing regular maintenance and monitoring procedures for industrial oven control systems?,2
"Can you provide examples of successful implementations of power supply mitigation strategies in industrial ovens, and what were the key factors that contributed to their success?",2
How does the thermal conductivity of different insulation materials affect the energy efficiency of industrial ovens?,2
Can you provide examples of specific industries or applications where insulation degradation in ovens is a common issue?,2
"Can you explain how vibration analysis can help identify potential root causes of equipment failures, and how does it inform maintenance strategies?",2
"How do airborne contaminants in industrial ovens affect the reliability of the oven's components, such as fans and control systems?",2
"How does the cooling system's performance impact the overall efficiency and productivity of the industrial oven, and what are the potential consequences of a failure?",2
"How do thermocouples, RTDs, and thermistors differ in terms of their accuracy, resolution, and response time?",2
"Can you provide more information about the detectability and severity ratings provided in the summary? How were these ratings determined, and are there any specific factors that contribute to the ratings?",2
"Can you provide more information about the sensors used in the industrial oven's control system? What types of sensors are used, and what are their failure modes?",2
"Can you provide examples of specific emergency stop systems used in the food industry, and how do they differ from those used in the chemical industry?",2
What are some common signs of wear and tear or damage to the insulation and door seals that operators should be aware of during regular visual inspections?,2
"Can you discuss some common issues or challenges that operators may face when repairing or replacing fans and blowers in industrial ovens, and how can these issues be addressed?",2
Are there any specific maintenance schedules or procedures that need to be followed to prevent or mitigate failures in the temperature control system or ventilation system? How are these schedules and procedures determined?,2
